{
    "cap_eff": {
        "avg": 0.004010417602068138,
        "med": 0.0030097441189130825,
        "quart_1": 0.0014800067030078523,
        "quart_3": 0.005555183101138672,
        "min": 5.585153706189061e-08,
        "max": 0.03457415997499258,
        "stdv": 0.003525930951087388
    },
    "imp_gain": {
        "avg": 0.25642071379463305,
        "med": 0.21449658695215623,
        "quart_1": 0.08120082170346099,
        "quart_3": 0.374126648686985,
        "min": 1.1709046656704913e-06,
        "max": 1.0047030470933196,
        "stdv": 0.21513536853147924
    },
    "imp_loss": {
        "avg": 0.15962849708456575,
        "med": 0.12071955952505464,
        "quart_1": 0.05658396922802367,
        "quart_3": 0.23979265543226724,
        "min": 0.0,
        "max": 0.514027401758812,
        "stdv": 0.12970833460125125
    },
    "price_imp": {
        "avg": 0.004407655603753056,
        "med": 0.003138340991136075,
        "quart_1": 0.0020647232670048614,
        "quart_3": 0.004709613917624185,
        "min": 2.9858094284517916e-07,
        "max": 0.05005909293727325,
        "stdv": 0.004167941992311822
    },
    "proc_cap_eff": {
        "avg": 0.003998147790813255,
        "med": 0.0030075899280855856,
        "quart_1": 0.0014794631842943162,
        "quart_3": 0.005549586971137499,
        "min": 5.585153706189061e-08,
        "max": 0.02583820688338201,
        "stdv": 0.003483447653522921
    },
    "proc_imp_gain": {
        "avg": 0.25605324631004006,
        "med": 0.21410804001498684,
        "quart_1": 0.08114133018680447,
        "quart_3": 0.37385410544387776,
        "min": 1.1709046656704913e-06,
        "max": 0.990011544370025,
        "stdv": 0.21455644664450413
    },
    "proc_imp_loss": {
        "avg": 0.15945301668371667,
        "med": 0.12065028968143543,
        "quart_1": 0.05656826351926314,
        "quart_3": 0.2393848870593004,
        "min": 0.0,
        "max": 0.5093636172383926,
        "stdv": 0.12950299300697116
    },
    "proc_price_imp": {
        "avg": 0.004392882656664585,
        "med": 0.0031373766445909274,
        "quart_1": 0.002064333576893764,
        "quart_3": 0.004704496000129674,
        "min": 2.9858094284517916e-07,
        "max": 0.03064237411294544,
        "stdv": 0.004115381705049946
    }
}