{
    "cap_eff": {
        "avg": 0.0018093623955218751,
        "med": 0.0013195098568911101,
        "quart_1": 0.0006888941962632789,
        "quart_3": 0.002225041457294852,
        "min": 1.6088901622079987e-07,
        "max": 0.8410963633221692,
        "stdv": 0.005266061175965248
    },
    "imp_gain": {
        "avg": 0.001111177865806706,
        "med": 0.0006902537219104499,
        "quart_1": 0.00022494623914459666,
        "quart_3": 0.0015721812671358748,
        "min": 3.1086244689504383e-15,
        "max": 0.022060762753456364,
        "stdv": 0.0012503648790981644
    },
    "imp_loss": {
        "avg": 0.0012789106656944593,
        "med": 0.0008650578561391065,
        "quart_1": 0.00036921851459648103,
        "quart_3": 0.0017841503249911295,
        "min": 0.0,
        "max": 0.017370241990249058,
        "stdv": 0.001282688552590601
    },
    "price_imp": {
        "avg": 0.00247354673145636,
        "med": 0.0021348104622489813,
        "quart_1": 0.0013144520526388362,
        "quart_3": 0.0032177622063288072,
        "min": 2.3442322035546186e-07,
        "max": 0.029806369818590032,
        "stdv": 0.0017062703211309814
    },
    "proc_cap_eff": {
        "avg": 0.0017387323322623023,
        "med": 0.0013190445087190028,
        "quart_1": 0.0006885992658607898,
        "quart_3": 0.002223541892968972,
        "min": 1.6088901622079987e-07,
        "max": 0.03916625561984577,
        "stdv": 0.0018057736140263418
    },
    "proc_imp_gain": {
        "avg": 0.0011058090667570397,
        "med": 0.0006896224205608092,
        "quart_1": 0.00022484238883624386,
        "quart_3": 0.001570543542787739,
        "min": 3.1086244689504383e-15,
        "max": 0.010125311546240523,
        "stdv": 0.001226069146877671
    },
    "proc_imp_loss": {
        "avg": 0.0012740309766147155,
        "med": 0.0008640639340686818,
        "quart_1": 0.0003690333911143817,
        "quart_3": 0.001782266547688538,
        "min": 0.0,
        "max": 0.009828903328861882,
        "stdv": 0.0012639593375618572
    },
    "proc_price_imp": {
        "avg": 0.0024666450591060234,
        "med": 0.002133747010618181,
        "quart_1": 0.0013140191815370233,
        "quart_3": 0.0032153358651799144,
        "min": 2.3442322035546186e-07,
        "max": 0.0141598884691726,
        "stdv": 0.0016775660966088155
    }
}