{
    "cap_eff": {
        "avg": 0.0006087786156047318,
        "med": 0.00044203940922860063,
        "quart_1": 0.00023008264732604644,
        "quart_3": 0.0007434507986285865,
        "min": 5.6683257865230985e-08,
        "max": 0.637508191067457,
        "stdv": 0.0026014420339502227
    },
    "imp_gain": {
        "avg": 0.0010965916962980373,
        "med": 0.000675258981169824,
        "quart_1": 0.00021947474383998689,
        "quart_3": 0.0015545401988898977,
        "min": 2.886579864025407e-15,
        "max": 0.018596213025945163,
        "stdv": 0.0012385718998780837
    },
    "imp_loss": {
        "avg": 0.0012559718495093425,
        "med": 0.0008409084387723809,
        "quart_1": 0.00034297344040457034,
        "quart_3": 0.0017641485536387669,
        "min": 0.0,
        "max": 0.01715754190220553,
        "stdv": 0.0012774152458020552
    },
    "price_imp": {
        "avg": 0.000825171839877065,
        "med": 0.0007126163686610641,
        "quart_1": 0.000437450508247405,
        "quart_3": 0.0010736277265550097,
        "min": 0.0,
        "max": 0.008447527437996566,
        "stdv": 0.000568983727146086
    },
    "proc_cap_eff": {
        "avg": 0.0005803438617365937,
        "med": 0.00044180619800260335,
        "quart_1": 0.00023000072158363416,
        "quart_3": 0.0007427785127720465,
        "min": 5.6683257865230985e-08,
        "max": 0.01326728398837218,
        "stdv": 0.0006057551308197993
    },
    "proc_imp_gain": {
        "avg": 0.0010913752184168268,
        "med": 0.0006746782619890812,
        "quart_1": 0.00021927465732174412,
        "quart_3": 0.0015520518511739079,
        "min": 2.886579864025407e-15,
        "max": 0.010010419588859953,
        "stdv": 0.001216052173869405
    },
    "proc_imp_loss": {
        "avg": 0.0012510043306250868,
        "med": 0.0008400176319751651,
        "quart_1": 0.00034270541247871655,
        "quart_3": 0.0017616637935048418,
        "min": 0.0,
        "max": 0.009820323980781476,
        "stdv": 0.0012578008837540312
    },
    "proc_price_imp": {
        "avg": 0.0008228819787180255,
        "med": 0.0007123882818481149,
        "quart_1": 0.00043727625444906957,
        "quart_3": 0.0010728862315157177,
        "min": 0.0,
        "max": 0.004718230501051931,
        "stdv": 0.0005596430772829514
    }
}