{
    "cap_eff": {
        "avg": 0.0012112247461658916,
        "med": 0.0008833786698131396,
        "quart_1": 0.0004605009207111488,
        "quart_3": 0.0014865683449791778,
        "min": 2.302514068297512e-09,
        "max": 0.7789499959421471,
        "stdv": 0.003881794880807607
    },
    "imp_gain": {
        "avg": 0.0011121342125634444,
        "med": 0.0006887921718388146,
        "quart_1": 0.00022502522467060526,
        "quart_3": 0.0015741651106795373,
        "min": 8.881784197001252e-16,
        "max": 0.022055123300582125,
        "stdv": 0.0012506469086165318
    },
    "imp_loss": {
        "avg": 0.0012835202152354157,
        "med": 0.0008714717002796801,
        "quart_1": 0.00036967947407429147,
        "quart_3": 0.0017959865520780216,
        "min": 0.0,
        "max": 0.01745873186641811,
        "stdv": 0.0012832691851753788
    },
    "price_imp": {
        "avg": 0.0016516054041527974,
        "med": 0.001424798836826139,
        "quart_1": 0.0008778638489869332,
        "quart_3": 0.0021476111408383057,
        "min": 1.5674910567737323e-07,
        "max": 0.019842335715296623,
        "stdv": 0.0011385750294304444
    },
    "proc_cap_eff": {
        "avg": 0.0011615656605575113,
        "med": 0.0008828483702859602,
        "quart_1": 0.00046026286252898174,
        "quart_3": 0.0014854859297220857,
        "min": 2.302514068297512e-09,
        "max": 0.027271790748379487,
        "stdv": 0.0012062847227434436
    },
    "proc_imp_gain": {
        "avg": 0.0011067469958328793,
        "med": 0.0006881371522173829,
        "quart_1": 0.00022491375534872127,
        "quart_3": 0.0015714814355679563,
        "min": 8.881784197001252e-16,
        "max": 0.010139422682660104,
        "stdv": 0.0012262907748468376
    },
    "proc_imp_loss": {
        "avg": 0.0012785869155487357,
        "med": 0.0008706524666958204,
        "quart_1": 0.00036942534925021864,
        "quart_3": 0.001794410800396995,
        "min": 0.0,
        "max": 0.009882409772427492,
        "stdv": 0.0012640670306996102
    },
    "proc_price_imp": {
        "avg": 0.0016470162394634034,
        "med": 0.0014241776099167263,
        "quart_1": 0.0008775675901651428,
        "quart_3": 0.002146028768635815,
        "min": 1.5674910567737323e-07,
        "max": 0.009349584912919567,
        "stdv": 0.0011196173500896967
    }
}