{
    "cap_eff": {
        "avg": 0.00012286975694995178,
        "med": 8.856831549952648e-05,
        "quart_1": 4.6214716381554055e-05,
        "quart_3": 0.00014887977514876916,
        "min": 3.3904001828233277e-10,
        "max": 0.25998978497118175,
        "stdv": 0.0008911166686919428
    },
    "imp_gain": {
        "avg": 0.0010921910266953117,
        "med": 0.0006706178037501065,
        "quart_1": 0.00021533217630764767,
        "quart_3": 0.0015517987760453877,
        "min": 1.3766765505351941e-14,
        "max": 0.018339650455582834,
        "stdv": 0.0012381672947545455
    },
    "imp_loss": {
        "avg": 0.001257430535806274,
        "med": 0.0008415457606212318,
        "quart_1": 0.00034629518800255443,
        "quart_3": 0.001769689343406211,
        "min": 0.0,
        "max": 0.017214629530062475,
        "stdv": 0.0012771221623985236
    },
    "price_imp": {
        "avg": 0.00016518905318675152,
        "med": 0.00014277544248308336,
        "quart_1": 8.760649554305105e-05,
        "quart_3": 0.00021509124584228638,
        "min": 0.0,
        "max": 0.002004510147832584,
        "stdv": 0.00011409287794157299
    },
    "proc_cap_eff": {
        "avg": 0.0001161633694114835,
        "med": 8.849986903092244e-05,
        "quart_1": 4.618798211131203e-05,
        "quart_3": 0.0001487336470322731,
        "min": 3.3904001828233277e-10,
        "max": 0.0031961811807010854,
        "stdv": 0.00012155344924186152
    },
    "proc_imp_gain": {
        "avg": 0.0010869628397243351,
        "med": 0.0006702728512888445,
        "quart_1": 0.00021501940752211013,
        "quart_3": 0.0015497948192512156,
        "min": 1.3766765505351941e-14,
        "max": 0.010076012708752247,
        "stdv": 0.0012155948661606018
    },
    "proc_imp_loss": {
        "avg": 0.0012524541853574437,
        "med": 0.0008410603388124827,
        "quart_1": 0.00034600230506975915,
        "quart_3": 0.0017675792781253197,
        "min": 0.0,
        "max": 0.009843742754843232,
        "stdv": 0.0012574382285861256
    },
    "proc_price_imp": {
        "avg": 0.00016471585413723412,
        "med": 0.00014270366885244158,
        "quart_1": 8.758055755336548e-05,
        "quart_3": 0.00021490890344581315,
        "min": 0.0,
        "max": 0.0009709243148632645,
        "stdv": 0.00011207236992823562
    }
}