{
    "cap_eff": {
        "avg": 0.0030787761199028646,
        "med": 0.002629888496143762,
        "quart_1": 0.0016221154255717796,
        "quart_3": 0.004008429318848816,
        "min": 8.439622511957623e-08,
        "max": 0.03223413672720943,
        "stdv": 0.002171587812330016
    },
    "imp_gain": {
        "avg": 0.002409249458500287,
        "med": 0.0014411254594342005,
        "quart_1": 0.0005108352287872542,
        "quart_3": 0.003306059951770024,
        "min": 2.220446049250313e-16,
        "max": 0.039177967133611435,
        "stdv": 0.002733887443156369
    },
    "imp_loss": {
        "avg": 0.001473317800780636,
        "med": 0.0005464013848390792,
        "quart_1": 0.0,
        "quart_3": 0.0022654264271726454,
        "min": 0.0,
        "max": 0.034308276721008,
        "stdv": 0.0020950553319920005
    },
    "price_imp": {
        "avg": 0.004934641055367186,
        "med": 0.004514871104390467,
        "quart_1": 0.0029893294801545,
        "quart_3": 0.006377898234640742,
        "min": 3.8982019170016393e-07,
        "max": 0.02903767838441944,
        "stdv": 0.0027740234038754565
    },
    "proc_cap_eff": {
        "avg": 0.0030703428265975146,
        "med": 0.0026290423021053666,
        "quart_1": 0.001621495090008196,
        "quart_3": 0.0040055578961351035,
        "min": 8.439622511957623e-08,
        "max": 0.017216720123195195,
        "stdv": 0.0021372939041792763
    },
    "proc_imp_gain": {
        "avg": 0.002398253962129084,
        "med": 0.0014403220031804498,
        "quart_1": 0.0005107525666836477,
        "quart_3": 0.0033017901842686825,
        "min": 2.220446049250313e-16,
        "max": 0.021435112053674654,
        "stdv": 0.002689114575745996
    },
    "proc_imp_loss": {
        "avg": 0.0014651286920684694,
        "med": 0.0005457171803973093,
        "quart_1": 0.0,
        "quart_3": 0.0022612406007092023,
        "min": 0.0,
        "max": 0.015585264199249438,
        "stdv": 0.0020625473339488387
    },
    "proc_price_imp": {
        "avg": 0.004926101819173863,
        "med": 0.004513286066565232,
        "quart_1": 0.0029885297346820853,
        "quart_3": 0.006374274394388036,
        "min": 3.8982019170016393e-07,
        "max": 0.020430928383759858,
        "stdv": 0.0027474539110979974
    }
}