{
    "cap_eff": {
        "avg": 0.004863740887835794,
        "med": 0.004303733187826897,
        "quart_1": 0.0025854437264214436,
        "quart_3": 0.0063885289628160535,
        "min": 8.843659471402532e-09,
        "max": 0.03375122517195117,
        "stdv": 0.0032991584181599077
    },
    "imp_gain": {
        "avg": 0.03616391737121035,
        "med": 0.02974898118561886,
        "quart_1": 0.012746660368250007,
        "quart_3": 0.05163301257216246,
        "min": 2.220446049250313e-16,
        "max": 0.14246872523749587,
        "stdv": 0.029150343893645042
    },
    "imp_loss": {
        "avg": 0.02438966001379005,
        "med": 0.0152027681713377,
        "quart_1": 0.0,
        "quart_3": 0.04064986058340381,
        "min": 0.0,
        "max": 0.12470251665566068,
        "stdv": 0.02718283344343972
    },
    "price_imp": {
        "avg": 0.0075637863056666095,
        "med": 0.007180270081708642,
        "quart_1": 0.004959019327759589,
        "quart_3": 0.009617594009748353,
        "min": 9.710354237771938e-07,
        "max": 0.04087959189573439,
        "stdv": 0.003818737093121871
    },
    "proc_cap_eff": {
        "avg": 0.004852752147653493,
        "med": 0.004302393413999739,
        "quart_1": 0.0025843706017041335,
        "quart_3": 0.006383083493303299,
        "min": 8.843659471402532e-09,
        "max": 0.02447516413129658,
        "stdv": 0.0032628305243238
    },
    "proc_imp_gain": {
        "avg": 0.03611485043944167,
        "med": 0.02972646145658997,
        "quart_1": 0.01274032560083227,
        "quart_3": 0.05158444014887631,
        "min": 2.220446049250313e-16,
        "max": 0.13235527148681792,
        "stdv": 0.02907481306343005
    },
    "proc_imp_loss": {
        "avg": 0.02434288333403677,
        "med": 0.015185064590722608,
        "quart_1": 0.0,
        "quart_3": 0.04061026298772308,
        "min": 0.0,
        "max": 0.11624903427351685,
        "stdv": 0.027109004924260993
    },
    "proc_price_imp": {
        "avg": 0.007552046623772444,
        "med": 0.007177738041761809,
        "quart_1": 0.0049574678619542425,
        "quart_3": 0.009612545132958675,
        "min": 9.710354237771938e-07,
        "max": 0.02846109264794234,
        "stdv": 0.0037830805537794397
    }
}