{
    "cap_eff": {
        "avg": 3.3163812326379464e-14,
        "med": 1.5987211554602254e-14,
        "quart_1": 7.327471962526033e-15,
        "quart_3": 2.9476421303797906e-14,
        "min": 0.0,
        "max": 1.456255116494276e-10,
        "stdv": 5.759099596390461e-13
    },
    "imp_gain": {
        "avg": 0.12511572257733453,
        "med": 0.09254823695949255,
        "quart_1": 0.04194739290653837,
        "quart_3": 0.16905191291426702,
        "min": 1.2311375081619502e-06,
        "max": 0.6265227207545183,
        "stdv": 0.11540125921242256
    },
    "imp_loss": {
        "avg": 0.08876418188819407,
        "med": 0.052201125994328135,
        "quart_1": 0.0,
        "quart_3": 0.13023029771027073,
        "min": 0.0,
        "max": 0.5674052327352459,
        "stdv": 0.10958720471518933
    },
    "price_imp": {
        "avg": 3.316322912634748e-14,
        "med": 1.589853802084052e-14,
        "quart_1": 7.273836085258555e-15,
        "quart_3": 2.944163391409973e-14,
        "min": 0.0,
        "max": 1.456254174157744e-10,
        "stdv": 5.759097254715017e-13
    },
    "proc_cap_eff": {
        "avg": 2.831723257073392e-14,
        "med": 1.587618925213974e-14,
        "quart_1": 7.327471962526033e-15,
        "quart_3": 2.942091015256665e-14,
        "min": 0.0,
        "max": 2.4821256161544625e-12,
        "stdv": 7.416703452678014e-14
    },
    "proc_imp_gain": {
        "avg": 0.12487021116442422,
        "med": 0.09251086568861422,
        "quart_1": 0.04193729198180196,
        "quart_3": 0.16894384022217457,
        "min": 1.2311375081619502e-06,
        "max": 0.6081680255326385,
        "stdv": 0.11490588683214221
    },
    "proc_imp_loss": {
        "avg": 0.08853034421453627,
        "med": 0.05211272803010092,
        "quart_1": 0.0,
        "quart_3": 0.13007141546534184,
        "min": 0.0,
        "max": 0.5492635704935231,
        "stdv": 0.10911405655884261
    },
    "proc_price_imp": {
        "avg": 2.8316640671038223e-14,
        "med": 1.5886736631495666e-14,
        "quart_1": 7.271114809219222e-15,
        "quart_3": 2.941768089290885e-14,
        "min": 0.0,
        "max": 2.4821690257418174e-12,
        "stdv": 7.41673170339973e-14
    }
}