{
    "cap_eff": {
        "avg": 9.50594725059748e-14,
        "med": 4.729550084903167e-14,
        "quart_1": 2.1538326677728037e-14,
        "quart_3": 8.804068585277491e-14,
        "min": 0.0,
        "max": 5.6027849026918375e-11,
        "stdv": 5.175557565566235e-13
    },
    "imp_gain": {
        "avg": 0.08013729183843077,
        "med": 0.07356020231062921,
        "quart_1": 0.037214527725141444,
        "quart_3": 0.12188517885263628,
        "min": 3.4630990621842273e-06,
        "max": 0.201795563714948,
        "stdv": 0.0518082297795073
    },
    "imp_loss": {
        "avg": 0.07937404715520534,
        "med": 0.06363362578853188,
        "quart_1": 0.02566130251834442,
        "quart_3": 0.11825078804994171,
        "min": 0.0,
        "max": 0.2751826448711744,
        "stdv": 0.06606594777549937
    },
    "price_imp": {
        "avg": 9.505932653812555e-14,
        "med": 4.7318296315530703e-14,
        "quart_1": 2.151606989191361e-14,
        "quart_3": 8.804705115365762e-14,
        "min": 0.0,
        "max": 5.6027811257053215e-11,
        "stdv": 5.175555747429194e-13
    },
    "proc_cap_eff": {
        "avg": 8.602212545821861e-14,
        "med": 4.729550084903167e-14,
        "quart_1": 2.1538326677728037e-14,
        "quart_3": 8.79296635503124e-14,
        "min": 0.0,
        "max": 1.0487832824424004e-11,
        "stdv": 2.4849619274755063e-13
    },
    "proc_imp_gain": {
        "avg": 0.08007774689137016,
        "med": 0.07351740219464864,
        "quart_1": 0.03719310288724409,
        "quart_3": 0.1218040889277614,
        "min": 3.4630990621842273e-06,
        "max": 0.19855984444509867,
        "stdv": 0.05175240323151695
    },
    "proc_imp_loss": {
        "avg": 0.07927743830665715,
        "med": 0.06358758177732049,
        "quart_1": 0.02564721748431653,
        "quart_3": 0.11811984498029027,
        "min": 0.0,
        "max": 0.27083558004602204,
        "stdv": 0.06594107207759045
    },
    "proc_price_imp": {
        "avg": 8.602198508057299e-14,
        "med": 4.729176867963601e-14,
        "quart_1": 2.150723189806252e-14,
        "quart_3": 8.796397218781102e-14,
        "min": 0.0,
        "max": 1.0487925254122741e-11,
        "stdv": 2.48496272098443e-13
    }
}