{
    "cap_eff": {
        "avg": 0.0008235317844185293,
        "med": 0.0006753863552058093,
        "quart_1": 0.0003608271054087453,
        "quart_3": 0.0010990463521856064,
        "min": 1.6359821830569388e-08,
        "max": 0.06530520119130578,
        "stdv": 0.0007279645248973352
    },
    "imp_gain": {
        "avg": 0.0008292667768331943,
        "med": 0.0005406500034490502,
        "quart_1": 0.00016619494485148323,
        "quart_3": 0.0012136805090559033,
        "min": 2.181954439350875e-08,
        "max": 0.014452329385997942,
        "stdv": 0.0008884417831551007
    },
    "imp_loss": {
        "avg": 0.0008025079728853374,
        "med": 0.0004942478152274443,
        "quart_1": 0.0001474157946322885,
        "quart_3": 0.0011850160261802634,
        "min": 0.0,
        "max": 0.012342096955809012,
        "stdv": 0.0008855299343708054
    },
    "price_imp": {
        "avg": 0.001197474575616768,
        "med": 0.0011098531307074792,
        "quart_1": 0.0007248398452849076,
        "quart_3": 0.001533215729184741,
        "min": 0.0,
        "max": 0.013063380632274395,
        "stdv": 0.000711299165528848
    },
    "proc_cap_eff": {
        "avg": 0.0008184126415898287,
        "med": 0.0006749876674521094,
        "quart_1": 0.0003606665553563815,
        "quart_3": 0.0010978432386072878,
        "min": 1.6359821830569388e-08,
        "max": 0.006066156963021374,
        "stdv": 0.0006545066977728276
    },
    "proc_imp_gain": {
        "avg": 0.0008257472821887625,
        "med": 0.0005401260842363698,
        "quart_1": 0.0001660510184227082,
        "quart_3": 0.001212526752047971,
        "min": 2.181954439350875e-08,
        "max": 0.006590416162646884,
        "stdv": 0.0008736865405518923
    },
    "proc_imp_loss": {
        "avg": 0.0007990844085285497,
        "med": 0.0004938803062672914,
        "quart_1": 0.00014721191531352762,
        "quart_3": 0.001183948940263635,
        "min": 0.0,
        "max": 0.00670479827898296,
        "stdv": 0.0008721221376770391
    },
    "proc_price_imp": {
        "avg": 0.001194745398956794,
        "med": 0.0011094416451801108,
        "quart_1": 0.0007245953618183606,
        "quart_3": 0.0015321708523270122,
        "min": 0.0,
        "max": 0.005801946459230264,
        "stdv": 0.0007004692709837788
    }
}