{
    "cap_eff": {
        "avg": 0.0011748745364268118,
        "med": 0.0010186056822492628,
        "quart_1": 0.0006533346809878271,
        "quart_3": 0.0015067976249873993,
        "min": 7.870564100453947e-08,
        "max": 0.008025671476340701,
        "stdv": 0.0007882724075748235
    },
    "imp_gain": {
        "avg": 0.0015703493784285252,
        "med": 0.0009346565690095954,
        "quart_1": 8.91417713904108e-05,
        "quart_3": 0.002608620641965098,
        "min": 2.220446049250313e-16,
        "max": 0.018855703607997265,
        "stdv": 0.0018113773163752835
    },
    "imp_loss": {
        "avg": 0.0010217648567785295,
        "med": 0.0001376386203715274,
        "quart_1": 0.0,
        "quart_3": 0.0016916028437838904,
        "min": 0.0,
        "max": 0.01847650650235022,
        "stdv": 0.0016170745375268091
    },
    "price_imp": {
        "avg": 0.0018719173194314486,
        "med": 0.0017856625112860683,
        "quart_1": 0.0012355894217643373,
        "quart_3": 0.0023792319295203213,
        "min": 2.5525118123159703e-07,
        "max": 0.009308003744146953,
        "stdv": 0.0009336096529912701
    },
    "proc_cap_eff": {
        "avg": 0.0011721142059260027,
        "med": 0.0010182296271779023,
        "quart_1": 0.0006531589655500714,
        "quart_3": 0.0015054993460654753,
        "min": 7.870564100453947e-08,
        "max": 0.006157374098410662,
        "stdv": 0.0007784732522463284
    },
    "proc_imp_gain": {
        "avg": 0.0015643379139475178,
        "med": 0.0009335796010321307,
        "quart_1": 8.901833715535545e-05,
        "quart_3": 0.0026052367711075775,
        "min": 2.220446049250313e-16,
        "max": 0.012029861050328217,
        "stdv": 0.0017914653689444962
    },
    "proc_imp_loss": {
        "avg": 0.001015983800076949,
        "med": 0.00013760613294688806,
        "quart_1": 0.0,
        "quart_3": 0.001687094137751366,
        "min": 0.0,
        "max": 0.011007379185821953,
        "stdv": 0.0015963301018172762
    },
    "proc_price_imp": {
        "avg": 0.0018689848509776347,
        "med": 0.0017852068999638854,
        "quart_1": 0.001235275367140382,
        "quart_3": 0.0023779130211445286,
        "min": 2.5525118123159703e-07,
        "max": 0.007068765944740884,
        "stdv": 0.000924309075451903
    }
}