{
    "cap_eff": {
        "avg": 0.00023536584586506646,
        "med": 0.00020404051456512917,
        "quart_1": 0.00013077643194381317,
        "quart_3": 0.0003019287003909188,
        "min": 3.5707139467433535e-09,
        "max": 0.0016106635225887622,
        "stdv": 0.0001580418563339786
    },
    "imp_gain": {
        "avg": 0.0015696946203677036,
        "med": 0.0009332958703212046,
        "quart_1": 8.723108567965099e-05,
        "quart_3": 0.0026069189624322586,
        "min": 2.220446049250313e-16,
        "max": 0.018858263050088198,
        "stdv": 0.0018116042556146018
    },
    "imp_loss": {
        "avg": 0.0010230287112361583,
        "med": 0.00013773805370076442,
        "quart_1": 0.0,
        "quart_3": 0.0016934510457667917,
        "min": 0.0,
        "max": 0.018547488939339885,
        "stdv": 0.0016191201694527476
    },
    "price_imp": {
        "avg": 0.0003751467093350822,
        "med": 0.00035785922780111985,
        "quart_1": 0.0002475834125317582,
        "quart_3": 0.0004769503618478185,
        "min": 4.9929018014568195e-08,
        "max": 0.0018688049357737638,
        "stdv": 0.00018720522202412084
    },
    "proc_cap_eff": {
        "avg": 0.00023481178421957852,
        "med": 0.00020397752031131589,
        "quart_1": 0.0001307460422260709,
        "quart_3": 0.0003016916926172897,
        "min": 3.5707139467433535e-09,
        "max": 0.0012348220409206245,
        "stdv": 0.0001560724537602067
    },
    "proc_imp_gain": {
        "avg": 0.0015636794694745813,
        "med": 0.0009317676421232157,
        "quart_1": 8.721428340918713e-05,
        "quart_3": 0.002604462281780018,
        "min": 2.220446049250313e-16,
        "max": 0.01203616710929123,
        "stdv": 0.0017916638695450486
    },
    "proc_imp_loss": {
        "avg": 0.0010172334928858025,
        "med": 0.0001376145953750907,
        "quart_1": 0.0,
        "quart_3": 0.0016895132270018376,
        "min": 0.0,
        "max": 0.011034474981634013,
        "stdv": 0.0015982823255592164
    },
    "proc_price_imp": {
        "avg": 0.00037455795099554644,
        "med": 0.0003577784774756473,
        "quart_1": 0.00024751539042198084,
        "quart_3": 0.0004767282760753407,
        "min": 4.9929018014568195e-08,
        "max": 0.0014182447514998519,
        "stdv": 0.00018533541791378988
    }
}