{
    "cap_eff": {
        "avg": 0.027461276050272692,
        "med": 0.003981660773031415,
        "quart_1": 0.0021267399052570246,
        "quart_3": 0.0065386229677564245,
        "min": 1.618974132533424e-07,
        "max": 2.23953380432562,
        "stdv": 0.11407936618985776
    },
    "imp_gain": {
        "avg": 11.983595197927894,
        "med": 0.04870853628894012,
        "quart_1": 0.020520174314623496,
        "quart_3": 6.152223067921064,
        "min": 1.1397717660788231e-06,
        "max": 784.8988490582047,
        "stdv": 36.242571141309355
    },
    "imp_loss": {
        "avg": 0.22803306382384686,
        "med": 0.024375854369411143,
        "quart_1": 0.0,
        "quart_3": 0.09915724758163058,
        "min": 0.0,
        "max": 0.9987275716191741,
        "stdv": 0.3769464175245522
    },
    "price_imp": {
        "avg": 0.029753969033523897,
        "med": 0.006919509107885732,
        "quart_1": 0.004322766394078441,
        "quart_3": 0.009943228895998904,
        "min": 8.45595307768127e-08,
        "max": 8.668080821642194,
        "stdv": 0.15037529134500172
    },
    "proc_cap_eff": {
        "avg": 0.026940994922717388,
        "med": 0.003979893405520074,
        "quart_1": 0.002126195727308766,
        "quart_3": 0.006531870055887179,
        "min": 1.618974132533424e-07,
        "max": 0.9636268319391249,
        "stdv": 0.11153495992964814
    },
    "proc_imp_gain": {
        "avg": 11.726076834820747,
        "med": 0.04867684722036891,
        "quart_1": 0.020512154699985352,
        "quart_3": 6.139434471846213,
        "min": 1.1397717660788231e-06,
        "max": 384.06081388637716,
        "stdv": 34.22777467302156
    },
    "proc_imp_loss": {
        "avg": 0.22764807520424535,
        "med": 0.02434284628020572,
        "quart_1": 0.0,
        "quart_3": 0.09866879206141976,
        "min": 0.0,
        "max": 0.9971732229507381,
        "stdv": 0.37664727600038217
    },
    "proc_price_imp": {
        "avg": 0.028195581503176928,
        "med": 0.006917977332205131,
        "quart_1": 0.004321228891598122,
        "quart_3": 0.00993880337267816,
        "min": 8.45595307768127e-08,
        "max": 2.2855816187630738,
        "stdv": 0.1309462823881188
    }
}