{
    "cap_eff": {
        "avg": 5.687659837444264e-14,
        "med": 1.3988810110276972e-14,
        "quart_1": 5.10702591327572e-15,
        "quart_3": 2.7755575615628914e-14,
        "min": 0.0,
        "max": 5.893622256891717e-10,
        "stdv": 3.2279950624497875e-12
    },
    "imp_gain": {
        "avg": 4.5866644400161825,
        "med": 0.1434676851847283,
        "quart_1": 0.04782569810838733,
        "quart_3": 1.092741754902355,
        "min": 1.6005161111998234e-06,
        "max": 323.01030398811156,
        "stdv": 19.232121971673358
    },
    "imp_loss": {
        "avg": 0.28450868519898576,
        "med": 0.06462956391832253,
        "quart_1": 0.0,
        "quart_3": 0.40498161374424235,
        "min": 0.0,
        "max": 0.9999991023447387,
        "stdv": 0.3935272006346136
    },
    "price_imp": {
        "avg": 5.68752052232843e-14,
        "med": 1.3979519443247477e-14,
        "quart_1": 5.136501321216215e-15,
        "quart_3": 2.767722366975892e-14,
        "min": 0.0,
        "max": 5.8936219062438e-10,
        "stdv": 3.227994955974444e-12
    },
    "proc_cap_eff": {
        "avg": 2.6577591689743644e-14,
        "med": 1.3988810110276972e-14,
        "quart_1": 5.10702591327572e-15,
        "quart_3": 2.7644553313166398e-14,
        "min": 0.0,
        "max": 3.5924596630820815e-12,
        "stdv": 8.531482951648627e-14
    },
    "proc_imp_gain": {
        "avg": 4.444333233101283,
        "med": 0.14336461241034737,
        "quart_1": 0.047804212478201435,
        "quart_3": 1.0927090756437186,
        "min": 1.6005161111998234e-06,
        "max": 250.67877433274006,
        "stdv": 18.14712667392131
    },
    "proc_imp_loss": {
        "avg": 0.28415118830920844,
        "med": 0.06452606409035544,
        "quart_1": 0.0,
        "quart_3": 0.4042496509679965,
        "min": 0.0,
        "max": 0.9999968148302372,
        "stdv": 0.3933002959466066
    },
    "proc_price_imp": {
        "avg": 2.657620527327942e-14,
        "med": 1.3966966186393553e-14,
        "quart_1": 5.133011450320185e-15,
        "quart_3": 2.765280445379518e-14,
        "min": 0.0,
        "max": 3.5924996697730927e-12,
        "stdv": 8.531515950021944e-14
    }
}