{
    "cap_eff": {
        "avg": 0.018297891123508058,
        "med": 0.0032291801710280232,
        "quart_1": 0.0014469642546625083,
        "quart_3": 0.006571306419430489,
        "min": 3.083565984773884e-07,
        "max": 0.9302144180893555,
        "stdv": 0.09692722621960304
    },
    "imp_gain": {
        "avg": 0.001054125133498507,
        "med": 0.0011980439556555922,
        "quart_1": 0.00043059540451939604,
        "quart_3": 0.0013898172181634472,
        "min": 0.00043059540451939604,
        "max": 0.0013898172181634472,
        "stdv": 0.000392574108225261
    },
    "imp_loss": {
        "avg": 0.5579682231257022,
        "med": 0.5438459542325671,
        "quart_1": 0.46933902604290634,
        "quart_3": 0.6938215050047154,
        "min": 0.0,
        "max": 0.8332408041585563,
        "stdv": 0.16587594314079362
    },
    "price_imp": {
        "avg": 0.006383517699801445,
        "med": 0.005201334356878585,
        "quart_1": 0.002933781649003496,
        "quart_3": 0.008442321024718463,
        "min": 1.1092653865781872e-07,
        "max": 0.07177315506597202,
        "stdv": 0.0051015716324830105
    },
    "proc_cap_eff": {
        "avg": 0.017851351418873278,
        "med": 0.0032275944833775605,
        "quart_1": 0.0014464633147791561,
        "quart_3": 0.006562714552711069,
        "min": 3.083565984773884e-07,
        "max": 0.9191831905388028,
        "stdv": 0.09484517445685701
    },
    "proc_imp_gain": {
        "avg": 0.001054125133498507,
        "med": 0.0011980439556555922,
        "quart_1": 0.00043059540451939604,
        "quart_3": 0.0013898172181634472,
        "min": 0.00043059540451939604,
        "max": 0.0013898172181634472,
        "stdv": 0.000392574108225261
    },
    "proc_imp_loss": {
        "avg": 0.5582442969602165,
        "med": 0.5439351292130811,
        "quart_1": 0.4694202041160991,
        "quart_3": 0.6938528459826463,
        "min": 0.006840085307019628,
        "max": 0.8332408041585563,
        "stdv": 0.16545540520489932
    },
    "proc_price_imp": {
        "avg": 0.006361392157937536,
        "med": 0.005199060580866307,
        "quart_1": 0.002932194702436587,
        "quart_3": 0.008434067020068842,
        "min": 1.1092653865781872e-07,
        "max": 0.044477710219064825,
        "stdv": 0.005002770533222025
    }
}