{
    "cap_eff": {
        "avg": 1.5036653294778174e-14,
        "med": 1.3322676295501878e-15,
        "quart_1": 4.440892098500626e-16,
        "quart_3": 3.3306690738754696e-15,
        "min": 0.0,
        "max": 2.368928386786706e-10,
        "stdv": 1.1761583256606382e-12
    },
    "imp_gain": {
        "avg": 0.0007863124266966258,
        "med": 0.0004295704643504372,
        "quart_1": 0.0004295704643504372,
        "quart_3": 0.0013898172181634472,
        "min": 0.0004295704643504372,
        "max": 0.0013898172181634472,
        "stdv": 0.00042859854949781864
    },
    "imp_loss": {
        "avg": 0.9356547459338602,
        "med": 0.9857652385675849,
        "quart_1": 0.9604854245282188,
        "quart_3": 0.999055283218835,
        "min": 0.0,
        "max": 0.9999995632830266,
        "stdv": 0.16541276561679355
    },
    "price_imp": {
        "avg": 1.5033448529508747e-14,
        "med": 1.3651898121553288e-15,
        "quart_1": 5.1094955463841745e-16,
        "quart_3": 3.2770203484178713e-15,
        "min": 0.0,
        "max": 2.368928746133883e-10,
        "stdv": 1.176158612018514e-12
    },
    "proc_cap_eff": {
        "avg": 5.769290192214129e-15,
        "med": 1.3322676295501878e-15,
        "quart_1": 4.440892098500626e-16,
        "quart_3": 3.3306690738754696e-15,
        "min": 0.0,
        "max": 1.410649375088724e-12,
        "stdv": 2.8258452429344813e-14
    },
    "proc_imp_gain": {
        "avg": 0.0007863124266966258,
        "med": 0.0004295704643504372,
        "quart_1": 0.0004295704643504372,
        "quart_3": 0.0013898172181634472,
        "min": 0.0004295704643504372,
        "max": 0.0013898172181634472,
        "stdv": 0.00042859854949781864
    },
    "proc_imp_loss": {
        "avg": 0.9361193282875936,
        "med": 0.985781001338231,
        "quart_1": 0.9605327331064721,
        "quart_3": 0.9990562544671756,
        "min": 0.006243733703463428,
        "max": 0.9999995632830266,
        "stdv": 0.16413853627744235
    },
    "proc_price_imp": {
        "avg": 5.766069946981153e-15,
        "med": 1.3637811472080667e-15,
        "quart_1": 5.09973394199352e-16,
        "quart_3": 3.270635278814158e-15,
        "min": 0.0,
        "max": 1.4107239283388076e-12,
        "stdv": 2.825928224229283e-14
    }
}