{
    "cap_eff": {
        "avg": 0.3303946436028695,
        "med": 0.0001500547710495681,
        "quart_1": 7.37041534559224e-05,
        "quart_3": 0.00027794005348008577,
        "min": 9.010870050119024e-09,
        "max": 6729.260818914869,
        "stdv": 37.30665147238625
    },
    "imp_gain": {
        "avg": 0.0010538817420851498,
        "med": 0.0011980439556555922,
        "quart_1": 0.00042962183886596783,
        "quart_3": 0.0013898172181634472,
        "min": 0.00042962183886596783,
        "max": 0.0013898172181634472,
        "stdv": 0.0003929607254306872
    },
    "imp_loss": {
        "avg": 0.5809385387018176,
        "med": 0.5386711746336728,
        "quart_1": 0.4821792912244899,
        "quart_3": 0.7150226289900372,
        "min": 0.0,
        "max": 0.8880805349042014,
        "stdv": 0.15129045613718153
    },
    "price_imp": {
        "avg": 1.441683126643826,
        "med": 0.00023374510194016935,
        "quart_1": 0.0001401959839187574,
        "quart_3": 0.0003542005512718771,
        "min": 1.4493842343359756e-08,
        "max": 15563.019905817144,
        "stdv": 85.57139858491925
    },
    "proc_cap_eff": {
        "avg": 0.015373140908365836,
        "med": 0.00014999994042430576,
        "quart_1": 7.366793381224923e-05,
        "quart_3": 0.000277661111845795,
        "min": 9.010870050119024e-09,
        "max": 1.4916646326185043,
        "stdv": 0.09751660858153355
    },
    "proc_imp_gain": {
        "avg": 0.0010538817420851498,
        "med": 0.0011980439556555922,
        "quart_1": 0.00042962183886596783,
        "quart_3": 0.0013898172181634472,
        "min": 0.00042962183886596783,
        "max": 0.0013898172181634472,
        "stdv": 0.0003929607254306872
    },
    "proc_imp_loss": {
        "avg": 0.5812259351631754,
        "med": 0.5387339825620228,
        "quart_1": 0.4822613008499249,
        "quart_3": 0.715132876904541,
        "min": 0.0073983362843828004,
        "max": 0.8880805349042014,
        "stdv": 0.15077913792109443
    },
    "proc_price_imp": {
        "avg": 0.21172474631322635,
        "med": 0.00023364154913400612,
        "quart_1": 0.00014013933725944933,
        "quart_3": 0.00035394433434906615,
        "min": 1.4493842343359756e-08,
        "max": 721.0134447618324,
        "stdv": 9.198214346647203
    }
}