{
    "cap_eff": {
        "avg": 0.0529972600147249,
        "med": 0.0009900886714247492,
        "quart_1": 0.000484962584190729,
        "quart_3": 0.0017665866164480182,
        "min": 1.506678840579312e-07,
        "max": 794.2143980676587,
        "stdv": 4.321231296796642
    },
    "imp_gain": {
        "avg": 0.0010539972495662853,
        "med": 0.0011980439556555922,
        "quart_1": 0.0004300838687905095,
        "quart_3": 0.0013898172181634472,
        "min": 0.0004300838687905095,
        "max": 0.0013898172181634472,
        "stdv": 0.00039277723760289
    },
    "imp_loss": {
        "avg": 0.4493034750743226,
        "med": 0.4679609747519299,
        "quart_1": 0.42645967777039984,
        "quart_3": 0.5018889061429872,
        "min": 0.0,
        "max": 0.5950629694395557,
        "stdv": 0.08434001366370529
    },
    "price_imp": {
        "avg": 0.21415168264939097,
        "med": 0.001289797967715048,
        "quart_1": 0.0007570058256043297,
        "quart_3": 0.0018662218828587106,
        "min": 9.816946640818168e-08,
        "max": 1596.702193996873,
        "stdv": 9.395027754514013
    },
    "proc_cap_eff": {
        "avg": 0.015441745530678761,
        "med": 0.000989481146935034,
        "quart_1": 0.000484562820410428,
        "quart_3": 0.0017648859683611073,
        "min": 1.506678840579312e-07,
        "max": 2.331668823804361,
        "stdv": 0.10104775647183598
    },
    "proc_imp_gain": {
        "avg": 0.0010539972495662853,
        "med": 0.0011980439556555922,
        "quart_1": 0.0004300838687905095,
        "quart_3": 0.0013898172181634472,
        "min": 0.0004300838687905095,
        "max": 0.0013898172181634472,
        "stdv": 0.00039277723760289
    },
    "proc_imp_loss": {
        "avg": 0.44952529751619036,
        "med": 0.46799459556187273,
        "quart_1": 0.426537049675887,
        "quart_3": 0.5019014259699012,
        "min": 0.007373710525958033,
        "max": 0.5950629694395557,
        "stdv": 0.08377335365125
    },
    "proc_price_imp": {
        "avg": 0.06360581465435713,
        "med": 0.001289343182874709,
        "quart_1": 0.000756785007333414,
        "quart_3": 0.0018651114762862752,
        "min": 9.816946640818168e-08,
        "max": 119.83743047324431,
        "stdv": 1.849374005199497
    }
}