{
    "cap_eff": {
        "avg": 0.4022600601958035,
        "med": 0.0019781320388462253,
        "quart_1": 0.001250257697355428,
        "quart_3": 0.0030593359856995184,
        "min": 1.0492259905348078e-07,
        "max": 14500.584857236887,
        "stdv": 58.97809972605284
    },
    "imp_gain": {
        "avg": 12.049989372145202,
        "med": 0.002438551098932429,
        "quart_1": 6.162104471529872e-05,
        "quart_3": 2.678059133581702,
        "min": 2.220446049250313e-16,
        "max": 1119.9131225044625,
        "stdv": 53.44334218351625
    },
    "imp_loss": {
        "avg": 0.18012312455104534,
        "med": 8.006754723899334e-05,
        "quart_1": 0.0,
        "quart_3": 0.004166106273806813,
        "min": 0.0,
        "max": 0.9965940179263234,
        "stdv": 0.340402547610348
    },
    "price_imp": {
        "avg": 1.9108630005798997,
        "med": 0.0035920078540878004,
        "quart_1": 0.0024079701301597278,
        "quart_3": 0.004993300196772346,
        "min": 4.13672372128883e-08,
        "max": 6379.630130076217,
        "stdv": 58.15564421993524
    },
    "proc_cap_eff": {
        "avg": 0.0515287346799359,
        "med": 0.0019775145213732914,
        "quart_1": 0.0012499586504706173,
        "quart_3": 0.0030565284786946423,
        "min": 1.0492259905348078e-07,
        "max": 36.11017731566825,
        "stdv": 0.7846358807338967
    },
    "proc_imp_gain": {
        "avg": 11.596344461761717,
        "med": 0.002432956690165966,
        "quart_1": 6.154630143884177e-05,
        "quart_3": 2.6655497190948987,
        "min": 2.220446049250313e-16,
        "max": 718.566921630967,
        "stdv": 49.35171901576178
    },
    "proc_imp_loss": {
        "avg": 0.17973087643147365,
        "med": 7.99597902176874e-05,
        "quart_1": 0.0,
        "quart_3": 0.004145759991790343,
        "min": 0.0,
        "max": 0.9533765447204254,
        "stdv": 0.34003524420774534
    },
    "proc_price_imp": {
        "avg": 0.8065311388823239,
        "med": 0.0035908235402515075,
        "quart_1": 0.00240710936607302,
        "quart_3": 0.004989730817991124,
        "min": 4.13672372128883e-08,
        "max": 1182.773437059666,
        "stdv": 19.281968680253012
    }
}