{
    "cap_eff": {
        "avg": 0.025194335596876602,
        "med": 0.004109144927777253,
        "quart_1": 0.0022354080961277667,
        "quart_3": 0.006697160585834694,
        "min": 2.29192948619783e-07,
        "max": 0.9653498830659284,
        "stdv": 0.10369400886172475
    },
    "imp_gain": {
        "avg": 5.960402482778594,
        "med": 0.0469759791650719,
        "quart_1": 0.02096037908588655,
        "quart_3": 5.603488034038779,
        "min": 2.220446049250313e-16,
        "max": 124.48292583814715,
        "stdv": 12.976281885034375
    },
    "imp_loss": {
        "avg": 0.2251861416570827,
        "med": 0.02502194499543753,
        "quart_1": 0.0,
        "quart_3": 0.08375706719537668,
        "min": 0.0,
        "max": 0.992030788305894,
        "stdv": 0.37379029952443465
    },
    "price_imp": {
        "avg": 0.018153273061387625,
        "med": 0.0071625517864666146,
        "quart_1": 0.004545946472905902,
        "quart_3": 0.010187920828016915,
        "min": 3.457666627673102e-07,
        "max": 1.2327912568454704,
        "stdv": 0.05634830020284001
    },
    "proc_cap_eff": {
        "avg": 0.024733565201750834,
        "med": 0.004107667599314357,
        "quart_1": 0.002234672747517097,
        "quart_3": 0.006690669618742873,
        "min": 2.29192948619783e-07,
        "max": 0.9517192398730986,
        "stdv": 0.10163066705434366
    },
    "proc_imp_gain": {
        "avg": 5.91232460406212,
        "med": 0.046939557452798875,
        "quart_1": 0.020953250210078878,
        "quart_3": 5.596102990733027,
        "min": 2.220446049250313e-16,
        "max": 94.73096494071055,
        "stdv": 12.798930462095425
    },
    "proc_imp_loss": {
        "avg": 0.22480357665789713,
        "med": 0.024989569776575182,
        "quart_1": 0.0,
        "quart_3": 0.08345501872401395,
        "min": 0.0,
        "max": 0.9892641472757727,
        "stdv": 0.373492067453409
    },
    "proc_price_imp": {
        "avg": 0.017721103300212586,
        "med": 0.0071595490312826695,
        "quart_1": 0.004544875691335069,
        "quart_3": 0.010181430951367029,
        "min": 3.457666627673102e-07,
        "max": 0.7530211936579879,
        "stdv": 0.052846159893250214
    }
}