{
    "cap_eff": {
        "avg": 1.0951447911078407e-14,
        "med": 9.992007221626409e-16,
        "quart_1": 4.440892098500626e-16,
        "quart_3": 2.4424906541753444e-15,
        "min": 0.0,
        "max": 8.769529546981403e-11,
        "stdv": 4.917022524892865e-13
    },
    "imp_gain": {
        "avg": 0.0006967350952670362,
        "med": 0.0012095055448855252,
        "quart_1": 1.3041162442384291e-05,
        "quart_3": 0.0012095055448855252,
        "min": 1.3041162442384291e-05,
        "max": 0.0012095055448855252,
        "stdv": 0.00059209631423944
    },
    "imp_loss": {
        "avg": 0.9403222014039632,
        "med": 0.988452335505228,
        "quart_1": 0.9699090019871061,
        "quart_3": 0.9981502006304156,
        "min": 0.0,
        "max": 0.9999998651051673,
        "stdv": 0.16573720418546603
    },
    "price_imp": {
        "avg": 1.0948416244093322e-14,
        "med": 1.0174348654468991e-15,
        "quart_1": 3.9385912929496357e-16,
        "quart_3": 2.4147148174718547e-15,
        "min": 0.0,
        "max": 8.769528703390315e-11,
        "stdv": 4.917020719615155e-13
    },
    "proc_cap_eff": {
        "avg": 5.5763601067267926e-15,
        "med": 9.992007221626409e-16,
        "quart_1": 4.440892098500626e-16,
        "quart_3": 2.4424906541753444e-15,
        "min": 0.0,
        "max": 1.0509371151101732e-12,
        "stdv": 3.116390795275274e-14
    },
    "proc_imp_gain": {
        "avg": 0.0006967350952670362,
        "med": 0.0012095055448855252,
        "quart_1": 1.3041162442384291e-05,
        "quart_3": 0.0012095055448855252,
        "min": 1.3041162442384291e-05,
        "max": 0.0012095055448855252,
        "stdv": 0.00059209631423944
    },
    "proc_imp_loss": {
        "avg": 0.9407895832437373,
        "med": 0.9884617323312906,
        "quart_1": 0.9699406459816805,
        "quart_3": 0.9981535081058237,
        "min": 0.006264828889915086,
        "max": 0.9999998651051673,
        "stdv": 0.16445155224150465
    },
    "proc_price_imp": {
        "avg": 5.57333051913002e-15,
        "med": 1.0165031928559724e-15,
        "quart_1": 3.934892693514879e-16,
        "quart_3": 2.4103550795501025e-15,
        "min": 0.0,
        "max": 1.050868899777046e-12,
        "stdv": 3.1164652879655613e-14
    }
}