{
    "cap_eff": {
        "avg": 0.019212646520688253,
        "med": 0.0010814053502182785,
        "quart_1": 0.0005385174007526139,
        "quart_3": 0.0019328872050354828,
        "min": 1.3134895837652039e-07,
        "max": 102.96799867259162,
        "stdv": 0.537569590721813
    },
    "imp_gain": {
        "avg": 0.0005942794270088481,
        "med": 0.0005942794270088481,
        "quart_1": 0.0005942794270088481,
        "quart_3": 0.0005942794270088481,
        "min": 0.0005942794270088481,
        "max": 0.0005942794270088481,
        "stdv": 0.0
    },
    "imp_loss": {
        "avg": 0.46596029677014306,
        "med": 0.4944710541037719,
        "quart_1": 0.4489493227340745,
        "quart_3": 0.5118096759579983,
        "min": 0.0,
        "max": 0.6206620855877665,
        "stdv": 0.08864853314863043
    },
    "price_imp": {
        "avg": 0.024805980654855748,
        "med": 0.0013539544812448808,
        "quart_1": 0.0008138008097642174,
        "quart_3": 0.0019379511202575767,
        "min": 7.482987060952604e-08,
        "max": 333.08133557173136,
        "stdv": 1.3387160017591004
    },
    "proc_cap_eff": {
        "avg": 0.01440052758801348,
        "med": 0.0010808822639148952,
        "quart_1": 0.0005382249017662488,
        "quart_3": 0.001930802171270063,
        "min": 1.3134895837652039e-07,
        "max": 0.9921387147703506,
        "stdv": 0.08989787860668527
    },
    "proc_imp_gain": {
        "avg": 0.0005942794270088481,
        "med": 0.0005942794270088481,
        "quart_1": 0.0005942794270088481,
        "quart_3": 0.0005942794270088481,
        "min": 0.0005942794270088481,
        "max": 0.0005942794270088481,
        "stdv": 0.0
    },
    "proc_imp_loss": {
        "avg": 0.4661910612711827,
        "med": 0.49448719022237964,
        "quart_1": 0.4490061956320347,
        "quart_3": 0.5118221139320459,
        "min": 0.005780096713322136,
        "max": 0.6206620855877665,
        "stdv": 0.08806557094411517
    },
    "proc_price_imp": {
        "avg": 0.009072347641933388,
        "med": 0.0013535437254434282,
        "quart_1": 0.0008135522363443204,
        "quart_3": 0.001936812795860363,
        "min": 7.482987060952604e-08,
        "max": 10.172650236644893,
        "stdv": 0.1793096226138645
    }
}