{
    "cap_eff": {
        "avg": 0.021947144820314277,
        "med": 0.0005971351325789742,
        "quart_1": 0.00029592350398210954,
        "quart_3": 0.0010644219668369814,
        "min": 3.385923119658685e-08,
        "max": 170.31664460885784,
        "stdv": 0.7673425795028099
    },
    "imp_gain": {
        "avg": 0.0005942371054772355,
        "med": 0.0005942371054772355,
        "quart_1": 0.0005942371054772355,
        "quart_3": 0.0005942371054772355,
        "min": 0.0005942371054772355,
        "max": 0.0005942371054772355,
        "stdv": 0.0
    },
    "imp_loss": {
        "avg": 0.4887009561188862,
        "med": 0.4964450019284474,
        "quart_1": 0.46997191286480366,
        "quart_3": 0.5252875690062525,
        "min": 0.0,
        "max": 0.6854333299904951,
        "stdv": 0.08766668006628855
    },
    "price_imp": {
        "avg": 0.0228527045923164,
        "med": 0.0008438206411968327,
        "quart_1": 0.0005104149520728168,
        "quart_3": 0.0012080581113113698,
        "min": 4.725412182864177e-08,
        "max": 131.9119449618967,
        "stdv": 0.9036292305154073
    },
    "proc_cap_eff": {
        "avg": 0.0160289088319433,
        "med": 0.0005969040206136866,
        "quart_1": 0.00029579623394559995,
        "quart_3": 0.0010633960393271469,
        "min": 3.385923119658685e-08,
        "max": 0.8988598893647178,
        "stdv": 0.09622238207613203
    },
    "proc_imp_gain": {
        "avg": 0.0005942371054772355,
        "med": 0.0005942371054772355,
        "quart_1": 0.0005942371054772355,
        "quart_3": 0.0005942371054772355,
        "min": 0.0005942371054772355,
        "max": 0.0005942371054772355,
        "stdv": 0.0
    },
    "proc_imp_loss": {
        "avg": 0.48894304699297064,
        "med": 0.49647903195228305,
        "quart_1": 0.47011112026312774,
        "quart_3": 0.5253006839327161,
        "min": 0.0058037378149657926,
        "max": 0.6854333299904951,
        "stdv": 0.08701487489924502
    },
    "proc_price_imp": {
        "avg": 0.006606045469274151,
        "med": 0.0008434396214054428,
        "quart_1": 0.0005102392170089116,
        "quart_3": 0.0012074895920429652,
        "min": 4.725412182864177e-08,
        "max": 11.654430213852185,
        "stdv": 0.1611150401558389
    }
}