{
    "cap_eff": {
        "avg": 0.043361455443577515,
        "med": 0.0030487266048838113,
        "quart_1": 0.0019438583071819115,
        "quart_3": 0.004765065112408706,
        "min": 1.754602307890707e-07,
        "max": 214.19547309729816,
        "stdv": 1.3856335698261621
    },
    "imp_gain": {
        "avg": 2.8985712905347896,
        "med": 0.001754863849585897,
        "quart_1": 6.65637386874085e-05,
        "quart_3": 1.3440039457029203,
        "min": 2.220446049250313e-16,
        "max": 120.66536628354298,
        "stdv": 8.603221963773054
    },
    "imp_loss": {
        "avg": 0.1842155006851271,
        "med": 8.02230492342737e-05,
        "quart_1": 0.0,
        "quart_3": 0.005551892287216864,
        "min": 0.0,
        "max": 0.9624147246627605,
        "stdv": 0.33362072269580384
    },
    "price_imp": {
        "avg": 0.1044343882828239,
        "med": 0.005519087738903802,
        "quart_1": 0.003743515693125072,
        "quart_3": 0.007633050711576471,
        "min": 2.6328761102284203e-07,
        "max": 156.13666948867515,
        "stdv": 1.9044506918413961
    },
    "proc_cap_eff": {
        "avg": 0.029979086049885355,
        "med": 0.0030475928002295927,
        "quart_1": 0.0019433782158930768,
        "quart_3": 0.004760432518481239,
        "min": 1.754602307890707e-07,
        "max": 7.542075117224908,
        "stdv": 0.20506170061461015
    },
    "proc_imp_gain": {
        "avg": 2.8495389560777307,
        "med": 0.0017506730418108685,
        "quart_1": 6.651027351067818e-05,
        "quart_3": 1.33329549481727,
        "min": 2.220446049250313e-16,
        "max": 96.97985100720014,
        "stdv": 8.320771759106684
    },
    "proc_imp_loss": {
        "avg": 0.18383623676974312,
        "med": 8.00633405579898e-05,
        "quart_1": 0.0,
        "quart_3": 0.005501915137565372,
        "min": 0.0,
        "max": 0.9409740090087834,
        "stdv": 0.33327257757344925
    },
    "proc_price_imp": {
        "avg": 0.0713734435243479,
        "med": 0.005517268536434893,
        "quart_1": 0.003742740403908858,
        "quart_3": 0.007627277587674565,
        "min": 2.6328761102284203e-07,
        "max": 37.16323013979061,
        "stdv": 0.9831311035672018
    }
}