{
    "cap_eff": {
        "avg": 0.10388396689488112,
        "med": 0.00020372933138745886,
        "quart_1": 0.0001298766004944607,
        "quart_3": 0.0003183720686061875,
        "min": 5.768212574253084e-10,
        "max": 2530.5435374012773,
        "stdv": 13.252367466576636
    },
    "imp_gain": {
        "avg": 2.86192975837411,
        "med": 0.0017841064063530698,
        "quart_1": 6.468366812550919e-05,
        "quart_3": 1.8327615224710248,
        "min": 8.881784197001252e-16,
        "max": 116.84634460832751,
        "stdv": 8.665284387589423
    },
    "imp_loss": {
        "avg": 0.21967897581930884,
        "med": 7.429689583271504e-05,
        "quart_1": 0.0,
        "quart_3": 0.005470816665613887,
        "min": 0.0,
        "max": 0.9973004830908798,
        "stdv": 0.3973060766371381
    },
    "price_imp": {
        "avg": 0.7468776701393183,
        "med": 0.0003715200085127475,
        "quart_1": 0.0002514045116028895,
        "quart_3": 0.0005166867988459128,
        "min": 2.0451802992710117e-08,
        "max": 1888.8885412017771,
        "stdv": 20.405457218448436
    },
    "proc_cap_eff": {
        "avg": 0.01854617128884737,
        "med": 0.00020364670589934075,
        "quart_1": 0.000129839380943908,
        "quart_3": 0.0003180453105346981,
        "min": 5.768212574253084e-10,
        "max": 6.166146322868699,
        "stdv": 0.15436683382670902
    },
    "proc_imp_gain": {
        "avg": 2.8138606382072093,
        "med": 0.001779934720679277,
        "quart_1": 6.458934147857143e-05,
        "quart_3": 1.8270221185553104,
        "min": 8.881784197001252e-16,
        "max": 93.40950236167251,
        "stdv": 8.395943317246164
    },
    "proc_imp_loss": {
        "avg": 0.21929139231614453,
        "med": 7.410234464566567e-05,
        "quart_1": 0.0,
        "quart_3": 0.005436901060341004,
        "min": 0.0,
        "max": 0.9944932226255553,
        "stdv": 0.3970269136887692
    },
    "proc_price_imp": {
        "avg": 0.37946669103596015,
        "med": 0.00037142216501134166,
        "quart_1": 0.00025131202303973766,
        "quart_3": 0.000516350193657085,
        "min": 2.0451802992710117e-08,
        "max": 378.6112773288991,
        "stdv": 8.312301224832199
    }
}