{
    "cap_eff": {
        "avg": 0.046759890896154344,
        "med": 0.001017820152944937,
        "quart_1": 0.0006485606370150165,
        "quart_3": 0.001591686368848766,
        "min": 1.8141911417579593e-07,
        "max": 557.3673947905653,
        "stdv": 3.166252363291257
    },
    "imp_gain": {
        "avg": 3.1087989149416613,
        "med": 0.001783047694255746,
        "quart_1": 6.356263549878172e-05,
        "quart_3": 1.6321589740341178,
        "min": 2.220446049250313e-16,
        "max": 123.29343728581549,
        "stdv": 9.585893575431703
    },
    "imp_loss": {
        "avg": 0.2031442541291984,
        "med": 7.734184139940314e-05,
        "quart_1": 0.0,
        "quart_3": 0.005473606621534843,
        "min": 0.0,
        "max": 0.9867452258284892,
        "stdv": 0.3678641268300889
    },
    "price_imp": {
        "avg": 0.18117887708216335,
        "med": 0.0018520138191655466,
        "quart_1": 0.001254702840826292,
        "quart_3": 0.002571379640641836,
        "min": 9.046194596779433e-08,
        "max": 414.39529012612445,
        "stdv": 4.402249476420485
    },
    "proc_cap_eff": {
        "avg": 0.02241764744552483,
        "med": 0.0010173974573889355,
        "quart_1": 0.0006484026174090607,
        "quart_3": 0.0015895016092415393,
        "min": 1.8141911417579593e-07,
        "max": 6.507314010663784,
        "stdv": 0.16596572330940723
    },
    "proc_imp_gain": {
        "avg": 3.0557211258846886,
        "med": 0.0017786079715944592,
        "quart_1": 6.344323921392281e-05,
        "quart_3": 1.6242517422872909,
        "min": 2.220446049250313e-16,
        "max": 105.93797180099105,
        "stdv": 9.289339285190145
    },
    "proc_imp_loss": {
        "avg": 0.20275665398323142,
        "med": 7.718088034758264e-05,
        "quart_1": 0.0,
        "quart_3": 0.005435505378164951,
        "min": 0.0,
        "max": 0.977028200020424,
        "stdv": 0.3675474614079584
    },
    "proc_price_imp": {
        "avg": 0.10345366950862925,
        "med": 0.001851402201181718,
        "quart_1": 0.0012542407559864481,
        "quart_3": 0.002569790011655246,
        "min": 9.046194596779433e-08,
        "max": 79.63534018496647,
        "stdv": 1.9237450810532628
    }
}