{
    "cap_eff": {
        "avg": 0.02842953642759159,
        "med": 0.0037434800442605054,
        "quart_1": 0.0017519807050980774,
        "quart_3": 0.006513834065571933,
        "min": 3.7962476606701046e-08,
        "max": 0.9749745732246508,
        "stdv": 0.1172997638542113
    },
    "imp_gain": {
        "avg": 12.606704866815933,
        "med": 2.407818973816285,
        "quart_1": 0.050543449860227296,
        "quart_3": 15.127091248385927,
        "min": 2.220446049250313e-16,
        "max": 377.5159818976584,
        "stdv": 23.307412226791175
    },
    "imp_loss": {
        "avg": 0.3674749188395306,
        "med": 0.05724994836322583,
        "quart_1": 0.0,
        "quart_3": 0.9048167964410824,
        "min": 0.0,
        "max": 0.997358103626202,
        "stdv": 0.4281814771083323
    },
    "price_imp": {
        "avg": 0.022004352348893603,
        "med": 0.006574822193703286,
        "quart_1": 0.003685187165250172,
        "quart_3": 0.009684087084449566,
        "min": 1.0391160998340104e-06,
        "max": 3.6054954257222156,
        "stdv": 0.08810818500260949
    },
    "proc_cap_eff": {
        "avg": 0.027963328124878152,
        "med": 0.003741282495869358,
        "quart_1": 0.0017510325689238382,
        "quart_3": 0.0065062420829689604,
        "min": 3.7962476606701046e-08,
        "max": 0.9577407110600357,
        "stdv": 0.11545185286842263
    },
    "proc_imp_gain": {
        "avg": 12.479568104877004,
        "med": 2.383703557099173,
        "quart_1": 0.05052321150243411,
        "quart_3": 15.10199514188789,
        "min": 2.220446049250313e-16,
        "max": 216.7650279647126,
        "stdv": 22.577166672920153
    },
    "proc_imp_loss": {
        "avg": 0.3671606204072693,
        "med": 0.05715366728572968,
        "quart_1": 0.0,
        "quart_3": 0.9046179821550687,
        "min": 0.0,
        "max": 0.9951881490994182,
        "stdv": 0.42805777680768026
    },
    "proc_price_imp": {
        "avg": 0.021045259993425894,
        "med": 0.0065727836451863675,
        "quart_1": 0.003683879749192281,
        "quart_3": 0.00967857055150231,
        "min": 1.0391160998340104e-06,
        "max": 1.436448071925089,
        "stdv": 0.07592044814789588
    }
}