{
    "cap_eff": {
        "avg": 0.12268765861782827,
        "med": 0.0005995800317437627,
        "quart_1": 0.00028574291370242477,
        "quart_3": 0.0011186024706812958,
        "min": 1.2671408811115725e-08,
        "max": 3802.0549321081216,
        "stdv": 15.402606113888101
    },
    "imp_gain": {},
    "imp_loss": {
        "avg": 0.558007803218841,
        "med": 0.5506122545194623,
        "quart_1": 0.498512558412765,
        "quart_3": 0.6217313787665547,
        "min": 0.0,
        "max": 0.8532185275179223,
        "stdv": 0.11101965205809244
    },
    "price_imp": {
        "avg": 0.27439602799182733,
        "med": 0.0008315143985380291,
        "quart_1": 0.0004727135641074672,
        "quart_3": 0.0012264763335494797,
        "min": 8.021549339233091e-08,
        "max": 1607.5383158159893,
        "stdv": 13.917735139841712
    },
    "proc_cap_eff": {
        "avg": 0.014233896929582305,
        "med": 0.0005992138307848727,
        "quart_1": 0.00028570559046925403,
        "quart_3": 0.0011175043178937027,
        "min": 1.2671408811115725e-08,
        "max": 2.692984246112401,
        "stdv": 0.09073822464946817
    },
    "proc_imp_gain": {},
    "proc_imp_loss": {
        "avg": 0.5582833957903524,
        "med": 0.5506632292363884,
        "quart_1": 0.49856314792757517,
        "quart_3": 0.6217805243975094,
        "min": 0.007565901766079186,
        "max": 0.8532185275179223,
        "stdv": 0.11035774279629558
    },
    "proc_price_imp": {
        "avg": 0.03823715964419396,
        "med": 0.0008311816091952473,
        "quart_1": 0.00047251224617723205,
        "quart_3": 0.0012257040761527122,
        "min": 8.021549339233091e-08,
        "max": 76.80811410830142,
        "stdv": 1.1817187458994882
    }
}