{
    "cap_eff": {
        "avg": 0.3197667143245131,
        "med": 0.00016116430755230837,
        "quart_1": 7.623520785737803e-05,
        "quart_3": 0.000333373721004282,
        "min": 1.0466196576075504e-08,
        "max": 17936.347282284638,
        "stdv": 67.49386625126029
    },
    "imp_gain": {},
    "imp_loss": {
        "avg": 0.6450768214354138,
        "med": 0.5457068394000492,
        "quart_1": 0.4868130164080441,
        "quart_3": 0.844043310763732,
        "min": 0.0,
        "max": 0.9854555873204518,
        "stdv": 0.19981305333312546
    },
    "price_imp": {
        "avg": 0.8627906213509315,
        "med": 0.00023922415743760656,
        "quart_1": 0.00013999978471575402,
        "quart_3": 0.0003889455109710544,
        "min": 3.48601606331894e-08,
        "max": 7719.715148836388,
        "stdv": 59.675267001505034
    },
    "proc_cap_eff": {
        "avg": 0.015668516863138957,
        "med": 0.000161084030900982,
        "quart_1": 7.620441693378943e-05,
        "quart_3": 0.0003329944699982379,
        "min": 1.0466196576075504e-08,
        "max": 0.9828733901409834,
        "stdv": 0.09817873673725248
    },
    "proc_imp_gain": {},
    "proc_imp_loss": {
        "avg": 0.6453957491870859,
        "med": 0.5457972944494972,
        "quart_1": 0.4869914046765613,
        "quart_3": 0.8441519486585305,
        "min": 0.0075839096888487,
        "max": 0.9854555873204518,
        "stdv": 0.19935063766508823
    },
    "proc_price_imp": {
        "avg": 0.02585889296224396,
        "med": 0.00023909296251455622,
        "quart_1": 0.00013997615863880222,
        "quart_3": 0.0003885972760959235,
        "min": 3.48601606331894e-08,
        "max": 152.60266584887145,
        "stdv": 1.5116315166107612
    }
}