{
    "cap_eff": {
        "avg": 0.0897737910641865,
        "med": 0.001210438062153374,
        "quart_1": 0.0005815262208401784,
        "quart_3": 0.002272964825170032,
        "min": 1.1391269949534433e-07,
        "max": 2040.3614949085884,
        "stdv": 8.653280897619435
    },
    "imp_gain": {},
    "imp_loss": {
        "avg": 0.5845548248098283,
        "med": 0.6050101593421652,
        "quart_1": 0.5483115032021423,
        "quart_3": 0.6381956736640177,
        "min": 0.0,
        "max": 0.8309840115354956,
        "stdv": 0.09853406798626664
    },
    "price_imp": {
        "avg": 0.20352508785314835,
        "med": 0.0013608166315234695,
        "quart_1": 0.0007724944077304415,
        "quart_3": 0.0020353130728558884,
        "min": 3.784720478177663e-07,
        "max": 843.9217635351758,
        "stdv": 7.975959050962702
    },
    "proc_cap_eff": {
        "avg": 0.015753830693514756,
        "med": 0.0012095643529214106,
        "quart_1": 0.0005812123961703719,
        "quart_3": 0.0022705131061599992,
        "min": 1.1391269949534433e-07,
        "max": 5.877518337243704,
        "stdv": 0.11338451396018105
    },
    "proc_imp_gain": {},
    "proc_imp_loss": {
        "avg": 0.5848436357217368,
        "med": 0.6050580065018965,
        "quart_1": 0.5484259790549804,
        "quart_3": 0.6382163354045125,
        "min": 0.007543778617941865,
        "max": 0.8309840115354956,
        "stdv": 0.09770431267659904
    },
    "proc_price_imp": {
        "avg": 0.059076476674533876,
        "med": 0.0013603702369282581,
        "quart_1": 0.0007721256939733285,
        "quart_3": 0.00203422827170478,
        "min": 3.784720478177663e-07,
        "max": 95.58910487476591,
        "stdv": 1.3812598762179975
    }
}