{
    "cap_eff": {
        "avg": 0.40169462438321674,
        "med": 0.00020007621172069,
        "quart_1": 0.00012617255833158314,
        "quart_3": 0.00032523042062587715,
        "min": 2.3921599701104412e-08,
        "max": 13069.574859546074,
        "stdv": 55.177425869425896
    },
    "imp_gain": {
        "avg": 5.799128799626396,
        "med": 1.2045189036591735,
        "quart_1": 0.00031539716484796365,
        "quart_3": 4.6452293800947215,
        "min": 6.661338147750939e-16,
        "max": 297.5522082965213,
        "stdv": 14.154956465239625
    },
    "imp_loss": {
        "avg": 0.37492806926027394,
        "med": 0.0013315688636317269,
        "quart_1": 0.0,
        "quart_3": 0.962452038977936,
        "min": 0.0,
        "max": 0.9995821525099058,
        "stdv": 0.4645082407627364
    },
    "price_imp": {
        "avg": 8.83451808719195,
        "med": 0.0003595498453037749,
        "quart_1": 0.00024108522013291167,
        "quart_3": 0.0005079353816005365,
        "min": 8.05373923360029e-08,
        "max": 32853.5780719422,
        "stdv": 314.8358974100518
    },
    "proc_cap_eff": {
        "avg": 0.042161508347525814,
        "med": 0.000200005037058415,
        "quart_1": 0.00012615103023838614,
        "quart_3": 0.00032494938588667477,
        "min": 2.3921599701104412e-08,
        "max": 25.19903983963645,
        "stdv": 0.5123723869635715
    },
    "proc_imp_gain": {
        "avg": 5.696776527339846,
        "med": 1.1992082279177771,
        "quart_1": 0.00031333685219503415,
        "quart_3": 4.637362590912496,
        "min": 6.661338147750939e-16,
        "max": 165.00689341006412,
        "stdv": 13.35766805894661
    },
    "proc_imp_loss": {
        "avg": 0.3746158875016977,
        "med": 0.0013173495575339311,
        "quart_1": 0.0,
        "quart_3": 0.9624162856238828,
        "min": 0.0,
        "max": 0.9989774912464103,
        "stdv": 0.46441452997047705
    },
    "proc_price_imp": {
        "avg": 3.1302388592847263,
        "med": 0.0003594411753479591,
        "quart_1": 0.00024099815132040754,
        "quart_3": 0.0005077290723812903,
        "min": 8.05373923360029e-08,
        "max": 3162.7599503267484,
        "stdv": 63.487749448258626
    }
}