{
    "cap_eff": {
        "avg": 0.027715464543975218,
        "med": 0.006340407473471199,
        "quart_1": 0.0022098326488344533,
        "quart_3": 0.014318757648914548,
        "min": 1.5508261053120975e-07,
        "max": 0.9421708557963604,
        "stdv": 0.11049247029330132
    },
    "imp_gain": {},
    "imp_loss": {
        "avg": 0.7586284938093301,
        "med": 0.8030674014425817,
        "quart_1": 0.7335754261656788,
        "quart_3": 0.8639984636835099,
        "min": 0.0,
        "max": 0.9410180671975883,
        "stdv": 0.1641062167375
    },
    "price_imp": {
        "avg": 0.01351122647523543,
        "med": 0.010379723985608063,
        "quart_1": 0.004598728356521658,
        "quart_3": 0.018225668452318804,
        "min": 1.4835457056844434e-06,
        "max": 0.1924660380751372,
        "stdv": 0.012881566354175629
    },
    "proc_cap_eff": {
        "avg": 0.027264312916818113,
        "med": 0.006335326973374911,
        "quart_1": 0.0022083420448987257,
        "quart_3": 0.014295072467650383,
        "min": 1.5508261053120975e-07,
        "max": 0.9358023353265819,
        "stdv": 0.10864495603217705
    },
    "proc_imp_gain": {},
    "proc_imp_loss": {
        "avg": 0.7590040054195927,
        "med": 0.8031394681189977,
        "quart_1": 0.7337233784828523,
        "quart_3": 0.8640581759314137,
        "min": 0.008546091278435863,
        "max": 0.9410180671975883,
        "stdv": 0.1632826336199545
    },
    "proc_price_imp": {
        "avg": 0.013448611599015215,
        "med": 0.010374273067944029,
        "quart_1": 0.004597039720025202,
        "quart_3": 0.018205428928926966,
        "min": 1.4835457056844434e-06,
        "max": 0.12243194933438212,
        "stdv": 0.01256823634263951
    }
}