{
    "cap_eff": {
        "avg": 0.019256920512358437,
        "med": 0.0011519919476867813,
        "quart_1": 0.0005606998972048638,
        "quart_3": 0.002175287429008188,
        "min": 1.5876285486271513e-07,
        "max": 43.40061311081574,
        "stdv": 0.3382266825753355
    },
    "imp_gain": {},
    "imp_loss": {
        "avg": 0.5807481060654553,
        "med": 0.5837535941222358,
        "quart_1": 0.5589706325053256,
        "quart_3": 0.6304649699778444,
        "min": 0.0,
        "max": 0.8101597775887935,
        "stdv": 0.10338433578798953
    },
    "price_imp": {
        "avg": 0.02947335664336376,
        "med": 0.0012965232324576947,
        "quart_1": 0.0007269970056953902,
        "quart_3": 0.0019463171736515943,
        "min": 4.26958789528383e-07,
        "max": 90.07362167730832,
        "stdv": 0.9214672513154524
    },
    "proc_cap_eff": {
        "avg": 0.01511182836841789,
        "med": 0.0011511855442806196,
        "quart_1": 0.0005605445455084679,
        "quart_3": 0.0021732856737348705,
        "min": 1.5876285486271513e-07,
        "max": 1.0549949231844251,
        "stdv": 0.08825483766811112
    },
    "proc_imp_gain": {},
    "proc_imp_loss": {
        "avg": 0.5810354088802956,
        "med": 0.5837777630129443,
        "quart_1": 0.5590245656409658,
        "quart_3": 0.6305109975753143,
        "min": 0.006799842312413595,
        "max": 0.8101597775887935,
        "stdv": 0.1026047002876806
    },
    "proc_price_imp": {
        "avg": 0.011498587476043752,
        "med": 0.001295791819276817,
        "quart_1": 0.0007267069288000032,
        "quart_3": 0.0019450009132340371,
        "min": 4.26958789528383e-07,
        "max": 18.708512593825724,
        "stdv": 0.2655214185979655
    }
}