{
    "cap_eff": {
        "avg": 0.023972421918330343,
        "med": 0.0001640608175531577,
        "quart_1": 7.707166327963755e-05,
        "quart_3": 0.00033568798346395035,
        "min": 4.884497473156557e-09,
        "max": 454.59749018707265,
        "stdv": 1.7036623226220386
    },
    "imp_gain": {},
    "imp_loss": {
        "avg": 0.6567338337270531,
        "med": 0.588966869086719,
        "quart_1": 0.5054093615408609,
        "quart_3": 0.8621449072694733,
        "min": 0.0,
        "max": 0.977525816564319,
        "stdv": 0.19510040395450956
    },
    "price_imp": {
        "avg": 0.01655465342156314,
        "med": 0.00024144016728113872,
        "quart_1": 0.00014074752557218916,
        "quart_3": 0.0003917046271700166,
        "min": 2.0652556611200704e-08,
        "max": 328.26494963323955,
        "stdv": 1.9848305839349671
    },
    "proc_cap_eff": {
        "avg": 0.017026920179279252,
        "med": 0.00016391815242566832,
        "quart_1": 7.704839779176798e-05,
        "quart_3": 0.00033513804558471527,
        "min": 4.884497473156557e-09,
        "max": 0.946593219880953,
        "stdv": 0.10015168518956459
    },
    "proc_imp_gain": {},
    "proc_imp_loss": {
        "avg": 0.6570589438811345,
        "med": 0.5897335403863788,
        "quart_1": 0.5054478677452197,
        "quart_3": 0.8621752842760565,
        "min": 0.0068788839171356475,
        "max": 0.977525816564319,
        "stdv": 0.1946038479632214
    },
    "proc_price_imp": {
        "avg": 0.0005577495403886527,
        "med": 0.0002413303020820169,
        "quart_1": 0.00014069362188513326,
        "quart_3": 0.00039137380322862975,
        "min": 2.0652556611200704e-08,
        "max": 0.07823646461179097,
        "stdv": 0.0024759305161472676
    }
}