{
    "cap_eff": {
        "avg": 0.01742880763955525,
        "med": 0.0006060189308934039,
        "quart_1": 0.00028686941020272805,
        "quart_3": 0.0011290488737207838,
        "min": 6.386503748068151e-08,
        "max": 54.35163566974556,
        "stdv": 0.29597329423689034
    },
    "imp_gain": {},
    "imp_loss": {
        "avg": 0.5566373103410746,
        "med": 0.5534506080849831,
        "quart_1": 0.5301199928660775,
        "quart_3": 0.6063627299167338,
        "min": 0.0,
        "max": 0.7655066634699668,
        "stdv": 0.09303045186279922
    },
    "price_imp": {
        "avg": 0.02454133749526218,
        "med": 0.000825599387256283,
        "quart_1": 0.0004686463936715629,
        "quart_3": 0.0012198115708917726,
        "min": 1.30577337221013e-07,
        "max": 157.7044258291896,
        "stdv": 1.121823531143622
    },
    "proc_cap_eff": {
        "avg": 0.01495941273288504,
        "med": 0.0006057046382877407,
        "quart_1": 0.0002867587763542012,
        "quart_3": 0.001128183104980529,
        "min": 6.386503748068151e-08,
        "max": 0.8562359591291775,
        "stdv": 0.08626280391800281
    },
    "proc_imp_gain": {},
    "proc_imp_loss": {
        "avg": 0.5569126087762007,
        "med": 0.5534889117921719,
        "quart_1": 0.5301505327173133,
        "quart_3": 0.6063957714751422,
        "min": 0.006820640070507866,
        "max": 0.7655066634699668,
        "stdv": 0.09223140197988206
    },
    "proc_price_imp": {
        "avg": 0.0040385965608927205,
        "med": 0.0008253044531428838,
        "quart_1": 0.0004684618632271111,
        "quart_3": 0.0012190801226215086,
        "min": 1.30577337221013e-07,
        "max": 11.869077867258797,
        "stdv": 0.1318199267223594
    }
}