{
    "cap_eff": {
        "avg": 0.038645348231518745,
        "med": 0.0029017289425773973,
        "quart_1": 0.0018366805243402728,
        "quart_3": 0.00468447753726442,
        "min": 6.648794246277845e-07,
        "max": 59.202036991273935,
        "stdv": 0.38504553731381275
    },
    "imp_gain": {
        "avg": 5.033726832597116,
        "med": 0.6034263932071431,
        "quart_1": 0.00030402368459658824,
        "quart_3": 6.00273646197946,
        "min": 2.220446049250313e-16,
        "max": 163.5924336192713,
        "stdv": 10.842108406257253
    },
    "imp_loss": {
        "avg": 0.3186222199009769,
        "med": 0.0013790591398098462,
        "quart_1": 0.0,
        "quart_3": 0.7962447923292195,
        "min": 0.0,
        "max": 0.9801535402162397,
        "stdv": 0.396342954200885
    },
    "price_imp": {
        "avg": 0.11884621801186188,
        "med": 0.005221383313948628,
        "quart_1": 0.0034810996195012303,
        "quart_3": 0.007296141215462515,
        "min": 6.783905609881776e-07,
        "max": 266.1399170311858,
        "stdv": 2.8027382958984797
    },
    "proc_cap_eff": {
        "avg": 0.03257669184705489,
        "med": 0.0029002339497105067,
        "quart_1": 0.0018362880504344536,
        "quart_3": 0.004679215460924313,
        "min": 6.648794246277845e-07,
        "max": 6.252954109202962,
        "stdv": 0.17563749744292592
    },
    "proc_imp_gain": {
        "avg": 4.966935633566795,
        "med": 0.6012254424509691,
        "quart_1": 0.00030317141200297826,
        "quart_3": 5.983045724558902,
        "min": 2.220446049250313e-16,
        "max": 121.52275368008853,
        "stdv": 10.421129426024507
    },
    "proc_imp_loss": {
        "avg": 0.31829955878814786,
        "med": 0.0013639355652941276,
        "quart_1": 0.0,
        "quart_3": 0.7961189500215915,
        "min": 0.0,
        "max": 0.9545154610251316,
        "stdv": 0.3961791452597905
    },
    "proc_price_imp": {
        "avg": 0.0672395847293459,
        "med": 0.005219736058503141,
        "quart_1": 0.0034798575814461792,
        "quart_3": 0.0072913753281095795,
        "min": 6.783905609881776e-07,
        "max": 47.43681933491291,
        "stdv": 1.0398895657776381
    }
}