{
    "cap_eff": {
        "avg": 0.03188153694946903,
        "med": 0.0009686893632103732,
        "quart_1": 0.0006121029667107702,
        "quart_3": 0.0015634588885343748,
        "min": 4.74802197558688e-10,
        "max": 129.66687934264817,
        "stdv": 0.5923765100777418
    },
    "imp_gain": {
        "avg": 4.876271912561643,
        "med": 0.6928461827116537,
        "quart_1": 0.00030331333838251595,
        "quart_3": 5.500683163785451,
        "min": 2.220446049250313e-16,
        "max": 166.62364575995736,
        "stdv": 11.438983124769816
    },
    "imp_loss": {
        "avg": 0.34909540112405923,
        "med": 0.0013954964700474415,
        "quart_1": 0.0,
        "quart_3": 0.8743238997303184,
        "min": 0.0,
        "max": 0.9933427256883459,
        "stdv": 0.43061418618895864
    },
    "price_imp": {
        "avg": 0.20069984133472996,
        "med": 0.0017509187318863534,
        "quart_1": 0.0011655731493332433,
        "quart_3": 0.0024544888047891684,
        "min": 2.2627739230742217e-07,
        "max": 729.921483106085,
        "stdv": 6.054740858987065
    },
    "proc_cap_eff": {
        "avg": 0.02494673275160406,
        "med": 0.0009682452426446608,
        "quart_1": 0.0006117937805238949,
        "quart_3": 0.0015609583289146745,
        "min": 4.74802197558688e-10,
        "max": 5.04497576815405,
        "stdv": 0.14583057076267952
    },
    "proc_imp_gain": {
        "avg": 4.806688217601481,
        "med": 0.6851074356067326,
        "quart_1": 0.00030304082124632536,
        "quart_3": 5.49668215857573,
        "min": 2.220446049250313e-16,
        "max": 129.0452101880167,
        "stdv": 11.00729226550123
    },
    "proc_imp_loss": {
        "avg": 0.3487762538307395,
        "med": 0.001384102675987653,
        "quart_1": 0.0,
        "quart_3": 0.8742749499198648,
        "min": 0.0,
        "max": 0.9837849932900067,
        "stdv": 0.4304851323205311
    },
    "proc_price_imp": {
        "avg": 0.08959877633309282,
        "med": 0.001750531119380938,
        "quart_1": 0.0011651899874324913,
        "quart_3": 0.0024527992648994685,
        "min": 2.2627739230742217e-07,
        "max": 98.73496878753932,
        "stdv": 1.9254519186803774
    }
}