{
    "cap_eff": {
        "avg": 0.0038958171752588294,
        "med": 0.0028893343044455455,
        "quart_1": 0.0013941385884792545,
        "quart_3": 0.0054117985016521875,
        "min": 3.124734777593119e-07,
        "max": 0.0412610070124837,
        "stdv": 0.0034752036200795576
    },
    "imp_gain": {
        "avg": 0.2868613315244446,
        "med": 0.2756782573357377,
        "quart_1": 0.13945350200723672,
        "quart_3": 0.4235300352904643,
        "min": 2.220446049250313e-16,
        "max": 0.8002856647238941,
        "stdv": 0.17172717785877334
    },
    "imp_loss": {
        "avg": 0.22610082162050513,
        "med": 0.2430524231004073,
        "quart_1": 0.11853520191802747,
        "quart_3": 0.33096506136011306,
        "min": 0.0,
        "max": 0.46480105528501725,
        "stdv": 0.1232750029833766
    },
    "price_imp": {
        "avg": 0.00422418733448555,
        "med": 0.0029133955703732777,
        "quart_1": 0.0019145286632258943,
        "quart_3": 0.004461759855805377,
        "min": 7.205668887941245e-07,
        "max": 0.050157389340150245,
        "stdv": 0.004139123471128317
    },
    "proc_cap_eff": {
        "avg": 0.0038839044397676005,
        "med": 0.002887509571401603,
        "quart_1": 0.0013936508955595395,
        "quart_3": 0.00540575399758636,
        "min": 3.124734777593119e-07,
        "max": 0.02464340586316105,
        "stdv": 0.0034339436359535937
    },
    "proc_imp_gain": {
        "avg": 0.2866161086381555,
        "med": 0.2753991554809494,
        "quart_1": 0.1394156823780217,
        "quart_3": 0.4234085358328994,
        "min": 2.220446049250313e-16,
        "max": 0.7716452867085088,
        "stdv": 0.17141830559614873
    },
    "proc_imp_loss": {
        "avg": 0.2262135287914603,
        "med": 0.24319193701998,
        "quart_1": 0.1186585592789835,
        "quart_3": 0.33098155584961697,
        "min": 0.00016674354353718446,
        "max": 0.46480105528501725,
        "stdv": 0.12320232054983989
    },
    "proc_price_imp": {
        "avg": 0.004209429746686228,
        "med": 0.0029124189443143758,
        "quart_1": 0.0019139307088891122,
        "quart_3": 0.004456316107173702,
        "min": 7.205668887941245e-07,
        "max": 0.029415697733368495,
        "stdv": 0.00408580219123391
    }
}