{
    "cap_eff": {
        "avg": 0.00012267247152274164,
        "med": 8.400848995965271e-05,
        "quart_1": 4.370280591969866e-05,
        "quart_3": 0.000143103417637791,
        "min": 2.085824846176365e-09,
        "max": 0.3016365408592827,
        "stdv": 0.0012624471637108082
    },
    "imp_gain": {
        "avg": 0.0010037842865989533,
        "med": 0.0005864675883020531,
        "quart_1": 0.00018532471293708497,
        "quart_3": 0.0014254901755745841,
        "min": 2.9976021664879227e-14,
        "max": 0.01705860710071838,
        "stdv": 0.0011740751258337949
    },
    "imp_loss": {
        "avg": 0.0012124971876307223,
        "med": 0.0008230647085348819,
        "quart_1": 0.00031473254707481413,
        "quart_3": 0.0016967694673466482,
        "min": 0.0,
        "max": 0.016231676326493916,
        "stdv": 0.0012546937210313105
    },
    "price_imp": {
        "avg": 0.0001575016150660272,
        "med": 0.00013371420097666413,
        "quart_1": 7.923715512565897e-05,
        "quart_3": 0.00020771626091212544,
        "min": 0.0,
        "max": 0.023109243697479052,
        "stdv": 0.00013394350451972052
    },
    "proc_cap_eff": {
        "avg": 0.0001141266165634626,
        "med": 8.396422625406297e-05,
        "quart_1": 4.368822863393129e-05,
        "quart_3": 0.00014295743072623157,
        "min": 2.085824846176365e-09,
        "max": 0.0027402257236123218,
        "stdv": 0.0001278212728234259
    },
    "proc_imp_gain": {
        "avg": 0.00099863240189391,
        "med": 0.0005858123160287221,
        "quart_1": 0.00018524388846574702,
        "quart_3": 0.0014236239429277209,
        "min": 2.9976021664879227e-14,
        "max": 0.009721729177032845,
        "stdv": 0.0011509745377910946
    },
    "proc_imp_loss": {
        "avg": 0.0012075630884659468,
        "med": 0.0008225917098725333,
        "quart_1": 0.00031457395913070396,
        "quart_3": 0.0016949466366164012,
        "min": 0.0,
        "max": 0.00987782226619871,
        "stdv": 0.0012351240933247485
    },
    "proc_price_imp": {
        "avg": 0.00015682635606145204,
        "med": 0.00013365004434249362,
        "quart_1": 7.920311488137158e-05,
        "quart_3": 0.00020761361446081488,
        "min": 0.0,
        "max": 0.0009296230135097475,
        "stdv": 0.00011072727453000263
    }
}