{
    "cap_eff": {
        "avg": 0.0002888583615474518,
        "med": 0.00024510985901193827,
        "quart_1": 0.0001484024254635452,
        "quart_3": 0.0003756152723608519,
        "min": 1.7274610963902148e-08,
        "max": 0.0025923937315832646,
        "stdv": 0.00020946751907183146
    },
    "imp_gain": {
        "avg": 0.0022309416667638,
        "med": 0.0011959962282968029,
        "quart_1": 0.0004719357707108074,
        "quart_3": 0.003088983459132777,
        "min": 2.220446049250313e-16,
        "max": 0.04526830348177091,
        "stdv": 0.0026515049089999593
    },
    "imp_loss": {
        "avg": 0.0014404757003280877,
        "med": 0.0005939966842238853,
        "quart_1": 0.0,
        "quart_3": 0.002159848524019403,
        "min": 0.0,
        "max": 0.028068921508243805,
        "stdv": 0.0020111717875524494
    },
    "price_imp": {
        "avg": 0.00046434430762536165,
        "med": 0.00041977360118805357,
        "quart_1": 0.0002733143591343528,
        "quart_3": 0.0006048145226792947,
        "min": 1.2220852768410779e-07,
        "max": 0.003278145571561643,
        "stdv": 0.00027036175631035413
    },
    "proc_cap_eff": {
        "avg": 0.00028801761885706195,
        "med": 0.0002450076703359172,
        "quart_1": 0.000148346302268898,
        "quart_3": 0.00037538359114475117,
        "min": 1.7274610963902148e-08,
        "max": 0.0018026801623207689,
        "stdv": 0.0002060145176905032
    },
    "proc_imp_gain": {
        "avg": 0.0022201180527165977,
        "med": 0.00119489160836328,
        "quart_1": 0.00047165877782817667,
        "quart_3": 0.003084989071143518,
        "min": 2.220446049250313e-16,
        "max": 0.020691312947359375,
        "stdv": 0.002606640225922034
    },
    "proc_imp_loss": {
        "avg": 0.0014321437579805168,
        "med": 0.0005931034446332584,
        "quart_1": 0.0,
        "quart_3": 0.0021560638767763596,
        "min": 0.0,
        "max": 0.01570937970168318,
        "stdv": 0.001976259215190403
    },
    "proc_price_imp": {
        "avg": 0.00046344983381815,
        "med": 0.0004196397052457396,
        "quart_1": 0.0002732102514254245,
        "quart_3": 0.0006045383931562474,
        "min": 1.2220852768410779e-07,
        "max": 0.002024021848849168,
        "stdv": 0.00026733432209499454
    }
}