{
    "cap_eff": {
        "avg": 0.004300777728545099,
        "med": 0.003654552052136273,
        "quart_1": 0.002219775849609862,
        "quart_3": 0.00559485119657499,
        "min": 4.4598577120247285e-07,
        "max": 0.038174864877289716,
        "stdv": 0.003104177822779799
    },
    "imp_gain": {
        "avg": 0.0022344052873321356,
        "med": 0.0012021767600707278,
        "quart_1": 0.00047354020603118663,
        "quart_3": 0.0030944755298385473,
        "min": 6.661338147750939e-16,
        "max": 0.04520726286368104,
        "stdv": 0.002651552223788352
    },
    "imp_loss": {
        "avg": 0.0014267872589470588,
        "med": 0.0005692979686479083,
        "quart_1": 0.0,
        "quart_3": 0.00215013038522871,
        "min": 0.0,
        "max": 0.02760491460342196,
        "stdv": 0.0019985627879437235
    },
    "price_imp": {
        "avg": 0.006900233713443954,
        "med": 0.006248957093094131,
        "quart_1": 0.004072278042514969,
        "quart_3": 0.008986934539768685,
        "min": 1.8505403456431022e-06,
        "max": 0.04790254468073235,
        "stdv": 0.003998108749353079
    },
    "proc_cap_eff": {
        "avg": 0.004288425336213779,
        "med": 0.0036531605095440067,
        "quart_1": 0.0022191312014778197,
        "quart_3": 0.005591227682277489,
        "min": 4.4598577120247285e-07,
        "max": 0.0265427707770014,
        "stdv": 0.003053910344511666
    },
    "proc_imp_gain": {
        "avg": 0.0022235254268612647,
        "med": 0.001201402379397365,
        "quart_1": 0.0004730366844098999,
        "quart_3": 0.00309039365671826,
        "min": 6.661338147750939e-16,
        "max": 0.020726001199353083,
        "stdv": 0.0026062520975531954
    },
    "proc_imp_loss": {
        "avg": 0.0014185714205493302,
        "med": 0.0005688520764082217,
        "quart_1": 0.0,
        "quart_3": 0.0021475724733547308,
        "min": 0.0,
        "max": 0.015512380897985456,
        "stdv": 0.001964445607057525
    },
    "proc_price_imp": {
        "avg": 0.006887067113783346,
        "med": 0.006246978963508446,
        "quart_1": 0.004070936297271856,
        "quart_3": 0.008982917159413174,
        "min": 1.8505403456431022e-06,
        "max": 0.0299418316136811,
        "stdv": 0.003953795600876674
    }
}