{
    "cap_eff": {
        "avg": 0.027542459111278218,
        "med": 0.0036432679656489553,
        "quart_1": 0.0017325164242902868,
        "quart_3": 0.006312817595248488,
        "min": 1.0993782628698767e-07,
        "max": 0.9742099088433067,
        "stdv": 0.11680516785027101
    },
    "imp_gain": {
        "avg": 9.049492745728081,
        "med": 2.148655855230347,
        "quart_1": 0.03262681918181287,
        "quart_3": 12.322077513973431,
        "min": 1.2643651770005704e-07,
        "max": 171.6963535352254,
        "stdv": 14.838656302028932
    },
    "imp_loss": {
        "avg": 0.3582494775866999,
        "med": 0.04284916412015205,
        "quart_1": 0.0,
        "quart_3": 0.8857460822355777,
        "min": 0.0,
        "max": 0.9942094897805933,
        "stdv": 0.4249499605505157
    },
    "price_imp": {
        "avg": 0.016609065451319505,
        "med": 0.006418293230546553,
        "quart_1": 0.0035928828461146917,
        "quart_3": 0.009422763052043922,
        "min": 2.20176277443695e-07,
        "max": 1.4420097657537865,
        "stdv": 0.05355460558964169
    },
    "proc_cap_eff": {
        "avg": 0.02707691063726824,
        "med": 0.003641269350134535,
        "quart_1": 0.0017310316588407537,
        "quart_3": 0.006305820617974689,
        "min": 1.0993782628698767e-07,
        "max": 0.9635071378256443,
        "stdv": 0.11494498343670412
    },
    "proc_imp_gain": {
        "avg": 8.98725444496538,
        "med": 2.1418812964825205,
        "quart_1": 0.03260324848886231,
        "quart_3": 12.308562479170881,
        "min": 1.2643651770005704e-07,
        "max": 118.60300826428988,
        "stdv": 14.57565271007511
    },
    "proc_imp_loss": {
        "avg": 0.35793247728335986,
        "med": 0.042768107467392014,
        "quart_1": 0.0,
        "quart_3": 0.8854079690808778,
        "min": 0.0,
        "max": 0.9912601746330945,
        "stdv": 0.42481959941668346
    },
    "proc_price_imp": {
        "avg": 0.016150782783560278,
        "med": 0.0064174339748123334,
        "quart_1": 0.003591733899076043,
        "quart_3": 0.00941862594112898,
        "min": 2.20176277443695e-07,
        "max": 0.7854699543227611,
        "stdv": 0.04932735357368695
    }
}