{
    "cap_eff": {
        "avg": 5.579688872422114e-15,
        "med": 8.881784197001252e-16,
        "quart_1": 3.3306690738754696e-16,
        "quart_3": 1.9984014443252818e-15,
        "min": 0.0,
        "max": 1.5803802710934178e-11,
        "stdv": 1.1720940932162706e-13
    },
    "imp_gain": {
        "avg": 0.0017817866599858512,
        "med": 0.0017817866599858512,
        "quart_1": 0.0017817866599858512,
        "quart_3": 0.0017817866599858512,
        "min": 0.0017817866599858512,
        "max": 0.0017817866599858512,
        "stdv": 0.0
    },
    "imp_loss": {
        "avg": 0.9542073898023706,
        "med": 0.9951089532615245,
        "quart_1": 0.9791172632681192,
        "quart_3": 0.9997624328799621,
        "min": 0.0,
        "max": 0.9999999789017249,
        "stdv": 0.14912751743278013
    },
    "price_imp": {
        "avg": 5.575267677016476e-15,
        "med": 8.723288749051161e-16,
        "quart_1": 3.4617711883826245e-16,
        "quart_3": 2.027936680866858e-15,
        "min": 0.0,
        "max": 1.580385295115141e-11,
        "stdv": 1.1720995787630743e-13
    },
    "proc_cap_eff": {
        "avg": 3.960785841719504e-15,
        "med": 8.881784197001252e-16,
        "quart_1": 3.3306690738754696e-16,
        "quart_3": 1.9984014443252818e-15,
        "min": 0.0,
        "max": 6.3815619455454e-13,
        "stdv": 1.8912330465456108e-14
    },
    "proc_imp_gain": {
        "avg": 0.0017817866599858512,
        "med": 0.0017817866599858512,
        "quart_1": 0.0017817866599858512,
        "quart_3": 0.0017817866599858512,
        "min": 0.0017817866599858512,
        "max": 0.0017817866599858512,
        "stdv": 0.0
    },
    "proc_imp_loss": {
        "avg": 0.9546796255872582,
        "med": 0.9951195529125386,
        "quart_1": 0.9791491868069986,
        "quart_3": 0.9997624328799621,
        "min": 0.006439522643391538,
        "max": 0.9999999789017249,
        "stdv": 0.14765126933263908
    },
    "proc_price_imp": {
        "avg": 3.95636623382289e-15,
        "med": 8.715439773663392e-16,
        "quart_1": 3.4567818897899967e-16,
        "quart_3": 2.024397059010188e-15,
        "min": 0.0,
        "max": 6.381977657587836e-13,
        "stdv": 1.8913273963672516e-14
    }
}