{
    "cap_eff": {
        "avg": 0.024091442594792515,
        "med": 0.002050399852934537,
        "quart_1": 0.0010250030412122246,
        "quart_3": 0.004138821552225558,
        "min": 1.8894667608293503e-08,
        "max": 41.52887580707044,
        "stdv": 0.2733990845195736
    },
    "imp_gain": {},
    "imp_loss": {
        "avg": 0.708630194145982,
        "med": 0.7248545746957926,
        "quart_1": 0.6713504619120442,
        "quart_3": 0.7689723563127973,
        "min": 0.0,
        "max": 0.9074715460807236,
        "stdv": 0.11816234348176995
    },
    "price_imp": {
        "avg": 0.02217097072533488,
        "med": 0.001529441022186259,
        "quart_1": 0.0008037400193209522,
        "quart_3": 0.0024644888586103425,
        "min": 5.558955578444677e-07,
        "max": 68.10429093104878,
        "stdv": 0.636672376762255
    },
    "proc_cap_eff": {
        "avg": 0.021356681371328578,
        "med": 0.0020490700093689918,
        "quart_1": 0.0010246456025478912,
        "quart_3": 0.004134734000525775,
        "min": 1.8894667608293503e-08,
        "max": 0.9588646419973096,
        "stdv": 0.11390676219588379
    },
    "proc_imp_gain": {},
    "proc_imp_loss": {
        "avg": 0.7089811537950768,
        "med": 0.7248869370432494,
        "quart_1": 0.6717009695415217,
        "quart_3": 0.7690115814980243,
        "min": 0.00677929276876621,
        "max": 0.9074715460807236,
        "stdv": 0.11713968255184114
    },
    "proc_price_imp": {
        "avg": 0.010000682903163978,
        "med": 0.001528543256590819,
        "quart_1": 0.0008035433458404857,
        "quart_3": 0.002462186836964486,
        "min": 5.558955578444677e-07,
        "max": 9.629134098285983,
        "stdv": 0.18120768016907202
    }
}