{
    "cap_eff": {
        "avg": 0.03484483483473492,
        "med": 0.00019385820973449874,
        "quart_1": 0.00012243503471104367,
        "quart_3": 0.00031282684337652356,
        "min": 1.4026561134805604e-08,
        "max": 556.1821444350788,
        "stdv": 2.2538854142424096
    },
    "imp_gain": {
        "avg": 4.415144791126119,
        "med": 0.7713224123103897,
        "quart_1": 0.0002890022090620281,
        "quart_3": 4.105378293132818,
        "min": 2.220446049250313e-16,
        "max": 142.30911081811533,
        "stdv": 10.852000777910645
    },
    "imp_loss": {
        "avg": 0.3748664730832236,
        "med": 0.0015140374918503063,
        "quart_1": 0.0,
        "quart_3": 0.9409829834991654,
        "min": 0.0,
        "max": 0.9988079856369921,
        "stdv": 0.45780247218170766
    },
    "price_imp": {
        "avg": 0.9426679264432832,
        "med": 0.0003511869861436085,
        "quart_1": 0.00023362041002886495,
        "quart_3": 0.0004931443443359006,
        "min": 3.2128960476897525e-08,
        "max": 3563.7917922412034,
        "stdv": 30.951131763212636
    },
    "proc_cap_eff": {
        "avg": 0.020700322208121534,
        "med": 0.00019376837558182647,
        "quart_1": 0.000122387588696371,
        "quart_3": 0.0003125099471667503,
        "min": 1.4026561134805604e-08,
        "max": 5.5792591077659,
        "stdv": 0.1419750039065189
    },
    "proc_imp_gain": {
        "avg": 4.353651645998733,
        "med": 0.7685680925605141,
        "quart_1": 0.0002888704657442176,
        "quart_3": 4.098539711948046,
        "min": 2.220446049250313e-16,
        "max": 118.50411919133565,
        "stdv": 10.499242250000094
    },
    "proc_imp_loss": {
        "avg": 0.3745549995034459,
        "med": 0.001504408403986357,
        "quart_1": 0.0,
        "quart_3": 0.9409048019218345,
        "min": 0.0,
        "max": 0.9967374578524095,
        "stdv": 0.45770501513797435
    },
    "proc_price_imp": {
        "avg": 0.3644491597966456,
        "med": 0.00035107320387262297,
        "quart_1": 0.00023358856943115952,
        "quart_3": 0.0004928406747799798,
        "min": 3.2128960476897525e-08,
        "max": 553.812987916513,
        "stdv": 9.60672200403636
    }
}