{
    "cap_eff": {
        "avg": 1.166016205565074e-13,
        "med": 1.6431300764452317e-14,
        "quart_1": 7.66053886991358e-15,
        "quart_3": 3.064215547965432e-14,
        "min": 0.0,
        "max": 5.448453688217114e-09,
        "stdv": 2.061418996116502e-11
    },
    "imp_gain": {
        "avg": 0.1417072987162762,
        "med": 0.1066083304211336,
        "quart_1": 0.042246770616740426,
        "quart_3": 0.2139312691191655,
        "min": 3.6378931267400105e-06,
        "max": 0.550096680401035,
        "stdv": 0.12077627312893557
    },
    "imp_loss": {
        "avg": 0.10310797085181272,
        "med": 0.054343572844385735,
        "quart_1": 0.0,
        "quart_3": 0.1770666303292634,
        "min": 0.0,
        "max": 0.5770241649547493,
        "stdv": 0.12317695880707324
    },
    "price_imp": {
        "avg": 1.1660133184861705e-13,
        "med": 1.6448726950634253e-14,
        "quart_1": 7.651509024232482e-15,
        "quart_3": 3.0577361800341024e-14,
        "min": 0.0,
        "max": 5.448453768243841e-09,
        "stdv": 2.061419026097138e-11
    },
    "proc_cap_eff": {
        "avg": 3.077900508734319e-14,
        "med": 1.6431300764452317e-14,
        "quart_1": 7.66053886991358e-15,
        "quart_3": 3.0531133177191805e-14,
        "min": 0.0,
        "max": 4.41680025886626e-12,
        "stdv": 1.0465533667677341e-13
    },
    "proc_imp_gain": {
        "avg": 0.14150957095019628,
        "med": 0.10656678361569716,
        "quart_1": 0.04220576809996279,
        "quart_3": 0.21375320143093113,
        "min": 3.6378931267400105e-06,
        "max": 0.5321932958577815,
        "stdv": 0.12048179296269942
    },
    "proc_imp_loss": {
        "avg": 0.10287861964685813,
        "med": 0.0542684645677699,
        "quart_1": 0.0,
        "quart_3": 0.17680586985508584,
        "min": 0.0,
        "max": 0.55626191918729,
        "stdv": 0.12277964641051461
    },
    "proc_price_imp": {
        "avg": 3.0778712164478e-14,
        "med": 1.6438011405398546e-14,
        "quart_1": 7.648655657319801e-15,
        "quart_3": 3.054006032911947e-14,
        "min": 0.0,
        "max": 4.416761100464101e-12,
        "stdv": 1.0465539509744383e-13
    }
}