{
    "cap_eff": {
        "avg": 0.0017850057964972706,
        "med": 0.0014727868499395669,
        "quart_1": 0.0007853387289574743,
        "quart_3": 0.0024118452699144477,
        "min": 3.536799964010129e-09,
        "max": 0.016191590064708494,
        "stdv": 0.0014055998820736583
    },
    "imp_gain": {
        "avg": 0.058719597530322985,
        "med": 0.038653181251664614,
        "quart_1": 0.015487302502814604,
        "quart_3": 0.09939872679929107,
        "min": 2.220446049250313e-16,
        "max": 0.18791600964869404,
        "stdv": 0.05123122746615747
    },
    "imp_loss": {
        "avg": 0.037291334843424825,
        "med": 0.03388944061821275,
        "quart_1": 0.017351170826421014,
        "quart_3": 0.0508712546371578,
        "min": 0.0,
        "max": 0.1485973241175339,
        "stdv": 0.027405409619590152
    },
    "price_imp": {
        "avg": 0.0024972646934068275,
        "med": 0.0022649207752864753,
        "quart_1": 0.0015038210070945754,
        "quart_3": 0.0031493187730462185,
        "min": 4.9190082188836995e-08,
        "max": 0.017170231179635627,
        "stdv": 0.0015198604544935327
    },
    "proc_cap_eff": {
        "avg": 0.0017800564737770188,
        "med": 0.0014722237814741024,
        "quart_1": 0.0007847828453541594,
        "quart_3": 0.002410069340040566,
        "min": 3.536799964010129e-09,
        "max": 0.010511144324430566,
        "stdv": 0.0013881232363186313
    },
    "proc_imp_gain": {
        "avg": 0.058656882193611065,
        "med": 0.0386155725648758,
        "quart_1": 0.015481147975593412,
        "quart_3": 0.09933846083721154,
        "min": 2.220446049250313e-16,
        "max": 0.1832258294368374,
        "stdv": 0.051167084924904786
    },
    "proc_imp_loss": {
        "avg": 0.037237209315269255,
        "med": 0.033865956368909655,
        "quart_1": 0.017338150905456318,
        "quart_3": 0.050837218742470935,
        "min": 0.0,
        "max": 0.14496204628390785,
        "stdv": 0.027304653308766094
    },
    "proc_price_imp": {
        "avg": 0.002491829647027251,
        "med": 0.0022643000051653884,
        "quart_1": 0.00150340905475145,
        "quart_3": 0.0031477483453543178,
        "min": 4.9190082188836995e-08,
        "max": 0.012191656767891756,
        "stdv": 0.0015004425789232525
    }
}