{
    "cap_eff": {
        "avg": 0.00041254476281881017,
        "med": 0.0003372827497822861,
        "quart_1": 0.00017971057916055244,
        "quart_3": 0.000547447726062078,
        "min": 3.398637926643744e-09,
        "max": 0.11136923855457193,
        "stdv": 0.0005242355642397753
    },
    "imp_gain": {
        "avg": 0.0007826456680326068,
        "med": 0.0004652195697574246,
        "quart_1": 0.00013467884746631853,
        "quart_3": 0.0011559116750599063,
        "min": 5.773159728050814e-15,
        "max": 0.00908453412649135,
        "stdv": 0.0008786321826003001
    },
    "imp_loss": {
        "avg": 0.0008355061039824101,
        "med": 0.0005514226473342099,
        "quart_1": 0.00017657485795508077,
        "quart_3": 0.0012196615692709467,
        "min": 0.0,
        "max": 0.010109112916994456,
        "stdv": 0.0008804779353413026
    },
    "price_imp": {
        "avg": 0.0005967548895356474,
        "med": 0.0005514445906865086,
        "quart_1": 0.00035896527966459177,
        "quart_3": 0.0007663795185878355,
        "min": 0.0,
        "max": 0.003996719190997731,
        "stdv": 0.00035513650497635634
    },
    "proc_cap_eff": {
        "avg": 0.00040812927832924666,
        "med": 0.00033710513420948107,
        "quart_1": 0.0001795995372256276,
        "quart_3": 0.0005469688554454177,
        "min": 3.398637926643744e-09,
        "max": 0.002992057986052732,
        "stdv": 0.0003259266350494015
    },
    "proc_imp_gain": {
        "avg": 0.0007795218212170121,
        "med": 0.0004648079251392545,
        "quart_1": 0.00013458676887956322,
        "quart_3": 0.0011546526510297639,
        "min": 5.773159728050814e-15,
        "max": 0.006323350492926316,
        "stdv": 0.0008675274573880496
    },
    "proc_imp_loss": {
        "avg": 0.0008323592796418528,
        "med": 0.0005506534149767317,
        "quart_1": 0.0001764878460172037,
        "quart_3": 0.001218416609933659,
        "min": 0.0,
        "max": 0.0063650613257836275,
        "stdv": 0.0008691653501128555
    },
    "proc_price_imp": {
        "avg": 0.0005955020858171081,
        "med": 0.0005512867001618394,
        "quart_1": 0.00035888267773324586,
        "quart_3": 0.0007659481485982238,
        "min": 0.0,
        "max": 0.00284694188015515,
        "stdv": 0.00035073628686989615
    }
}