{
    "cap_eff": {
        "avg": 0.0008239135197195094,
        "med": 0.0006742057552565628,
        "quart_1": 0.0003594108103615046,
        "quart_3": 0.001095184811576555,
        "min": 5.973938366210518e-08,
        "max": 0.20215567162489767,
        "stdv": 0.0009943359738912613
    },
    "imp_gain": {
        "avg": 0.0007862813661226785,
        "med": 0.0004692231499914268,
        "quart_1": 0.0001363967752021633,
        "quart_3": 0.0011630984958583834,
        "min": 1.9984014443252818e-15,
        "max": 0.009273358098780937,
        "stdv": 0.0008796182699192518
    },
    "imp_loss": {
        "avg": 0.000828500467224205,
        "med": 0.0005409528534541241,
        "quart_1": 0.00017092622037562233,
        "quart_3": 0.0012136485262844166,
        "min": 0.0,
        "max": 0.010093340709953824,
        "stdv": 0.0008801176958164662
    },
    "price_imp": {
        "avg": 0.001192364899400123,
        "med": 0.001101283576479957,
        "quart_1": 0.0007177760269597506,
        "quart_3": 0.0015309410064106904,
        "min": 0.0,
        "max": 0.0080690883115598,
        "stdv": 0.0007099825033041831
    },
    "proc_cap_eff": {
        "avg": 0.0008155725991122811,
        "med": 0.0006738775497806548,
        "quart_1": 0.0003592417450839491,
        "quart_3": 0.0010942851143388443,
        "min": 5.973938366210518e-08,
        "max": 0.005983167131693667,
        "stdv": 0.000651023819525981
    },
    "proc_imp_gain": {
        "avg": 0.0007831747361844388,
        "med": 0.00046888327881311476,
        "quart_1": 0.00013626220809159761,
        "quart_3": 0.001161639085522026,
        "min": 1.9984014443252818e-15,
        "max": 0.0063061116143006135,
        "stdv": 0.0008686696584184653
    },
    "proc_imp_loss": {
        "avg": 0.0008253472742675807,
        "med": 0.0005405370680890975,
        "quart_1": 0.00017085233780189668,
        "quart_3": 0.0012124028114652852,
        "min": 0.0,
        "max": 0.006392599163147938,
        "stdv": 0.0008687313702254909
    },
    "proc_price_imp": {
        "avg": 0.001189854704179352,
        "med": 0.0011010143652183065,
        "quart_1": 0.0007175734688958687,
        "quart_3": 0.0015299224456958762,
        "min": 0.0,
        "max": 0.005702281322582569,
        "stdv": 0.0007011415633315196
    }
}