{
    "cap_eff": {
        "avg": 0.00023544369848726258,
        "med": 0.00020330210177887942,
        "quart_1": 0.0001297006054449823,
        "quart_3": 0.00030060905474288413,
        "min": 9.330618055969353e-09,
        "max": 0.0019443011513862185,
        "stdv": 0.00015973323864328857
    },
    "imp_gain": {
        "avg": 0.001515091008920387,
        "med": 0.0007721801238380621,
        "quart_1": 0.00011164529669205336,
        "quart_3": 0.0025257302147447813,
        "min": 2.220446049250313e-16,
        "max": 0.01973169021131227,
        "stdv": 0.0017810174203865845
    },
    "imp_loss": {
        "avg": 0.001019251855878791,
        "med": 0.00014565076239303476,
        "quart_1": 0.0,
        "quart_3": 0.001670314710800147,
        "min": 0.0,
        "max": 0.020464836163958333,
        "stdv": 0.0016061854545011502
    },
    "price_imp": {
        "avg": 0.0003743286144243383,
        "med": 0.00035586012098422004,
        "quart_1": 0.00024608333192450234,
        "quart_3": 0.00047745651822051215,
        "min": 1.9404019498866307e-08,
        "max": 0.0020478622850922507,
        "stdv": 0.00018841912191221426
    },
    "proc_cap_eff": {
        "avg": 0.00023488590651980434,
        "med": 0.00020320618593105966,
        "quart_1": 0.00012966250547752356,
        "quart_3": 0.00030042150492726183,
        "min": 9.330618055969353e-09,
        "max": 0.0012584783365707786,
        "stdv": 0.00015774779846295777
    },
    "proc_imp_gain": {
        "avg": 0.001509189665977108,
        "med": 0.0007706606845587771,
        "quart_1": 0.00011164504114669072,
        "quart_3": 0.002522196107719532,
        "min": 2.220446049250313e-16,
        "max": 0.011773550208543204,
        "stdv": 0.0017615019480474935
    },
    "proc_imp_loss": {
        "avg": 0.001013513304913606,
        "med": 0.00014546809334547994,
        "quart_1": 0.0,
        "quart_3": 0.0016667187418486495,
        "min": 0.0,
        "max": 0.01112362195180483,
        "stdv": 0.001585647999975623
    },
    "proc_price_imp": {
        "avg": 0.0003737423538250803,
        "med": 0.00035579761749491613,
        "quart_1": 0.0002460287777149383,
        "quart_3": 0.00047729574013555704,
        "min": 1.9404019498866307e-08,
        "max": 0.0014403370749853847,
        "stdv": 0.00018657754972535942
    }
}