{
    "cap_eff": {
        "avg": 0.0023456847776882847,
        "med": 0.0020266553807855026,
        "quart_1": 0.0012951504153051463,
        "quart_3": 0.002993467627791846,
        "min": 3.595212150209193e-08,
        "max": 0.01927152584691183,
        "stdv": 0.0015889694220063003
    },
    "imp_gain": {
        "avg": 0.0015010822622763462,
        "med": 0.0007375122695281178,
        "quart_1": 0.0001079169221032128,
        "quart_3": 0.002512978427485324,
        "min": 2.220446049250313e-16,
        "max": 0.01970611344862827,
        "stdv": 0.0017779305407006247
    },
    "imp_loss": {
        "avg": 0.0010225640666736608,
        "med": 0.00014680285855239728,
        "quart_1": 0.0,
        "quart_3": 0.001687327490103474,
        "min": 0.0,
        "max": 0.02026192065455601,
        "stdv": 0.0016051272690186969
    },
    "price_imp": {
        "avg": 0.0037262601035678395,
        "med": 0.0035435585785588263,
        "quart_1": 0.0024517853224206953,
        "quart_3": 0.004751713473766312,
        "min": 3.7963540058516e-09,
        "max": 0.020289197169150962,
        "stdv": 0.001873480588223399
    },
    "proc_cap_eff": {
        "avg": 0.0023401419352806216,
        "med": 0.0020259699354737704,
        "quart_1": 0.0012947264488366583,
        "quart_3": 0.0029906385076300945,
        "min": 3.595212150209193e-08,
        "max": 0.012521206312233302,
        "stdv": 0.001569272167092465
    },
    "proc_imp_gain": {
        "avg": 0.0014951780211873316,
        "med": 0.0007351969365201327,
        "quart_1": 0.0001077934796680502,
        "quart_3": 0.002509347504261905,
        "min": 2.220446049250313e-16,
        "max": 0.011762283583198085,
        "stdv": 0.0017583587751313825
    },
    "proc_imp_loss": {
        "avg": 0.001016851904738648,
        "med": 0.00014659103250924677,
        "quart_1": 0.0,
        "quart_3": 0.0016834344390170841,
        "min": 0.0,
        "max": 0.011067457273051251,
        "stdv": 0.0015847721736663182
    },
    "proc_price_imp": {
        "avg": 0.0037204384800931926,
        "med": 0.0035420788645845677,
        "quart_1": 0.0024506962768803243,
        "quart_3": 0.00474945315013855,
        "min": 3.7963540058516e-09,
        "max": 0.014310595416379971,
        "stdv": 0.0018552256905694517
    }
}