{
    "cap_eff": {
        "avg": 0.025657207763772068,
        "med": 0.003884131245131428,
        "quart_1": 0.00189398615098324,
        "quart_3": 0.006584496575863463,
        "min": 8.799307904538978e-08,
        "max": 0.9797390806163581,
        "stdv": 0.10907370592013108
    },
    "imp_gain": {
        "avg": 6.401476008926438,
        "med": 1.92399804759365,
        "quart_1": 0.04703862056692998,
        "quart_3": 10.348242520679287,
        "min": 2.220446049250313e-16,
        "max": 54.27039153743005,
        "stdv": 8.293846373237171
    },
    "imp_loss": {
        "avg": 0.356580038704308,
        "med": 0.05566996991488116,
        "quart_1": 0.0,
        "quart_3": 0.8831498189660905,
        "min": 0.0,
        "max": 0.9819071301616746,
        "stdv": 0.4179429940086753
    },
    "price_imp": {
        "avg": 0.013856275782469722,
        "med": 0.00680327572296668,
        "quart_1": 0.0038855508856391785,
        "quart_3": 0.009951852055622766,
        "min": 6.799575601980101e-07,
        "max": 0.628360534911629,
        "stdv": 0.032304913496020986
    },
    "proc_cap_eff": {
        "avg": 0.025190179979667382,
        "med": 0.00388254527811982,
        "quart_1": 0.0018934222599788497,
        "quart_3": 0.006577570761298945,
        "min": 8.799307904538978e-08,
        "max": 0.9619948461641381,
        "stdv": 0.10706585605169273
    },
    "proc_imp_gain": {
        "avg": 6.380742759320963,
        "med": 1.9105450159066213,
        "quart_1": 0.04699905873242405,
        "quart_3": 10.335755145514888,
        "min": 2.220446049250313e-16,
        "max": 45.695732167023586,
        "stdv": 8.2438117704991
    },
    "proc_imp_loss": {
        "avg": 0.3562686825860435,
        "med": 0.055582457033578,
        "quart_1": 0.0,
        "quart_3": 0.8827841900061005,
        "min": 0.0,
        "max": 0.9781689814753884,
        "stdv": 0.417815446325511
    },
    "proc_price_imp": {
        "avg": 0.013650516215176604,
        "med": 0.006799817742758889,
        "quart_1": 0.0038843037839160536,
        "quart_3": 0.009944099280507518,
        "min": 6.799575601980101e-07,
        "max": 0.3773956489010929,
        "stdv": 0.030938769274033228
    }
}