{
    "cap_eff": {
        "avg": 0.017093156442011675,
        "med": 0.00015922289064823625,
        "quart_1": 7.581096642783614e-05,
        "quart_3": 0.00032075859287061803,
        "min": 2.156435474631735e-09,
        "max": 23.72125378126904,
        "stdv": 0.14208618514694632
    },
    "imp_gain": {
        "avg": 0.0010620180884856611,
        "med": 0.0012201478002606958,
        "quart_1": 0.0005876289531605572,
        "quart_3": 0.0012201478002606958,
        "min": 0.0005876289531605572,
        "max": 0.0012201478002606958,
        "stdv": 0.0002738886949805826
    },
    "imp_loss": {
        "avg": 0.6225336540078448,
        "med": 0.5281069003465828,
        "quart_1": 0.46914944401003056,
        "quart_3": 0.8451312503640837,
        "min": 0.0,
        "max": 0.9931108905705782,
        "stdv": 0.19989705496844196
    },
    "price_imp": {
        "avg": 0.0008902948309871105,
        "med": 0.00023768346412585985,
        "quart_1": 0.00014029614042222041,
        "quart_3": 0.00037425349670248417,
        "min": 1.3885431438061254e-09,
        "max": 3.9441913704173066,
        "stdv": 0.027029788112045785
    },
    "proc_cap_eff": {
        "avg": 0.015866732319391744,
        "med": 0.00015909648379197616,
        "quart_1": 7.579535764101752e-05,
        "quart_3": 0.00032035336603053466,
        "min": 2.156435474631735e-09,
        "max": 0.9589675727833342,
        "stdv": 0.09350818066727273
    },
    "proc_imp_gain": {
        "avg": 0.0010620180884856611,
        "med": 0.0012201478002606958,
        "quart_1": 0.0005876289531605572,
        "quart_3": 0.0012201478002606958,
        "min": 0.0005876289531605572,
        "max": 0.0012201478002606958,
        "stdv": 0.0002738886949805826
    },
    "proc_imp_loss": {
        "avg": 0.6228419387846686,
        "med": 0.5281725561682329,
        "quart_1": 0.4692076648081393,
        "quart_3": 0.845207771456894,
        "min": 0.006095221720726629,
        "max": 0.9931108905705782,
        "stdv": 0.19946851533765314
    },
    "proc_price_imp": {
        "avg": 0.0005721563488737313,
        "med": 0.00023760836532496816,
        "quart_1": 0.0001402321463642332,
        "quart_3": 0.00037387635901590065,
        "min": 1.3885431438061254e-09,
        "max": 0.09353558724509421,
        "stdv": 0.0028875452789028635
    }
}