{
    "cap_eff": {
        "avg": 0.027489425006063065,
        "med": 0.0020442204675330533,
        "quart_1": 0.0012889783045149095,
        "quart_3": 0.0033263465879485032,
        "min": 9.914471665872782e-08,
        "max": 30.115082543589295,
        "stdv": 0.18375913724872656
    },
    "imp_gain": {
        "avg": 3.058612127328339,
        "med": 0.5899741356853088,
        "quart_1": 0.0010058521246363306,
        "quart_3": 3.8362844437210866,
        "min": 2.220446049250313e-16,
        "max": 45.334187596371166,
        "stdv": 5.147008469165027
    },
    "imp_loss": {
        "avg": 0.31930763724514394,
        "med": 0.001033797646790735,
        "quart_1": 0.0,
        "quart_3": 0.8140499536057448,
        "min": 0.0,
        "max": 0.9770893844363097,
        "stdv": 0.4058845047117855
    },
    "price_imp": {
        "avg": 0.034237314522895086,
        "med": 0.0036735547931931933,
        "quart_1": 0.0024593332377063656,
        "quart_3": 0.005162431626146068,
        "min": 3.554058821919539e-07,
        "max": 33.11392138199795,
        "stdv": 0.4474316047142582
    },
    "proc_cap_eff": {
        "avg": 0.02551273267785823,
        "med": 0.0020431722188536394,
        "quart_1": 0.0012886193692287495,
        "quart_3": 0.00332037483394787,
        "min": 9.914471665872782e-08,
        "max": 2.017524774883006,
        "stdv": 0.12043555486794129
    },
    "proc_imp_gain": {
        "avg": 3.039670108046605,
        "med": 0.5882093562569266,
        "quart_1": 0.0010028487350488557,
        "quart_3": 3.818807436156775,
        "min": 2.220446049250313e-16,
        "max": 39.023834822968325,
        "stdv": 5.077996465235382
    },
    "proc_imp_loss": {
        "avg": 0.3189792515225662,
        "med": 0.0010228642718399517,
        "quart_1": 0.0,
        "quart_3": 0.8138763519776743,
        "min": 0.0,
        "max": 0.9745788042511137,
        "stdv": 0.40572001588182677
    },
    "proc_price_imp": {
        "avg": 0.026928598011982094,
        "med": 0.0036724348158442065,
        "quart_1": 0.002459087492185786,
        "quart_3": 0.005159060948480771,
        "min": 3.554058821919539e-07,
        "max": 9.937941502993946,
        "stdv": 0.285752279783011
    }
}