{
    "cap_eff": {
        "avg": 0.021051218768171714,
        "med": 0.00020462436867196843,
        "quart_1": 0.0001289829344432447,
        "quart_3": 0.00033250083940028485,
        "min": 1.8216838260087798e-08,
        "max": 170.28011858091722,
        "stdv": 0.6827753593113967
    },
    "imp_gain": {
        "avg": 2.3262087291762317,
        "med": 0.7740587206403282,
        "quart_1": 0.001066447561153705,
        "quart_3": 3.1741608460750967,
        "min": 2.220446049250313e-16,
        "max": 42.11942199284924,
        "stdv": 4.048524758162177
    },
    "imp_loss": {
        "avg": 0.36012313403862045,
        "med": 0.0010284474954004308,
        "quart_1": 0.0,
        "quart_3": 0.9323724727391575,
        "min": 0.0,
        "max": 0.9978852506618606,
        "stdv": 0.4517643852464999
    },
    "price_imp": {
        "avg": 0.10940027264830555,
        "med": 0.00036956548270100935,
        "quart_1": 0.00024721671231664824,
        "quart_3": 0.0005208546485169756,
        "min": 3.81114917481491e-08,
        "max": 236.8802292379923,
        "stdv": 2.7039200169651423
    },
    "proc_cap_eff": {
        "avg": 0.017077996579336417,
        "med": 0.00020453417970878185,
        "quart_1": 0.00012894765758758586,
        "quart_3": 0.0003321863057954566,
        "min": 1.8216838260087798e-08,
        "max": 1.4319833130457091,
        "stdv": 0.10463310283472826
    },
    "proc_imp_gain": {
        "avg": 2.307999056743434,
        "med": 0.7717127586440142,
        "quart_1": 0.0010622042519092822,
        "quart_3": 3.1701404730242437,
        "min": 2.220446049250313e-16,
        "max": 38.13437365749727,
        "stdv": 3.9666966905254095
    },
    "proc_imp_loss": {
        "avg": 0.359804430922897,
        "med": 0.00101750044960347,
        "quart_1": 0.0,
        "quart_3": 0.9323121452019443,
        "min": 0.0,
        "max": 0.9973454769394923,
        "stdv": 0.45165227954772025
    },
    "proc_price_imp": {
        "avg": 0.058997989225569876,
        "med": 0.0003694105081157212,
        "quart_1": 0.00024711525314674706,
        "quart_3": 0.0005206027566378468,
        "min": 3.81114917481491e-08,
        "max": 57.40750920353254,
        "stdv": 1.2073344168105402
    }
}