{
    "cap_eff": {
        "avg": 8.243878944906856e-14,
        "med": 1.3100631690576847e-14,
        "quart_1": 4.6629367034256575e-15,
        "quart_3": 2.5757174171303632e-14,
        "min": 0.0,
        "max": 1.541338501276357e-09,
        "stdv": 8.130725808874991e-12
    },
    "imp_gain": {
        "avg": 1.1920780449251904,
        "med": 0.14097016733441725,
        "quart_1": 0.0456573559575153,
        "quart_3": 1.0278624749903824,
        "min": 2.2780683728296225e-06,
        "max": 39.45350627914445,
        "stdv": 3.231857715866464
    },
    "imp_loss": {
        "avg": 0.2831240341917824,
        "med": 0.06268609665458924,
        "quart_1": 0.0,
        "quart_3": 0.4071158826628125,
        "min": 0.0,
        "max": 0.9999998587434156,
        "stdv": 0.396030017634213
    },
    "price_imp": {
        "avg": 8.243774206031468e-14,
        "med": 1.3103525787493836e-14,
        "quart_1": 4.744828591335152e-15,
        "quart_3": 2.5772441138493184e-14,
        "min": 0.0,
        "max": 1.5413384628359223e-09,
        "stdv": 8.130725538766507e-12
    },
    "proc_cap_eff": {
        "avg": 2.4531721426248425e-14,
        "med": 1.3100631690576847e-14,
        "quart_1": 4.6629367034256575e-15,
        "quart_3": 2.5757174171303632e-14,
        "min": 0.0,
        "max": 3.3066882565435662e-12,
        "stdv": 7.449672668653773e-14
    },
    "proc_imp_gain": {
        "avg": 1.175120555052235,
        "med": 0.14085227890237184,
        "quart_1": 0.045633873225422894,
        "quart_3": 1.025575786169917,
        "min": 2.2780683728296225e-06,
        "max": 31.591019997804516,
        "stdv": 3.1416329066579887
    },
    "proc_imp_loss": {
        "avg": 0.28276585203846666,
        "med": 0.06256959798719997,
        "quart_1": 0.0,
        "quart_3": 0.4057328811501457,
        "min": 0.0,
        "max": 0.9999993621233544,
        "stdv": 0.39580454581714203
    },
    "proc_price_imp": {
        "avg": 2.453067249851077e-14,
        "med": 1.3089788827917252e-14,
        "quart_1": 4.740232464126908e-15,
        "quart_3": 2.575530080348671e-14,
        "min": 0.0,
        "max": 3.306779600250792e-12,
        "stdv": 7.449720474858336e-14
    }
}