{
    "cap_eff": {
        "avg": 0.02403352296512549,
        "med": 0.0005648821501618162,
        "quart_1": 0.00027757992423071975,
        "quart_3": 0.001004528048316633,
        "min": 2.7625450371715488e-08,
        "max": 78.7353107412881,
        "stdv": 0.47480414430505935
    },
    "imp_gain": {
        "avg": 0.0002592723135966106,
        "med": 0.000145913200821024,
        "quart_1": 4.6629367034256575e-15,
        "quart_3": 0.000145913200821024,
        "min": 4.6629367034256575e-15,
        "max": 0.0018174951218015156,
        "stdv": 0.0004969796730563779
    },
    "imp_loss": {
        "avg": 0.48681079894002255,
        "med": 0.500291725949241,
        "quart_1": 0.4438340282603964,
        "quart_3": 0.5498269092695556,
        "min": 0.0,
        "max": 0.6693980481437617,
        "stdv": 0.09597331103630935
    },
    "price_imp": {
        "avg": 0.02868508162571547,
        "med": 0.0008111417477721479,
        "quart_1": 0.00048339761385808,
        "quart_3": 0.001164899695652941,
        "min": 4.020550329497869e-08,
        "max": 65.91204943574647,
        "stdv": 0.8600654088704706
    },
    "proc_cap_eff": {
        "avg": 0.01860150057850432,
        "med": 0.000564575561660563,
        "quart_1": 0.00027738652638298333,
        "quart_3": 0.0010033723406064898,
        "min": 2.7625450371715488e-08,
        "max": 1.6830207523846057,
        "stdv": 0.11073981146898412
    },
    "proc_imp_gain": {
        "avg": 0.0002592723135966106,
        "med": 0.000145913200821024,
        "quart_1": 4.6629367034256575e-15,
        "quart_3": 0.000145913200821024,
        "min": 4.6629367034256575e-15,
        "max": 0.0018174951218015156,
        "stdv": 0.0004969796730563779
    },
    "proc_imp_loss": {
        "avg": 0.487051736066876,
        "med": 0.5003378968943899,
        "quart_1": 0.4439032617594304,
        "quart_3": 0.549847143196429,
        "min": 0.0062572394701123635,
        "max": 0.6693980481437617,
        "stdv": 0.09538816187165296
    },
    "proc_price_imp": {
        "avg": 0.012143693380548066,
        "med": 0.0008108690840150696,
        "quart_1": 0.0004832321421184622,
        "quart_3": 0.0011641825611960904,
        "min": 4.020550329497869e-08,
        "max": 16.113832911038052,
        "stdv": 0.2876719835149451
    }
}