{
    "cap_eff": {
        "avg": 0.04187175437717249,
        "med": 0.0019597272270132082,
        "quart_1": 0.0012464198410981897,
        "quart_3": 0.0030486848936583932,
        "min": 1.0245270187780875e-08,
        "max": 261.45878531230795,
        "stdv": 1.3480248279090372
    },
    "imp_gain": {
        "avg": 3.2998115778261186,
        "med": 0.0021030124366330227,
        "quart_1": 9.104371893897678e-05,
        "quart_3": 1.5536984732164827,
        "min": 2.220446049250313e-16,
        "max": 196.5012996541858,
        "stdv": 10.50967889193376
    },
    "imp_loss": {
        "avg": 0.1783619590350173,
        "med": 9.428124977184371e-05,
        "quart_1": 0.0,
        "quart_3": 0.004505238533155875,
        "min": 0.0,
        "max": 0.9726106874241518,
        "stdv": 0.3329141609520622
    },
    "price_imp": {
        "avg": 0.13023082088669674,
        "med": 0.0035647106177563023,
        "quart_1": 0.002396866089451893,
        "quart_3": 0.004951321461701888,
        "min": 1.0557909933106588e-08,
        "max": 408.50163714522347,
        "stdv": 3.0350810586108103
    },
    "proc_cap_eff": {
        "avg": 0.028480971465009153,
        "med": 0.00195922001175286,
        "quart_1": 0.0012460286817842503,
        "quart_3": 0.0030463804816794338,
        "min": 1.0245270187780875e-08,
        "max": 7.519511708328661,
        "stdv": 0.20816796449062547
    },
    "proc_imp_gain": {
        "avg": 3.2246217156474395,
        "med": 0.0021007695121648684,
        "quart_1": 9.094030494938288e-05,
        "quart_3": 1.5492964116925871,
        "min": 2.220446049250313e-16,
        "max": 116.39163860623846,
        "stdv": 9.946867632067113
    },
    "proc_imp_loss": {
        "avg": 0.17797328587707692,
        "med": 9.408528010745876e-05,
        "quart_1": 0.0,
        "quart_3": 0.004478957299625108,
        "min": 0.0,
        "max": 0.9540598817175275,
        "stdv": 0.3325429458274396
    },
    "proc_price_imp": {
        "avg": 0.07890605028848276,
        "med": 0.003563779744587115,
        "quart_1": 0.002396076795806827,
        "quart_3": 0.0049490347794543445,
        "min": 1.0557909933106588e-08,
        "max": 51.356441426158014,
        "stdv": 1.295008975920359
    }
}