{
    "capital efficiency": {
        "better": {
            "raw": {
                "avg": 0.9417970726749112,
                "med": 0.9891332956687634,
                "quart_1": 0.9814374376271094,
                "quart_3": 0.9946111266076294,
                "min": 0.026315738570242497,
                "max": 0.9999997204894436,
                "stdv": 0.15791799440192184,
                "counts": 68651
            },
            "processed": {
                "avg": 0.9422486168967056,
                "med": 0.9891383325409969,
                "quart_1": 0.9814600393852739,
                "quart_3": 0.9946123194387588,
                "min": 0.03303634801006574,
                "max": 0.9999997204894436,
                "stdv": 0.15664852401033752,
                "counts": 68617
            }
        },
        "worse": {
            "raw": {
                "avg": 1.014472062946513,
                "med": 1.0095606862607158,
                "quart_1": 1.0046003592849628,
                "quart_3": 1.0176145001466983,
                "min": 1.0000000391147599,
                "max": 2.152973804597924,
                "stdv": 0.02559744736212851,
                "counts": 82002
            },
            "processed": {
                "avg": 1.014172995526528,
                "med": 1.009553915053192,
                "quart_1": 1.0045988190775368,
                "quart_3": 1.0175999341415811,
                "min": 1.0000000391147599,
                "max": 1.4233029426732107,
                "stdv": 0.021541813110163066,
                "counts": 81961
            }
        },
        "monitors": {
            "BTC, ETH": {
                "better": {
                    "raw": {
                        "avg": 0.9897831089784642,
                        "med": 0.9908490092720856,
                        "quart_1": 0.9856262198823833,
                        "quart_3": 0.9953500403977913,
                        "min": 0.9368395493581869,
                        "max": 0.9999853394398185,
                        "stdv": 0.0072329249016453235,
                        "counts": 2086
                    },
                    "processed": {
                        "avg": 0.9898085015730061,
                        "med": 0.9908495219236043,
                        "quart_1": 0.9856375115492303,
                        "quart_3": 0.9953500403977913,
                        "min": 0.942013756747365,
                        "max": 0.9999853394398185,
                        "stdv": 0.007141097585820729,
                        "counts": 2085
                    }
                },
                "worse": {
                    "raw": {
                        "avg": 1.0118078854225787,
                        "med": 1.0093351371693124,
                        "quart_1": 1.004647020598164,
                        "quart_3": 1.0171595888971818,
                        "min": 1.000034863328993,
                        "max": 1.0684802478395727,
                        "stdv": 0.009385689823307043,
                        "counts": 2864
                    },
                    "processed": {
                        "avg": 1.0117880906749654,
                        "med": 1.0093332863004203,
                        "quart_1": 1.004647020598164,
                        "quart_3": 1.01715117785648,
                        "min": 1.000034863328993,
                        "max": 1.063611995726231,
                        "stdv": 0.009327364866413236,
                        "counts": 2863
                    }
                }
            }
        }
    },
    "impermanent gain, loss": {
        "gain": {
            "raw": {
                "avg": 3.8675100459231735,
                "med": 1.0397749486405112,
                "quart_1": 1.014741225722136,
                "quart_3": 1.0964249743174377,
                "min": 1.0,
                "max": 101.69388068852696,
                "stdv": 7.874193549332881,
                "counts": 7203175
            },
            "processed": {
                "avg": 3.830314109272449,
                "med": 1.0397409813403151,
                "quart_1": 1.014733724699069,
                "quart_3": 1.0962807410989148,
                "min": 1.0,
                "max": 69.2330130124159,
                "stdv": 7.696170465407769,
                "counts": 7199574
            }
        },
        "loss": {
            "raw": {
                "avg": 0.7831178003573162,
                "med": 0.9616736570599455,
                "quart_1": 0.9119586391497293,
                "quart_3": 0.9854279795529056,
                "min": 0.009833433371107625,
                "max": 0.9999997457618783,
                "stdv": 0.34984924656600846,
                "counts": 7196825
            },
            "processed": {
                "avg": 0.7835030497264022,
                "med": 0.9617207080098447,
                "quart_1": 0.9121001181244676,
                "quart_3": 0.9854345602228836,
                "min": 0.014443976312581862,
                "max": 0.9999997457618783,
                "stdv": 0.34951229903962483,
                "counts": 7193227
            }
        },
        "averages": {
            "raw": {
                "avg": 2.3259939887913883,
                "med": 1.7924841785569532,
                "quart_1": 1.3891659406789776,
                "quart_3": 2.842914375503941,
                "min": 1.000000691045245,
                "max": 7.626872510540145,
                "stdv": 1.3120447247883327,
                "counts": 200000
            },
            "processed": {
                "avg": 2.323435023365219,
                "med": 1.7922921621829753,
                "quart_1": 1.3889085365160112,
                "quart_3": 2.8399749954714055,
                "min": 1.000000691045245,
                "max": 7.292348429670246,
                "stdv": 1.307371929898067,
                "counts": 199900
            }
        },
        "median": {
            "raw": {
                "avg": 1.000002622804143,
                "med": 1.000000606591744,
                "quart_1": 1.0000000842279606,
                "quart_3": 1.000002538455878,
                "min": 1.0,
                "max": 1.0000781659298676,
                "stdv": 5.7023268022723576e-06,
                "counts": 200000
            },
            "processed": {
                "avg": 1.0000025880738777,
                "med": 1.0000006058870081,
                "quart_1": 1.0000000842279606,
                "quart_3": 1.0000025352881976,
                "min": 1.0,
                "max": 1.0000601901581452,
                "stdv": 5.4861081053651965e-06,
                "counts": 199900
            }
        },
        "monitors": {
            "BTC, ETH": {
                "gain": {
                    "raw": {
                        "avg": 1.0091780139390725,
                        "med": 1.007731971147126,
                        "quart_1": 1.0035408593726982,
                        "quart_3": 1.013531637002164,
                        "min": 1.0,
                        "max": 1.0462911415015361,
                        "stdv": 0.006980756189085466,
                        "counts": 200042
                    },
                    "processed": {
                        "avg": 1.009162340843373,
                        "med": 1.007731971147126,
                        "quart_1": 1.0035321959791739,
                        "quart_3": 1.013531637002164,
                        "min": 1.0,
                        "max": 1.0372367935975038,
                        "stdv": 0.006946839002487415,
                        "counts": 199942
                    }
                },
                "loss": {
                    "raw": {
                        "avg": 0.990948790865572,
                        "med": 0.9923245178232739,
                        "quart_1": 0.9866490235645886,