{
    "capital efficiency": {
        "better": {
            "raw": {
                "avg": 0.9999999999999918,
                "med": 0.9999999999999896,
                "quart_1": 0.9999999999999793,
                "quart_3": 0.9999999999999963,
                "min": 0.9999999999761263,
                "max": 1.0,
                "stdv": 1.9252219820224896e-13,
                "counts": 67222
            },
            "processed": {
                "avg": 0.9999999999999948,
                "med": 0.9999999999999896,
                "quart_1": 0.9999999999999795,
                "quart_3": 0.9999999999999963,
                "min": 0.9999999999980693,
                "max": 1.0,
                "stdv": 5.716497646482458e-14,
                "counts": 67189
            }
        },
        "worse": {
            "raw": {
                "avg": 1.0000000000000102,
                "med": 1.0000000000000109,
                "quart_1": 1.0000000000000042,
                "quart_3": 1.0000000000000213,
                "min": 1.0000000000000002,
                "max": 1.0000000002902607,
                "stdv": 1.3515433788866855e-12,
                "counts": 65598
            },
            "processed": {
                "avg": 1.0000000000000002,
                "med": 1.0000000000000109,
                "quart_1": 1.0000000000000042,
                "quart_3": 1.0000000000000213,
                "min": 1.0000000000000002,
                "max": 1.0000000000024751,
                "stdv": 5.926004901808356e-14,
                "counts": 65566
            }
        },
        "monitors": {
            "BTC, ETH": {
                "better": {
                    "raw": {
                        "avg": 0.9999999999999867,
                        "med": 0.9999999999999879,
                        "quart_1": 0.9999999999999774,
                        "quart_3": 0.9999999999999944,
                        "min": 0.999999999998611,
                        "max": 1.0,
                        "stdv": 4.506394798256242e-14,
                        "counts": 2192
                    },
                    "processed": {
                        "avg": 0.9999999999999873,
                        "med": 0.9999999999999879,
                        "quart_1": 0.9999999999999774,
                        "quart_3": 0.9999999999999944,
                        "min": 0.9999999999994282,
                        "max": 1.0,
                        "stdv": 3.430504093189262e-14,
                        "counts": 2191
                    }
                },
                "worse": {
                    "raw": {
                        "avg": 1.000000000000005,
                        "med": 1.000000000000012,
                        "quart_1": 1.0000000000000058,
                        "quart_3": 1.0000000000000226,
                        "min": 1.0000000000000002,
                        "max": 1.0000000000017846,
                        "stdv": 6.383555750935163e-14,
                        "counts": 2136
                    },
                    "processed": {
                        "avg": 1.0000000000000042,
                        "med": 1.000000000000012,
                        "quart_1": 1.0000000000000058,
                        "quart_3": 1.0000000000000226,
                        "min": 1.0000000000000002,
                        "max": 1.0000000000010294,
                        "stdv": 5.1204585528565774e-14,
                        "counts": 2135
                    }
                }
            }
        }
    },
    "impermanent gain, loss": {
        "gain": {
            "raw": {
                "avg": 1.8303036845834053,
                "med": 1.1333670178516018,
                "quart_1": 1.0471736922685322,
                "quart_3": 1.3386432948997402,
                "min": 1.0,
                "max": 36.826405547379096,
                "stdv": 2.609859469327426,
                "counts": 6334442
            },
            "processed": {
                "avg": 1.8152306271560588,
                "med": 1.1332649406207347,
                "quart_1": 1.0471681037939655,
                "quart_3": 1.3380606985774288,
                "min": 1.0,
                "max": 29.307931622387734,
                "stdv": 2.521427829653237,
                "counts": 6331275
            }
        },
        "loss": {
            "raw": {
                "avg": 0.6825347490509601,
                "med": 0.8572394117156875,
                "quart_1": 0.5733161961164546,
                "quart_3": 0.949615118902009,
                "min": 1.1764137128121831e-07,
                "max": 0.9999978340422597,
                "stdv": 0.36325756622628286,
                "counts": 6627142
            },
            "processed": {
                "avg": 0.6828761272993134,
                "med": 0.8573714378172559,
                "quart_1": 0.5745370097638914,
                "quart_3": 0.9496432811418576,
                "min": 5.124489295095933e-06,
                "max": 0.9999978340422597,
                "stdv": 0.36302746547170284,
                "counts": 6623829
            }
        },
        "averages": {
            "raw": {
                "avg": 1.2434596909048092,
                "med": 1.0064463048792376,
                "quart_1": 0.9914043865580182,
                "quart_3": 1.4377628601264987,
                "min": 0.9204957726493185,
                "max": 3.0409384582112655,
                "stdv": 0.3932942453966276,
                "counts": 180022
            },
            "processed": {
                "avg": 1.2425913503963786,
                "med": 1.0064453691425412,
                "quart_1": 0.9913837914242838,
                "quart_3": 1.4373824650809643,
                "min": 0.9204957726493185,
                "max": 2.8736879272292706,
                "stdv": 0.3914686620142159,
                "counts": 179932
            }
        },
        "median": {
            "raw": {
                "avg": 0.9899903195376529,
                "med": 0.9958685852251488,
                "quart_1": 0.9811928278748009,
                "quart_3": 1.0000177039817033,
                "min": 0.9337013028353873,
                "max": 1.0130253393858744,
                "stdv": 0.012836379220877499,
                "counts": 180022
            },
            "processed": {
                "avg": 0.9900166224821593,
                "med": 0.9958942009003249,
                "quart_1": 0.9812383223757732,
                "quart_3": 1.0000177039817033,
                "min": 0.9401234800332506,
                "max": 1.0130253393858744,
                "stdv": 0.012785486166368059,
                "counts": 179932
            }
        },
        "monitors": {
            "BTC, ETH": {
                "gain": {
                    "raw": {
                        "avg": 1.1239718615331487,
                        "med": 1.0960422338402607,
                        "quart_1": 1.0246188173301094,
                        "quart_3": 1.2185244610662842,
                        "min": 1.0,
                        "max": 1.3745067159830378,
                        "stdv": 0.10848725036654526,
                        "counts": 180134
                    },
                    "processed": {
                        "avg": 1.123847136481706,
                        "med": 1.0960422338402607,
                        "quart_1": 1.0245637984893312,
                        "quart_3": 1.2181399563144322,
                        "min": 1.0,
                        "max": 1.370585262301271,
                        "stdv": 0.10837079840569555,
                        "counts": 180044
                    }
                },
                "loss": {
                    "raw": {
                        "avg": 0.8736532629630891,
                        "med": 0.9024993623190711,
                        "quart_1": 0.7783760074234372,