{
    "capital efficiency": {
        "better": {
            "raw": {
                "avg": 0.9828685117032036,
                "med": 0.9990763260453679,
                "quart_1": 0.9983513785544864,
                "quart_3": 0.9995761384152487,
                "min": 0.4067292419124973,
                "max": 0.9999999912838856,
                "stdv": 0.08231324469356567,
                "counts": 72603
            },
            "processed": {
                "avg": 0.9831501366783639,
                "med": 0.9990770837953988,
                "quart_1": 0.9983530569203957,
                "quart_3": 0.9995763478648718,
                "min": 0.4160211712606652,
                "max": 0.9999999912838856,
                "stdv": 0.08135647882390491,
                "counts": 72567
            }
        },
        "worse": {
            "raw": {
                "avg": 1.0011874743987736,
                "med": 1.0008574761346545,
                "quart_1": 1.000382200151427,
                "quart_3": 1.0015876587053807,
                "min": 1.0000000187169127,
                "max": 2.4125147907827054,
                "stdv": 0.007302807703336325,
                "counts": 78321
            },
            "processed": {
                "avg": 1.001119199668562,
                "med": 1.000856967923115,
                "quart_1": 1.000382001465344,
                "quart_3": 1.001586014782232,
                "min": 1.0000000187169127,
                "max": 1.0067947340763355,
                "stdv": 0.0009699974453123266,
                "counts": 78282
            }
        },
        "monitors": {
            "BTC": {
                "better": {
                    "raw": {
                        "avg": 0.9906668396874816,
                        "med": 0.9990752831763771,
                        "quart_1": 0.9983974739093027,
                        "quart_3": 0.9995650111533744,
                        "min": 0.4143094385569187,
                        "max": 0.9999999096476151,
                        "stdv": 0.05958673348287745,
                        "counts": 18691
                    },
                    "processed": {
                        "avg": 0.9909428260205541,
                        "med": 0.9990759781024607,
                        "quart_1": 0.9983984421923762,
                        "quart_3": 0.999565261864322,
                        "min": 0.4218595708822913,
                        "max": 0.9999999096476151,
                        "stdv": 0.05825892373495277,
                        "counts": 18682
                    }
                },
                "worse": {
                    "raw": {
                        "avg": 1.1522689680623799,
                        "med": 1.001100756393835,
                        "quart_1": 1.0004552852339998,
                        "quart_3": 1.0026035985528852,
                        "min": 1.0000000229028572,
                        "max": 2.4157246065264473,
                        "stdv": 0.3605430045373069,
                        "counts": 23176
                    },
                    "processed": {
                        "avg": 1.1516705244125065,
                        "med": 1.001100134508756,
                        "quart_1": 1.0004549730677494,
                        "quart_3": 1.0025980158329335,
                        "min": 1.0000000229028572,
                        "max": 2.4104952660034593,
                        "stdv": 0.3595809043397726,
                        "counts": 23165
                    }
                }
            }
        }
    },
    "impermanent gain, loss": {
        "gain": {
            "raw": {
                "avg": 1.0013200086848035,
                "med": 1.001179304417864,
                "quart_1": 1.0005258456548425,
                "quart_3": 1.002118020451423,
                "min": 1.0,
                "max": 1.0035616232250353,
                "stdv": 0.000941077791119749,
                "counts": 1154
            },
            "processed": {
                "avg": 1.0013200086848035,
                "med": 1.001179304417864,
                "quart_1": 1.0005258456548425,
                "quart_3": 1.002118020451423,
                "min": 1.0,
                "max": 1.0035616232250353,
                "stdv": 0.000941077791119749,
                "counts": 1154
            }
        },
        "loss": {
            "raw": {
                "avg": 0.6644582419123974,
                "med": 0.6598932173382485,
                "quart_1": 0.5409751538858972,
                "quart_3": 0.7718251022374649,
                "min": 0.3776043001882203,
                "max": 0.9999961638139758,
                "stdv": 0.14547075465319864,
                "counts": 1598846
            },
            "processed": {
                "avg": 0.6642906262103003,
                "med": 0.6597859114530854,
                "quart_1": 0.5409210415246893,
                "quart_3": 0.7716478407205337,
                "min": 0.3776043001882203,
                "max": 0.9993469116125779,
                "stdv": 0.1453138025311574,
                "counts": 1598047
            }
        },
        "averages": {
            "raw": {
                "avg": 0.6647012034616,
                "med": 0.6624693045347834,
                "quart_1": 0.540615595496183,
                "quart_3": 0.7516119195399303,
                "min": 0.43994179654537485,
                "max": 1.0000000060538046,
                "stdv": 0.14168862389189943,
                "counts": 200000
            },
            "processed": {
                "avg": 0.6645336756099464,
                "med": 0.6624522331892653,
                "quart_1": 0.5405854297624009,
                "quart_3": 0.751603074691785,
                "min": 0.43994179654537485,
                "max": 0.9991352156919461,
                "stdv": 0.14152589092857423,
                "counts": 199900
            }
        },
        "median": {
            "raw": {
                "avg": 0.6717533080378335,
                "med": 0.6707366672077162,
                "quart_1": 0.5520695734709844,
                "quart_3": 0.7572186565369123,
                "min": 0.44305311289525473,
                "max": 1.0,
                "stdv": 0.13923499404142683,
                "counts": 200000
            },
            "processed": {
                "avg": 0.6715892784435777,
                "med": 0.6706223443354364,
                "quart_1": 0.5520488909661597,
                "quart_3": 0.7571878210618146,
                "min": 0.44305311289525473,
                "max": 0.9990605662806942,
                "stdv": 0.13907649033160302,
                "counts": 199900
            }
        },
        "monitors": {
            "BTC": {
                "gain": {
                    "raw": {
                        "avg": 1.0018676305344114,
                        "med": 1.0018734200672512,
                        "quart_1": 1.0013311433866192,
                        "quart_3": 1.002505512974313,
                        "min": 1.0000066228030822,
                        "max": 1.0035616232250353,
                        "stdv": 0.0008314955616637973,
                        "counts": 595
                    },
                    "processed": {
                        "avg": 1.0018676305344114,
                        "med": 1.0018734200672512,
                        "quart_1": 1.0013311433866192,
                        "quart_3": 1.002505512974313,
                        "min": 1.0000066228030822,
                        "max": 1.0035616232250353,
                        "stdv": 0.0008314955616637973,
                        "counts": 595
                    }
                },
                "loss": {
                    "raw": {
                        "avg": 0.685920565108958,
                        "med": 0.6937258134405306,