{
    "capital efficiency": {
        "better": {
            "raw": {
                "avg": 0.9999999999996179,
                "med": 0.9999999999997783,
                "quart_1": 0.9999999999995797,
                "quart_3": 0.9999999999998993,
                "min": 0.9999999975752903,
                "max": 1.0,
                "stdv": 1.409096371775102e-11,
                "counts": 66796
            },
            "processed": {
                "avg": 0.9999999999997699,
                "med": 0.9999999999997783,
                "quart_1": 0.9999999999995801,
                "quart_3": 0.9999999999998994,
                "min": 0.9999999999466559,
                "max": 1.0,
                "stdv": 1.2722980018777378e-12,
                "counts": 66763
            }
        },
        "worse": {
            "raw": {
                "avg": 1.0000000000001972,
                "med": 1.000000000000221,
                "quart_1": 1.0000000000001008,
                "quart_3": 1.0000000000004148,
                "min": 1.0000000000000002,
                "max": 1.0000000016977446,
                "stdv": 8.559811928669804e-12,
                "counts": 67093
            },
            "processed": {
                "avg": 1.0000000000000726,
                "med": 1.0000000000002207,
                "quart_1": 1.0000000000001008,
                "quart_3": 1.0000000000004143,
                "min": 1.0000000000000002,
                "max": 1.0000000000619598,
                "stdv": 1.2928824684890823e-12,
                "counts": 67060
            }
        },
        "monitors": {
            "BTC": {
                "better": {
                    "raw": {
                        "avg": 0.9999999999994476,
                        "med": 0.9999999999997644,
                        "quart_1": 0.9999999999995424,
                        "quart_3": 0.9999999999998958,
                        "min": 0.9999999975752903,
                        "max": 1.0,
                        "stdv": 1.997900602381934e-11,
                        "counts": 18688
                    },
                    "processed": {
                        "avg": 0.9999999999996794,
                        "med": 0.9999999999997645,
                        "quart_1": 0.9999999999995427,
                        "quart_3": 0.9999999999998958,
                        "min": 0.9999999999573773,
                        "max": 1.0,
                        "stdv": 1.1053340534769265e-12,
                        "counts": 18679
                    }
                },
                "worse": {
                    "raw": {
                        "avg": 1.0000000000003835,
                        "med": 1.0000000000002387,
                        "quart_1": 1.000000000000108,
                        "quart_3": 1.0000000000004663,
                        "min": 1.0000000000000002,
                        "max": 1.0000000016977446,
                        "stdv": 1.3580321850164307e-11,
                        "counts": 18606
                    },
                    "processed": {
                        "avg": 1.0000000000001965,
                        "med": 1.0000000000002385,
                        "quart_1": 1.000000000000108,
                        "quart_3": 1.0000000000004658,
                        "min": 1.0000000000000002,
                        "max": 1.0000000000796314,
                        "stdv": 1.6425218806749996e-12,
                        "counts": 18597
                    }
                }
            }
        }
    },
    "impermanent gain, loss": {
        "gain": {
            "raw": {
                "avg": 1.0001362959767968,
                "med": 1.000138701453381,
                "quart_1": 1.0,
                "quart_3": 1.0002280641061074,
                "min": 1.0,
                "max": 1.0004007457486277,
                "stdv": 0.00011736390308735104,
                "counts": 95
            },
            "processed": {
                "avg": 1.0001362959767968,
                "med": 1.000138701453381,
                "quart_1": 1.0,
                "quart_3": 1.0002280641061074,
                "min": 1.0,
                "max": 1.0004007457486277,
                "stdv": 0.00011736390308735104,
                "counts": 95
            }
        },
        "loss": {
            "raw": {
                "avg": 0.5967751202403573,
                "med": 0.5484601219544193,
                "quart_1": 0.5379505895807802,
                "quart_3": 0.5683177598834677,
                "min": 0.4938201922148773,
                "max": 0.9999958266002673,
                "stdv": 0.11811296514667229,
                "counts": 1440081
            },
            "processed": {
                "avg": 0.5965736223469749,
                "med": 0.5484515409376728,
                "quart_1": 0.5379465385308977,
                "quart_3": 0.568244790268814,
                "min": 0.4938201922148773,
                "max": 0.9991157105711398,
                "stdv": 0.11779831734900204,
                "counts": 1439361
            }
        },
        "averages": {
            "raw": {
                "avg": 0.596801727621511,
                "med": 0.5417841418738553,
                "quart_1": 0.5415878685860598,
                "quart_3": 0.5421784377502183,
                "min": 0.54108250897597,
                "max": 1.0,
                "stdv": 0.1173825474749659,
                "counts": 180022
            },
            "processed": {
                "avg": 0.5966002483128446,
                "med": 0.5417838708141999,
                "quart_1": 0.5415877276337555,
                "quart_3": 0.5421766623721578,
                "min": 0.54108250897597,
                "max": 0.9991761645482209,
                "stdv": 0.1170656081584255,
                "counts": 179932
            }
        },
        "median": {
            "raw": {
                "avg": 0.5990145636993793,
                "med": 0.5454554503895688,
                "quart_1": 0.5426558521574918,
                "quart_3": 0.5499446845305817,
                "min": 0.5381923398901916,
                "max": 1.0,
                "stdv": 0.11662850369294403,
                "counts": 180022
            },
            "processed": {
                "avg": 0.5988141996672849,
                "med": 0.5454515026387196,
                "quart_1": 0.5426556614419846,
                "quart_3": 0.5499249738853765,
                "min": 0.5381923398901916,
                "max": 0.999152569326863,
                "stdv": 0.11631298386909276,
                "counts": 179932
            }
        },
        "monitors": {
            "BTC": {
                "gain": {
                    "raw": {
                        "avg": 1.00013357615957,
                        "med": 1.0001966295050857,
                        "quart_1": 1.0000414241803468,
                        "quart_3": 1.0001966295050857,
                        "min": 1.0000060820176495,
                        "max": 1.0001966295050857,
                        "stdv": 8.562215011160171e-05,
                        "counts": 31
                    },
                    "processed": {
                        "avg": 1.00013357615957,
                        "med": 1.0001966295050857,
                        "quart_1": 1.0000414241803468,
                        "quart_3": 1.0001966295050857,
                        "min": 1.0000060820176495,
                        "max": 1.0001966295050857,
                        "stdv": 8.562215011160171e-05,
                        "counts": 31
                    }
                },
                "loss": {
                    "raw": {
                        "avg": 0.6005199989147804,
                        "med": 0.5500902561044838,
                        "quart_1": 0.5417718626467078,
                        "quart_3": 0.561112412461948,