{
    "capital efficiency": {
        "better": {
            "raw": {
                "avg": 0.9883256173180797,
                "med": 0.9999643755193314,
                "quart_1": 0.9999230719044843,
                "quart_3": 0.9999839106866671,
                "min": 0.004410350243340224,
                "max": 0.9999999991801057,
                "stdv": 0.05486536538948846,
                "counts": 80904
            },
            "processed": {
                "avg": 0.9888039697035065,
                "med": 0.9999643949655359,
                "quart_1": 0.9999232075811233,
                "quart_3": 0.9999839184863213,
                "min": 0.038805369837515764,
                "max": 0.9999999991801057,
                "stdv": 0.05048613736806216,
                "counts": 80864
            }
        },
        "worse": {
            "raw": {
                "avg": 1.000039702268815,
                "med": 1.000028624993679,
                "quart_1": 1.0000131951537665,
                "quart_3": 1.000052991424662,
                "min": 1.000000000343432,
                "max": 1.0196913353510833,
                "stdv": 0.00010063005118250642,
                "counts": 72963
            },
            "processed": {
                "avg": 1.0000386085600712,
                "med": 1.00002860402524,
                "quart_1": 1.0000131897462416,
                "quart_3": 1.0000529400244806,
                "min": 1.000000000343432,
                "max": 1.0007106626994213,
                "stdv": 3.7144603572604936e-05,
                "counts": 72927
            }
        },
        "monitors": {
            "BTC": {
                "better": {
                    "raw": {
                        "avg": 0.9923638532938933,
                        "med": 0.9999691132087203,
                        "quart_1": 0.9999420220144325,
                        "quart_3": 0.9999855799335593,
                        "min": 0.0020517562095953325,
                        "max": 0.9999999968757387,
                        "stdv": 0.049796463706141214,
                        "counts": 18070
                    },
                    "processed": {
                        "avg": 0.9928506439354046,
                        "med": 0.9999691344153442,
                        "quart_1": 0.9999420670882544,
                        "quart_3": 0.9999855852411837,
                        "min": 0.02779122391089423,
                        "max": 0.9999999968757387,
                        "stdv": 0.04477852235028521,
                        "counts": 18061
                    }
                },
                "worse": {
                    "raw": {
                        "avg": 1.0432661061178314,
                        "med": 1.0000415917164802,
                        "quart_1": 1.000017442458273,
                        "quart_3": 1.0001516829034505,
                        "min": 1.0000000017465853,
                        "max": 1.5330088663529964,
                        "stdv": 0.11215133648857797,
                        "counts": 24068
                    },
                    "processed": {
                        "avg": 1.0430224016988907,
                        "med": 1.000041555553064,
                        "quart_1": 1.0000174304579363,
                        "quart_3": 1.0001499450594384,
                        "min": 1.0000000017465853,
                        "max": 1.530663519834459,
                        "stdv": 0.1116471054698934,
                        "counts": 24056
                    }
                }
            }
        }
    },
    "impermanent gain, loss": {
        "gain": {
            "raw": {
                "avg": 1.0000839456466915,
                "med": 1.000009371345158,
                "quart_1": 1.0,
                "quart_3": 1.0001966295050857,
                "min": 1.0,
                "max": 1.0002816022625116,
                "stdv": 9.783948024255083e-05,
                "counts": 78
            },
            "processed": {
                "avg": 1.0000839456466915,
                "med": 1.000009371345158,
                "quart_1": 1.0,
                "quart_3": 1.0001966295050857,
                "min": 1.0,
                "max": 1.0002816022625116,
                "stdv": 9.783948024255083e-05,
                "counts": 78
            }
        },
        "loss": {
            "raw": {
                "avg": 0.6541815550035504,
                "med": 0.623105838892186,
                "quart_1": 0.6035053950372052,
                "quart_3": 0.6453711189227935,
                "min": 0.5334333371353106,
                "max": 0.9999615917654634,
                "stdv": 0.09930754475727449,
                "counts": 1599922
            },
            "processed": {
                "avg": 0.6540090080172103,
                "med": 0.6230920155327659,
                "quart_1": 0.603490388381464,
                "quart_3": 0.6452935831710722,
                "min": 0.5334333371353106,
                "max": 0.998970127853328,
                "stdv": 0.0990318100290432,
                "counts": 1599123
            }
        },
        "averages": {
            "raw": {
                "avg": 0.6541984177451333,
                "med": 0.6057504920727319,
                "quart_1": 0.6044929339200891,
                "quart_3": 0.6313952194972197,
                "min": 0.6021185631084531,
                "max": 1.000000000302805,
                "stdv": 0.09684411019460802,
                "counts": 200000
            },
            "processed": {
                "avg": 0.6540256367316464,
                "med": 0.6057502167074249,
                "quart_1": 0.6044923802282607,
                "quart_3": 0.6313893630045321,
                "min": 0.6021185631084531,
                "max": 0.999130482270948,
                "stdv": 0.09655965425028697,
                "counts": 199900
            }
        },
        "median": {
            "raw": {
                "avg": 0.6596647290743739,
                "med": 0.6166583283588594,
                "quart_1": 0.6115268130934843,
                "quart_3": 0.6356773893234188,
                "min": 0.5991549777516443,
                "max": 1.0,
                "stdv": 0.09477133463682327,
                "counts": 200000
            },
            "processed": {
                "avg": 0.6594946857335003,
                "med": 0.6166513614509317,
                "quart_1": 0.6115224704947806,
                "quart_3": 0.6356552033938608,
                "min": 0.5991549777516443,
                "max": 0.9991811498033757,
                "stdv": 0.09448952013261384,
                "counts": 199900
            }
        },
        "monitors": {
            "BTC": {
                "gain": {
                    "raw": {
                        "avg": 1.000196629505086,
                        "med": 1.0001966295050857,
                        "quart_1": 1.0001966295050857,
                        "quart_3": 1.0001966295050857,
                        "min": 1.0001966295050857,
                        "max": 1.0001966295050857,
                        "stdv": 2.220446049250313e-16,
                        "counts": 21
                    },
                    "processed": {
                        "avg": 1.000196629505086,
                        "med": 1.0001966295050857,
                        "quart_1": 1.0001966295050857,
                        "quart_3": 1.0001966295050857,
                        "min": 1.0001966295050857,
                        "max": 1.0001966295050857,
                        "stdv": 2.220446049250313e-16,
                        "counts": 21
                    }
                },
                "loss": {
                    "raw": {
                        "avg": 0.6668723888391308,
                        "med": 0.6254555437820607,
                        "quart_1": 0.6189622216529428,