{
    "capital efficiency": {
        "better": {
            "raw": {
                "avg": 0.9717758566159346,
                "med": 0.9995829616627194,
                "quart_1": 0.9991766539296938,
                "quart_3": 0.999797589140744,
                "min": 0.0003663472238586919,
                "max": 0.999999986603058,
                "stdv": 0.1114904772596734,
                "counts": 80612
            },
            "processed": {
                "avg": 0.9722488738404597,
                "med": 0.9995831861766816,
                "quart_1": 0.9991777427182432,
                "quart_3": 0.9997976882225823,
                "min": 0.039490812513676574,
                "max": 0.999999986603058,
                "stdv": 0.10947734456619804,
                "counts": 80572
            }
        },
        "worse": {
            "raw": {
                "avg": 1.00071951836721,
                "med": 1.000353545546642,
                "quart_1": 1.000167492149568,
                "quart_3": 1.0006230380734025,
                "min": 1.000000017019431,
                "max": 5.106719688443514,
                "stdv": 0.01609071952966132,
                "counts": 73247
            },
            "processed": {
                "avg": 1.0005679947806039,
                "med": 1.000353360512974,
                "quart_1": 1.0001674447571651,
                "quart_3": 1.0006225892239105,
                "min": 1.000000017019431,
                "max": 1.1162703065802269,
                "stdv": 0.0026011105386654293,
                "counts": 73211
            }
        },
        "monitors": {
            "BTC": {
                "better": {
                    "raw": {
                        "avg": 0.9818533957748238,
                        "med": 0.9996346137232734,
                        "quart_1": 0.9993369484605983,
                        "quart_3": 0.9998213397996358,
                        "min": 0.0006871483581663041,
                        "max": 0.999999986603058,
                        "stdv": 0.08922705847730458,
                        "counts": 18042
                    },
                    "processed": {
                        "avg": 0.9823153038887616,
                        "med": 0.9996348297802871,
                        "quart_1": 0.9993380595652306,
                        "quart_3": 0.9998214657682323,
                        "min": 0.22374184850620338,
                        "max": 0.999999986603058,
                        "stdv": 0.08680140017457565,
                        "counts": 18033
                    }
                },
                "worse": {
                    "raw": {
                        "avg": 1.2920559452079374,
                        "med": 1.0004892725205918,
                        "quart_1": 1.0002213026458944,
                        "quart_3": 1.00136685102801,
                        "min": 1.000000017019431,
                        "max": 3.9809308904870657,
                        "stdv": 0.7270792089988284,
                        "counts": 23939
                    },
                    "processed": {
                        "avg": 1.2908215838321981,
                        "med": 1.0004888144369892,
                        "quart_1": 1.0002211823080032,
                        "quart_3": 1.0013595633095147,
                        "min": 1.000000017019431,
                        "max": 3.9742753196333216,
                        "stdv": 0.7249629818884229,
                        "counts": 23928
                    }
                }
            }
        }
    },
    "impermanent gain, loss": {
        "gain": {
            "raw": {
                "avg": 1.000083946982839,
                "med": 1.0000093713751137,
                "quart_1": 1.0,
                "quart_3": 1.0001966295050857,
                "min": 1.0,
                "max": 1.0002816022625116,
                "stdv": 9.783854541429842e-05,
                "counts": 78
            },
            "processed": {
                "avg": 1.000083946982839,
                "med": 1.0000093713751137,
                "quart_1": 1.0,
                "quart_3": 1.0001966295050857,
                "min": 1.0,
                "max": 1.0002816022625116,
                "stdv": 9.783854541429842e-05,
                "counts": 78
            }
        },
        "loss": {
            "raw": {
                "avg": 0.5281205754239319,
                "med": 0.5080743656444422,
                "quart_1": 0.47661592068759623,
                "quart_3": 0.5246944714405304,
                "min": 0.398633896789048,
                "max": 0.9999615890312581,
                "stdv": 0.10741083126385695,
                "counts": 1599922
            },
            "processed": {
                "avg": 0.5278850418497183,
                "med": 0.5080569421894734,
                "quart_1": 0.47658931650449393,
                "quart_3": 0.5246523362243932,
                "min": 0.398633896789048,
                "max": 0.998972869200798,
                "stdv": 0.10691943486309285,
                "counts": 1599123
            }
        },
        "averages": {
            "raw": {
                "avg": 0.5281435836383639,
                "med": 0.49130197567923606,
                "quart_1": 0.4885433877233584,
                "quart_3": 0.4918053445808226,
                "min": 0.4687868976846573,
                "max": 1.0000000030275267,
                "stdv": 0.10345242657990576,
                "counts": 200000
            },
            "processed": {
                "avg": 0.5279077434293368,
                "med": 0.4913015272679377,
                "quart_1": 0.48854278011220637,
                "quart_3": 0.49180358385796663,
                "min": 0.4687868976846573,
                "max": 0.9991321091959242,
                "stdv": 0.10293938607888775,
                "counts": 199900
            }
        },
        "median": {
            "raw": {
                "avg": 0.535427276834173,
                "med": 0.5032317642052344,
                "quart_1": 0.49288678981243417,
                "quart_3": 0.5088442544868614,
                "min": 0.4706067559145751,
                "max": 1.0,
                "stdv": 0.10146241043491853,
                "counts": 200000
            },
            "processed": {
                "avg": 0.5351950834288081,
                "med": 0.5032256451009176,
                "quart_1": 0.49286024672909445,
                "quart_3": 0.5088327086337563,
                "min": 0.4706067559145751,
                "max": 0.9991827810224198,
                "stdv": 0.10095515357735281,
                "counts": 199900
            }
        },
        "monitors": {
            "BTC": {
                "gain": {
                    "raw": {
                        "avg": 1.000196629505086,
                        "med": 1.0001966295050857,
                        "quart_1": 1.0001966295050857,
                        "quart_3": 1.0001966295050857,
                        "min": 1.0001966295050857,
                        "max": 1.0001966295050857,
                        "stdv": 2.220446049250313e-16,
                        "counts": 21
                    },
                    "processed": {
                        "avg": 1.000196629505086,
                        "med": 1.0001966295050857,
                        "quart_1": 1.0001966295050857,
                        "quart_3": 1.0001966295050857,
                        "min": 1.0001966295050857,
                        "max": 1.0001966295050857,
                        "stdv": 2.220446049250313e-16,
                        "counts": 21
                    }
                },
                "loss": {
                    "raw": {
                        "avg": 0.5452124359020896,
                        "med": 0.5127518128011358,
                        "quart_1": 0.5016931013650497,