{
    "capital efficiency": {
        "better": {
            "raw": {
                "avg": 0.9828048617436849,
                "med": 0.9998706120305296,
                "quart_1": 0.9997266206922525,
                "quart_3": 0.9999399340132248,
                "min": 0.0003485386237595386,
                "max": 0.9999999921396251,
                "stdv": 0.07944208716327554,
                "counts": 78546
            },
            "processed": {
                "avg": 0.9832779676168831,
                "med": 0.9998706683691757,
                "quart_1": 0.9997270238922396,
                "quart_3": 0.9999399470042496,
                "min": 0.4031023383756914,
                "max": 0.9999999921396251,
                "stdv": 0.07655496781818426,
                "counts": 78507
            }
        },
        "worse": {
            "raw": {
                "avg": 1.0002456218443743,
                "med": 1.000111151594608,
                "quart_1": 1.000052744509384,
                "quart_3": 1.0002015392719463,
                "min": 1.0000000014367225,
                "max": 3.5201633976013222,
                "stdv": 0.009443954529174192,
                "counts": 75317
            },
            "processed": {
                "avg": 1.000174015570913,
                "med": 1.0001110917058096,
                "quart_1": 1.0000527252470066,
                "quart_3": 1.0002012701867493,
                "min": 1.0000000014367225,
                "max": 1.0424927205121208,
                "stdv": 0.0007721038425774801,
                "counts": 75280
            }
        },
        "monitors": {
            "BTC": {
                "better": {
                    "raw": {
                        "avg": 0.9894787867817917,
                        "med": 0.9998857271467473,
                        "quart_1": 0.9997919598016474,
                        "quart_3": 0.9999456515147331,
                        "min": 0.0038753027626013924,
                        "max": 0.9999999917441562,
                        "stdv": 0.06443330616162518,
                        "counts": 17537
                    },
                    "processed": {
                        "avg": 0.9899244654188928,
                        "med": 0.9998857638544296,
                        "quart_1": 0.9997920752208591,
                        "quart_3": 0.9999456685213601,
                        "min": 0.2645931835866198,
                        "max": 0.9999999917441562,
                        "stdv": 0.06097590746586927,
                        "counts": 17529
                    }
                },
                "worse": {
                    "raw": {
                        "avg": 1.136002762553246,
                        "med": 1.0001577535459796,
                        "quart_1": 1.0000698393010143,
                        "quart_3": 1.0004988583692833,
                        "min": 1.0000000097067652,
                        "max": 2.4832157505903463,
                        "stdv": 0.3471209689399354,
                        "counts": 24627
                    },
                    "processed": {
                        "avg": 1.135347330760169,
                        "med": 1.0001576739057039,
                        "quart_1": 1.0000698112241992,
                        "quart_3": 1.0004970702235991,
                        "min": 1.0000000097067652,
                        "max": 2.4786709138879,
                        "stdv": 0.34593363493156826,
                        "counts": 24615
                    }
                }
            }
        }
    },
    "impermanent gain, loss": {
        "gain": {
            "raw": {
                "avg": 1.0000839462407833,
                "med": 1.0000093713586025,
                "quart_1": 1.0,
                "quart_3": 1.0001966295050857,
                "min": 1.0,
                "max": 1.0002816022625116,
                "stdv": 9.783906443615194e-05,
                "counts": 78
            },
            "processed": {
                "avg": 1.0000839462407833,
                "med": 1.0000093713586025,
                "quart_1": 1.0,
                "quart_3": 1.0001966295050857,
                "min": 1.0,
                "max": 1.0002816022625116,
                "stdv": 9.783906443615194e-05,
                "counts": 78
            }
        },
        "loss": {
            "raw": {
                "avg": 0.7231784829195925,
                "med": 0.6971923022078221,
                "quart_1": 0.6789103947929367,
                "quart_3": 0.7361817136050531,
                "min": 0.6265648880842665,
                "max": 0.999961590550226,
                "stdv": 0.07906129698848335,
                "counts": 1599922
            },
            "processed": {
                "avg": 0.7230404100093022,
                "med": 0.6971800059908234,
                "quart_1": 0.6788922871515485,
                "quart_3": 0.7360101610867024,
                "min": 0.6265648880842665,
                "max": 0.9989713482667324,
                "stdv": 0.07883931556330065,
                "counts": 1599123
            }
        },
        "averages": {
            "raw": {
                "avg": 0.7231919820608692,
                "med": 0.6842327204451213,
                "quart_1": 0.6827759856176736,
                "quart_3": 0.7331764495202824,
                "min": 0.6767282771598238,
                "max": 1.0000000015139079,
                "stdv": 0.07707771710771395,
                "counts": 200000
            },
            "processed": {
                "avg": 0.723053714975781,
                "med": 0.684232437564674,
                "quart_1": 0.6827757026500548,
                "quart_3": 0.7331433150504317,
                "min": 0.6767282771598238,
                "max": 0.9991312062768914,
                "stdv": 0.07684862291711034,
                "counts": 199900
            }
        },
        "median": {
            "raw": {
                "avg": 0.7275581593522737,
                "med": 0.6920639163824038,
                "quart_1": 0.68704269258661,
                "quart_3": 0.7360890279656782,
                "min": 0.6746470245578056,
                "max": 1.0,
                "stdv": 0.07542359074056501,
                "counts": 200000
            },
            "processed": {
                "avg": 0.727422079591176,
                "med": 0.6920601887358278,
                "quart_1": 0.6870419011372797,
                "quart_3": 0.7360660344504606,
                "min": 0.6746470245578056,
                "max": 0.9991818757300521,
                "stdv": 0.0751965982710411,
                "counts": 199900
            }
        },
        "monitors": {
            "BTC": {
                "gain": {
                    "raw": {
                        "avg": 1.000196629505086,
                        "med": 1.0001966295050857,
                        "quart_1": 1.0001966295050857,
                        "quart_3": 1.0001966295050857,
                        "min": 1.0001966295050857,
                        "max": 1.0001966295050857,
                        "stdv": 2.220446049250313e-16,
                        "counts": 21
                    },
                    "processed": {
                        "avg": 1.000196629505086,
                        "med": 1.0001966295050857,
                        "quart_1": 1.0001966295050857,
                        "quart_3": 1.0001966295050857,
                        "min": 1.0001966295050857,
                        "max": 1.0001966295050857,
                        "stdv": 2.220446049250313e-16,
                        "counts": 21
                    }
                },
                "loss": {
                    "raw": {
                        "avg": 0.733321824473813,
                        "med": 0.6982641333579209,
                        "quart_1": 0.6924471346801998,