{
    "capital efficiency": {
        "better": {
            "raw": {
                "avg": 0.9608241995879347,
                "med": 0.9993521138740336,
                "quart_1": 0.9987924429976587,
                "quart_3": 0.9996748350827507,
                "min": 0.0017689798401300375,
                "max": 0.9999999788397365,
                "stdv": 0.14353846494585773,
                "counts": 79791
            },
            "processed": {
                "avg": 0.9612756254155221,
                "med": 0.9993524175850234,
                "quart_1": 0.9987946931667732,
                "quart_3": 0.9996749290146415,
                "min": 0.07106839877242649,
                "max": 0.9999999788397365,
                "stdv": 0.1421135931517427,
                "counts": 79752
            }
        },
        "worse": {
            "raw": {
                "avg": 1.001137297227735,
                "med": 1.0005683491293311,
                "quart_1": 1.0002722982106338,
                "quart_3": 1.0009945541108314,
                "min": 1.0000000457598095,
                "max": 5.995977430644252,
                "stdv": 0.019881115280162332,
                "counts": 74067
            },
            "processed": {
                "avg": 1.000939338921095,
                "med": 1.0005680540565616,
                "quart_1": 1.0002720640332297,
                "quart_3": 1.0009938239026066,
                "min": 1.0000000457598095,
                "max": 1.157284143024857,
                "stdv": 0.004132521787047709,
                "counts": 74030
            }
        },
        "monitors": {
            "BTC": {
                "better": {
                    "raw": {
                        "avg": 0.961646015416776,
                        "med": 0.999413648674268,
                        "quart_1": 0.9989775409068913,
                        "quart_3": 0.9997059117153753,
                        "min": 0.0034447353873025017,
                        "max": 0.9999999510919697,
                        "stdv": 0.15698102589213547,
                        "counts": 18201
                    },
                    "processed": {
                        "avg": 0.9621149441540227,
                        "med": 0.9994138065637475,
                        "quart_1": 0.9989782838275331,
                        "quart_3": 0.9997061152484547,
                        "min": 0.019510325433543026,
                        "max": 0.9999999510919697,
                        "stdv": 0.1555973043234967,
                        "counts": 18192
                    }
                },
                "worse": {
                    "raw": {
                        "avg": 1.4413091912853309,
                        "med": 1.0007745757565767,
                        "quart_1": 1.0003441768575816,
                        "quart_3": 1.0018623823492816,
                        "min": 1.0000001732602473,
                        "max": 5.108750561507644,
                        "stdv": 1.0707059970215553,
                        "counts": 23810
                    },
                    "processed": {
                        "avg": 1.4396158655974907,
                        "med": 1.0007739646475198,
                        "quart_1": 1.0003439070635882,
                        "quart_3": 1.001857141401105,
                        "min": 1.0000001732602473,
                        "max": 5.102291175178088,
                        "stdv": 1.0680518215544423,
                        "counts": 23799
                    }
                }
            }
        }
    },
    "impermanent gain, loss": {
        "gain": {
            "raw": {
                "avg": 1.000083947724264,
                "med": 1.0000093713912555,
                "quart_1": 1.0,
                "quart_3": 1.0001966295050857,
                "min": 1.0,
                "max": 1.0002816022625116,
                "stdv": 9.783802721462432e-05,
                "counts": 78
            },
            "processed": {
                "avg": 1.000083947724264,
                "med": 1.0000093713912555,
                "quart_1": 1.0,
                "quart_3": 1.0001966295050857,
                "min": 1.0,
                "max": 1.0002816022625116,
                "stdv": 9.783802721462432e-05,
                "counts": 78
            }
        },
        "loss": {
            "raw": {
                "avg": 0.46832164490409894,
                "med": 0.45970719684809846,
                "quart_1": 0.42379478315079855,
                "quart_3": 0.47808746661119017,
                "min": 0.3506400670603707,
                "max": 0.9999615875123773,
                "stdv": 0.09198032002688299,
                "counts": 1599922
            },
            "processed": {
                "avg": 0.4680562326623144,
                "med": 0.459683134517532,
                "quart_1": 0.4237679742296456,
                "quart_3": 0.47806373087165754,
                "min": 0.3506400670603707,
                "max": 0.9989743744529971,
                "stdv": 0.091233489936249,
                "counts": 1599123
            }
        },
        "averages": {
            "raw": {
                "avg": 0.4683475683163561,
                "med": 0.45029406287353096,
                "quart_1": 0.4430818078935046,
                "quart_3": 0.4512598300141524,
                "min": 0.41726801496318505,
                "max": 1.0000000045408566,
                "stdv": 0.08640254048794299,
                "counts": 200000
            },
            "processed": {
                "avg": 0.4680818150054462,
                "med": 0.45029283108309315,
                "quart_1": 0.44306622097446274,
                "quart_3": 0.4512594241801158,
                "min": 0.41726801496318505,
                "max": 0.9991330075447805,
                "stdv": 0.0856030600813384,
                "counts": 199900
            }
        },
        "median": {
            "raw": {
                "avg": 0.47633132582287113,
                "med": 0.45990286840830397,
                "quart_1": 0.4447982941468228,
                "quart_3": 0.46657770207427773,
                "min": 0.4179299878850058,
                "max": 1.0,
                "stdv": 0.08491366798348601,
                "counts": 200000
            },
            "processed": {
                "avg": 0.47606956951507357,
                "med": 0.45989822767094535,
                "quart_1": 0.44479432793022283,
                "quart_3": 0.4665637526572303,
                "min": 0.4179299878850058,
                "max": 0.9991836808170165,
                "stdv": 0.08412434381532403,
                "counts": 199900
            }
        },
        "monitors": {
            "BTC": {
                "gain": {
                    "raw": {
                        "avg": 1.000196629505086,
                        "med": 1.0001966295050857,
                        "quart_1": 1.0001966295050857,
                        "quart_3": 1.0001966295050857,
                        "min": 1.0001966295050857,
                        "max": 1.0001966295050857,
                        "stdv": 2.220446049250313e-16,
                        "counts": 21
                    },
                    "processed": {
                        "avg": 1.000196629505086,
                        "med": 1.0001966295050857,
                        "quart_1": 1.0001966295050857,
                        "quart_3": 1.0001966295050857,
                        "min": 1.0001966295050857,
                        "max": 1.0001966295050857,
                        "stdv": 2.220446049250313e-16,
                        "counts": 21
                    }
                },
                "loss": {
                    "raw": {
                        "avg": 0.4872416670603488,
                        "med": 0.470319062735854,
                        "quart_1": 0.4565221838031245,