{
    "capital efficiency": {
        "better": {
            "raw": {
                "avg": 0.9542459350131037,
                "med": 0.9920562802427272,
                "quart_1": 0.9863666689138461,
                "quart_3": 0.995948067739612,
                "min": 0.02561130654640938,
                "max": 0.9999993321659227,
                "stdv": 0.14355949240414845,
                "counts": 69589
            },
            "processed": {
                "avg": 0.954697973007294,
                "med": 0.9920591153352014,
                "quart_1": 0.9863853024879663,
                "quart_3": 0.995949512747893,
                "min": 0.03202114701266054,
                "max": 0.9999993321659227,
                "stdv": 0.1421308344384216,
                "counts": 69555
            }
        },
        "worse": {
            "raw": {
                "avg": 1.0416904805800482,
                "med": 1.006274428274461,
                "quart_1": 1.0031405694190465,
                "quart_3": 1.0118614097080765,
                "min": 1.000000728962716,
                "max": 132.410002265626,
                "stdv": 0.9952141742135208,
                "counts": 82717
            },
            "processed": {
                "avg": 1.0256015561448484,
                "med": 1.0062670649596528,
                "quart_1": 1.0031391549588895,
                "quart_3": 1.0118517177540727,
                "min": 1.000000728962716,
                "max": 10.194841650708344,
                "stdv": 0.24472611248559545,
                "counts": 82676
            }
        },
        "monitors": {
            "BTC, ETH": {
                "better": {
                    "raw": {
                        "avg": 0.9930574653971994,
                        "med": 0.9936620750595586,
                        "quart_1": 0.9902442527904811,
                        "quart_3": 0.9966444831006094,
                        "min": 0.9405307922657175,
                        "max": 0.9999770572988496,
                        "stdv": 0.00481393351447825,
                        "counts": 2045
                    },
                    "processed": {
                        "avg": 0.9930831633781836,
                        "med": 0.9936639432867689,
                        "quart_1": 0.9902462460144519,
                        "quart_3": 0.9966447539030627,
                        "min": 0.9711811257791036,
                        "max": 0.9999770572988496,
                        "stdv": 0.004672772581680083,
                        "counts": 2044
                    }
                },
                "worse": {
                    "raw": {
                        "avg": 1.007920983972491,
                        "med": 1.006063543875443,
                        "quart_1": 1.0030987069463813,
                        "quart_3": 1.0113725853744409,
                        "min": 1.0000067176234617,
                        "max": 1.0580542755974243,
                        "stdv": 0.006510335530275247,
                        "counts": 2951
                    },
                    "processed": {
                        "avg": 1.0079039896363469,
                        "med": 1.00606109942732,
                        "quart_1": 1.003096291691594,
                        "quart_3": 1.011361206854564,
                        "min": 1.0000067176234617,
                        "max": 1.0512345598528763,
                        "stdv": 0.006445662535064642,
                        "counts": 2950
                    }
                }
            }
        }
    },
    "impermanent gain, loss": {
        "gain": {
            "raw": {
                "avg": 2.460134918417501,
                "med": 1.0043152817596834,
                "quart_1": 1.001005310396687,
                "quart_3": 1.0111812658519839,
                "min": 1.0,
                "max": 101.65957865238555,
                "stdv": 5.922134718053404,
                "counts": 7252018
            },
            "processed": {
                "avg": 2.4171763615438344,
                "med": 1.0043108842755784,
                "quart_1": 1.001003636654814,
                "quart_3": 1.0111465858055637,
                "min": 1.0,
                "max": 80.97666537159584,
                "stdv": 5.601953281115678,
                "counts": 7248392
            }
        },
        "loss": {
            "raw": {
                "avg": 0.8368010979370305,
                "med": 0.9954185441635205,
                "quart_1": 0.9876172142724274,
                "quart_3": 0.9987209415789701,
                "min": 0.0410309166365001,
                "max": 0.9999999999999998,
                "stdv": 0.2995355862310215,
                "counts": 7147766
            },
            "processed": {
                "avg": 0.837186043729612,
                "med": 0.9954227245542646,
                "quart_1": 0.9876641222606984,
                "quart_3": 0.9987215176575904,
                "min": 0.07081679863638289,
                "max": 0.9999999999999998,
                "stdv": 0.29911535530059713,
                "counts": 7144193
            }
        },
        "averages": {
            "raw": {
                "avg": 1.6543443392897474,
                "med": 1.3175601916534998,
                "quart_1": 1.0463978475706834,
                "quart_3": 1.7751855073124048,
                "min": 0.9574604217692018,
                "max": 6.418426641719559,
                "stdv": 0.8997226255891101,
                "counts": 199997
            },
            "processed": {
                "avg": 1.6520035930304977,
                "med": 1.3173163221793183,
                "quart_1": 1.04630801198137,
                "quart_3": 1.7746094166740787,
                "min": 0.9574604217692018,
                "max": 6.307678421710693,
                "stdv": 0.8937741916666319,
                "counts": 199898
            }
        },
        "median": {
            "raw": {
                "avg": 0.9999722575579055,
                "med": 1.0000000000000004,
                "quart_1": 0.9999115666576708,
                "quart_3": 1.0000322176385938,
                "min": 0.9971766723688149,
                "max": 1.0006543027553558,
                "stdv": 0.00014219869945276752,
                "counts": 199997
            },
            "processed": {
                "avg": 0.999973125536119,
                "med": 1.0000000000000004,
                "quart_1": 0.999911816975612,
                "quart_3": 1.0000322176385938,
                "min": 0.9985908594895985,
                "max": 1.0006543027553558,
                "stdv": 0.00013656756429668345,
                "counts": 199898
            }
        },
        "monitors": {
            "BTC, ETH": {
                "gain": {
                    "raw": {
                        "avg": 1.0037892109613633,
                        "med": 1.0028316474443282,
                        "quart_1": 1.0004672638833194,
                        "quart_3": 1.006075367825413,
                        "min": 1.0,
                        "max": 1.0427384686852013,
                        "stdv": 0.0038473085594034066,
                        "counts": 203633
                    },
                    "processed": {
                        "avg": 1.0037733390724455,
                        "med": 1.0028308081885113,
                        "quart_1": 1.0004667001978886,
                        "quart_3": 1.0060738808980272,
                        "min": 1.0,
                        "max": 1.0287980120227203,
                        "stdv": 0.0037807460611237395,
                        "counts": 203532
                    }
                },
                "loss": {
                    "raw": {
                        "avg": 0.9962214360735917,
                        "med": 0.9970696816690681,
                        "quart_1": 0.994033943177115,