{
    "capital efficiency": {
        "better": {
            "raw": {
                "avg": 0.9709923790163008,
                "med": 0.9994636475760026,
                "quart_1": 0.9990444188926255,
                "quart_3": 0.999723023819039,
                "min": 0.009875052549646785,
                "max": 0.9999999733337218,
                "stdv": 0.1313821236430158,
                "counts": 70630
            },
            "processed": {
                "avg": 0.971466042919208,
                "med": 0.9994640738748373,
                "quart_1": 0.9990457082554273,
                "quart_3": 0.9997231193512118,
                "min": 0.019035041711452195,
                "max": 0.9999999733337218,
                "stdv": 0.12968062036923217,
                "counts": 70595
            }
        },
        "worse": {
            "raw": {
                "avg": 1.1169439222277842,
                "med": 1.000408052280052,
                "quart_1": 1.000207712635905,
                "quart_3": 1.0007717439593513,
                "min": 1.0000000405965572,
                "max": 1213.134616255032,
                "stdv": 8.28786321357908,
                "counts": 82262
            },
            "processed": {
                "avg": 1.00907933391751,
                "med": 1.000407767717032,
                "quart_1": 1.000207636856223,
                "quart_3": 1.0007710790894309,
                "min": 1.0000000405965572,
                "max": 9.822441519083934,
                "stdv": 0.1757084089384722,
                "counts": 82221
            }
        },
        "monitors": {
            "BTC, ETH": {
                "better": {
                    "raw": {
                        "avg": 0.9995301854035546,
                        "med": 0.9995651312114863,
                        "quart_1": 0.9993420698824469,
                        "quart_3": 0.9997729285547012,
                        "min": 0.9956566363009253,
                        "max": 0.9999998560298513,
                        "stdv": 0.00032117327895537525,
                        "counts": 2043
                    },
                    "processed": {
                        "avg": 0.9995320823423904,
                        "med": 0.9995654575090794,
                        "quart_1": 0.999342208528335,
                        "quart_3": 0.9997729431214725,
                        "min": 0.9979555805033323,
                        "max": 0.9999998560298513,
                        "stdv": 0.0003095986213291506,
                        "counts": 2042
                    }
                },
                "worse": {
                    "raw": {
                        "avg": 1.0005260635962907,
                        "med": 1.0004050680446224,
                        "quart_1": 1.0002096463841808,
                        "quart_3": 1.0007515339612207,
                        "min": 1.0000001253198854,
                        "max": 1.0039878283590775,
                        "stdv": 0.00042922663281277343,
                        "counts": 2974
                    },
                    "processed": {
                        "avg": 1.0005248991950924,
                        "med": 1.0004047899461743,
                        "quart_1": 1.0002096463841808,
                        "quart_3": 1.0007509507450814,
                        "min": 1.0000001253198854,
                        "max": 1.0032177533892117,
                        "stdv": 0.0004245765337456631,
                        "counts": 2973
                    }
                }
            }
        }
    },
    "impermanent gain, loss": {
        "gain": {
            "raw": {
                "avg": 2.575405103275314,
                "med": 1.004246884265497,
                "quart_1": 1.0009196332821608,
                "quart_3": 1.0110432577399853,
                "min": 1.0,
                "max": 113.26104412182517,
                "stdv": 6.632182877336742,
                "counts": 7333569
            },
            "processed": {
                "avg": 2.529079071607033,
                "med": 1.0042433280101548,
                "quart_1": 1.0009186042206129,
                "quart_3": 1.0110081942927096,
                "min": 1.0,
                "max": 86.03155478728446,
                "stdv": 6.300142094174838,
                "counts": 7329903
            }
        },
        "loss": {
            "raw": {
                "avg": 0.7938356411030718,
                "med": 0.995435538725362,
                "quart_1": 0.9876076061940925,
                "quart_3": 0.998693472424783,
                "min": 0.0030363308396718974,
                "max": 0.9999999999999998,
                "stdv": 0.3751868754039903,
                "counts": 7066215
            },
            "processed": {
                "avg": 0.7942287029328554,
                "med": 0.9954375149477385,
                "quart_1": 0.9876644859547798,
                "quart_3": 0.9986951730674545,
                "min": 0.008932801245237766,
                "max": 0.9999999999999998,
                "stdv": 0.37486878009461166,
                "counts": 7062682
            }
        },
        "averages": {
            "raw": {
                "avg": 1.7011591522846452,
                "med": 1.2432845775786134,
                "quart_1": 1.063072862505228,
                "quart_3": 1.8633870693308472,
                "min": 0.9824302751248664,
                "max": 7.028746134308652,
                "stdv": 1.0566545334897879,
                "counts": 199997
            },
            "processed": {
                "avg": 1.6985612437879858,
                "med": 1.243123164797297,
                "quart_1": 1.0629977816725291,
                "quart_3": 1.8611650375783406,
                "min": 0.9824302751248664,
                "max": 6.909198150228024,
                "stdv": 1.0504460909317406,
                "counts": 199898
            }
        },
        "median": {
            "raw": {
                "avg": 1.0000102380153804,
                "med": 1.0000134391089701,
                "quart_1": 0.9999592795666794,
                "quart_3": 1.000065103007327,
                "min": 0.9981368367343424,
                "max": 1.0006365132008221,
                "stdv": 0.0001322488400392194,
                "counts": 199997
            },
            "processed": {
                "avg": 1.0000108065936035,
                "med": 1.000013439421089,
                "quart_1": 0.9999594410203538,
                "quart_3": 1.0000651927914244,
                "min": 0.9990744982013537,
                "max": 1.0006365132008221,
                "stdv": 0.00012971570908433186,
                "counts": 199898
            }
        },
        "monitors": {
            "BTC, ETH": {
                "gain": {
                    "raw": {
                        "avg": 1.0036903558660157,
                        "med": 1.0027494515888071,
                        "quart_1": 1.0005082321563372,
                        "quart_3": 1.0058724930257752,
                        "min": 1.0,
                        "max": 1.042852787613252,
                        "stdv": 0.0037496485128655564,
                        "counts": 212756
                    },
                    "processed": {
                        "avg": 1.0036768082701648,
                        "med": 1.0027494515888071,
                        "quart_1": 1.0005082321563372,
                        "quart_3": 1.0058616777078981,
                        "min": 1.0,
                        "max": 1.0250302965441442,
                        "stdv": 0.003698985134339533,
                        "counts": 212650
                    }
                },
                "loss": {
                    "raw": {
                        "avg": 0.9962275217165916,
                        "med": 0.9970027579092148,