{
    "capital efficiency": {
        "better": {
            "raw": {
                "avg": 0.964066935822999,
                "med": 0.9973264163457951,
                "quart_1": 0.9952920263390486,
                "quart_3": 0.9986315059840782,
                "min": 0.018369375356546366,
                "max": 0.9999999919128916,
                "stdv": 0.1370683385272126,
                "counts": 70206
            },
            "processed": {
                "avg": 0.9645364069652868,
                "med": 0.9973279693941933,
                "quart_1": 0.9952995017855958,
                "quart_3": 0.9986318993632423,
                "min": 0.02605017048004898,
                "max": 0.9999999919128916,
                "stdv": 0.13548060363418674,
                "counts": 70171
            }
        },
        "worse": {
            "raw": {
                "avg": 1.040170303388523,
                "med": 1.0020615359495233,
                "quart_1": 1.001043642121927,
                "quart_3": 1.003899596497709,
                "min": 1.0000000365578572,
                "max": 289.2696841496947,
                "stdv": 1.923959152166376,
                "counts": 82440
            },
            "processed": {
                "avg": 1.01352376844194,
                "med": 1.0020603256518457,
                "quart_1": 1.0010431591360371,
                "quart_3": 1.0038964710126528,
                "min": 1.0000000365578572,
                "max": 9.189762358257072,
                "stdv": 0.1891795949901009,
                "counts": 82399
            }
        },
        "monitors": {
            "BTC, ETH": {
                "better": {
                    "raw": {
                        "avg": 0.9976500193070786,
                        "med": 0.9978248253935414,
                        "quart_1": 0.9966772491463421,
                        "quart_3": 0.9988784685632911,
                        "min": 0.9788614078763475,
                        "max": 0.9999980323208205,
                        "stdv": 0.0016031387594845898,
                        "counts": 2035
                    },
                    "processed": {
                        "avg": 0.9976592565791687,
                        "med": 0.9978251182887303,
                        "quart_1": 0.9966775285496049,
                        "quart_3": 0.9988788766304355,
                        "min": 0.9899623146851485,
                        "max": 0.9999980323208205,
                        "stdv": 0.0015484432781468947,
                        "counts": 2034
                    }
                },
                "worse": {
                    "raw": {
                        "avg": 1.0026642572287956,
                        "med": 1.0020358231616455,
                        "quart_1": 1.0010541608942611,
                        "quart_3": 1.0038277841042929,
                        "min": 1.0000025448160552,
                        "max": 1.01976709149088,
                        "stdv": 0.0021813915009994637,
                        "counts": 2986
                    },
                    "processed": {
                        "avg": 1.002658527636078,
                        "med": 1.002033811354607,
                        "quart_1": 1.0010541608942611,
                        "quart_3": 1.0038261574054261,
                        "min": 1.0000025448160552,
                        "max": 1.0167933918735954,
                        "stdv": 0.002159175283456518,
                        "counts": 2985
                    }
                }
            }
        }
    },
    "impermanent gain, loss": {
        "gain": {
            "raw": {
                "avg": 2.608415329159688,
                "med": 1.0042584209295908,
                "quart_1": 1.0009405143951133,
                "quart_3": 1.0110648287024924,
                "min": 1.0,
                "max": 117.38677467827966,
                "stdv": 6.883876419240981,
                "counts": 7323521
            },
            "processed": {
                "avg": 2.559067285044633,
                "med": 1.0042542668396213,
                "quart_1": 1.0009383171271946,
                "quart_3": 1.0110359090827359,
                "min": 1.0,
                "max": 93.09246507956604,
                "stdv": 6.520638110481099,
                "counts": 7319860
            }
        },
        "loss": {
            "raw": {
                "avg": 0.8149785796940062,
                "med": 0.9954102206882165,
                "quart_1": 0.9874856728899941,
                "quart_3": 0.9986560647255928,
                "min": 0.0146563710867665,
                "max": 0.9999999999999998,
                "stdv": 0.33722491997619264,
                "counts": 7076263
            },
            "processed": {
                "avg": 0.8153717065355939,
                "med": 0.9954147613172512,
                "quart_1": 0.987528673376177,
                "quart_3": 0.9986565587118873,
                "min": 0.03126010638109222,
                "max": 0.9999999999999998,
                "stdv": 0.33685074306619245,
                "counts": 7072725
            }
        },
        "averages": {
            "raw": {
                "avg": 1.7270944626048588,
                "med": 1.3089187750246576,
                "quart_1": 1.057942961588392,
                "quart_3": 1.735935871547345,
                "min": 0.9653728870705081,
                "max": 7.1129949529776155,
                "stdv": 1.0818712805322992,
                "counts": 199997
            },
            "processed": {
                "avg": 1.7244723790435783,
                "med": 1.3088030617027682,
                "quart_1": 1.057879374378107,
                "quart_3": 1.7334727329755268,
                "min": 0.9653728870705081,
                "max": 6.989958786557328,
                "stdv": 1.075702280702684,
                "counts": 199898
            }
        },
        "median": {
            "raw": {
                "avg": 1.0000100481204857,
                "med": 1.0000116702235002,
                "quart_1": 0.9999590088622434,
                "quart_3": 1.0000557702382888,
                "min": 0.9974678232371996,
                "max": 1.0008025172745736,
                "stdv": 0.00013074453470273065,
                "counts": 199997
            },
            "processed": {
                "avg": 1.0000107649102894,
                "med": 1.0000117009583067,
                "quart_1": 0.999959114585705,
                "quart_3": 1.0000558287846193,
                "min": 0.9989114289165435,
                "max": 1.0008025172745736,
                "stdv": 0.00012649609950354904,
                "counts": 199898
            }
        },
        "monitors": {
            "BTC, ETH": {
                "gain": {
                    "raw": {
                        "avg": 1.0036575983248979,
                        "med": 1.0027449259793286,
                        "quart_1": 1.0003379454466172,
                        "quart_3": 1.0059002860890114,
                        "min": 1.0,
                        "max": 1.0426877978368092,
                        "stdv": 0.0038008939775975186,
                        "counts": 211141
                    },
                    "processed": {
                        "avg": 1.0036440465821388,
                        "med": 1.0027437274400746,
                        "quart_1": 1.0003379454466172,
                        "quart_3": 1.0058925687544626,
                        "min": 1.0,
                        "max": 1.0247426547600849,
                        "stdv": 0.0037508440381012,
                        "counts": 211036
                    }
                },
                "loss": {
                    "raw": {
                        "avg": 0.9961519680320604,
                        "med": 0.9968932846127782,