{
    "cap_eff": {
        "avg": 1.0370239947506381e-14,
        "med": 1.3322676295501878e-15,
        "quart_1": 4.440892098500626e-16,
        "quart_3": 3.3306690738754696e-15,
        "min": 0.0,
        "max": 1.3451462166358397e-11,
        "stdv": 1.1976248258476303e-13
    },
    "imp_gain": {
        "avg": 0.0012019858543108096,
        "med": 0.0015352584388517165,
        "quart_1": 0.0007466218185243623,
        "quart_3": 0.0016264725802568325,
        "min": 0.0005661766608215935,
        "max": 0.0016264725802568325,
        "stdv": 0.0004650329999138185
    },
    "imp_loss": {
        "avg": 0.938093823243272,
        "med": 0.9893619960024496,
        "quart_1": 0.9667118092191147,
        "quart_3": 0.9992794840785789,
        "min": 0.0,
        "max": 0.9999999907637082,
        "stdv": 0.16666712395032696
    },
    "price_imp": {
        "avg": 1.036811717262022e-14,
        "med": 1.286320954057192e-15,
        "quart_1": 4.682728231448344e-16,
        "quart_3": 3.302354975229217e-15,
        "min": 0.0,
        "max": 1.3451357498984632e-11,
        "stdv": 1.1976249053105276e-13
    },
    "proc_cap_eff": {
        "avg": 8.347821568781106e-15,
        "med": 1.3322676295501878e-15,
        "quart_1": 4.440892098500626e-16,
        "quart_3": 3.3306690738754696e-15,
        "min": 0.0,
        "max": 1.8790524691780774e-12,
        "stdv": 4.5181210682102655e-14
    },
    "proc_imp_gain": {
        "avg": 0.0012019858543108096,
        "med": 0.0015352584388517165,
        "quart_1": 0.0007466218185243623,
        "quart_3": 0.0016264725802568325,
        "min": 0.0005661766608215935,
        "max": 0.0016264725802568325,
        "stdv": 0.0004650329999138185
    },
    "proc_imp_loss": {
        "avg": 0.9385592029558396,
        "med": 0.9893720550907237,
        "quart_1": 0.9667607770330408,
        "quart_3": 0.9992810136958721,
        "min": 0.005779705372709887,
        "max": 0.9999999907637082,
        "stdv": 0.16539770881282145
    },
    "proc_price_imp": {
        "avg": 8.345696615918734e-15,
        "med": 1.2851812801511172e-15,
        "quart_1": 4.67974846914859e-16,
        "quart_3": 3.295571179370085e-15,
        "min": 0.0,
        "max": 1.8790937998393945e-12,
        "stdv": 4.518167417422033e-14
    }
}