{
    "cap_eff": {
        "avg": 0.021511335452287107,
        "med": 0.0005408693042361357,
        "quart_1": 0.00026342058657236045,
        "quart_3": 0.0009636406356861027,
        "min": 2.1622222012851466e-08,
        "max": 53.28673438230199,
        "stdv": 0.2625119885196827
    },
    "imp_gain": {
        "avg": 0.0015843737457621636,
        "med": 0.0016264725802568325,
        "quart_1": 0.0015352584388517165,
        "quart_3": 0.0016264725802568325,
        "min": 0.0015352584388517165,
        "max": 0.0016264725802568325,
        "stdv": 4.5471938344189586e-05
    },
    "imp_loss": {
        "avg": 0.48353936660972463,
        "med": 0.47798871476404003,
        "quart_1": 0.4522792174753989,
        "quart_3": 0.5406115267854906,
        "min": 0.0,
        "max": 0.686040619824185,
        "stdv": 0.09101367965417113
    },
    "price_imp": {
        "avg": 0.015457311084098863,
        "med": 0.0007812033200778305,
        "quart_1": 0.00046525423455597443,
        "quart_3": 0.0011253882034517157,
        "min": 1.5555300309423948e-07,
        "max": 61.44122528001755,
        "stdv": 0.49116573285160803
    },
    "proc_cap_eff": {
        "avg": 0.01903848709480428,
        "med": 0.0005405911446860756,
        "quart_1": 0.0002632500944095839,
        "quart_3": 0.0009625291448936979,
        "min": 2.1622222012851466e-08,
        "max": 0.9599017262375815,
        "stdv": 0.11186540548974098
    },
    "proc_imp_gain": {
        "avg": 0.0015843737457621636,
        "med": 0.0016264725802568325,
        "quart_1": 0.0015352584388517165,
        "quart_3": 0.0016264725802568325,
        "min": 0.0015352584388517165,
        "max": 0.0016264725802568325,
        "stdv": 4.5471938344189586e-05
    },
    "proc_imp_loss": {
        "avg": 0.4837783515390066,
        "med": 0.47802275804372685,
        "quart_1": 0.45234808719369735,
        "quart_3": 0.5406253628953364,
        "min": 0.006314417626936963,
        "max": 0.686040619824185,
        "stdv": 0.09040427140099815
    },
    "proc_price_imp": {
        "avg": 0.006595757869608497,
        "med": 0.000780964357023748,
        "quart_1": 0.00046504576472628726,
        "quart_3": 0.0011244681494643727,
        "min": 1.5555300309423948e-07,
        "max": 7.968302603833825,
        "stdv": 0.13809813774071847
    }
}