{
    "cap_eff": {
        "avg": 0.026907335063607832,
        "med": 0.00014438097054891852,
        "quart_1": 7.169344897595131e-05,
        "quart_3": 0.0002691406494637061,
        "min": 4.599226333112938e-09,
        "max": 158.99978293178276,
        "stdv": 0.745229235914404
    },
    "imp_gain": {
        "avg": 0.0015843737457621636,
        "med": 0.0016264725802568325,
        "quart_1": 0.0015352584388517165,
        "quart_3": 0.0016264725802568325,
        "min": 0.0015352584388517165,
        "max": 0.0016264725802568325,
        "stdv": 4.5471938344189586e-05
    },
    "imp_loss": {
        "avg": 0.5795013625362545,
        "med": 0.5497299331042611,
        "quart_1": 0.46701109432167287,
        "quart_3": 0.7120208631010048,
        "min": 0.0,
        "max": 0.8958182608202694,
        "stdv": 0.15150966382410314
    },
    "price_imp": {
        "avg": 0.031364941291967804,
        "med": 0.00022673831977918158,
        "quart_1": 0.0001364647115326028,
        "quart_3": 0.0003473622330689331,
        "min": 9.407867958153262e-09,
        "max": 262.2421923894765,
        "stdv": 1.7050575029058541
    },
    "proc_cap_eff": {
        "avg": 0.02037668400904155,
        "med": 0.000144316441204273,
        "quart_1": 7.16642612384466e-05,
        "quart_3": 0.0002689178152639471,
        "min": 4.599226333112938e-09,
        "max": 0.9526221931824443,
        "stdv": 0.11099124784594573
    },
    "proc_imp_gain": {
        "avg": 0.0015843737457621636,
        "med": 0.0016264725802568325,
        "quart_1": 0.0015352584388517165,
        "quart_3": 0.0016264725802568325,
        "min": 0.0015352584388517165,
        "max": 0.0016264725802568325,
        "stdv": 4.5471938344189586e-05
    },
    "proc_imp_loss": {
        "avg": 0.5797881528096968,
        "med": 0.5498133189755374,
        "quart_1": 0.467062215749658,
        "quart_3": 0.7120685008118575,
        "min": 0.006602303914627128,
        "max": 0.8958182608202694,
        "stdv": 0.15100152527798627
    },
    "proc_price_imp": {
        "avg": 0.003502583980162999,
        "med": 0.00022664875242805265,
        "quart_1": 0.00013640416635192382,
        "quart_3": 0.00034702661392611476,
        "min": 9.407867958153262e-09,
        "max": 10.021286951435219,
        "stdv": 0.13587270910889324
    }
}