{
    "cap_eff": {
        "avg": 0.031139653102139963,
        "med": 0.0028762649230384962,
        "quart_1": 0.0018461374623489624,
        "quart_3": 0.004483506790363134,
        "min": 2.6400160946238316e-08,
        "max": 63.23962517738488,
        "stdv": 0.32526791184532877
    },
    "imp_gain": {
        "avg": 1.961340458101868,
        "med": 0.0010909651811137344,
        "quart_1": 5.870532252139071e-05,
        "quart_3": 0.8741186346783083,
        "min": 2.220446049250313e-16,
        "max": 111.26451358476038,
        "stdv": 5.429591287933819
    },
    "imp_loss": {
        "avg": 0.18003641444281365,
        "med": 9.182326468948343e-05,
        "quart_1": 0.0,
        "quart_3": 0.0063423899577088605,
        "min": 0.0,
        "max": 0.9302257909736029,
        "stdv": 0.321052029983063
    },
    "price_imp": {
        "avg": 0.057031214796936465,
        "med": 0.00520546332847373,
        "quart_1": 0.0035276849408013918,
        "quart_3": 0.0072135111224753004,
        "min": 2.4387976380282557e-06,
        "max": 74.25962991222539,
        "stdv": 0.9315340781583168
    },
    "proc_cap_eff": {
        "avg": 0.02695708662502721,
        "med": 0.002875518297413393,
        "quart_1": 0.0018456773161938944,
        "quart_3": 0.004477766954774809,
        "min": 2.6400160946238316e-08,
        "max": 3.773139181481727,
        "stdv": 0.1430890379843454
    },
    "proc_imp_gain": {
        "avg": 1.9196191489520453,
        "med": 0.0010862466023930928,
        "quart_1": 5.87001537801779e-05,
        "quart_3": 0.8686242661345325,
        "min": 2.220446049250313e-16,
        "max": 72.51429273764401,
        "stdv": 5.0940571108068955
    },
    "proc_imp_loss": {
        "avg": 0.17966326257686885,
        "med": 9.12403749907531e-05,
        "quart_1": 0.0,
        "quart_3": 0.006257865721665312,
        "min": 0.0,
        "max": 0.9233518875049653,
        "stdv": 0.32069830264260213
    },
    "proc_price_imp": {
        "avg": 0.04132144759443548,
        "med": 0.0052035787857834075,
        "quart_1": 0.0035267116966930844,
        "quart_3": 0.007209856949928591,
        "min": 2.4387976380282557e-06,
        "max": 20.98846668823961,
        "stdv": 0.5506331236938224
    }
}