{
    "cap_eff": {
        "avg": 3.61256450340267e-14,
        "med": 1.587618925213974e-14,
        "quart_1": 7.327471962526033e-15,
        "quart_3": 2.930988785010413e-14,
        "min": 0.0,
        "max": 5.446498807515354e-11,
        "stdv": 4.369857786073309e-13
    },
    "imp_gain": {
        "avg": 0.13286119286169154,
        "med": 0.09681802002397766,
        "quart_1": 0.04228260254108074,
        "quart_3": 0.18332037751076968,
        "min": 2.6130450432315655e-06,
        "max": 0.5481618452323489,
        "stdv": 0.11705954565049763
    },
    "imp_loss": {
        "avg": 0.09833392999219072,
        "med": 0.054167697543312965,
        "quart_1": 0.0,
        "quart_3": 0.14616368130188995,
        "min": 0.0,
        "max": 0.5601488113354176,
        "stdv": 0.1201851916343913
    },
    "price_imp": {
        "avg": 3.6125013231958644e-14,
        "med": 1.5894636638530883e-14,
        "quart_1": 7.312192475519138e-15,
        "quart_3": 2.924893296225685e-14,
        "min": 0.0,
        "max": 5.44649742228648e-11,
        "stdv": 4.369855373156261e-13
    },
    "proc_cap_eff": {
        "avg": 2.922547071145205e-14,
        "med": 1.587618925213974e-14,
        "quart_1": 7.327471962526033e-15,
        "quart_3": 2.919886554764162e-14,
        "min": 0.0,
        "max": 4.565459121863569e-12,
        "stdv": 9.70935660984257e-14
    },
    "proc_imp_gain": {
        "avg": 0.132659465058957,
        "med": 0.0967292685285519,
        "quart_1": 0.04223225650931273,
        "quart_3": 0.18316536176749842,
        "min": 2.6130450432315655e-06,
        "max": 0.5200527837005793,
        "stdv": 0.11673999375838409
    },
    "proc_imp_loss": {
        "avg": 0.0981115563168949,
        "med": 0.05411624284130845,
        "quart_1": 0.0,
        "quart_3": 0.14588496384430794,
        "min": 0.0,
        "max": 0.5272810917089141,
        "stdv": 0.11980237278139527
    },
    "proc_price_imp": {
        "avg": 2.922484527939552e-14,
        "med": 1.5885399625238548e-14,
        "quart_1": 7.305363056055946e-15,
        "quart_3": 2.921760508842913e-14,
        "min": 0.0,
        "max": 4.5654385606185995e-12,
        "stdv": 9.709355407888674e-14
    }
}