{
    "cap_eff": {
        "avg": 0.0008453894701264457,
        "med": 0.0006931731407440189,
        "quart_1": 0.00036888751348673754,
        "quart_3": 0.0011259788852027164,
        "min": 1.0760935476028521e-08,
        "max": 0.08671304093688614,
        "stdv": 0.0008400449706125632
    },
    "imp_gain": {
        "avg": 0.0008216877358227967,
        "med": 0.0005066078225368642,
        "quart_1": 0.00014797548641087843,
        "quart_3": 0.0012143312622141522,
        "min": 4.440892098500626e-16,
        "max": 0.009892018730053742,
        "stdv": 0.0009047239977179127
    },
    "imp_loss": {
        "avg": 0.0008359785357644647,
        "med": 0.0005294771313318902,
        "quart_1": 0.00016042559700291115,
        "quart_3": 0.0012378091754168263,
        "min": 0.0,
        "max": 0.014114669686493886,
        "stdv": 0.0009045399981503355
    },
    "price_imp": {
        "avg": 0.0012351862072785963,
        "med": 0.001144727692864414,
        "quart_1": 0.0007428419876537883,
        "quart_3": 0.001589007103206224,
        "min": 0.0,
        "max": 0.01107122529459115,
        "stdv": 0.0007347924260116933
    },
    "proc_cap_eff": {
        "avg": 0.0008383529616011692,
        "med": 0.0006928823581833221,
        "quart_1": 0.0003687432435436344,
        "quart_3": 0.001125171854905016,
        "min": 1.0760935476028521e-08,
        "max": 0.005998584443390298,
        "stdv": 0.0006679558032129988
    },
    "proc_imp_gain": {
        "avg": 0.0008182312978542623,
        "med": 0.0005060223192681068,
        "quart_1": 0.00014784322314298493,
        "quart_3": 0.0012132524910510867,
        "min": 4.440892098500626e-16,
        "max": 0.006904142060151663,
        "stdv": 0.0008915035530842692
    },
    "proc_imp_loss": {
        "avg": 0.0008325945164012429,
        "med": 0.000528930571258468,
        "quart_1": 0.00016029970957709416,
        "quart_3": 0.001236679936330476,
        "min": 0.0,
        "max": 0.006652778896769962,
        "stdv": 0.0008914729059657767
    },
    "proc_price_imp": {
        "avg": 0.0012325609453091829,
        "med": 0.0011444433368148392,
        "quart_1": 0.0007425383513728892,
        "quart_3": 0.0015884280005812714,
        "min": 0.0,
        "max": 0.005974468568124134,
        "stdv": 0.0007251103159526971
    }
}