{
    "cap_eff": {
        "avg": 0.0012676625652112584,
        "med": 0.0010403529711877635,
        "quart_1": 0.0005534321706422984,
        "quart_3": 0.001688538457534139,
        "min": 3.855077812531249e-09,
        "max": 0.1250372439548546,
        "stdv": 0.001247303591603402
    },
    "imp_gain": {
        "avg": 0.0008285851710180495,
        "med": 0.0005184657013683758,
        "quart_1": 0.00015274478576032813,
        "quart_3": 0.001224617862709998,
        "min": 1.9984014443252818e-15,
        "max": 0.010299908928097068,
        "stdv": 0.0009063271863041195
    },
    "imp_loss": {
        "avg": 0.0008286602294147519,
        "med": 0.0005187985616091906,
        "quart_1": 0.00015480565259062828,
        "quart_3": 0.0012297959498008826,
        "min": 0.0,
        "max": 0.014092091435537024,
        "stdv": 0.0009028302507997542
    },
    "price_imp": {
        "avg": 0.0018511913120855632,
        "med": 0.0017161234132531385,
        "quart_1": 0.0011131748142895856,
        "quart_3": 0.002382255232295836,
        "min": 1.5293736149662865e-07,
        "max": 0.016584941420506403,
        "stdv": 0.0011014587871998516
    },
    "proc_cap_eff": {
        "avg": 0.0012573491677129885,
        "med": 0.0010398306451058215,
        "quart_1": 0.0005532300768668619,
        "quart_3": 0.0016870998565633455,
        "min": 3.855077812531249e-09,
        "max": 0.008939650709873126,
        "stdv": 0.0010010019922458216
    },
    "proc_imp_gain": {
        "avg": 0.0008251267031256527,
        "med": 0.0005181560315252742,
        "quart_1": 0.00015261127904064864,
        "quart_3": 0.0012234240067727775,
        "min": 1.9984014443252818e-15,
        "max": 0.006901497544518076,
        "stdv": 0.0008930391535022947
    },
    "proc_imp_loss": {
        "avg": 0.0008252624335055042,
        "med": 0.000518135715794843,
        "quart_1": 0.0001547197826557989,
        "quart_3": 0.0012285524425776906,
        "min": 0.0,
        "max": 0.0066491589022236175,
        "stdv": 0.0008897057075932296
    },
    "proc_price_imp": {
        "avg": 0.0018472437615474945,
        "med": 0.0017156561193012337,
        "quart_1": 0.0011128051481971814,
        "quart_3": 0.002380941287334031,
        "min": 1.5293736149662865e-07,
        "max": 0.008997052050686807,
        "stdv": 0.001086863204601868
    }
}