{
    "cap_eff": {
        "avg": 0.00024276985967285639,
        "med": 0.00021107739420711535,
        "quart_1": 0.0001345633433752491,
        "quart_3": 0.00031020579353274735,
        "min": 7.451117722823142e-09,
        "max": 0.00229135157343352,
        "stdv": 0.000163638885924332
    },
    "imp_gain": {
        "avg": 0.0014557779499400718,
        "med": 0.0004798231335050307,
        "quart_1": 0.00011176752102270981,
        "quart_3": 0.0024488561584909974,
        "min": 2.220446049250313e-16,
        "max": 0.025548808508940812,
        "stdv": 0.0018084094824714983
    },
    "imp_loss": {
        "avg": 0.0011064084418215625,
        "med": 0.00016292817928298398,
        "quart_1": 0.0,
        "quart_3": 0.0018747909056653356,
        "min": 0.0,
        "max": 0.024256938462991706,
        "stdv": 0.0016838863225622906
    },
    "price_imp": {
        "avg": 0.00038759700371731335,
        "med": 0.0003701277470429635,
        "quart_1": 0.00025505638302600006,
        "quart_3": 0.0004939904002784956,
        "min": 1.0346861370766887e-07,
        "max": 0.0025592960351067157,
        "stdv": 0.00019396341959929104
    },
    "proc_cap_eff": {
        "avg": 0.00024215276817101124,
        "med": 0.00021101936245992992,
        "quart_1": 0.00013453892224135622,
        "quart_3": 0.0003100433069472275,
        "min": 7.451117722823142e-09,
        "max": 0.001303119357979221,
        "stdv": 0.00016122654604732882
    },
    "proc_imp_gain": {
        "avg": 0.0014496607855437574,
        "med": 0.000478767432712246,
        "quart_1": 0.00011169756679607623,
        "quart_3": 0.0024466030865011312,
        "min": 2.220446049250313e-16,
        "max": 0.012043906529995985,
        "stdv": 0.001787500205259262
    },
    "proc_imp_loss": {
        "avg": 0.0011004400151487053,
        "med": 0.00016249326157069532,
        "quart_1": 0.0,
        "quart_3": 0.0018705986863439827,
        "min": 0.0,
        "max": 0.011488013911268635,
        "stdv": 0.0016624574100578698
    },
    "proc_price_imp": {
        "avg": 0.0003869687517792739,
        "med": 0.00037001109911605743,
        "quart_1": 0.0002549898452243706,
        "quart_3": 0.000493757519540749,
        "min": 1.0346861370766887e-07,
        "max": 0.0014702002526061056,
        "stdv": 0.00019186419128792108
    }
}