{
    "cap_eff": {
        "avg": 0.0012115956218197714,
        "med": 0.0010539030992652854,
        "quart_1": 0.0006721463428144836,
        "quart_3": 0.001547877921573848,
        "min": 1.2131759596911706e-08,
        "max": 0.011401847338678994,
        "stdv": 0.0008160680410032336
    },
    "imp_gain": {
        "avg": 0.0014514660911579204,
        "med": 0.0004749685969097639,
        "quart_1": 0.00010834346820653984,
        "quart_3": 0.0024435639240656393,
        "min": 2.220446049250313e-16,
        "max": 0.0255226387778964,
        "stdv": 0.001807478865660613
    },
    "imp_loss": {
        "avg": 0.0011074748955088158,
        "med": 0.00016394954715048815,
        "quart_1": 0.0,
        "quart_3": 0.0018773427429322753,
        "min": 0.0,
        "max": 0.024137910899561965,
        "stdv": 0.001682781195247574
    },
    "price_imp": {
        "avg": 0.001933877127995308,
        "med": 0.0018467530974676295,
        "quart_1": 0.0012734560855656783,
        "quart_3": 0.002464306117755978,
        "min": 5.168269748304957e-07,
        "max": 0.012728479507623208,
        "stdv": 0.0009671725098473178
    },
    "proc_cap_eff": {
        "avg": 0.0012085217143461625,
        "med": 0.0010536089381190106,
        "quart_1": 0.0006719477320139555,
        "quart_3": 0.0015468904103426162,
        "min": 1.2131759596911706e-08,
        "max": 0.006471198231983166,
        "stdv": 0.0008040684515201618
    },
    "proc_imp_gain": {
        "avg": 0.0014453468078622072,
        "med": 0.0004736419363531308,
        "quart_1": 0.00010833786182895544,
        "quart_3": 0.0024410925780113946,
        "min": 2.220446049250313e-16,
        "max": 0.012029138172821918,
        "stdv": 0.0017865552874854456
    },
    "proc_imp_loss": {
        "avg": 0.0011015253672535575,
        "med": 0.0001636203691798288,
        "quart_1": 0.0,
        "quart_3": 0.0018734696855321475,
        "min": 0.0,
        "max": 0.011467346258256184,
        "stdv": 0.0016614708074168417
    },
    "proc_price_imp": {
        "avg": 0.0019307480458994085,
        "med": 0.0018461144414067643,
        "quart_1": 0.0012731842531181418,
        "quart_3": 0.0024633800192486585,
        "min": 5.168269748304957e-07,
        "max": 0.007329115457142137,
        "stdv": 0.0009567320628647515
    }
}