{
    "cap_eff": {
        "avg": 0.047051013066553106,
        "med": 0.0019487530848949497,
        "quart_1": 0.0012606972120070559,
        "quart_3": 0.002983367344696841,
        "min": 5.800546383216698e-07,
        "max": 458.34728160374783,
        "stdv": 1.9510341785266891
    },
    "imp_gain": {
        "avg": 3.2118834601010944,
        "med": 0.0007030627341080287,
        "quart_1": 5.4454335860487646e-05,
        "quart_3": 1.0343813364697128,
        "min": 2.220446049250313e-16,
        "max": 204.5132781916319,
        "stdv": 11.539757534411214
    },
    "imp_loss": {
        "avg": 0.2011431076101563,
        "med": 9.055554893500073e-05,
        "quart_1": 0.0,
        "quart_3": 0.23374188329665924,
        "min": 0.0,
        "max": 0.9793324336503451,
        "stdv": 0.34935895424456515
    },
    "price_imp": {
        "avg": 0.1546261621255749,
        "med": 0.0035563230561189607,
        "quart_1": 0.002422117957192829,
        "quart_3": 0.00489992235306818,
        "min": 1.9071796827597923e-07,
        "max": 396.5832643012419,
        "stdv": 3.836072881801697
    },
    "proc_cap_eff": {
        "avg": 0.027829544801795704,
        "med": 0.0019476766303889725,
        "quart_1": 0.001260095531394112,
        "quart_3": 0.0029802811994726897,
        "min": 5.800546383216698e-07,
        "max": 9.258746956110738,
        "stdv": 0.20923186012622427
    },
    "proc_imp_gain": {
        "avg": 3.126349836011398,
        "med": 0.0006993667583863328,
        "quart_1": 5.443275218008914e-05,
        "quart_3": 1.0241452686516457,
        "min": 2.220446049250313e-16,
        "max": 154.4054021419719,
        "stdv": 10.886582414073766
    },
    "proc_imp_loss": {
        "avg": 0.20076982958139641,
        "med": 9.04758774697978e-05,
        "quart_1": 0.0,
        "quart_3": 0.19077335162345332,
        "min": 0.0,
        "max": 0.9451633683944978,
        "stdv": 0.3490468428851376
    },
    "proc_price_imp": {
        "avg": 0.08569706178709556,
        "med": 0.003555329363653094,
        "quart_1": 0.0024213906384058428,
        "quart_3": 0.004897181560891776,
        "min": 1.9071796827597923e-07,
        "max": 66.78268068540157,
        "stdv": 1.5649678072343396
    }
}