{
    "cap_eff": {
        "avg": 0.11162411770272063,
        "med": 0.00019502784417801955,
        "quart_1": 0.00012606812270932188,
        "quart_3": 0.00029903231354394544,
        "min": 6.994039791763385e-10,
        "max": 4164.076006155723,
        "stdv": 16.11282380134223
    },
    "imp_gain": {
        "avg": 3.0479646048320537,
        "med": 0.0006816443621846524,
        "quart_1": 5.74388884624355e-05,
        "quart_3": 1.3765146248267386,
        "min": 2.220446049250313e-16,
        "max": 207.68183923573451,
        "stdv": 11.351055864932118
    },
    "imp_loss": {
        "avg": 0.23353431541287353,
        "med": 9.020389130864892e-05,
        "quart_1": 0.0,
        "quart_3": 0.3948728403595615,
        "min": 0.0,
        "max": 0.9979162999432373,
        "stdv": 0.40328613668518914
    },
    "price_imp": {
        "avg": 1.0674774857208236,
        "med": 0.00035805977225827196,
        "quart_1": 0.00024363294131091127,
        "quart_3": 0.0004949055382845776,
        "min": 2.6487943677319712e-08,
        "max": 3580.128482658902,
        "stdv": 33.18636744165588
    },
    "proc_cap_eff": {
        "avg": 0.020107358773997313,
        "med": 0.0001949352416744654,
        "quart_1": 0.00012603327929561203,
        "quart_3": 0.0002986928186562987,
        "min": 6.994039791763385e-10,
        "max": 8.246874631899303,
        "stdv": 0.1772325550867518
    },
    "proc_imp_gain": {
        "avg": 2.963402562804434,
        "med": 0.0006775230307025648,
        "quart_1": 5.727336220906487e-05,
        "quart_3": 1.3703011335640851,
        "min": 2.220446049250313e-16,
        "max": 152.52052684022723,
        "stdv": 10.69953442813614
    },
    "proc_imp_loss": {
        "avg": 0.23315523155367582,
        "med": 9.017972980251976e-05,
        "quart_1": 0.0,
        "quart_3": 0.3411952590339349,
        "min": 0.0,
        "max": 0.9908381679485885,
        "stdv": 0.4030301114371095
    },
    "proc_price_imp": {
        "avg": 0.46503540724043646,
        "med": 0.0003579058965466951,
        "quart_1": 0.00024357880877116532,
        "quart_3": 0.0004946077374076733,
        "min": 2.6487943677319712e-08,
        "max": 610.032732830092,
        "stdv": 11.944460333026036
    }
}