{
    "cap_eff": {
        "avg": 0.05129154811969124,
        "med": 0.0009747081327519114,
        "quart_1": 0.000630080801530819,
        "quart_3": 0.0014933853216982373,
        "min": 5.648586864914762e-08,
        "max": 862.5095406678479,
        "stdv": 3.4592909939338443
    },
    "imp_gain": {
        "avg": 3.315363495138293,
        "med": 0.0006907450546569383,
        "quart_1": 5.5279341181879715e-05,
        "quart_3": 1.1676383547556104,
        "min": 2.220446049250313e-16,
        "max": 212.16040339571936,
        "stdv": 12.307320250202036
    },
    "imp_loss": {
        "avg": 0.2142906193150769,
        "med": 9.021281810828174e-05,
        "quart_1": 0.0,
        "quart_3": 0.3229731166874529,
        "min": 0.0,
        "max": 0.9891840080526926,
        "stdv": 0.37102894530997177
    },
    "price_imp": {
        "avg": 0.24387483409258373,
        "med": 0.0017846126548441248,
        "quart_1": 0.0012147988970820731,
        "quart_3": 0.0024628433220745052,
        "min": 9.729548872216288e-08,
        "max": 747.586081899524,
        "stdv": 6.937480293029534
    },
    "proc_cap_eff": {
        "avg": 0.023859626408501314,
        "med": 0.0009743129887185287,
        "quart_1": 0.0006299502691123893,
        "quart_3": 0.0014922983518221855,
        "min": 5.648586864914762e-08,
        "max": 8.85197941282797,
        "stdv": 0.1874185529530072
    },
    "proc_imp_gain": {
        "avg": 3.226370509576434,
        "med": 0.000684412044159588,
        "quart_1": 5.527729527599057e-05,
        "quart_3": 1.1536283179679092,
        "min": 2.220446049250313e-16,
        "max": 163.0990491930887,
        "stdv": 11.645491044905475
    },
    "proc_imp_loss": {
        "avg": 0.21391285105013697,
        "med": 9.004971030646125e-05,
        "quart_1": 0.0,
        "quart_3": 0.278596489531315,
        "min": 0.0,
        "max": 0.9674805202507493,
        "stdv": 0.3707367561256651
    },
    "proc_price_imp": {
        "avg": 0.11855813605633277,
        "med": 0.0017841298563249302,
        "quart_1": 0.0012143664897707545,
        "quart_3": 0.002461782710997624,
        "min": 9.729548872216288e-08,
        "max": 120.04043255648719,
        "stdv": 2.553967082705914
    }
}