{
    "cap_eff": {
        "avg": 3.395391127616303e-14,
        "med": 1.5210055437364645e-14,
        "quart_1": 6.8833827526759706e-15,
        "quart_3": 2.842170943040401e-14,
        "min": 0.0,
        "max": 3.734057507642774e-11,
        "stdv": 3.2936281893935896e-13
    },
    "imp_gain": {
        "avg": 0.15356526435777057,
        "med": 0.10647083861087836,
        "quart_1": 0.04743560954072379,
        "quart_3": 0.18755562863417685,
        "min": 1.8538732879935793e-06,
        "max": 1.0494778671057428,
        "stdv": 0.1681931871968441
    },
    "imp_loss": {
        "avg": 0.09815790921767133,
        "med": 0.05037408998179527,
        "quart_1": 0.0,
        "quart_3": 0.13887070505838695,
        "min": 0.0,
        "max": 0.8286000989635812,
        "stdv": 0.12735842591448035
    },
    "price_imp": {
        "avg": 3.3953620917089717e-14,
        "med": 1.5232578013670876e-14,
        "quart_1": 6.953785309210253e-15,
        "quart_3": 2.843766777722581e-14,
        "min": 0.0,
        "max": 3.7340535443154855e-11,
        "stdv": 3.293627552840781e-13
    },
    "proc_cap_eff": {
        "avg": 2.8636295832934844e-14,
        "med": 1.5210055437364645e-14,
        "quart_1": 6.8833827526759706e-15,
        "quart_3": 2.842170943040401e-14,
        "min": 0.0,
        "max": 4.022338018216942e-12,
        "stdv": 9.207375950714063e-14
    },
    "proc_imp_gain": {
        "avg": 0.15313065981844456,
        "med": 0.10644289576530275,
        "quart_1": 0.047396387768716686,
        "quart_3": 0.18723819831810773,
        "min": 1.8538732879935793e-06,
        "max": 1.0123320161416998,
        "stdv": 0.16710727821495916
    },
    "proc_imp_loss": {
        "avg": 0.09780892819210521,
        "med": 0.05027849550689911,
        "quart_1": 0.0,
        "quart_3": 0.13875382705235706,
        "min": 0.0,
        "max": 0.7760967804385033,
        "stdv": 0.12643019970124472
    },
    "proc_price_imp": {
        "avg": 2.8636005580344506e-14,
        "med": 1.5227902760049352e-14,
        "quart_1": 6.948248769160492e-15,
        "quart_3": 2.840220225301523e-14,
        "min": 0.0,
        "max": 4.022332947196688e-12,
        "stdv": 9.207374543441972e-14
    }
}