{
    "cap_eff": {
        "avg": 0.003984012132088367,
        "med": 0.0029540467698982997,
        "quart_1": 0.0014499204271989363,
        "quart_3": 0.005502789354756787,
        "min": 9.114322785386264e-08,
        "max": 0.0413928047205554,
        "stdv": 0.003550009744323922
    },
    "imp_gain": {
        "avg": 0.3984090641792874,
        "med": 0.35816686467015524,
        "quart_1": 0.17732979497328372,
        "quart_3": 0.5738684717348193,
        "min": 2.220446049250313e-16,
        "max": 1.1259503612861073,
        "stdv": 0.2771590269298994
    },
    "imp_loss": {
        "avg": 0.25615899458143054,
        "med": 0.2683016475386101,
        "quart_1": 0.12613493527288033,
        "quart_3": 0.3847123436053289,
        "min": 0.0,
        "max": 0.5624482859977487,
        "stdv": 0.14594884936114477
    },
    "price_imp": {
        "avg": 0.00434950724602948,
        "med": 0.003060135681773623,
        "quart_1": 0.002002726564068888,
        "quart_3": 0.004650896733318061,
        "min": 4.689682240638457e-07,
        "max": 0.04571808406919933,
        "stdv": 0.00416758816692163
    },
    "proc_cap_eff": {
        "avg": 0.003972179010145556,
        "med": 0.0029523741623518895,
        "quart_1": 0.0014494983474078182,
        "quart_3": 0.005496788625062254,
        "min": 9.114322785386264e-08,
        "max": 0.025121612614424693,
        "stdv": 0.0035097938696007857
    },
    "proc_imp_gain": {
        "avg": 0.3980561252632677,
        "med": 0.35800903439759546,
        "quart_1": 0.17728623808955213,
        "quart_3": 0.573202003227663,
        "min": 2.220446049250313e-16,
        "max": 1.1021005518084137,
        "stdv": 0.2767758110938973
    },
    "proc_imp_loss": {
        "avg": 0.25600799985054246,
        "med": 0.26817895884318793,
        "quart_1": 0.1259865202298317,
        "quart_3": 0.38460569559316915,
        "min": 0.0,
        "max": 0.5566987695892599,
        "stdv": 0.14582884537313887
    },
    "proc_price_imp": {
        "avg": 0.0043350922702791,
        "med": 0.0030590749964199415,
        "quart_1": 0.002002147187291306,
        "quart_3": 0.004646896587581245,
        "min": 4.689682240638457e-07,
        "max": 0.03001582268377647,
        "stdv": 0.004116694462749621
    }
}