{
    "cap_eff": {
        "avg": 8.466833046876973e-14,
        "med": 3.9968028886505635e-14,
        "quart_1": 1.8207657603852567e-14,
        "quart_3": 7.482903185973555e-14,
        "min": 0.0,
        "max": 6.263589646948731e-11,
        "stdv": 6.571797340366287e-13
    },
    "imp_gain": {
        "avg": 0.11863004332267732,
        "med": 0.0777698787853951,
        "quart_1": 0.029710576754868656,
        "quart_3": 0.2065530551965724,
        "min": 1.795540593541034e-06,
        "max": 0.34947683443370336,
        "stdv": 0.10420762314982644
    },
    "imp_loss": {
        "avg": 0.0853342560231924,
        "med": 0.07472142771546031,
        "quart_1": 0.02282553273093113,
        "quart_3": 0.13189922858544378,
        "min": 0.0,
        "max": 0.34878398615925055,
        "stdv": 0.068705463293911
    },
    "price_imp": {
        "avg": 8.466815409375878e-14,
        "med": 3.991940472497439e-14,
        "quart_1": 1.8166777594161277e-14,
        "quart_3": 7.485794218253567e-14,
        "min": 0.0,
        "max": 6.263593909139544e-11,
        "stdv": 6.571796221404582e-13
    },
    "proc_cap_eff": {
        "avg": 7.286685324900045e-14,
        "med": 3.9968028886505635e-14,
        "quart_1": 1.8207657603852567e-14,
        "quart_3": 7.471800955727304e-14,
        "min": 0.0,
        "max": 1.1099565710992465e-11,
        "stdv": 2.2220426378836557e-13
    },
    "proc_imp_gain": {
        "avg": 0.1185169769456148,
        "med": 0.07771775171452666,
        "quart_1": 0.02969058269251046,
        "quart_3": 0.20627260677488501,
        "min": 1.795540593541034e-06,
        "max": 0.3425236811038246,
        "stdv": 0.10411064575662267
    },
    "proc_imp_loss": {
        "avg": 0.08521091385129827,
        "med": 0.0746224264740768,
        "quart_1": 0.022819506019854274,
        "quart_3": 0.13180448971358205,
        "min": 0.0,
        "max": 0.32979093097290935,
        "stdv": 0.06849911855922135
    },
    "proc_price_imp": {
        "avg": 7.286667893370373e-14,
        "med": 3.9898529963374954e-14,
        "quart_1": 1.8151001955271593e-14,
        "quart_3": 7.47483934588801e-14,
        "min": 0.0,
        "max": 1.1099664211879499e-11,
        "stdv": 2.222043339883112e-13
    }
}