{
    "cap_eff": {
        "avg": 0.0006703413640607207,
        "med": 0.000444173013982474,
        "quart_1": 0.0002281047309615758,
        "quart_3": 0.0007802359158237682,
        "min": 1.2351122791187663e-08,
        "max": 0.7281598017784408,
        "stdv": 0.00282185583448752
    },
    "imp_gain": {
        "avg": 0.0010518720533841499,
        "med": 0.0005875296721848944,
        "quart_1": 0.0001948907645241693,
        "quart_3": 0.0014545843725051188,
        "min": 6.8595815694294515e-09,
        "max": 0.01990421224387151,
        "stdv": 0.0012814378009917522
    },
    "imp_loss": {
        "avg": 0.0014562889192453168,
        "med": 0.0010150126848096352,
        "quart_1": 0.00045336266816320414,
        "quart_3": 0.0019868700841357834,
        "min": 0.0,
        "max": 0.023101412045490544,
        "stdv": 0.0014605437353900162
    },
    "price_imp": {
        "avg": 0.0008773054522651763,
        "med": 0.0006984808715394833,
        "quart_1": 0.0004075174364552457,
        "quart_3": 0.001150138318473284,
        "min": 0.0,
        "max": 0.008983774102939825,
        "stdv": 0.0006970137522469844
    },
    "proc_cap_eff": {
        "avg": 0.0006406480331616794,
        "med": 0.000443953806677444,
        "quart_1": 0.00022797111130745673,
        "quart_3": 0.0007795448946346095,
        "min": 1.2351122791187663e-08,
        "max": 0.019307249293788797,
        "stdv": 0.0008313405301748708
    },
    "proc_imp_gain": {
        "avg": 0.0010458037710430617,
        "med": 0.000586681135331002,
        "quart_1": 0.0001947568256910337,
        "quart_3": 0.0014523643383237417,
        "min": 6.8595815694294515e-09,
        "max": 0.01120515036019043,
        "stdv": 0.0012517816354984587
    },
    "proc_imp_loss": {
        "avg": 0.001449904656682656,
        "med": 0.0010144973097366838,
        "quart_1": 0.0004531005642348651,
        "quart_3": 0.001984324498537582,
        "min": 0.0,
        "max": 0.01257194895398328,
        "stdv": 0.0014323278132199397
    },
    "proc_price_imp": {
        "avg": 0.0008744455370091789,
        "med": 0.0006982798866516363,
        "quart_1": 0.0004073902285696907,
        "quart_3": 0.001149040154606035,
        "min": 0.0,
        "max": 0.005873440294943946,
        "stdv": 0.0006849243975545941
    }
}