{
    "cap_eff": {
        "avg": 0.0036476237959973123,
        "med": 0.002583999015369931,
        "quart_1": 0.0011934782587661452,
        "quart_3": 0.005102365258732089,
        "min": 1.2524156978166445e-07,
        "max": 0.04180994121759163,
        "stdv": 0.0034077044268694557
    },
    "imp_gain": {
        "avg": 0.41541361351504286,
        "med": 0.26953896246153786,
        "quart_1": 0.11390403784876635,
        "quart_3": 0.7273711113494832,
        "min": 5.065122175018644e-07,
        "max": 1.4040023757449624,
        "stdv": 0.3572425973180398
    },
    "imp_loss": {
        "avg": 0.23153718850507668,
        "med": 0.25199683225468195,
        "quart_1": 0.12000729503030333,
        "quart_3": 0.3276366437018613,
        "min": 0.0,
        "max": 0.5644593746335695,
        "stdv": 0.12901065216842778
    },
    "price_imp": {
        "avg": 0.0036177238169802887,
        "med": 0.002198255958005034,
        "quart_1": 0.0014372012498226688,
        "quart_3": 0.0034343439281349347,
        "min": 1.6646767555682378e-07,
        "max": 0.041081176167469,
        "stdv": 0.00411076596383357
    },
    "proc_cap_eff": {
        "avg": 0.0036360041512512238,
        "med": 0.002582441382119105,
        "quart_1": 0.001192617418057762,
        "quart_3": 0.00509631930489679,
        "min": 1.2524156978166445e-07,
        "max": 0.024436010138709996,
        "stdv": 0.003367880133036946
    },
    "proc_imp_gain": {
        "avg": 0.4149268456220605,
        "med": 0.26944394328951327,
        "quart_1": 0.11386135872220038,
        "quart_3": 0.7256595629733584,
        "min": 5.065122175018644e-07,
        "max": 1.382013132458476,
        "stdv": 0.35666293626943324
    },
    "proc_imp_loss": {
        "avg": 0.23137320767919406,
        "med": 0.2519003953684491,
        "quart_1": 0.11997229011811922,
        "quart_3": 0.3275544260698854,
        "min": 0.0,
        "max": 0.555538046499004,
        "stdv": 0.12883431408905624
    },
    "proc_price_imp": {
        "avg": 0.003603328723937751,
        "med": 0.0021975340572245967,
        "quart_1": 0.001436545646419091,
        "quart_3": 0.003430682570612736,
        "min": 1.6646767555682378e-07,
        "max": 0.028477292954728534,
        "stdv": 0.004060397008111495
    }
}