{
    "cap_eff": {
        "avg": 0.0002159165179593238,
        "med": 0.00018237897765149835,
        "quart_1": 0.00010854894030709605,
        "quart_3": 0.0002834041786380359,
        "min": 3.911891255370392e-09,
        "max": 0.0022405577511581676,
        "stdv": 0.00015870671867289455
    },
    "imp_gain": {
        "avg": 0.001905233142381628,
        "med": 0.0011332550090861204,
        "quart_1": 0.0004584756553833724,
        "quart_3": 0.002602309747517184,
        "min": 6.661338147750939e-16,
        "max": 0.03241012706703006,
        "stdv": 0.0021718985792549203
    },
    "imp_loss": {
        "avg": 0.001060826267578871,
        "med": 0.0005079867364448098,
        "quart_1": 0.0,
        "quart_3": 0.00147780512689355,
        "min": 0.0,
        "max": 0.025039597320816176,
        "stdv": 0.0014799534534894528
    },
    "price_imp": {
        "avg": 0.00034870892162354135,
        "med": 0.0003077633928499645,
        "quart_1": 0.00019613783824658763,
        "quart_3": 0.0004578095611381363,
        "min": 2.850972512129113e-08,
        "max": 0.0021849864339010157,
        "stdv": 0.00021430638703211221
    },
    "proc_cap_eff": {
        "avg": 0.00021524436540248452,
        "med": 0.00018231160796866597,
        "quart_1": 0.0001085165518431852,
        "quart_3": 0.0002831955574559286,
        "min": 3.911891255370392e-09,
        "max": 0.0013751277695945863,
        "stdv": 0.0001557251700920753
    },
    "proc_imp_gain": {
        "avg": 0.0018960929212551694,
        "med": 0.0011329157419659452,
        "quart_1": 0.00045820253665151967,
        "quart_3": 0.0026007987280864953,
        "min": 6.661338147750939e-16,
        "max": 0.017517694594499034,
        "stdv": 0.002132842705912504
    },
    "proc_imp_loss": {
        "avg": 0.0010541820173797494,
        "med": 0.0005075753494832025,
        "quart_1": 0.0,
        "quart_3": 0.0014744204254877324,
        "min": 0.0,
        "max": 0.01217987313454838,
        "stdv": 0.0014492909171421732
    },
    "proc_price_imp": {
        "avg": 0.00034803039216868597,
        "med": 0.000307684667399774,
        "quart_1": 0.00019610750817480857,
        "quart_3": 0.0004574668021350273,
        "min": 2.850972512129113e-08,
        "max": 0.0015592987837542358,
        "stdv": 0.00021213290646546367
    }
}