{
    "cap_eff": {
        "avg": 0.003221856762588263,
        "med": 0.0027270417388678414,
        "quart_1": 0.0016251600143466494,
        "quart_3": 0.00422686165712266,
        "min": 3.671669857041593e-08,
        "max": 0.033077551149349294,
        "stdv": 0.002358482435513986
    },
    "imp_gain": {
        "avg": 0.0019057411714436538,
        "med": 0.0011396629412430137,
        "quart_1": 0.0004558048741651888,
        "quart_3": 0.0026058097345302844,
        "min": 2.220446049250313e-16,
        "max": 0.032446108437943266,
        "stdv": 0.0021755361703611055
    },
    "imp_loss": {
        "avg": 0.0010537190696790538,
        "med": 0.0005037393015556724,
        "quart_1": 0.0,
        "quart_3": 0.0014685638618215924,
        "min": 0.0,
        "max": 0.024710957998794636,
        "stdv": 0.001473022601401884
    },
    "price_imp": {
        "avg": 0.00519417117957525,
        "med": 0.0045930446080305444,
        "quart_1": 0.002929586967319556,
        "quart_3": 0.006823430107219405,
        "min": 3.6073809895819503e-07,
        "max": 0.03213935998206178,
        "stdv": 0.003177013301568154
    },
    "proc_cap_eff": {
        "avg": 0.0032119230953872504,
        "med": 0.00272622150621582,
        "quart_1": 0.0016247642684347197,
        "quart_3": 0.004223877148756605,
        "min": 3.671669857041593e-08,
        "max": 0.020377253135471562,
        "stdv": 0.002314733179891566
    },
    "proc_imp_gain": {
        "avg": 0.0018966091154252816,
        "med": 0.0011389791022249351,
        "quart_1": 0.000455675347059481,
        "quart_3": 0.002601593051295703,
        "min": 2.220446049250313e-16,
        "max": 0.01741694081220202,
        "stdv": 0.002136615814959306
    },
    "proc_imp_loss": {
        "avg": 0.0010471442459287336,
        "med": 0.0005030699609945843,
        "quart_1": 0.0,
        "quart_3": 0.0014643055767459279,
        "min": 0.0,
        "max": 0.012098660745511691,
        "stdv": 0.0014428737985012216
    },
    "proc_price_imp": {
        "avg": 0.0051841641149301294,
        "med": 0.004591378944127052,
        "quart_1": 0.0029288590579997927,
        "quart_3": 0.006819808352877078,
        "min": 3.6073809895819503e-07,
        "max": 0.023053326164375474,
        "stdv": 0.00314513109751036
    }
}