{
    "cap_eff": {
        "avg": 0.0049495324661607346,
        "med": 0.004358900813620892,
        "quart_1": 0.0026255066665177296,
        "quart_3": 0.006491159631633603,
        "min": 3.103667054471515e-07,
        "max": 0.040672392862262985,
        "stdv": 0.0033969073739549163
    },
    "imp_gain": {
        "avg": 0.045098365123842556,
        "med": 0.02934813033723116,
        "quart_1": 0.012948220275933675,
        "quart_3": 0.06643615252891322,
        "min": 1.2270811009518212e-06,
        "max": 0.23099778255375236,
        "stdv": 0.042764548482960824
    },
    "imp_loss": {
        "avg": 0.029725079230381684,
        "med": 0.01529933028859154,
        "quart_1": 0.0,
        "quart_3": 0.046111164581750574,
        "min": 0.0,
        "max": 0.18765085187605912,
        "stdv": 0.036714823205795125
    },
    "price_imp": {
        "avg": 0.007704482158035074,
        "med": 0.007306748922230078,
        "quart_1": 0.0050480102866139395,
        "quart_3": 0.009800219692074437,
        "min": 3.2856678795268874e-07,
        "max": 0.04454627000212405,
        "stdv": 0.003922544201783405
    },
    "proc_cap_eff": {
        "avg": 0.004937417335954292,
        "med": 0.004357482819135283,
        "quart_1": 0.0026247083303425067,
        "quart_3": 0.006487207459796862,
        "min": 3.103667054471515e-07,
        "max": 0.026103516411947636,
        "stdv": 0.00335271658895834
    },
    "proc_imp_gain": {
        "avg": 0.04501091364930214,
        "med": 0.029310798841795105,
        "quart_1": 0.012943601557974027,
        "quart_3": 0.06634473321570922,
        "min": 1.2270811009518212e-06,
        "max": 0.21633230563185268,
        "stdv": 0.042595805888570204
    },
    "proc_imp_loss": {
        "avg": 0.0296501453643151,
        "med": 0.015279788034816888,
        "quart_1": 0.0,
        "quart_3": 0.04601454134401062,
        "min": 0.0,
        "max": 0.1769122939720018,
        "stdv": 0.03657073535630122
    },
    "proc_price_imp": {
        "avg": 0.007691810305518182,
        "med": 0.007304702102426969,
        "quart_1": 0.005047225979723643,
        "quart_3": 0.009796219375398147,
        "min": 3.2856678795268874e-07,
        "max": 0.029864552516851484,
        "stdv": 0.0038807838439929862
    }
}