{
    "cap_eff": {
        "avg": 4.139298062483208e-14,
        "med": 1.5765166949677223e-14,
        "quart_1": 7.216449660063518e-15,
        "quart_3": 2.90878432451791e-14,
        "min": 0.0,
        "max": 4.519893348486903e-10,
        "stdv": 1.7564840076902841e-12
    },
    "imp_gain": {
        "avg": 0.12033766917206873,
        "med": 0.07490244685782033,
        "quart_1": 0.028373801571065727,
        "quart_3": 0.19050842167212312,
        "min": 1.0544974489157255e-06,
        "max": 0.5297996497087407,
        "stdv": 0.11777305055536322
    },
    "imp_loss": {
        "avg": 0.08361786626039446,
        "med": 0.03480235084984162,
        "quart_1": 0.0,
        "quart_3": 0.12212839107374007,
        "min": 0.0,
        "max": 0.4810364188290427,
        "stdv": 0.10915841914299074
    },
    "price_imp": {
        "avg": 4.1393047410493416e-14,
        "med": 1.5846847578157697e-14,
        "quart_1": 7.23067267261527e-15,
        "quart_3": 2.9126954877176973e-14,
        "min": 0.0,
        "max": 4.5198924150465506e-10,
        "stdv": 1.756483592454282e-12
    },
    "proc_cap_eff": {
        "avg": 2.943018767176565e-14,
        "med": 1.5765166949677223e-14,
        "quart_1": 7.216449660063518e-15,
        "quart_3": 2.90878432451791e-14,
        "min": 0.0,
        "max": 3.850031404795118e-12,
        "stdv": 9.164281833863553e-14
    },
    "proc_imp_gain": {
        "avg": 0.12013840046110842,
        "med": 0.07484349146417157,
        "quart_1": 0.028347362527846087,
        "quart_3": 0.19013931966096997,
        "min": 1.0544974489157255e-06,
        "max": 0.506434932023984,
        "stdv": 0.11746461205345513
    },
    "proc_imp_loss": {
        "avg": 0.08342430949116572,
        "med": 0.03470984945778921,
        "quart_1": 0.0,
        "quart_3": 0.12179702197833608,
        "min": 0.0,
        "max": 0.4619231474726845,
        "stdv": 0.10884180539175323
    },
    "proc_price_imp": {
        "avg": 2.9430255521077816e-14,
        "med": 1.5836934887015057e-14,
        "quart_1": 7.227940984645977e-15,
        "quart_3": 2.9096620894171886e-14,
        "min": 0.0,
        "max": 3.84998694194914e-12,
        "stdv": 9.16426720461718e-14
    }
}