{
    "cap_eff": {
        "avg": 1.1899999895646306e-13,
        "med": 4.6407322429331543e-14,
        "quart_1": 2.1094237467877974e-14,
        "quart_3": 8.681944052568724e-14,
        "min": 0.0,
        "max": 1.0434213493226707e-09,
        "stdv": 4.1312054655653394e-12
    },
    "imp_gain": {
        "avg": 0.09467035978455443,
        "med": 0.08212855778795447,
        "quart_1": 0.036564122943602895,
        "quart_3": 0.12344227112784778,
        "min": 4.288638844052173e-08,
        "max": 0.40658967427015424,
        "stdv": 0.07989119065625216
    },
    "imp_loss": {
        "avg": 0.10162760214457835,
        "med": 0.07211895415690173,
        "quart_1": 0.033166547094206855,
        "quart_3": 0.16635479822528898,
        "min": 0.0,
        "max": 0.4017115239605684,
        "stdv": 0.08739289981946868
    },
    "price_imp": {
        "avg": 1.1900006896814838e-13,
        "med": 4.642413863884482e-14,
        "quart_1": 2.110444105639729e-14,
        "quart_3": 8.677240890193895e-14,
        "min": 0.0,
        "max": 1.04342140256209e-09,
        "stdv": 4.131205759597307e-12
    },
    "proc_cap_eff": {
        "avg": 8.742959336105607e-14,
        "med": 4.6407322429331543e-14,
        "quart_1": 2.1094237467877974e-14,
        "quart_3": 8.665290707199347e-14,
        "min": 0.0,
        "max": 1.163602547649134e-11,
        "stdv": 2.7275454074637176e-13
    },
    "proc_imp_gain": {
        "avg": 0.09451566042407115,
        "med": 0.08208380745402688,
        "quart_1": 0.036535305811277397,
        "quart_3": 0.12337050782060266,
        "min": 4.288638844052173e-08,
        "max": 0.40249677498116965,
        "stdv": 0.07961080728630722
    },
    "proc_imp_loss": {
        "avg": 0.10147977165792706,
        "med": 0.07206686425856379,
        "quart_1": 0.03315092748354509,
        "quart_3": 0.16624819466696827,
        "min": 0.0,
        "max": 0.3983549624268842,
        "stdv": 0.08716206231743541
    },
    "proc_price_imp": {
        "avg": 8.742965348076268e-14,
        "med": 4.639549565858157e-14,
        "quart_1": 2.1094937246634307e-14,
        "quart_3": 8.667247880482193e-14,
        "min": 0.0,
        "max": 1.1635954856515657e-11,
        "stdv": 2.7275460874132746e-13
    }
}