{
    "cap_eff": {
        "avg": 0.00023898377754387617,
        "med": 0.00020627000770390147,
        "quart_1": 0.00013099606797162267,
        "quart_3": 0.00030641057387437165,
        "min": 7.6829154149749e-09,
        "max": 0.0017615327092286304,
        "stdv": 0.00016263349378956905
    },
    "imp_gain": {
        "avg": 0.001480735468648149,
        "med": 0.0005230927455146528,
        "quart_1": 0.00011834739420590878,
        "quart_3": 0.0024581234602056856,
        "min": 1.3322676295501878e-15,
        "max": 0.022732165795115167,
        "stdv": 0.001821217626086664
    },
    "imp_loss": {
        "avg": 0.0010596677644244123,
        "med": 0.00012906494462472384,
        "quart_1": 0.0,
        "quart_3": 0.0017750382293376665,
        "min": 0.0,
        "max": 0.019606069033294538,
        "stdv": 0.0016603149011731515
    },
    "price_imp": {
        "avg": 0.00038243111530463896,
        "med": 0.0003634523270958629,
        "quart_1": 0.0002511578696895614,
        "quart_3": 0.0004873115310380548,
        "min": 1.515277143756171e-08,
        "max": 0.0020257777454779813,
        "stdv": 0.00019363797688164272
    },
    "proc_cap_eff": {
        "avg": 0.0002384090447234114,
        "med": 0.00020618852702858348,
        "quart_1": 0.00013094743380914764,
        "quart_3": 0.00030617889207640303,
        "min": 7.6829154149749e-09,
        "max": 0.0013078626388115522,
        "stdv": 0.00016057521545641856
    },
    "proc_imp_gain": {
        "avg": 0.0014744200431382293,
        "med": 0.0005224969826871373,
        "quart_1": 0.00011828276439596053,
        "quart_3": 0.0024559144118361242,
        "min": 1.3322676295501878e-15,
        "max": 0.01252685681062915,
        "stdv": 0.0017992256874265994
    },
    "proc_imp_loss": {
        "avg": 0.0010536599001872435,
        "med": 0.0001287318497875667,
        "quart_1": 0.0,
        "quart_3": 0.0017699937417531841,
        "min": 0.0,
        "max": 0.011415284506039569,
        "stdv": 0.0016385105650620158
    },
    "proc_price_imp": {
        "avg": 0.0003818098679114805,
        "med": 0.0003633483926152988,
        "quart_1": 0.0002510951994686754,
        "quart_3": 0.0004871073664944796,
        "min": 1.515277143756171e-08,
        "max": 0.001474467255235394,
        "stdv": 0.00019161645632561703
    }
}