{
    "cap_eff": {
        "avg": 0.025286837097966842,
        "med": 0.003988148212521692,
        "quart_1": 0.0020888434762422747,
        "quart_3": 0.006542770928442021,
        "min": 6.937438223886261e-08,
        "max": 0.9772237737384671,
        "stdv": 0.1119776932581018
    },
    "imp_gain": {
        "avg": 3.7721175510769998,
        "med": 0.03956617656619921,
        "quart_1": 0.016642248256647285,
        "quart_3": 3.486236029847893,
        "min": 6.723282937048936e-07,
        "max": 67.8125373971856,
        "stdv": 8.181157113272317
    },
    "imp_loss": {
        "avg": 0.21312718653057183,
        "med": 0.019937685595343257,
        "quart_1": 0.0,
        "quart_3": 0.07275640560906838,
        "min": 0.0,
        "max": 0.9854677644826841,
        "stdv": 0.35855942803010304
    },
    "price_imp": {
        "avg": 0.013463942895856881,
        "med": 0.007044418582378955,
        "quart_1": 0.00431626816743028,
        "quart_3": 0.010074161236670704,
        "min": 1.9968448164963968e-07,
        "max": 0.7019153532211241,
        "stdv": 0.0347132677645961
    },
    "proc_cap_eff": {
        "avg": 0.024818127053388452,
        "med": 0.00398622423863898,
        "quart_1": 0.00208748637746925,
        "quart_3": 0.006537309171107619,
        "min": 6.937438223886261e-08,
        "max": 0.9632995898393593,
        "stdv": 0.11001355976803336
    },
    "proc_imp_gain": {
        "avg": 3.743839757078541,
        "med": 0.03954426844611603,
        "quart_1": 0.016627423975717148,
        "quart_3": 3.478997749529012,
        "min": 6.723282937048936e-07,
        "max": 56.45090927280412,
        "stdv": 8.08439414348426
    },
    "proc_imp_loss": {
        "avg": 0.2127419333119943,
        "med": 0.019925470791608557,
        "quart_1": 0.0,
        "quart_3": 0.0723213680291509,
        "min": 0.0,
        "max": 0.9822619086458498,
        "stdv": 0.3582349933889471
    },
    "proc_price_imp": {
        "avg": 0.013192833927240357,
        "med": 0.007042419240266032,
        "quart_1": 0.004314797307889428,
        "quart_3": 0.010068530663713294,
        "min": 1.9968448164963968e-07,
        "max": 0.47579108816923027,
        "stdv": 0.03249301042529861
    }
}