{
    "cap_eff": {
        "avg": 3.340420161081893e-14,
        "med": 1.354472090042691e-14,
        "quart_1": 4.884981308350689e-15,
        "quart_3": 2.6867397195928788e-14,
        "min": 0.0,
        "max": 1.5534440400699623e-10,
        "stdv": 7.708077609119021e-13
    },
    "imp_gain": {
        "avg": 0.8383220473854545,
        "med": 0.1519459645451129,
        "quart_1": 0.03625852307268129,
        "quart_3": 0.78021821224793,
        "min": 6.367403706519781e-07,
        "max": 37.71325402706778,
        "stdv": 2.4554335282913757
    },
    "imp_loss": {
        "avg": 0.28600712178877696,
        "med": 0.05554828952541324,
        "quart_1": 0.0,
        "quart_3": 0.40459717276623786,
        "min": 0.0,
        "max": 0.9999974436828841,
        "stdv": 0.39436642873274697
    },
    "price_imp": {
        "avg": 3.340329068935149e-14,
        "med": 1.3579040323635858e-14,
        "quart_1": 4.90967407267098e-15,
        "quart_3": 2.6912917004790195e-14,
        "min": 0.0,
        "max": 1.5534440281814408e-10,
        "stdv": 7.708077102027127e-13
    },
    "proc_cap_eff": {
        "avg": 2.5932662752035367e-14,
        "med": 1.354472090042691e-14,
        "quart_1": 4.884981308350689e-15,
        "quart_3": 2.6867397195928788e-14,
        "min": 0.0,
        "max": 3.1377123121956174e-12,
        "stdv": 8.23242870899048e-14
    },
    "proc_imp_gain": {
        "avg": 0.822455318859705,
        "med": 0.15178873869559606,
        "quart_1": 0.03619827234209616,
        "quart_3": 0.7789740777713765,
        "min": 6.367403706519781e-07,
        "max": 28.008032001278423,
        "stdv": 2.350624858762218
    },
    "proc_imp_loss": {
        "avg": 0.2856502328124808,
        "med": 0.05542745187012854,
        "quart_1": 0.0,
        "quart_3": 0.4019479052101852,
        "min": 0.0,
        "max": 0.9999937659334016,
        "stdv": 0.39414169797199916
    },
    "proc_price_imp": {
        "avg": 2.5931753931564887e-14,
        "med": 1.3571198416366207e-14,
        "quart_1": 4.9057365410096936e-15,
        "quart_3": 2.688638613710188e-14,
        "min": 0.0,
        "max": 3.1377457353255045e-12,
        "stdv": 8.232456788726928e-14
    }
}