{
    "cap_eff": {
        "avg": 0.019633153129876953,
        "med": 0.0010240382665178682,
        "quart_1": 0.0004964896262423801,
        "quart_3": 0.0018278994612468402,
        "min": 5.412342429789163e-08,
        "max": 10.0151636445911,
        "stdv": 0.11903216131107743
    },
    "imp_gain": {
        "avg": 0.0002755979056945357,
        "med": 0.0002755979056945357,
        "quart_1": 0.0002755979056945357,
        "quart_3": 0.0002755979056945357,
        "min": 0.0002755979056945357,
        "max": 0.0002755979056945357,
        "stdv": 0.0
    },
    "imp_loss": {
        "avg": 0.45856607265397276,
        "med": 0.4783960667294288,
        "quart_1": 0.45360691149360943,
        "quart_3": 0.5030963544996467,
        "min": 0.0,
        "max": 0.6138926412517776,
        "stdv": 0.08826416926059066
    },
    "price_imp": {
        "avg": 0.006502452890270432,
        "med": 0.00132309441659098,
        "quart_1": 0.0007670061510163589,
        "quart_3": 0.0019187645021546892,
        "min": 2.1690940598424867e-07,
        "max": 36.8360026233601,
        "stdv": 0.17378059534681017
    },
    "proc_cap_eff": {
        "avg": 0.01892333932243352,
        "med": 0.0010235533543475617,
        "quart_1": 0.0004962706979407816,
        "quart_3": 0.001825167131477623,
        "min": 5.412342429789163e-08,
        "max": 0.9306520060377379,
        "stdv": 0.1090006062145207
    },
    "proc_imp_gain": {
        "avg": 0.0002755979056945357,
        "med": 0.0002755979056945357,
        "quart_1": 0.0002755979056945357,
        "quart_3": 0.0002755979056945357,
        "min": 0.0002755979056945357,
        "max": 0.0002755979056945357,
        "stdv": 0.0
    },
    "proc_imp_loss": {
        "avg": 0.45879330677861363,
        "med": 0.478424129831587,
        "quart_1": 0.45366438657673214,
        "quart_3": 0.5031187532240518,
        "min": 0.004820402204218199,
        "max": 0.6138926412517776,
        "stdv": 0.08769698461407914
    },
    "proc_price_imp": {
        "avg": 0.0039935200097786045,
        "med": 0.00132279659931768,
        "quart_1": 0.0007666791431910013,
        "quart_3": 0.0019178465367957454,
        "min": 2.1690940598424867e-07,
        "max": 2.589381771610084,
        "stdv": 0.05256766015593152
    }
}