{
    "cap_eff": {
        "avg": 0.026514238351470928,
        "med": 0.0020279544821549256,
        "quart_1": 0.0013013166136819354,
        "quart_3": 0.00315704942807038,
        "min": 4.7118894563880076e-08,
        "max": 27.253020135088605,
        "stdv": 0.2220537622082056
    },
    "imp_gain": {
        "avg": 1.7464034608351073,
        "med": 0.0011781010951685822,
        "quart_1": 4.6423982510201967e-05,
        "quart_3": 0.8201444562808005,
        "min": 2.220446049250313e-16,
        "max": 74.81344027659541,
        "stdv": 5.255668875108602
    },
    "imp_loss": {
        "avg": 0.1907884425450354,
        "med": 8.993184557903877e-05,
        "quart_1": 0.0,
        "quart_3": 0.006565698505774431,
        "min": 0.0,
        "max": 0.964776906977307,
        "stdv": 0.3406183679845806
    },
    "price_imp": {
        "avg": 0.03690963037681811,
        "med": 0.0037024119879467904,
        "quart_1": 0.002503208039240504,
        "quart_3": 0.005118030850632893,
        "min": 9.73987830774814e-08,
        "max": 44.704054725158805,
        "stdv": 0.6228137589840307
    },
    "proc_cap_eff": {
        "avg": 0.023821636304984954,
        "med": 0.002026982256340071,
        "quart_1": 0.0013007937930874514,
        "quart_3": 0.003153532584638352,
        "min": 4.7118894563880076e-08,
        "max": 2.625166891449279,
        "stdv": 0.12501842204891425
    },
    "proc_imp_gain": {
        "avg": 1.7145597721750319,
        "med": 0.0011758362484863838,
        "quart_1": 4.6423982510201967e-05,
        "quart_3": 0.8143375813804747,
        "min": 2.220446049250313e-16,
        "max": 58.25530263576614,
        "stdv": 5.059597501845334
    },
    "proc_imp_loss": {
        "avg": 0.19040282406176656,
        "med": 8.966910862517885e-05,
        "quart_1": 0.0,
        "quart_3": 0.0064979930675906905,
        "min": 0.0,
        "max": 0.9602383936311539,
        "stdv": 0.340266640216603
    },
    "proc_price_imp": {
        "avg": 0.026238551972226683,
        "med": 0.00370146824840749,
        "quart_1": 0.0025028048252923128,
        "quart_3": 0.005114652368089156,
        "min": 9.73987830774814e-08,
        "max": 14.42883357470366,
        "stdv": 0.3672973364335388
    }
}