{
    "cap_eff": {
        "avg": 0.029244809910308225,
        "med": 0.003037981172953952,
        "quart_1": 0.0019509916114777148,
        "quart_3": 0.004728231618884804,
        "min": 7.062051043948969e-08,
        "max": 22.982799944228468,
        "stdv": 0.21048443299719788
    },
    "imp_gain": {
        "avg": 1.724739645131369,
        "med": 0.0010972179383621494,
        "quart_1": 4.6592707687143076e-05,
        "quart_3": 0.7228739382735334,
        "min": 2.220446049250313e-16,
        "max": 72.44162077192236,
        "stdv": 5.042839360032132
    },
    "imp_loss": {
        "avg": 0.18360017135506498,
        "med": 9.471019585949314e-05,
        "quart_1": 0.0,
        "quart_3": 0.006978882965437139,
        "min": 0.0,
        "max": 0.9499374700683743,
        "stdv": 0.326902881566234
    },
    "price_imp": {
        "avg": 0.03595395795301453,
        "med": 0.005534982209459127,
        "quart_1": 0.0037433785656709705,
        "quart_3": 0.007630073921737635,
        "min": 1.4752121495643633e-07,
        "max": 33.9392264919879,
        "stdv": 0.5117914556045654
    },
    "proc_cap_eff": {
        "avg": 0.026605299089472297,
        "med": 0.0030367754883831033,
        "quart_1": 0.0019502844498783256,
        "quart_3": 0.004724455282491435,
        "min": 7.062051043948969e-08,
        "max": 2.8965933277759497,
        "stdv": 0.13237717292947465
    },
    "proc_imp_gain": {
        "avg": 1.6941012783632552,
        "med": 0.00109188445556474,
        "quart_1": 4.655602243164303e-05,
        "quart_3": 0.7184203357903511,
        "min": 2.220446049250313e-16,
        "max": 54.551011343434105,
        "stdv": 4.853587552204559
    },
    "proc_imp_loss": {
        "avg": 0.18321842682245773,
        "med": 9.456040979571867e-05,
        "quart_1": 0.0,
        "quart_3": 0.006865254523996112,
        "min": 0.0,
        "max": 0.9448987388439316,
        "stdv": 0.32653853133892224
    },
    "proc_price_imp": {
        "avg": 0.027560443433455043,
        "med": 0.0055333208931354115,
        "quart_1": 0.0037421965435874647,
        "quart_3": 0.007624300996171816,
        "min": 1.4752121495643633e-07,
        "max": 11.139892170288196,
        "stdv": 0.3249797066457553
    }
}