{
    "cap_eff": {
        "avg": 0.022539955881578724,
        "med": 0.0002030888520174745,
        "quart_1": 0.00013043177658644822,
        "quart_3": 0.00031642633816530985,
        "min": 6.109645012131182e-09,
        "max": 137.62030077674322,
        "stdv": 0.7605147097259721
    },
    "imp_gain": {
        "avg": 1.610656109621418,
        "med": 0.0011190601983754878,
        "quart_1": 4.6560353609059746e-05,
        "quart_3": 1.089724810022239,
        "min": 8.881784197001252e-16,
        "max": 77.3821329981004,
        "stdv": 5.427528625010633
    },
    "imp_loss": {
        "avg": 0.22241633110515657,
        "med": 9.077257960166119e-05,
        "quart_1": 0.0,
        "quart_3": 0.006979476544767493,
        "min": 0.0,
        "max": 0.9954069803772698,
        "stdv": 0.39380320584663514
    },
    "price_imp": {
        "avg": 0.13605905632758014,
        "med": 0.000372976818227439,
        "quart_1": 0.0002518178649683175,
        "quart_3": 0.0005173592962292798,
        "min": 1.2342553202635111e-08,
        "max": 332.9885193426588,
        "stdv": 3.827908830714204
    },
    "proc_cap_eff": {
        "avg": 0.016321532284099424,
        "med": 0.00020302753900192094,
        "quart_1": 0.0001303851944103318,
        "quart_3": 0.00031601422965465975,
        "min": 6.109645012131182e-09,
        "max": 1.9824425432273172,
        "stdv": 0.10685673105890586
    },
    "proc_imp_gain": {
        "avg": 1.577546690713917,
        "med": 0.0011125232220354775,
        "quart_1": 4.651380476627942e-05,
        "quart_3": 1.0861312307049378,
        "min": 8.881784197001252e-16,
        "max": 60.22876010028456,
        "stdv": 5.222190699581166
    },
    "proc_imp_loss": {
        "avg": 0.22203018607735686,
        "med": 9.027229659486213e-05,
        "quart_1": 0.0,
        "quart_3": 0.0068558296488563375,
        "min": 0.0,
        "max": 0.9942328087015951,
        "stdv": 0.3935227807873578
    },
    "proc_price_imp": {
        "avg": 0.06470251599141734,
        "med": 0.00037282995048104514,
        "quart_1": 0.0002517636899417782,
        "quart_3": 0.0005170990635107305,
        "min": 1.2342553202635111e-08,
        "max": 89.94916662128213,
        "stdv": 1.6904548627288702
    }
}