{
    "cap_eff": {
        "avg": 0.0006716510408109436,
        "med": 0.00045305579366033966,
        "quart_1": 0.00023440591673962174,
        "quart_3": 0.0007801574908621323,
        "min": 1.1726847715110011e-08,
        "max": 0.7700932560980462,
        "stdv": 0.0031735841180605714
    },
    "imp_gain": {
        "avg": 0.0010980579897848647,
        "med": 0.0006285747373298012,
        "quart_1": 0.00019994607196927028,
        "quart_3": 0.0015286141943595677,
        "min": 1.3322676295501878e-15,
        "max": 0.01997281658847072,
        "stdv": 0.0013198138842751381
    },
    "imp_loss": {
        "avg": 0.0014251105029092481,
        "med": 0.0009786078724419722,
        "quart_1": 0.00041795357919116594,
        "quart_3": 0.001962386277811423,
        "min": 0.0,
        "max": 0.023228252728132448,
        "stdv": 0.0014567261068658053
    },
    "price_imp": {
        "avg": 0.0008787778055771601,
        "med": 0.0007189180204476584,
        "quart_1": 0.0004318582558784813,
        "quart_3": 0.0011402902005945553,
        "min": 0.0,
        "max": 0.009300504301895116,
        "stdv": 0.0006766047515048124
    },
    "proc_cap_eff": {
        "avg": 0.0006360191948434103,
        "med": 0.0004528094625570467,
        "quart_1": 0.00023426554821492918,
        "quart_3": 0.000779370906952459,
        "min": 1.1726847715110011e-08,
        "max": 0.020025830555657542,
        "stdv": 0.0007875873470668469
    },
    "proc_imp_gain": {
        "avg": 0.0010920218457258636,
        "med": 0.00062822979357402,
        "quart_1": 0.00019988360150002826,
        "quart_3": 0.0015274872409056783,
        "min": 1.3322676295501878e-15,
        "max": 0.011249209167233376,
        "stdv": 0.0012915237153623329
    },
    "proc_imp_loss": {
        "avg": 0.0014187192174606245,
        "med": 0.0009780081846334499,
        "quart_1": 0.0004177353384942073,
        "quart_3": 0.001961001657653283,
        "min": 0.0,
        "max": 0.011915456256165857,
        "stdv": 0.0014277912009903323
    },
    "proc_price_imp": {
        "avg": 0.0008756820058252849,
        "med": 0.0007185059295035617,
        "quart_1": 0.00043168985333119804,
        "quart_3": 0.0011393263850785996,
        "min": 0.0,
        "max": 0.005960535933641862,
        "stdv": 0.0006622107451499015
    }
}