{
    "cap_eff": {
        "avg": 0.0019680110074816112,
        "med": 0.0013427258718936574,
        "quart_1": 0.0007005472698545789,
        "quart_3": 0.0023250697092949135,
        "min": 7.401054968880771e-08,
        "max": 1.694473927381516,
        "stdv": 0.007063322593579521
    },
    "imp_gain": {
        "avg": 0.001105516268234177,
        "med": 0.0006402109065579697,
        "quart_1": 0.000204572909456191,
        "quart_3": 0.0015417276021112425,
        "min": 2.220446049250313e-16,
        "max": 0.019942841395460542,
        "stdv": 0.0013234457893857483
    },
    "imp_loss": {
        "avg": 0.0014579078892816041,
        "med": 0.0010180264943163708,
        "quart_1": 0.0004529642808094314,
        "quart_3": 0.001997062360408308,
        "min": 0.0,
        "max": 0.02301114694766948,
        "stdv": 0.0014544084571505777
    },
    "price_imp": {
        "avg": 0.002631926770529604,
        "med": 0.002151489916048647,
        "quart_1": 0.0013001754183919203,
        "quart_3": 0.0034101000232372525,
        "min": 6.497167402348314e-08,
        "max": 0.041830399227512506,
        "stdv": 0.002019455086312458
    },
    "proc_cap_eff": {
        "avg": 0.0018925024569946412,
        "med": 0.0013419472397310783,
        "quart_1": 0.0007001145603440229,
        "quart_3": 0.0023234999911521115,
        "min": 7.401054968880771e-08,
        "max": 0.056292823019849836,
        "stdv": 0.002318541947427061
    },
    "proc_imp_gain": {
        "avg": 0.0010994739992069404,
        "med": 0.0006393379171718561,
        "quart_1": 0.00020443346372234217,
        "quart_3": 0.0015388825632778325,
        "min": 2.220446049250313e-16,
        "max": 0.01138996941396253,
        "stdv": 0.001295038419092459
    },
    "proc_imp_loss": {
        "avg": 0.0014516747343098304,
        "med": 0.0010172092043405634,
        "quart_1": 0.00045267273645238637,
        "quart_3": 0.001994955857896108,
        "min": 0.0,
        "max": 0.011833723129483054,
        "stdv": 0.0014269964927295226
    },
    "proc_price_imp": {
        "avg": 0.0026224824568055896,
        "med": 0.0021503906622428923,
        "quart_1": 0.0012997577865468484,
        "quart_3": 0.0034077504171926534,
        "min": 6.497167402348314e-08,
        "max": 0.0182148723176064,
        "stdv": 0.0019735404677286
    }
}