{
    "cap_eff": {
        "avg": 0.001809183372272556,
        "med": 0.0008943998744538884,
        "quart_1": 0.0004662815534801634,
        "quart_3": 0.001555155051685686,
        "min": 6.708440347669153e-08,
        "max": 47.82042347231927,
        "stdv": 0.1513714988517768
    },
    "imp_gain": {
        "avg": 0.0010969325689981935,
        "med": 0.0006323073551601777,
        "quart_1": 0.0002006154879952149,
        "quart_3": 0.0015277664939804536,
        "min": 1.9984014443252818e-15,
        "max": 0.01983390600928092,
        "stdv": 0.0013177339799592665
    },
    "imp_loss": {
        "avg": 0.001447468014524712,
        "med": 0.0010032051182141677,
        "quart_1": 0.00044017496127912725,
        "quart_3": 0.001981709641874607,
        "min": 0.0,
        "max": 0.023606276952386263,
        "stdv": 0.0014600344638669236
    },
    "price_imp": {
        "avg": 0.001756138287111281,
        "med": 0.001431684827917237,
        "quart_1": 0.0008669759558675896,
        "quart_3": 0.00227392567950911,
        "min": 8.282718816560402e-08,
        "max": 0.037353458642909856,
        "stdv": 0.0013549406762809566
    },
    "proc_cap_eff": {
        "avg": 0.0012642745114493316,
        "med": 0.0008938155011012916,
        "quart_1": 0.0004660131361099995,
        "quart_3": 0.001554126871981032,
        "min": 6.708440347669153e-08,
        "max": 0.039722934710058055,
        "stdv": 0.0015867755824112992
    },
    "proc_imp_gain": {
        "avg": 0.001090928325191597,
        "med": 0.0006318569643863903,
        "quart_1": 0.00020051523639330604,
        "quart_3": 0.0015252823238838253,
        "min": 1.9984014443252818e-15,
        "max": 0.011198310187733318,
        "stdv": 0.0012896755563865199
    },
    "proc_imp_loss": {
        "avg": 0.0014410803018756145,
        "med": 0.0010023044045029406,
        "quart_1": 0.0004400653520685305,
        "quart_3": 0.001980023793529573,
        "min": 0.0,
        "max": 0.011972140158813538,
        "stdv": 0.0014309303051885534
    },
    "proc_price_imp": {
        "avg": 0.0017496025513783586,
        "med": 0.001431187548769451,
        "quart_1": 0.0008667183740016289,
        "quart_3": 0.002272370511291047,
        "min": 8.282718816560402e-08,
        "max": 0.012198560346914427,
        "stdv": 0.0013208206091887909
    }
}