{
    "cap_eff": {
        "avg": 3.059203656419055e-14,
        "med": 1.354472090042691e-14,
        "quart_1": 4.6629367034256575e-15,
        "quart_3": 2.6756374893466273e-14,
        "min": 0.0,
        "max": 4.0255354605278626e-11,
        "stdv": 2.708040070523035e-13
    },
    "imp_gain": {
        "avg": 1.806535566127869,
        "med": 0.14083997930696657,
        "quart_1": 0.04726995187238647,
        "quart_3": 0.7869498811733928,
        "min": 5.156776093473425e-06,
        "max": 67.41909129578976,
        "stdv": 5.648372713731368
    },
    "imp_loss": {
        "avg": 0.29042559701164833,
        "med": 0.06864472487181139,
        "quart_1": 0.0,
        "quart_3": 0.45287672464761974,
        "min": 0.0,
        "max": 0.9999986082993475,
        "stdv": 0.3943325048535085
    },
    "price_imp": {
        "avg": 3.0591102262112815e-14,
        "med": 1.3503028598494087e-14,
        "quart_1": 4.7350838861581414e-15,
        "quart_3": 2.6758657331588628e-14,
        "min": 0.0,
        "max": 4.02553965532653e-11,
        "stdv": 2.7080402164435774e-13
    },
    "proc_cap_eff": {
        "avg": 2.6345083533120692e-14,
        "med": 1.354472090042691e-14,
        "quart_1": 4.6629367034256575e-15,
        "quart_3": 2.6645352591003757e-14,
        "min": 0.0,
        "max": 3.5711433810092785e-12,
        "stdv": 9.237795109977446e-14
    },
    "proc_imp_gain": {
        "avg": 1.7763786818722036,
        "med": 0.140736173091925,
        "quart_1": 0.047224453672539246,
        "quart_3": 0.7795183419869951,
        "min": 5.156776093473425e-06,
        "max": 59.15554866950308,
        "stdv": 5.486266542540141
    },
    "proc_imp_loss": {
        "avg": 0.2900707026051716,
        "med": 0.06861055240347802,
        "quart_1": 0.0,
        "quart_3": 0.45185633726142493,
        "min": 0.0,
        "max": 0.9999937600086707,
        "stdv": 0.39411159412109054
    },
    "proc_price_imp": {
        "avg": 2.6344149811196497e-14,
        "med": 1.3488553308493889e-14,
        "quart_1": 4.731599946954909e-15,
        "quart_3": 2.6727311670716958e-14,
        "min": 0.0,
        "max": 3.5711987466777624e-12,
        "stdv": 9.237819176013455e-14
    }
}