{
    "cap_eff": {
        "avg": 6.01931670999571e-15,
        "med": 1.1102230246251565e-15,
        "quart_1": 4.440892098500626e-16,
        "quart_3": 2.6645352591003757e-15,
        "min": 0.0,
        "max": 1.786215619858922e-11,
        "stdv": 1.0596648669813342e-13
    },
    "imp_gain": {
        "avg": 0.0012347793371305486,
        "med": 0.001338558077546459,
        "quart_1": 0.0005091799045384704,
        "quart_3": 0.0022401464532040283,
        "min": 0.0001451888627954645,
        "max": 0.0022401464532040283,
        "stdv": 0.0007746182430455076
    },
    "imp_loss": {
        "avg": 0.9367105826130215,
        "med": 0.9849988911165953,
        "quart_1": 0.9638862722017487,
        "quart_3": 0.9967921045816045,
        "min": 0.0,
        "max": 0.9999999980709702,
        "stdv": 0.16524644950055647
    },
    "price_imp": {
        "avg": 6.0154225988727175e-15,
        "med": 1.1389710989862022e-15,
        "quart_1": 4.162059948312911e-16,
        "quart_3": 2.7243575490596155e-15,
        "min": 0.0,
        "max": 1.786213511164598e-11,
        "stdv": 1.0596660753633488e-13
    },
    "proc_cap_eff": {
        "avg": 4.7375257317094334e-15,
        "med": 1.1102230246251565e-15,
        "quart_1": 4.440892098500626e-16,
        "quart_3": 2.6645352591003757e-15,
        "min": 0.0,
        "max": 7.904787935331115e-13,
        "stdv": 2.2649988125303372e-14
    },
    "proc_imp_gain": {
        "avg": 0.0012347793371305486,
        "med": 0.001338558077546459,
        "quart_1": 0.0005091799045384704,
        "quart_3": 0.0022401464532040283,
        "min": 0.0001451888627954645,
        "max": 0.0022401464532040283,
        "stdv": 0.0007746182430455076
    },
    "proc_imp_loss": {
        "avg": 0.9371773675758281,
        "med": 0.9850156297474308,
        "quart_1": 0.9639340612453356,
        "quart_3": 0.9967965176508131,
        "min": 0.004074006927633711,
        "max": 0.9999999980709702,
        "stdv": 0.16396183592028474
    },
    "proc_price_imp": {
        "avg": 4.733628766937188e-15,
        "med": 1.1377869193322851e-15,
        "quart_1": 4.1611756058487774e-16,
        "quart_3": 2.7214303524320626e-15,
        "min": 0.0,
        "max": 7.905026380534811e-13,
        "stdv": 2.2650665954748982e-14
    }
}