{
    "cap_eff": {
        "avg": 0.016831258681073,
        "med": 0.00016441503732433915,
        "quart_1": 8.189981117046052e-05,
        "quart_3": 0.0003105053278074088,
        "min": 8.166327170044951e-09,
        "max": 11.891445478836733,
        "stdv": 0.109098818787769
    },
    "imp_gain": {},
    "imp_loss": {
        "avg": 0.5836400476861481,
        "med": 0.5439232169346955,
        "quart_1": 0.4971601925345299,
        "quart_3": 0.7119997760099372,
        "min": 0.0,
        "max": 0.8639692523834867,
        "stdv": 0.14940397723422866
    },
    "price_imp": {
        "avg": 0.0033427789153486097,
        "med": 0.00025149946674723025,
        "quart_1": 0.0001530259173165144,
        "quart_3": 0.0003833556868752534,
        "min": 6.463967357372464e-09,
        "max": 225.88757989015602,
        "stdv": 0.792520865006403
    },
    "proc_cap_eff": {
        "avg": 0.01610027654755747,
        "med": 0.00016435167837997033,
        "quart_1": 8.185862227849672e-05,
        "quart_3": 0.0003101011912669538,
        "min": 8.166327170044951e-09,
        "max": 0.9142891950822793,
        "stdv": 0.09172820923190061
    },
    "proc_imp_gain": {},
    "proc_imp_loss": {
        "avg": 0.5839296169688724,
        "med": 0.5439533789761009,
        "quart_1": 0.4972249758561893,
        "quart_3": 0.7121112616851031,
        "min": 0.005118600735579681,
        "max": 0.8639692523834867,
        "stdv": 0.1488767780668419
    },
    "proc_price_imp": {
        "avg": 0.00042567008778989537,
        "med": 0.0002514341496187164,
        "quart_1": 0.00015296462793621012,
        "quart_3": 0.00038310874611603365,
        "min": 6.463967357372464e-09,
        "max": 0.04881058913996499,
        "stdv": 0.0011956194352605947
    }
}