{
    "cap_eff": {
        "avg": 0.03610860402586095,
        "med": 0.001587720384353286,
        "quart_1": 0.0008289352047158305,
        "quart_3": 0.0028144659498528513,
        "min": 4.0037293702610555e-08,
        "max": 768.4106526256209,
        "stdv": 2.9238768440100054
    },
    "imp_gain": {},
    "imp_loss": {
        "avg": 0.49703534996400484,
        "med": 0.5042392102293318,
        "quart_1": 0.4744924868690833,
        "quart_3": 0.5342147256564824,
        "min": 0.0,
        "max": 0.6399413311153879,
        "stdv": 0.0836120026701238
    },
    "price_imp": {
        "avg": 0.02997529448436572,
        "med": 0.0017284145907404966,
        "quart_1": 0.0010521766708278101,
        "quart_3": 0.0024902363155696818,
        "min": 5.17176802299263e-08,
        "max": 238.2656810241359,
        "stdv": 1.4959528080446967
    },
    "proc_cap_eff": {
        "avg": 0.016138957090075432,
        "med": 0.0015867611055473407,
        "quart_1": 0.0008284663230079259,
        "quart_3": 0.0028117015708528648,
        "min": 4.0037293702610555e-08,
        "max": 0.9717834707093028,
        "stdv": 0.0946416225551673
    },
    "proc_imp_gain": {},
    "proc_imp_loss": {
        "avg": 0.49728177679191893,
        "med": 0.5042626507536137,
        "quart_1": 0.474574938351808,
        "quart_3": 0.5342334147137509,
        "min": 0.00506021217742203,
        "max": 0.6399413311153879,
        "stdv": 0.08290059835100462
    },
    "proc_price_imp": {
        "avg": 0.00629037459029966,
        "med": 0.0017279521111294106,
        "quart_1": 0.0010518402669776757,
        "quart_3": 0.0024888338841510477,
        "min": 5.17176802299263e-08,
        "max": 6.386716602134605,
        "stdv": 0.10158900141892703
    }
}