{
    "cap_eff": {
        "avg": 0.10834621444436922,
        "med": 0.00205228348056935,
        "quart_1": 0.0013126430102075037,
        "quart_3": 0.00325383984725236,
        "min": 1.7806117136309751e-07,
        "max": 2277.506124486738,
        "stdv": 11.278588244333493
    },
    "imp_gain": {
        "avg": 6.259086298366014,
        "med": 0.0016373172440704575,
        "quart_1": 7.548200078799638e-05,
        "quart_3": 1.0188096649905765,
        "min": 2.220446049250313e-16,
        "max": 435.6109063546141,
        "stdv": 27.330260910419643
    },
    "imp_loss": {
        "avg": 0.19601866096810674,
        "med": 0.00010873153765444954,
        "quart_1": 0.0,
        "quart_3": 0.006680995756897734,
        "min": 0.0,
        "max": 0.9898542074492497,
        "stdv": 0.3519159417942302
    },
    "price_imp": {
        "avg": 0.5653354159762256,
        "med": 0.00371750961423059,
        "quart_1": 0.002521638773325726,
        "quart_3": 0.005183293290067246,
        "min": 3.3625565188327984e-07,
        "max": 2884.7993818527634,
        "stdv": 20.631035916548946
    },
    "proc_cap_eff": {
        "avg": 0.031128328082825465,
        "med": 0.0020513774107262517,
        "quart_1": 0.0013121034202663306,
        "quart_3": 0.0032514058288373726,
        "min": 1.7806117136309751e-07,
        "max": 18.06923255454899,
        "stdv": 0.333792435777022
    },
    "proc_imp_gain": {
        "avg": 6.06382778700059,
        "med": 0.0016315928440364669,
        "quart_1": 7.534566259326247e-05,
        "quart_3": 1.0114641713134764,
        "min": 2.220446049250313e-16,
        "max": 379.04229579160426,
        "stdv": 25.901390400378745
    },
    "proc_imp_loss": {
        "avg": 0.1956336758751453,
        "med": 0.00010822328894910527,
        "quart_1": 0.0,
        "quart_3": 0.006608467162875331,
        "min": 0.0,
        "max": 0.9626519383832146,
        "stdv": 0.3515824286651631
    },
    "proc_price_imp": {
        "avg": 0.1946599568667702,
        "med": 0.0037165541320970897,
        "quart_1": 0.002520855157390073,
        "quart_3": 0.005180605068959749,
        "min": 3.3625565188327984e-07,
        "max": 236.80307347613703,
        "stdv": 4.150669300217426
    }
}