{
    "cap_eff": {
        "avg": 0.09202197635731021,
        "med": 0.003074922370232658,
        "quart_1": 0.001966426970329449,
        "quart_3": 0.004872977969802905,
        "min": 6.201392472870992e-07,
        "max": 1550.8702985956745,
        "stdv": 7.723921923675768
    },
    "imp_gain": {
        "avg": 6.004505702325688,
        "med": 0.001603302461116618,
        "quart_1": 6.933376613615927e-05,
        "quart_3": 0.937724013234023,
        "min": 2.220446049250313e-16,
        "max": 431.9446370094973,
        "stdv": 25.98724506945616
    },
    "imp_loss": {
        "avg": 0.18770692626340188,
        "med": 0.00011771310519814726,
        "quart_1": 0.0,
        "quart_3": 0.00681039687896412,
        "min": 0.0,
        "max": 0.9848213999989213,
        "stdv": 0.3369376313518069
    },
    "price_imp": {
        "avg": 0.4199809172924896,
        "med": 0.00555574547063038,
        "quart_1": 0.003771176111843571,
        "quart_3": 0.007735448384686464,
        "min": 3.5927985863535003e-07,
        "max": 1955.5072844636315,
        "stdv": 14.42469469782104
    },
    "proc_cap_eff": {
        "avg": 0.034811155927318246,
        "med": 0.0030733090818567677,
        "quart_1": 0.0019659120329503232,
        "quart_3": 0.004869504809896452,
        "min": 6.201392472870992e-07,
        "max": 18.502264692755325,
        "stdv": 0.3597716737526581
    },
    "proc_imp_gain": {
        "avg": 5.816713653795541,
        "med": 0.0015963158292486845,
        "quart_1": 6.929022057144962e-05,
        "quart_3": 0.9318200335336508,
        "min": 2.220446049250313e-16,
        "max": 354.4344557031753,
        "stdv": 24.593936223963112
    },
    "proc_imp_loss": {
        "avg": 0.18732535333695144,
        "med": 0.00011713711782435077,
        "quart_1": 0.0,
        "quart_3": 0.006722466876886712,
        "min": 0.0,
        "max": 0.9463147770241827,
        "stdv": 0.33658945884888525
    },
    "proc_price_imp": {
        "avg": 0.15872423794743665,
        "med": 0.005553853353564077,
        "quart_1": 0.003770410545355542,
        "quart_3": 0.0077314784135996085,
        "min": 3.5927985863535003e-07,
        "max": 189.75397932611483,
        "stdv": 3.1517013672584544
    }
}