{
    "cap_eff": {
        "avg": 0.16605691992331437,
        "med": 0.0010275386155856325,
        "quart_1": 0.0006573179702216714,
        "quart_3": 0.0016306035712039257,
        "min": 3.680540405781585e-08,
        "max": 4455.313136623626,
        "stdv": 22.08142928625946
    },
    "imp_gain": {
        "avg": 6.4521150427447305,
        "med": 0.0016638843014047389,
        "quart_1": 7.560127503247749e-05,
        "quart_3": 1.134681424842778,
        "min": 2.220446049250313e-16,
        "max": 447.5776072473996,
        "stdv": 28.487279500674525
    },
    "imp_loss": {
        "avg": 0.20758833947064112,
        "med": 0.00011178112836085496,
        "quart_1": 0.0,
        "quart_3": 0.006556495116240679,
        "min": 0.0,
        "max": 0.9949078118669534,
        "stdv": 0.3722632159844205
    },
    "price_imp": {
        "avg": 0.9940508492297444,
        "med": 0.0018650776580786438,
        "quart_1": 0.0012645603810140416,
        "quart_3": 0.002605269228771314,
        "min": 3.1435954653608806e-07,
        "max": 5666.668807833743,
        "stdv": 39.30485588667044
    },
    "proc_cap_eff": {
        "avg": 0.027157006618172837,
        "med": 0.0010271031632445027,
        "quart_1": 0.0006571193425268795,
        "quart_3": 0.0016286271353160853,
        "min": 3.680540405781585e-08,
        "max": 17.820245937899323,
        "stdv": 0.31743371902091283
    },
    "proc_imp_gain": {
        "avg": 6.249987565256325,
        "med": 0.001660668475724103,
        "quart_1": 7.555414351401168e-05,
        "quart_3": 1.1237433250757993,
        "min": 2.220446049250313e-16,
        "max": 376.36795531083385,
        "stdv": 27.01775609565441
    },
    "proc_imp_loss": {
        "avg": 0.2072015570694409,
        "med": 0.00011116278283862524,
        "quart_1": 0.0,
        "quart_3": 0.006489362014636402,
        "min": 0.0,
        "max": 0.9794410813040383,
        "stdv": 0.3719538761923017
    },
    "proc_price_imp": {
        "avg": 0.3094775182308882,
        "med": 0.0018645092964864303,
        "quart_1": 0.0012640188750865948,
        "quart_3": 0.002603278409424007,
        "min": 3.1435954653608806e-07,
        "max": 385.34298644743205,
        "stdv": 7.143074845962696
    }
}