{
    "cap_eff": {
        "avg": 0.02730151515943448,
        "med": 0.003935244704623586,
        "quart_1": 0.00212727206085217,
        "quart_3": 0.006418648763730328,
        "min": 8.464936973595627e-09,
        "max": 1.1389485141087183,
        "stdv": 0.1135372366881496
    },
    "imp_gain": {
        "avg": 7.316183727796485,
        "med": 0.03881722142414401,
        "quart_1": 0.01597671511370513,
        "quart_3": 4.832273263862333,
        "min": 2.220446049250313e-16,
        "max": 262.86233934257945,
        "stdv": 18.60698832758151
    },
    "imp_loss": {
        "avg": 0.2202215094566179,
        "med": 0.0191311410652083,
        "quart_1": 0.0,
        "quart_3": 0.07401502998200715,
        "min": 0.0,
        "max": 0.9962101450230013,
        "stdv": 0.3715853904807849
    },
    "price_imp": {
        "avg": 0.020067658389877115,
        "med": 0.006892324625078861,
        "quart_1": 0.004344203750660387,
        "quart_3": 0.009825276278645038,
        "min": 3.5629800949320933e-06,
        "max": 2.012835043900266,
        "stdv": 0.07421427495337578
    },
    "proc_cap_eff": {
        "avg": 0.0268431345278362,
        "med": 0.0039339917543651515,
        "quart_1": 0.0021261014710795,
        "quart_3": 0.00641174013857293,
        "min": 8.464936973595627e-09,
        "max": 0.9536584430204016,
        "stdv": 0.11165747384383437
    },
    "proc_imp_gain": {
        "avg": 7.216521829833924,
        "med": 0.03877944574562431,
        "quart_1": 0.015962949391085113,
        "quart_3": 4.82375512857742,
        "min": 2.220446049250313e-16,
        "max": 163.7746811398714,
        "stdv": 18.05595717322525
    },
    "proc_imp_loss": {
        "avg": 0.21983416517443624,
        "med": 0.019089305944207324,
        "quart_1": 0.0,
        "quart_3": 0.07368138153315551,
        "min": 0.0,
        "max": 0.9937071320017767,
        "stdv": 0.37127431021287177
    },
    "proc_price_imp": {
        "avg": 0.019444177623966188,
        "med": 0.006890042948163605,
        "quart_1": 0.0043424189578204295,
        "quart_3": 0.00982146119782999,
        "min": 3.5629800949320933e-06,
        "max": 1.0857647937250678,
        "stdv": 0.06851210107177363
    }
}