{
    "cap_eff": {
        "avg": 3.1932797335333106e-14,
        "med": 1.4210854715202004e-14,
        "quart_1": 5.10702591327572e-15,
        "quart_3": 2.8199664825478976e-14,
        "min": 0.0,
        "max": 4.067479686398201e-11,
        "stdv": 3.170377328366679e-13
    },
    "imp_gain": {
        "avg": 1.651604973630711,
        "med": 0.16803850187565206,
        "quart_1": 0.0450625911631275,
        "quart_3": 0.9877805297199986,
        "min": 2.752462389121746e-07,
        "max": 48.96664623828851,
        "stdv": 4.807329971559191
    },
    "imp_loss": {
        "avg": 0.2888333686547815,
        "med": 0.06647031376154311,
        "quart_1": 0.0,
        "quart_3": 0.4167937118760109,
        "min": 0.0,
        "max": 0.999999895398126,
        "stdv": 0.39543179238842846
    },
    "price_imp": {
        "avg": 3.1932112082603324e-14,
        "med": 1.4190375240557151e-14,
        "quart_1": 5.108266648184956e-15,
        "quart_3": 2.8216323527810036e-14,
        "min": 0.0,
        "max": 4.06747194987353e-11,
        "stdv": 3.170374638086952e-13
    },
    "proc_cap_eff": {
        "avg": 2.7085939571610963e-14,
        "med": 1.4210854715202004e-14,
        "quart_1": 5.10702591327572e-15,
        "quart_3": 2.8199664825478976e-14,
        "min": 0.0,
        "max": 3.5154101851730957e-12,
        "stdv": 8.430767693607911e-14
    },
    "proc_imp_gain": {
        "avg": 1.6300309379330733,
        "med": 0.16783951600830282,
        "quart_1": 0.04502097962555407,
        "quart_3": 0.9857086205603842,
        "min": 2.752462389121746e-07,
        "max": 42.08630892910825,
        "stdv": 4.710470921440604
    },
    "proc_imp_loss": {
        "avg": 0.2884780616150545,
        "med": 0.06635417387705722,
        "quart_1": 0.0,
        "quart_3": 0.4101380216061439,
        "min": 0.0,
        "max": 0.9999977024557594,
        "stdv": 0.39521085075721935
    },
    "proc_price_imp": {
        "avg": 2.7085259199862252e-14,
        "med": 1.4179996195874532e-14,
        "quart_1": 5.1062827755000425e-15,
        "quart_3": 2.818830727392979e-14,
        "min": 0.0,
        "max": 3.515450611471352e-12,
        "stdv": 8.430776118259453e-14
    }
}