{
    "cap_eff": {
        "avg": 0.020151223420276993,
        "med": 0.0030019228862884217,
        "quart_1": 0.0013810343662294944,
        "quart_3": 0.005840180346346147,
        "min": 4.0794526756648963e-07,
        "max": 0.9151258977763895,
        "stdv": 0.10592812551461671
    },
    "imp_gain": {
        "avg": 0.0011241392359836178,
        "med": 0.0014005447198539578,
        "quart_1": 0.00034897463662497685,
        "quart_3": 0.002085256518522316,
        "min": 6.500315754998098e-05,
        "max": 0.002085256518522316,
        "stdv": 0.0007632714883347431
    },
    "imp_loss": {
        "avg": 0.5310256939858666,
        "med": 0.5235956497686678,
        "quart_1": 0.44447126673053683,
        "quart_3": 0.668687768818278,
        "min": 0.0,
        "max": 0.7902236246129872,
        "stdv": 0.1570692316539177
    },
    "price_imp": {
        "avg": 0.005657472493475355,
        "med": 0.004818514916487505,
        "quart_1": 0.002779202517659733,
        "quart_3": 0.00748360637628109,
        "min": 1.123552694846843e-06,
        "max": 0.05985847152861337,
        "stdv": 0.00420105140216131
    },
    "proc_cap_eff": {
        "avg": 0.01971502932920241,
        "med": 0.002999871234905027,
        "quart_1": 0.0013803395983727484,
        "quart_3": 0.005834526963537701,
        "min": 4.0794526756648963e-07,
        "max": 0.9072531075460424,
        "stdv": 0.10410662398157622
    },
    "proc_imp_gain": {
        "avg": 0.0011241392359836178,
        "med": 0.0014005447198539578,
        "quart_1": 0.00034897463662497685,
        "quart_3": 0.002085256518522316,
        "min": 6.500315754998098e-05,
        "max": 0.002085256518522316,
        "stdv": 0.0007632714883347431
    },
    "proc_imp_loss": {
        "avg": 0.5312891508082827,
        "med": 0.5236878220493326,
        "quart_1": 0.44455921550717414,
        "quart_3": 0.6687766937783582,
        "min": 0.005340189773346493,
        "max": 0.7902236246129872,
        "stdv": 0.1566641713455336
    },
    "proc_price_imp": {
        "avg": 0.005640425011606465,
        "med": 0.004816938310108201,
        "quart_1": 0.0027782605704604318,
        "quart_3": 0.007476524458310538,
        "min": 1.123552694846843e-06,
        "max": 0.03495990783487809,
        "stdv": 0.004128987157735938
    }
}