{
    "cap_eff": {
        "avg": 7.2831833190997e-15,
        "med": 1.1102230246251565e-15,
        "quart_1": 4.440892098500626e-16,
        "quart_3": 2.6645352591003757e-15,
        "min": 0.0,
        "max": 1.882249911488998e-11,
        "stdv": 1.3739282630173366e-13
    },
    "imp_gain": {
        "avg": 0.0024528483126492607,
        "med": 0.002342159981959524,
        "quart_1": 0.0014781450859433498,
        "quart_3": 0.0030912977457477897,
        "min": 5.760481250227656e-06,
        "max": 0.005027234963658422,
        "stdv": 0.0011336771458649014
    },
    "imp_loss": {
        "avg": 0.9391264247686804,
        "med": 0.9869971236482334,
        "quart_1": 0.9671888613268118,
        "quart_3": 0.9986584165207399,
        "min": 0.0,
        "max": 0.999999615607062,
        "stdv": 0.16615509809271892
    },
    "price_imp": {
        "avg": 7.279516713886514e-15,
        "med": 1.1314209422599037e-15,
        "quart_1": 4.2299526457192314e-16,
        "quart_3": 2.6785701579742332e-15,
        "min": 0.0,
        "max": 1.8822416407503302e-11,
        "stdv": 1.3739277501320497e-13
    },
    "proc_cap_eff": {
        "avg": 5.52449852869428e-15,
        "med": 1.1102230246251565e-15,
        "quart_1": 4.440892098500626e-16,
        "quart_3": 2.6645352591003757e-15,
        "min": 0.0,
        "max": 8.522071937022702e-13,
        "stdv": 2.522084234786532e-14
    },
    "proc_imp_gain": {
        "avg": 0.0024528483126492607,
        "med": 0.002342159981959524,
        "quart_1": 0.0014781450859433498,
        "quart_3": 0.0030912977457477897,
        "min": 5.760481250227656e-06,
        "max": 0.005027234963658422,
        "stdv": 0.0011336771458649014
    },
    "proc_imp_loss": {
        "avg": 0.9395932708085801,
        "med": 0.9870113686828678,
        "quart_1": 0.9672215774689051,
        "quart_3": 0.9986608824563584,
        "min": 0.0057238167371505,
        "max": 0.999999615607062,
        "stdv": 0.16487538848190378
    },
    "proc_price_imp": {
        "avg": 5.5208289069718e-15,
        "med": 1.1303101640633566e-15,
        "quart_1": 4.2281983438863005e-16,
        "quart_3": 2.6733933843608065e-15,
        "min": 0.0,
        "max": 8.522794126660768e-13,
        "stdv": 2.5221507965778973e-14
    }
}