{
    "cap_eff": {
        "avg": 0.163736930322027,
        "med": 0.0001514495184433695,
        "quart_1": 7.469469051524236e-05,
        "quart_3": 0.00028333660748458556,
        "min": 1.56811230667131e-11,
        "max": 6735.17432939908,
        "stdv": 25.655216370325487
    },
    "imp_gain": {
        "avg": 0.0011459010566778746,
        "med": 0.0014005447198539578,
        "quart_1": 0.00010612403762233491,
        "quart_3": 0.002085256518522316,
        "min": 6.292467204405128e-05,
        "max": 0.002085256518522316,
        "stdv": 0.0007961448592385479
    },
    "imp_loss": {
        "avg": 0.5844757640680066,
        "med": 0.5334244359419513,
        "quart_1": 0.49260882180122967,
        "quart_3": 0.7215743321322025,
        "min": 0.0,
        "max": 0.8866066792637708,
        "stdv": 0.15147340810209478
    },
    "price_imp": {
        "avg": 0.1985714579478853,
        "med": 0.00023470241780494357,
        "quart_1": 0.00014098334968294613,
        "quart_3": 0.0003571683830195495,
        "min": 1.1333294998570368e-07,
        "max": 1706.6879082765126,
        "stdv": 12.138096228180256
    },
    "proc_cap_eff": {
        "avg": 0.01664854960056697,
        "med": 0.00015137294985523297,
        "quart_1": 7.465999019684588e-05,
        "quart_3": 0.0002830145655008387,
        "min": 1.56811230667131e-11,
        "max": 0.9404915449339177,
        "stdv": 0.10177855014615231
    },
    "proc_imp_gain": {
        "avg": 0.0011459010566778746,
        "med": 0.0014005447198539578,
        "quart_1": 0.00010612403762233491,
        "quart_3": 0.002085256518522316,
        "min": 6.292467204405128e-05,
        "max": 0.002085256518522316,
        "stdv": 0.0007961448592385479
    },
    "proc_imp_loss": {
        "avg": 0.5847657813789661,
        "med": 0.5335337359797734,
        "quart_1": 0.49270816670921325,
        "quart_3": 0.7216366034590587,
        "min": 0.005094805092499932,
        "max": 0.8866066792637708,
        "stdv": 0.1509527526712295
    },
    "proc_price_imp": {
        "avg": 0.0049777055758540864,
        "med": 0.00023458173211596717,
        "quart_1": 0.00014094540042893598,
        "quart_3": 0.0003569356456665678,
        "min": 1.1333294998570368e-07,
        "max": 57.21675900295448,
        "stdv": 0.3949449361268908
    }
}