{
    "cap_eff": {
        "avg": 0.031035301407175017,
        "med": 0.0014220444858565884,
        "quart_1": 0.0007243771807742272,
        "quart_3": 0.0025090120161999074,
        "min": 1.0664820904171535e-07,
        "max": 208.6186568036281,
        "stdv": 1.195568324545367
    },
    "imp_gain": {
        "avg": 0.0011490807756643572,
        "med": 0.0014005447198539578,
        "quart_1": 0.00012332015972993382,
        "quart_3": 0.002085256518522316,
        "min": 6.097838128127364e-05,
        "max": 0.002085256518522316,
        "stdv": 0.0007920266385401377
    },
    "imp_loss": {
        "avg": 0.47098988575873885,
        "med": 0.469224364185132,
        "quart_1": 0.44051267316592313,
        "quart_3": 0.4989180198638943,
        "min": 0.0,
        "max": 0.6336927579940558,
        "stdv": 0.07334631255716652
    },
    "price_imp": {
        "avg": 0.04405121076925998,
        "med": 0.0016227078577746262,
        "quart_1": 0.0009639249809238332,
        "quart_3": 0.002357264097097908,
        "min": 4.1329737718953415e-07,
        "max": 147.00778768165972,
        "stdv": 1.488025272209575
    },
    "proc_cap_eff": {
        "avg": 0.019539953196370446,
        "med": 0.0014213607250903593,
        "quart_1": 0.0007239928416763464,
        "quart_3": 0.0025058014202465895,
        "min": 1.0664820904171535e-07,
        "max": 0.9980529221202732,
        "stdv": 0.11161545094481354
    },
    "proc_imp_gain": {
        "avg": 0.0011490807756643572,
        "med": 0.0014005447198539578,
        "quart_1": 0.00012332015972993382,
        "quart_3": 0.002085256518522316,
        "min": 6.097838128127364e-05,
        "max": 0.002085256518522316,
        "stdv": 0.0007920266385401377
    },
    "proc_imp_loss": {
        "avg": 0.4712233677436969,
        "med": 0.4692409000769742,
        "quart_1": 0.44054896844132496,
        "quart_3": 0.4989593314892363,
        "min": 0.005027986741776624,
        "max": 0.6336927579940558,
        "stdv": 0.07261472558644375
    },
    "proc_price_imp": {
        "avg": 0.015631287332627128,
        "med": 0.0016222496875601766,
        "quart_1": 0.000963502545342301,
        "quart_3": 0.0023556970031590437,
        "min": 4.1329737718953415e-07,
        "max": 26.415489374034603,
        "stdv": 0.3991420580554771
    }
}