{
    "cap_eff": {
        "avg": 0.0384387288177062,
        "med": 0.0009899873437645978,
        "quart_1": 0.0004890924443975431,
        "quart_3": 0.0017496246676903526,
        "min": 7.152020087275446e-09,
        "max": 816.8962365294874,
        "stdv": 3.164583061206642
    },
    "imp_gain": {
        "avg": 0.0011479535468449005,
        "med": 0.0014005447198539578,
        "quart_1": 0.00011721395752317676,
        "quart_3": 0.002085256518522316,
        "min": 6.168346844548367e-05,
        "max": 0.002085256518522316,
        "stdv": 0.000793481733307533
    },
    "imp_loss": {
        "avg": 0.44753033232926437,
        "med": 0.46774186262600737,
        "quart_1": 0.43671010871119864,
        "quart_3": 0.4911913731966371,
        "min": 0.0,
        "max": 0.5752839305980431,
        "stdv": 0.08407505545668212
    },
    "price_imp": {
        "avg": 0.04948042565317909,
        "med": 0.0012801632230888286,
        "quart_1": 0.0007568634039981109,
        "quart_3": 0.001844950909486286,
        "min": 1.3454125081768216e-07,
        "max": 202.1710729278981,
        "stdv": 1.9146485182221957
    },
    "proc_cap_eff": {
        "avg": 0.01727651222245375,
        "med": 0.0009894651547238675,
        "quart_1": 0.0004888278718556682,
        "quart_3": 0.0017479899295208545,
        "min": 7.152020087275446e-09,
        "max": 0.9871323525304694,
        "stdv": 0.10452261770971508
    },
    "proc_imp_gain": {
        "avg": 0.0011479535468449005,
        "med": 0.0014005447198539578,
        "quart_1": 0.00011721395752317676,
        "quart_3": 0.002085256518522316,
        "min": 6.168346844548367e-05,
        "max": 0.002085256518522316,
        "stdv": 0.000793481733307533
    },
    "proc_imp_loss": {
        "avg": 0.44775212158067296,
        "med": 0.4677679581105092,
        "quart_1": 0.43676941184223805,
        "quart_3": 0.49120060894889694,
        "min": 0.0050515337922836245,
        "max": 0.5752839305980431,
        "stdv": 0.08350666108604896
    },
    "proc_price_imp": {
        "avg": 0.013605990166719092,
        "med": 0.0012797587790029218,
        "quart_1": 0.0007566786147565033,
        "quart_3": 0.0018437301738570345,
        "min": 1.3454125081768216e-07,
        "max": 30.69152899035648,
        "stdv": 0.4140918118947572
    }
}