{
    "cap_eff": {
        "avg": 0.03174931155467505,
        "med": 0.0005744442371631298,
        "quart_1": 0.0002836425205292592,
        "quart_3": 0.001017509639795744,
        "min": 4.362115890721441e-08,
        "max": 480.2769700722788,
        "stdv": 1.9152581544868454
    },
    "imp_gain": {
        "avg": 0.0011468170387018675,
        "med": 0.0014005447198539578,
        "quart_1": 0.00011106872867427953,
        "quart_3": 0.002085256518522316,
        "min": 6.23775006460825e-05,
        "max": 0.002085256518522316,
        "stdv": 0.0007949542106231402
    },
    "imp_loss": {
        "avg": 0.4974845603972186,
        "med": 0.504293665494055,
        "quart_1": 0.47558768754809444,
        "quart_3": 0.5371646204325013,
        "min": 0.0,
        "max": 0.680428074283713,
        "stdv": 0.09352452540115573
    },
    "price_imp": {
        "avg": 0.06653670894792803,
        "med": 0.0008161032242746086,
        "quart_1": 0.000486003380869804,
        "quart_3": 0.0011756801127802148,
        "min": 5.262571093130024e-07,
        "max": 349.17673725077526,
        "stdv": 3.05712084808466
    },
    "proc_cap_eff": {
        "avg": 0.017800424690114287,
        "med": 0.0005740599874847763,
        "quart_1": 0.0002834936012531264,
        "quart_3": 0.001016381851242587,
        "min": 4.362115890721441e-08,
        "max": 0.9206766025994875,
        "stdv": 0.10745900760823196
    },
    "proc_imp_gain": {
        "avg": 0.0011468170387018675,
        "med": 0.0014005447198539578,
        "quart_1": 0.00011106872867427953,
        "quart_3": 0.002085256518522316,
        "min": 6.23775006460825e-05,
        "max": 0.002085256518522316,
        "stdv": 0.0007949542106231402
    },
    "proc_imp_loss": {
        "avg": 0.4977312362392049,
        "med": 0.5043244400014963,
        "quart_1": 0.47563316327508975,
        "quart_3": 0.5371858101547982,
        "min": 0.005075444483835456,
        "max": 0.680428074283713,
        "stdv": 0.092892467903957
    },
    "proc_price_imp": {
        "avg": 0.010355062990960659,
        "med": 0.0008157767534414161,
        "quart_1": 0.00048582756362509645,
        "quart_3": 0.001174907762104617,
        "min": 5.262571093130024e-07,
        "max": 39.31573177354296,
        "stdv": 0.40498649739980597
    }
}