{
    "cap_eff": {
        "avg": 0.04642788341456397,
        "med": 0.0019503736007741024,
        "quart_1": 0.0012491832242035317,
        "quart_3": 0.0030170786160814145,
        "min": 1.9354035285523707e-07,
        "max": 195.3722599458375,
        "stdv": 1.1551398659322574
    },
    "imp_gain": {
        "avg": 5.524255494627933,
        "med": 0.0022509436582942577,
        "quart_1": 6.484916494908788e-05,
        "quart_3": 1.8387637830571593,
        "min": 2.220446049250313e-16,
        "max": 319.31251126830506,
        "stdv": 19.71808801029042
    },
    "imp_loss": {
        "avg": 0.17570514931297973,
        "med": 8.017063107523814e-05,
        "quart_1": 0.0,
        "quart_3": 0.004196534646803585,
        "min": 0.0,
        "max": 0.9866626342961292,
        "stdv": 0.3314410088292267
    },
    "price_imp": {
        "avg": 0.31375038021637935,
        "med": 0.0035586533195209446,
        "quart_1": 0.002418545701235263,
        "quart_3": 0.004930983360393694,
        "min": 1.8023086317719508e-06,
        "max": 1554.8692278352028,
        "stdv": 10.019258002100724
    },
    "proc_cap_eff": {
        "avg": 0.030969903075842294,
        "med": 0.0019494779188868328,
        "quart_1": 0.0012486435772870452,
        "quart_3": 0.0030146650638917527,
        "min": 1.9354035285523707e-07,
        "max": 11.182355182542663,
        "stdv": 0.2640083390048884
    },
    "proc_imp_gain": {
        "avg": 5.381544099113961,
        "med": 0.0022488013713717336,
        "quart_1": 6.471071666247497e-05,
        "quart_3": 1.8304616425937006,
        "min": 2.220446049250313e-16,
        "max": 262.3734288605867,
        "stdv": 18.658096402947653
    },
    "proc_imp_loss": {
        "avg": 0.17531280070358476,
        "med": 7.969728726042735e-05,
        "quart_1": 0.0,
        "quart_3": 0.004175125191632434,
        "min": 0.0,
        "max": 0.9567988144398566,
        "stdv": 0.3310591793181399
    },
    "proc_price_imp": {
        "avg": 0.14403489101081968,
        "med": 0.0035571143464543133,
        "quart_1": 0.0024179241178137194,
        "quart_3": 0.004928346793182348,
        "min": 1.8023086317719508e-06,
        "max": 148.61524428129798,
        "stdv": 2.818576710232726
    }
}