{
    "cap_eff": {
        "avg": 0.050657123753338154,
        "med": 0.002922943458575189,
        "quart_1": 0.0018747268972133524,
        "quart_3": 0.004522703277184292,
        "min": 1.0522738103091456e-07,
        "max": 267.00034157096326,
        "stdv": 1.2601474358324516
    },
    "imp_gain": {
        "avg": 5.330098734946736,
        "med": 0.002306768597018616,
        "quart_1": 6.766005194736024e-05,
        "quart_3": 1.8435122443758547,
        "min": 2.220446049250313e-16,
        "max": 311.35762081004924,
        "stdv": 18.71187657033604
    },
    "imp_loss": {
        "avg": 0.16675607863279368,
        "med": 8.153594611559623e-05,
        "quart_1": 0.0,
        "quart_3": 0.004137679759119162,
        "min": 0.0,
        "max": 0.9803464553822456,
        "stdv": 0.3159151741146247
    },
    "price_imp": {
        "avg": 0.24893323829948577,
        "med": 0.005319075644445339,
        "quart_1": 0.0036172724698733615,
        "quart_3": 0.007351065633470846,
        "min": 2.6920070748887623e-06,
        "max": 1082.883859516696,
        "stdv": 7.401632349238616
    },
    "proc_cap_eff": {
        "avg": 0.03495216491987592,
        "med": 0.0029213798561831816,
        "quart_1": 0.0018739609341577035,
        "quart_3": 0.004518887177096309,
        "min": 1.0522738103091456e-07,
        "max": 12.557449768446238,
        "stdv": 0.2922328253364464
    },
    "proc_imp_gain": {
        "avg": 5.191355185746068,
        "med": 0.002301564875443196,
        "quart_1": 6.755252081069862e-05,
        "quart_3": 1.8326490318930935,
        "min": 2.220446049250313e-16,
        "max": 251.27518219007723,
        "stdv": 17.65437868766064
    },
    "proc_imp_loss": {
        "avg": 0.166367776317496,
        "med": 8.142002875510812e-05,
        "quart_1": 0.0,
        "quart_3": 0.004117465489037242,
        "min": 0.0,
        "max": 0.9395818448340137,
        "stdv": 0.31551637805265126
    },
    "proc_price_imp": {
        "avg": 0.12118028519256822,
        "med": 0.005317789911835822,
        "quart_1": 0.0036168164830931663,
        "quart_3": 0.007347119746163301,
        "min": 2.6920070748887623e-06,
        "max": 104.02182621801344,
        "stdv": 2.181929961938599
    }
}