{
    "cap_eff": {
        "avg": 0.042033990213108594,
        "med": 0.0009758075109034259,
        "quart_1": 0.0006257445604289091,
        "quart_3": 0.0015097948547024842,
        "min": 9.229537800692356e-09,
        "max": 247.61235001905098,
        "stdv": 1.3361739665566936
    },
    "imp_gain": {
        "avg": 5.836893305641632,
        "med": 0.0022636017708805856,
        "quart_1": 6.703520852568978e-05,
        "quart_3": 1.9588262464600246,
        "min": 2.220446049250313e-16,
        "max": 327.36101640815406,
        "stdv": 21.10790108131165
    },
    "imp_loss": {
        "avg": 0.1870372693813274,
        "med": 8.268626367324838e-05,
        "quart_1": 0.0,
        "quart_3": 0.004156076636993411,
        "min": 0.0,
        "max": 0.9931259040408696,
        "stdv": 0.35234831712547615
    },
    "price_imp": {
        "avg": 0.5077643502384072,
        "med": 0.0017859150109927255,
        "quart_1": 0.0012126708331549243,
        "quart_3": 0.0024781005307067125,
        "min": 9.051155477240866e-07,
        "max": 2933.7736958544774,
        "stdv": 18.21447209648943
    },
    "proc_cap_eff": {
        "avg": 0.026296924044005132,
        "med": 0.0009754110057360599,
        "quart_1": 0.0006255443268067262,
        "quart_3": 0.0015087205453089836,
        "min": 9.229537800692356e-09,
        "max": 10.62531940313111,
        "stdv": 0.23810369579305662
    },
    "proc_imp_gain": {
        "avg": 5.690306379223633,
        "med": 0.0022608227016485127,
        "quart_1": 6.698718731001918e-05,
        "quart_3": 1.9505977954279894,
        "min": 2.220446049250313e-16,
        "max": 271.407579104326,
        "stdv": 20.066557354059384
    },
    "proc_imp_loss": {
        "avg": 0.18664164675366934,
        "med": 8.22963317581582e-05,
        "quart_1": 0.0,
        "quart_3": 0.0041376645568702575,
        "min": 0.0,
        "max": 0.9752592140282386,
        "stdv": 0.3519919763710842
    },
    "proc_price_imp": {
        "avg": 0.20606999131519796,
        "med": 0.001785403861524013,
        "quart_1": 0.0012124823440416953,
        "quart_3": 0.0024766250483113234,
        "min": 9.051155477240866e-07,
        "max": 205.30539643991878,
        "stdv": 4.43960088252433
    }
}