{
    "cap_eff": {
        "avg": 1.379915673790525e-13,
        "med": 4.629630012686903e-14,
        "quart_1": 2.1094237467877974e-14,
        "quart_3": 8.693046282814976e-14,
        "min": 0.0,
        "max": 9.715060977910639e-10,
        "stdv": 4.7226584515520436e-12
    },
    "imp_gain": {
        "avg": 0.06678802653476029,
        "med": 0.05651309769978896,
        "quart_1": 0.024942788854463105,
        "quart_3": 0.1008047973441557,
        "min": 8.500341266426403e-07,
        "max": 0.21354038190448676,
        "stdv": 0.04865295424124665
    },
    "imp_loss": {
        "avg": 0.09551362861570839,
        "med": 0.06034956948331893,
        "quart_1": 0.03106064983158563,
        "quart_3": 0.14959664606521395,
        "min": 0.0,
        "max": 0.39938721589603265,
        "stdv": 0.08279603050773429
    },
    "price_imp": {
        "avg": 1.3799149137970982e-13,
        "med": 4.632558686846962e-14,
        "quart_1": 2.1147200134963422e-14,
        "quart_3": 8.692207437890436e-14,
        "min": 0.0,
        "max": 9.715060543299006e-10,
        "stdv": 4.722658091339338e-12
    },
    "proc_cap_eff": {
        "avg": 8.712046782314096e-14,
        "med": 4.629630012686903e-14,
        "quart_1": 2.1094237467877974e-14,
        "quart_3": 8.681944052568724e-14,
        "min": 0.0,
        "max": 1.1935119559325358e-11,
        "stdv": 2.744966773673628e-13
    },
    "proc_imp_gain": {
        "avg": 0.06671644531378938,
        "med": 0.05648785909671272,
        "quart_1": 0.02493409098609023,
        "quart_3": 0.10067730828072685,
        "min": 8.500341266426403e-07,
        "max": 0.20990634215467874,
        "stdv": 0.048558966805003455
    },
    "proc_imp_loss": {
        "avg": 0.09536800805203433,
        "med": 0.060288535791757525,
        "quart_1": 0.03104923915251423,
        "quart_3": 0.14935385480073138,
        "min": 0.0,
        "max": 0.3812548795058279,
        "stdv": 0.08255930516458122
    },
    "proc_price_imp": {
        "avg": 8.7120395405039e-14,
        "med": 4.6282091730508455e-14,
        "quart_1": 2.1143304486932942e-14,
        "quart_3": 8.682934211823355e-14,
        "min": 0.0,
        "max": 1.193517319570224e-11,
        "stdv": 2.7449690315974317e-13
    }
}