{
    "cap_eff": {
        "avg": 0.001110053130444335,
        "med": 0.0007470084898892893,
        "quart_1": 0.00038768694324819997,
        "quart_3": 0.0012735395654762671,
        "min": 1.2998659482121866e-08,
        "max": 1.5400873319921136,
        "stdv": 0.007235280413066521
    },
    "imp_gain": {
        "avg": 0.000921972077522769,
        "med": 0.0005425247554700086,
        "quart_1": 0.00018158869138362732,
        "quart_3": 0.0012930005415225931,
        "min": 2.220446049250313e-15,
        "max": 0.02056257625758251,
        "stdv": 0.0010801546476415112
    },
    "imp_loss": {
        "avg": 0.0011719656183580148,
        "med": 0.0008139279437338054,
        "quart_1": 0.00039453857239979406,
        "quart_3": 0.0016079857474400328,
        "min": 0.0,
        "max": 0.019471108459804376,
        "stdv": 0.001138669581552047
    },
    "price_imp": {
        "avg": 0.00143043390750662,
        "med": 0.0012015667384085837,
        "quart_1": 0.0007298707882343065,
        "quart_3": 0.001845651270938447,
        "min": 0.0,
        "max": 0.02018867507890265,
        "stdv": 0.0010573979232721936
    },
    "proc_cap_eff": {
        "avg": 0.0010239374492879846,
        "med": 0.0007467674797268509,
        "quart_1": 0.00038748974794095004,
        "quart_3": 0.0012725794845770966,
        "min": 1.2998659482121866e-08,
        "max": 0.04025001542903972,
        "stdv": 0.0012541080365277987
    },
    "proc_imp_gain": {
        "avg": 0.0009167379776055242,
        "med": 0.0005420812134859787,
        "quart_1": 0.00018144236121020452,
        "quart_3": 0.0012908023203692665,
        "min": 2.220446049250313e-15,
        "max": 0.009507474625328083,
        "stdv": 0.001053649533813188
    },
    "proc_imp_loss": {
        "avg": 0.0011667583763752868,
        "med": 0.0008134384268473349,
        "quart_1": 0.0003944632920537261,
        "quart_3": 0.0016065124855352275,
        "min": 0.0,
        "max": 0.009622106623399018,
        "stdv": 0.001113525958617578
    },
    "proc_price_imp": {
        "avg": 0.001425644956039647,
        "med": 0.0012011692694694385,
        "quart_1": 0.0007296783067427428,
        "quart_3": 0.0018440369732791195,
        "min": 0.0,
        "max": 0.009704676886777704,
        "stdv": 0.0010346514196369354
    }
}