{
    "cap_eff": {
        "avg": 9.522857907062336e-15,
        "med": 1.5543122344752192e-15,
        "quart_1": 5.551115123125783e-16,
        "quart_3": 3.552713678800501e-15,
        "min": 0.0,
        "max": 1.1101175534378172e-10,
        "stdv": 5.959921101593857e-13
    },
    "imp_gain": {},
    "imp_loss": {
        "avg": 0.9457803168195877,
        "med": 0.9905230958224623,
        "quart_1": 0.9604519818353219,
        "quart_3": 0.9997450537993051,
        "min": 0.0,
        "max": 0.99999989739395,
        "stdv": 0.14792369937456884
    },
    "price_imp": {
        "avg": 9.520480849433391e-15,
        "med": 1.4793326403557264e-15,
        "quart_1": 5.595819235468354e-16,
        "quart_3": 3.5066113529937127e-15,
        "min": 0.0,
        "max": 1.1101178851401094e-10,
        "stdv": 5.959923080197251e-13
    },
    "proc_cap_eff": {
        "avg": 4.761878952898006e-15,
        "med": 1.5543122344752192e-15,
        "quart_1": 5.551115123125783e-16,
        "quart_3": 3.552713678800501e-15,
        "min": 0.0,
        "max": 6.761258219967203e-13,
        "stdv": 1.9489179064065202e-14
    },
    "proc_imp_gain": {},
    "proc_imp_loss": {
        "avg": 0.9462514457908247,
        "med": 0.9905425292404358,
        "quart_1": 0.9605004010705908,
        "quart_3": 0.9997450537993051,
        "min": 0.007697124746970152,
        "max": 0.99999989739395,
        "stdv": 0.1464520132399307
    },
    "proc_price_imp": {
        "avg": 4.759505692634952e-15,
        "med": 1.478311501488014e-15,
        "quart_1": 5.593277846580017e-16,
        "quart_3": 3.5021348416403928e-15,
        "min": 0.0,
        "max": 6.76092421464128e-13,
        "stdv": 1.9489427412132762e-14
    }
}