{
    "cap_eff": {
        "avg": 0.019642347149445308,
        "med": 0.0006344900871206871,
        "quart_1": 0.00030287093718084357,
        "quart_3": 0.0011930279535627974,
        "min": 1.7544345309872256e-08,
        "max": 6.118904736911209,
        "stdv": 0.11151145039432124
    },
    "imp_gain": {},
    "imp_loss": {
        "avg": 0.5814680575150217,
        "med": 0.5057351719939484,
        "quart_1": 0.4711148311848372,
        "quart_3": 0.7392806131710956,
        "min": 0.0,
        "max": 0.8637430636879586,
        "stdv": 0.15268417301720616
    },
    "price_imp": {
        "avg": 0.001924460375606544,
        "med": 0.0008546241360843674,
        "quart_1": 0.0004841718502869352,
        "quart_3": 0.0012714375253468553,
        "min": 5.2455953088200176e-08,
        "max": 8.898511935546917,
        "stdv": 0.060757117258109394
    },
    "proc_cap_eff": {
        "avg": 0.01907120151466572,
        "med": 0.000634234762139918,
        "quart_1": 0.0003027342122043919,
        "quart_3": 0.0011918998031539285,
        "min": 1.7544345309872256e-08,
        "max": 0.8939427621764178,
        "stdv": 0.10638126496247817
    },
    "proc_imp_gain": {},
    "proc_imp_loss": {
        "avg": 0.5817570297485725,
        "med": 0.5059318164988678,
        "quart_1": 0.47113127249620135,
        "quart_3": 0.7393150904766461,
        "min": 0.008440757082914918,
        "max": 0.8637430636879586,
        "stdv": 0.152174589472552
    },
    "proc_price_imp": {
        "avg": 0.0010734414138312352,
        "med": 0.0008542874747213412,
        "quart_1": 0.0004839668290592664,
        "quart_3": 0.0012707104052888806,
        "min": 5.2455953088200176e-08,
        "max": 0.13669662063337917,
        "stdv": 0.0019813368151360734
    }
}