{
    "cap_eff": {
        "avg": 0.012868776921275514,
        "med": 0.0012691014706400772,
        "quart_1": 0.0006095136382013311,
        "quart_3": 0.0023811503682097945,
        "min": 2.266011838170101e-07,
        "max": 4.160155632102523,
        "stdv": 0.08499259827871158
    },
    "imp_gain": {},
    "imp_loss": {
        "avg": 0.5909910679117908,
        "med": 0.6032859323628168,
        "quart_1": 0.5897217553054388,
        "quart_3": 0.6223256479226033,
        "min": 0.0,
        "max": 0.7406082965774479,
        "stdv": 0.09193039909712156
    },
    "price_imp": {
        "avg": 0.004228311671242407,
        "med": 0.0014103899562581102,
        "quart_1": 0.0007946184602570993,
        "quart_3": 0.0021009930433443934,
        "min": 2.6676919581467406e-07,
        "max": 6.583093756163015,
        "stdv": 0.07838369639965875
    },
    "proc_cap_eff": {
        "avg": 0.012300033706295116,
        "med": 0.0012682663475168665,
        "quart_1": 0.0006093276033758421,
        "quart_3": 0.0023796594783469516,
        "min": 2.266011838170101e-07,
        "max": 0.8711272952642999,
        "stdv": 0.07958415895151906
    },
    "proc_imp_gain": {},
    "proc_imp_loss": {
        "avg": 0.5912848079257687,
        "med": 0.6033039367606563,
        "quart_1": 0.589749291784665,
        "quart_3": 0.6223449473984941,
        "min": 0.00841410091151551,
        "max": 0.7406082965774479,
        "stdv": 0.09101019972693973
    },
    "proc_price_imp": {
        "avg": 0.002748619081868157,
        "med": 0.0014097851485657719,
        "quart_1": 0.000794193139333649,
        "quart_3": 0.0020999001884143076,
        "min": 2.6676919581467406e-07,
        "max": 1.4267078146511856,
        "stdv": 0.02440102934161596
    }
}