{
    "cap_eff": {
        "avg": 0.019823920224584762,
        "med": 0.0002100538877471969,
        "quart_1": 0.00013212257939809735,
        "quart_3": 0.00033935688111308426,
        "min": 2.7980766148516523e-08,
        "max": 73.69391698892119,
        "stdv": 0.31825538466943465
    },
    "imp_gain": {
        "avg": 1.979176539703368,
        "med": 0.3227035024035445,
        "quart_1": 0.00018505039843152993,
        "quart_3": 2.893462172843894,
        "min": 2.220446049250313e-16,
        "max": 55.55017811052643,
        "stdv": 3.706054900432826
    },
    "imp_loss": {
        "avg": 0.3868081701474084,
        "med": 0.002641084436442953,
        "quart_1": 0.0,
        "quart_3": 0.9324497599255985,
        "min": 0.0,
        "max": 0.9975359789613139,
        "stdv": 0.45578591943862784
    },
    "price_imp": {
        "avg": 0.07325951592443163,
        "med": 0.0003797551107545474,
        "quart_1": 0.00025333727618294616,
        "quart_3": 0.0005315973826667637,
        "min": 5.651763622809509e-08,
        "max": 168.36527091076525,
        "stdv": 1.947157353829239
    },
    "proc_cap_eff": {
        "avg": 0.01768898504914303,
        "med": 0.00020996146703378127,
        "quart_1": 0.0001320961086814787,
        "quart_3": 0.0003387481620167887,
        "min": 2.7980766148516523e-08,
        "max": 1.0977631629851037,
        "stdv": 0.1077753878918875
    },
    "proc_imp_gain": {
        "avg": 1.9558436959161478,
        "med": 0.3196380736254558,
        "quart_1": 0.00018486811003515236,
        "quart_3": 2.889191337000007,
        "min": 2.220446049250313e-16,
        "max": 43.158749399831954,
        "stdv": 3.556116119807875
    },
    "proc_imp_loss": {
        "avg": 0.38650318533552996,
        "med": 0.002628925226558332,
        "quart_1": 0.0,
        "quart_3": 0.9323958260002092,
        "min": 0.0,
        "max": 0.996177288147912,
        "stdv": 0.4556956021910074
    },
    "proc_price_imp": {
        "avg": 0.0363751903102462,
        "med": 0.0003796545038823835,
        "quart_1": 0.00025328348329626296,
        "quart_3": 0.0005312960642780376,
        "min": 5.651763622809509e-08,
        "max": 43.92983610812151,
        "stdv": 0.8206140506576112
    }
}