{
    "cap_eff": {
        "avg": 0.030436610804648784,
        "med": 0.00314046489768649,
        "quart_1": 0.001975976461007223,
        "quart_3": 0.005065364414180928,
        "min": 6.575680577824983e-08,
        "max": 14.3171050519056,
        "stdv": 0.1517541133196427
    },
    "imp_gain": {
        "avg": 2.734171534937282,
        "med": 0.20861914346460253,
        "quart_1": 0.00019248597057708317,
        "quart_3": 3.175602645938783,
        "min": 2.220446049250313e-16,
        "max": 60.0192070597692,
        "stdv": 5.056659804922663
    },
    "imp_loss": {
        "avg": 0.32621274170423326,
        "med": 0.0026002116938074193,
        "quart_1": 0.0,
        "quart_3": 0.786529991305919,
        "min": 0.0,
        "max": 0.9550363832441989,
        "stdv": 0.39321445436343444
    },
    "price_imp": {
        "avg": 0.029117768596517032,
        "med": 0.005638655030256412,
        "quart_1": 0.0037680694584094785,
        "quart_3": 0.00785039118045109,
        "min": 8.366928785159248e-07,
        "max": 22.052507211380643,
        "stdv": 0.33619078663587504
    },
    "proc_cap_eff": {
        "avg": 0.028917772999057803,
        "med": 0.0031395552880555955,
        "quart_1": 0.0019755485643925264,
        "quart_3": 0.005060785358065534,
        "min": 6.575680577824983e-08,
        "max": 1.8812873637904648,
        "stdv": 0.1267597506317367
    },
    "proc_imp_gain": {
        "avg": 2.708262007615048,
        "med": 0.20828821185377344,
        "quart_1": 0.00019239273914140043,
        "quart_3": 3.1717812291336918,
        "min": 2.220446049250313e-16,
        "max": 51.48436711691643,
        "stdv": 4.922936283338163
    },
    "proc_imp_loss": {
        "avg": 0.32589909525779115,
        "med": 0.0025890195918403247,
        "quart_1": 0.0,
        "quart_3": 0.7863835774233063,
        "min": 0.0,
        "max": 0.9527092221013422,
        "stdv": 0.39306236583087706
    },
    "proc_price_imp": {
        "avg": 0.023826759521343784,
        "med": 0.0056362096297621605,
        "quart_1": 0.00376706109071092,
        "quart_3": 0.007846308107834314,
        "min": 8.366928785159248e-07,
        "max": 7.405137580398393,
        "stdv": 0.2272578209325493
    }
}