{
    "cap_eff": {
        "avg": 0.023683262683164494,
        "med": 0.00104985439903027,
        "quart_1": 0.0006604900933497859,
        "quart_3": 0.0016964407246022328,
        "min": 1.3890602601485114e-07,
        "max": 22.376659640975216,
        "stdv": 0.1538579583274872
    },
    "imp_gain": {
        "avg": 2.407772243629473,
        "med": 0.2557469553131715,
        "quart_1": 0.00018560581265014697,
        "quart_3": 3.2401881089064632,
        "min": 2.220446049250313e-16,
        "max": 63.495145681641446,
        "stdv": 4.4805231431527615
    },
    "imp_loss": {
        "avg": 0.35888006434813735,
        "med": 0.0026438736840680432,
        "quart_1": 0.0,
        "quart_3": 0.86236909710862,
        "min": 0.0,
        "max": 0.9850867897433909,
        "stdv": 0.4277325111070229
    },
    "price_imp": {
        "avg": 0.029983322134499137,
        "med": 0.001893535349869819,
        "quart_1": 0.0012628593919171548,
        "quart_3": 0.002646205303300167,
        "min": 2.790207319771285e-07,
        "max": 42.824768442826326,
        "stdv": 0.5442898979263188
    },
    "proc_cap_eff": {
        "avg": 0.02230307999801516,
        "med": 0.0010494833105502699,
        "quart_1": 0.000660253174957881,
        "quart_3": 0.0016943166983913183,
        "min": 1.3890602601485114e-07,
        "max": 1.3864384939637318,
        "stdv": 0.11486157441872885
    },
    "proc_imp_gain": {
        "avg": 2.3798900066511823,
        "med": 0.255555809174556,
        "quart_1": 0.00018521769779100694,
        "quart_3": 3.231186070580022,
        "min": 2.220446049250313e-16,
        "max": 55.93278270324467,
        "stdv": 4.304275196011422
    },
    "proc_imp_loss": {
        "avg": 0.35856777769780035,
        "med": 0.00263043404782215,
        "quart_1": 0.0,
        "quart_3": 0.8621644260078067,
        "min": 0.0,
        "max": 0.9821377649545462,
        "stdv": 0.4276112369358066
    },
    "proc_price_imp": {
        "avg": 0.020409550399759044,
        "med": 0.0018930781202513537,
        "quart_1": 0.001262687562371633,
        "quart_3": 0.002644681587788661,
        "min": 2.790207319771285e-07,
        "max": 12.891183276926823,
        "stdv": 0.3044328100622128
    }
}