{
    "cap_eff": {
        "avg": 0.0274060334696947,
        "med": 0.0020968630230427387,
        "quart_1": 0.0013194133522171914,
        "quart_3": 0.00338580634197605,
        "min": 4.996853630867548e-08,
        "max": 16.19513509093209,
        "stdv": 0.14847564058086307
    },
    "imp_gain": {
        "avg": 2.6131184989087286,
        "med": 0.2273463238226927,
        "quart_1": 0.0001968491691208829,
        "quart_3": 3.2263369112244895,
        "min": 2.220446049250313e-16,
        "max": 61.88018534670948,
        "stdv": 4.806945180826961
    },
    "imp_loss": {
        "avg": 0.3396315361993774,
        "med": 0.0025980610605087495,
        "quart_1": 0.0,
        "quart_3": 0.8183504104552508,
        "min": 0.0,
        "max": 0.9686546567240545,
        "stdv": 0.40794035407253987
    },
    "price_imp": {
        "avg": 0.02775350515774435,
        "med": 0.0037734299943572663,
        "quart_1": 0.002519954770935436,
        "quart_3": 0.005262590946140559,
        "min": 1.0170259311644675e-07,
        "max": 27.56079851300134,
        "stdv": 0.3832459832333165
    },
    "proc_cap_eff": {
        "avg": 0.025970756867874364,
        "med": 0.0020961020779806105,
        "quart_1": 0.001319261513451575,
        "quart_3": 0.003381566467350383,
        "min": 4.996853630867548e-08,
        "max": 1.6888643848420841,
        "stdv": 0.12141407098808658
    },
    "proc_imp_gain": {
        "avg": 2.5862207899909326,
        "med": 0.22617510553456355,
        "quart_1": 0.00019665384589351298,
        "quart_3": 3.2175991266464905,
        "min": 2.220446049250313e-16,
        "max": 53.42552733412716,
        "stdv": 4.6547039984626535
    },
    "proc_imp_loss": {
        "avg": 0.33931756009460484,
        "med": 0.002585109833692645,
        "quart_1": 0.0,
        "quart_3": 0.8182327338878057,
        "min": 0.0,
        "max": 0.9668523006111303,
        "stdv": 0.40780058161651256
    },
    "proc_price_imp": {
        "avg": 0.021428332003623627,
        "med": 0.003772241546109739,
        "quart_1": 0.0025191105158838007,
        "quart_3": 0.005258963480694906,
        "min": 1.0170259311644675e-07,
        "max": 8.86181371027514,
        "stdv": 0.24309209442806426
    }
}