{
    "cap_eff": {
        "avg": 0.01992151625760348,
        "med": 0.00015290882336638223,
        "quart_1": 7.623014836460884e-05,
        "quart_3": 0.00028387274452701394,
        "min": 2.9573363757862126e-09,
        "max": 64.83726599380034,
        "stdv": 0.359287433928867
    },
    "imp_gain": {},
    "imp_loss": {
        "avg": 0.570258072544752,
        "med": 0.530679482993508,
        "quart_1": 0.47736092135119856,
        "quart_3": 0.69261623347365,
        "min": 0.0,
        "max": 0.863265728054071,
        "stdv": 0.14351576748176334
    },
    "price_imp": {
        "avg": 0.02473117034593907,
        "med": 0.00023850407801637928,
        "quart_1": 0.00014530136813548005,
        "quart_3": 0.0003604017109368613,
        "min": 2.978976623802556e-08,
        "max": 374.9045187540898,
        "stdv": 1.9690283175143006
    },
    "proc_cap_eff": {
        "avg": 0.01661591704756724,
        "med": 0.00015278739375240713,
        "quart_1": 7.61878596287624e-05,
        "quart_3": 0.00028364938809471996,
        "min": 2.9573363757862126e-09,
        "max": 0.9434499277068363,
        "stdv": 0.09738236904450301
    },
    "proc_imp_gain": {},
    "proc_imp_loss": {
        "avg": 0.5705416550177462,
        "med": 0.5307514244122984,
        "quart_1": 0.47744838366690645,
        "quart_3": 0.6926921994641279,
        "min": 0.006466745578662003,
        "max": 0.863265728054071,
        "stdv": 0.1429903469899842
    },
    "proc_price_imp": {
        "avg": 0.0005407063552908769,
        "med": 0.0002384113830933274,
        "quart_1": 0.0001452587108399167,
        "quart_3": 0.0003601253178406351,
        "min": 2.978976623802556e-08,
        "max": 0.7083839393741939,
        "stdv": 0.0073517372061538445
    }
}