{
    "cap_eff": {
        "avg": 0.01767228752394271,
        "med": 0.001033683801646701,
        "quart_1": 0.0005191044130382072,
        "quart_3": 0.0018287374770576958,
        "min": 4.712795043104734e-09,
        "max": 67.89357633614568,
        "stdv": 0.2741601490971657
    },
    "imp_gain": {},
    "imp_loss": {
        "avg": 0.44813797339875955,
        "med": 0.4635706283255543,
        "quart_1": 0.4373916424872909,
        "quart_3": 0.48811786571029536,
        "min": 0.0,
        "max": 0.5620581766795095,
        "stdv": 0.08101482063614925
    },
    "price_imp": {
        "avg": 0.013720024450191822,
        "med": 0.00132841636586614,
        "quart_1": 0.0008056193715213528,
        "quart_3": 0.0018992447966239057,
        "min": 4.159678920494336e-08,
        "max": 75.80237493742776,
        "stdv": 0.563368600079484
    },
    "proc_cap_eff": {
        "avg": 0.015555951338944716,
        "med": 0.0010330732273133858,
        "quart_1": 0.0005186613821920316,
        "quart_3": 0.0018263842460367608,
        "min": 4.712795043104734e-09,
        "max": 0.9257055439888902,
        "stdv": 0.09679783235948174
    },
    "proc_imp_gain": {},
    "proc_imp_loss": {
        "avg": 0.4483604791862821,
        "med": 0.46360262213533493,
        "quart_1": 0.43749929635909207,
        "quart_3": 0.4881335955213525,
        "min": 0.006575027005341738,
        "max": 0.5620581766795095,
        "stdv": 0.08042179581784654
    },
    "proc_price_imp": {
        "avg": 0.0036574412790102953,
        "med": 0.0013278080654339354,
        "quart_1": 0.0008053002915079253,
        "quart_3": 0.0018980756665478993,
        "min": 4.159678920494336e-08,
        "max": 6.2087344132202835,
        "stdv": 0.07831152996110027
    }
}