{
    "cap_eff": {
        "avg": 0.02069266834285084,
        "med": 0.00020172194067757943,
        "quart_1": 0.0001290957487294353,
        "quart_3": 0.00031421066887626914,
        "min": 3.6164210737155145e-08,
        "max": 282.6651836193814,
        "stdv": 1.0448015319110326
    },
    "imp_gain": {
        "avg": 2.0246001691369613,
        "med": 0.0014524005398639517,
        "quart_1": 5.87198759749441e-05,
        "quart_3": 1.3728472580564635,
        "min": 2.220446049250313e-16,
        "max": 110.23994278190382,
        "stdv": 6.449424035560855
    },
    "imp_loss": {
        "avg": 0.21891786825697424,
        "med": 0.0001333063422115366,
        "quart_1": 0.0,
        "quart_3": 0.006856335767174371,
        "min": 0.0,
        "max": 0.9960985824677222,
        "stdv": 0.3886764858662867
    },
    "price_imp": {
        "avg": 0.347391972474913,
        "med": 0.00036737576218900486,
        "quart_1": 0.0002493921581871467,
        "quart_3": 0.0005102911018472362,
        "min": 1.078996744884176e-08,
        "max": 1331.8269506445192,
        "stdv": 11.807949064604072
    },
    "proc_cap_eff": {
        "avg": 0.013958152330339296,
        "med": 0.0002016432331484186,
        "quart_1": 0.0001290397198466242,
        "quart_3": 0.0003138688888278396,
        "min": 3.6164210737155145e-08,
        "max": 3.3268345599580824,
        "stdv": 0.09751408615428055
    },
    "proc_imp_gain": {
        "avg": 1.984328491544927,
        "med": 0.001448536221503094,
        "quart_1": 5.862006040291412e-05,
        "quart_3": 1.3647030025949571,
        "min": 2.220446049250313e-16,
        "max": 70.19059167983806,
        "stdv": 6.189470344857816
    },
    "proc_imp_loss": {
        "avg": 0.21853034787045286,
        "med": 0.00013267282694173765,
        "quart_1": 0.0,
        "quart_3": 0.00676762952825144,
        "min": 0.0,
        "max": 0.9932926847542082,
        "stdv": 0.38838683693594606
    },
    "proc_price_imp": {
        "avg": 0.12566919480841968,
        "med": 0.00036722474914972346,
        "quart_1": 0.0002493327805081448,
        "quart_3": 0.0005100547873326132,
        "min": 1.078996744884176e-08,
        "max": 229.16769133162526,
        "stdv": 3.8930037094471337
    }
}