{
    "capital efficiency": {
        "better": {
            "raw": {
                "avg": 0.5868808723162661,
                "med": 0.5506462198694047,
                "quart_1": 0.4131843692187126,
                "quart_3": 0.7566960585864633,
                "min": 0.06826917088841519,
                "max": 0.9999866674343222,
                "stdv": 0.20536324789276122,
                "counts": 75046
            },
            "processed": {
                "avg": 0.5867382326883065,
                "med": 0.5505216922656821,
                "quart_1": 0.41316792641244166,
                "quart_3": 0.756406982983528,
                "min": 0.10479008218694368,
                "max": 0.999516907356497,
                "stdv": 0.20519564395315085,
                "counts": 75009
            }
        },
        "worse": {
            "raw": {
                "avg": 2.634314420328274,
                "med": 2.026155421367223,
                "quart_1": 1.4435177587407708,
                "quart_3": 3.3505715653233916,
                "min": 1.000003054628319,
                "max": 25.637823646342742,
                "stdv": 1.6874145199518646,
                "counts": 124954
            },
            "processed": {
                "avg": 2.62716351857436,
                "med": 2.0252624441196785,
                "quart_1": 1.4432989450066245,
                "quart_3": 3.347392797861355,
                "min": 1.000003054628319,
                "max": 14.481313994140661,
                "stdv": 1.6562173647006695,
                "counts": 124892
            }
        },
        "monitors": {
            "BTC, ETH": {
                "better": {
                    "raw": {
                        "avg": 0.6180972519606501,
                        "med": 0.5908786157733866,
                        "quart_1": 0.44578208658740787,
                        "quart_3": 0.7979118133009574,
                        "min": 0.1483954629554291,
                        "max": 0.9999866674343222,
                        "stdv": 0.20198337375888095,
                        "counts": 1635
                    },
                    "processed": {
                        "avg": 0.6180972519606501,
                        "med": 0.5908786157733866,
                        "quart_1": 0.44578208658740787,
                        "quart_3": 0.7979118133009574,
                        "min": 0.1483954629554291,
                        "max": 0.9999866674343222,
                        "stdv": 0.20198337375888095,
                        "counts": 1635
                    }
                },
                "worse": {
                    "raw": {
                        "avg": 2.385773416839309,
                        "med": 1.8991666167135173,
                        "quart_1": 1.410022651146635,
                        "quart_3": 2.9447638223332984,
                        "min": 1.000385126133895,
                        "max": 11.589826434913642,
                        "stdv": 1.4102323424451109,
                        "counts": 2672
                    },
                    "processed": {
                        "avg": 2.382327496577956,
                        "med": 1.8985488691206724,
                        "quart_1": 1.410022651146635,
                        "quart_3": 2.9386422882506267,
                        "min": 1.000385126133895,
                        "max": 11.570364011679754,
                        "stdv": 1.399203890010676,
                        "counts": 2671
                    }
                }
            }
        }
    },
    "impermanent gain, loss": {
        "gain": {
            "raw": {
                "avg": 1.5583207114914814,
                "med": 1.422732052164629,
                "quart_1": 1.174701589342589,
                "quart_3": 1.8044126292884517,
                "min": 1.0,
                "max": 6.646105957945249,
                "stdv": 0.4994092006114546,
                "counts": 9001913
            },
            "processed": {
                "avg": 1.556724454678246,
                "med": 1.4223970696820551,
                "quart_1": 1.174598461343397,
                "quart_3": 1.8037243737646607,
                "min": 1.0,
                "max": 4.347934428627636,
                "stdv": 0.4943293716662595,
                "counts": 8997413
            }
        },
        "loss": {
            "raw": {
                "avg": 0.6964510689243654,
                "med": 0.7027518846671987,
                "quart_1": 0.554140300748458,
                "quart_3": 0.8511422986038294,
                "min": 0.1504640471168726,
                "max": 0.9999999999999999,
                "stdv": 0.18165392389594612,
                "counts": 8998087
            },
            "processed": {
                "avg": 0.6966935130996059,
                "med": 0.702895265808027,
                "quart_1": 0.554354249225722,
                "quart_3": 0.8511965121282941,
                "min": 0.22999426886840885,
                "max": 0.9999999999999999,
                "stdv": 0.1813752276572003,
                "counts": 8993588
            }
        },
        "averages": {
            "raw": {
                "avg": 1.1274774877975715,
                "med": 1.1244961649011072,
                "quart_1": 1.1015707168409938,
                "quart_3": 1.1498440269640195,
                "min": 1.0015637072809862,
                "max": 1.3144493243888942,
                "stdv": 0.036748745101274016,
                "counts": 200000
            },
            "processed": {
                "avg": 1.1273959462626055,
                "med": 1.124468351389893,
                "quart_1": 1.1015573043663949,
                "quart_3": 1.1497912878851135,
                "min": 1.0015637072809862,
                "max": 1.2777072496796928,
                "stdv": 0.03657592700732707,
                "counts": 199900
            }
        },
        "median": {
            "raw": {
                "avg": 1.00018857906103,
                "med": 1.0000430019136444,
                "quart_1": 1.0000079667457369,
                "quart_3": 1.000188567436611,
                "min": 1.0,
                "max": 1.0105761377763909,
                "stdv": 0.00040600769953388476,
                "counts": 200000
            },
            "processed": {
                "avg": 1.0001854659471383,
                "med": 1.0000430019136444,
                "quart_1": 1.0000079667457369,
                "quart_3": 1.0001884403718233,
                "min": 1.0,
                "max": 1.0048887223070517,
                "stdv": 0.0003795257936719556,
                "counts": 199900
            }
        },
        "monitors": {
            "BTC, ETH": {
                "gain": {
                    "raw": {
                        "avg": 1.5455896757275747,
                        "med": 1.4097398107152281,
                        "quart_1": 1.1758869662452907,
                        "quart_3": 1.749955712414994,
                        "min": 1.0,
                        "max": 5.666415593939456,
                        "stdv": 0.5036334882588346,
                        "counts": 200017
                    },
                    "processed": {
                        "avg": 1.544094852228642,
                        "med": 1.4097398107152281,
                        "quart_1": 1.1757298872185575,
                        "quart_3": 1.748079652234543,
                        "min": 1.0,
                        "max": 4.470135575153582,
                        "stdv": 0.4992856191519178,
                        "counts": 199917
                    }
                },
                "loss": {
                    "raw": {
                        "avg": 0.7021510967547291,
                        "med": 0.7093507556494814,
                        "quart_1": 0.5714430330468027,