{
    "capital efficiency": {
        "better": {
            "raw": {
                "avg": 0.9999999999999999,
                "med": 0.9999999999999999,
                "quart_1": 0.9999999999999998,
                "quart_3": 1.0,
                "min": 0.9999999999987369,
                "max": 1.0,
                "stdv": 5.940523948307142e-15,
                "counts": 89070
            },
            "processed": {
                "avg": 1.0,
                "med": 0.9999999999999999,
                "quart_1": 0.9999999999999998,
                "quart_3": 1.0,
                "min": 0.9999999999999692,
                "max": 1.0,
                "stdv": 7.302310964427836e-16,
                "counts": 89026
            }
        },
        "worse": {
            "raw": {
                "avg": 1.0000000000000002,
                "med": 1.0000000000000002,
                "quart_1": 1.0000000000000002,
                "quart_3": 1.0000000000000004,
                "min": 1.0000000000000002,
                "max": 1.0000000000041216,
                "stdv": 2.0571903961923987e-14,
                "counts": 45542
            },
            "processed": {
                "avg": 1.0000000000000002,
                "med": 1.0000000000000002,
                "quart_1": 1.0000000000000002,
                "quart_3": 1.0000000000000004,
                "min": 1.0000000000000002,
                "max": 1.000000000000064,
                "stdv": 1.433376522355768e-15,
                "counts": 45520
            }
        },
        "monitors": {
            "BTC, ETH": {
                "better": {
                    "raw": {
                        "avg": 0.9999999999999999,
                        "med": 0.9999999999999999,
                        "quart_1": 0.9999999999999998,
                        "quart_3": 1.0,
                        "min": 0.9999999999999505,
                        "max": 1.0,
                        "stdv": 1.5996310019591768e-15,
                        "counts": 2045
                    },
                    "processed": {
                        "avg": 0.9999999999999999,
                        "med": 0.9999999999999999,
                        "quart_1": 0.9999999999999998,
                        "quart_3": 1.0,
                        "min": 0.9999999999999581,
                        "max": 1.0,
                        "stdv": 1.1710167425493038e-15,
                        "counts": 2044
                    }
                },
                "worse": {
                    "raw": {
                        "avg": 1.0000000000000004,
                        "med": 1.0000000000000002,
                        "quart_1": 1.0000000000000002,
                        "quart_3": 1.0000000000000004,
                        "min": 1.0000000000000002,
                        "max": 1.0000000000001203,
                        "stdv": 4.7434293364542e-15,
                        "counts": 1256
                    },
                    "processed": {
                        "avg": 1.0000000000000004,
                        "med": 1.0000000000000002,
                        "quart_1": 1.0000000000000002,
                        "quart_3": 1.0000000000000004,
                        "min": 1.0000000000000002,
                        "max": 1.0000000000001203,
                        "stdv": 4.7434293364542e-15,
                        "counts": 1256
                    }
                }
            }
        }
    },
    "impermanent gain, loss": {
        "gain": {
            "raw": {
                "avg": 1.6060670312783096,
                "med": 1.5151917540248303,
                "quart_1": 1.2460438037659567,
                "quart_3": 1.865252023879357,
                "min": 1.0,
                "max": 4.506741694136259,
                "stdv": 0.4599680844607323,
                "counts": 7945322
            },
            "processed": {
                "avg": 1.604771120649751,
                "med": 1.5148173454665048,
                "quart_1": 1.24589723447108,
                "quart_3": 1.8648012412549375,
                "min": 1.0,
                "max": 3.9651462249275973,
                "stdv": 0.456403842191492,
                "counts": 7941350
            }
        },
        "loss": {
            "raw": {
                "avg": 0.5015475137218377,
                "med": 0.5023225572158114,
                "quart_1": 0.2536440518444536,
                "quart_3": 0.7502699874127653,
                "min": 1.4107145411297705e-05,
                "max": 0.999998287609331,
                "stdv": 0.287587677733613,
                "counts": 8248558
            },
            "processed": {
                "avg": 0.501798294439016,
                "med": 0.502504868809213,
                "quart_1": 0.25400156796170803,
                "quart_3": 0.7504082444532757,
                "min": 0.0004651547143021953,
                "max": 0.999998287609331,
                "stdv": 0.28744086896922566,
                "counts": 8244434
            }
        },
        "averages": {
            "raw": {
                "avg": 1.0434660176424648,
                "med": 1.0421560761196413,
                "quart_1": 1.0221865442618574,
                "quart_3": 1.0617194565286416,
                "min": 0.9682246849424727,
                "max": 1.1585613262435313,
                "stdv": 0.028013286004990246,
                "counts": 179932
            },
            "processed": {
                "avg": 1.04341524057931,
                "med": 1.0421393426042216,
                "quart_1": 1.0221781663686242,
                "quart_3": 1.0616865967427735,
                "min": 0.9682246849424727,
                "max": 1.140613425656825,
                "stdv": 0.02792680108924196,
                "counts": 179843
            }
        },
        "median": {
            "raw": {
                "avg": 0.9822272560077934,
                "med": 0.9833596723293954,
                "quart_1": 0.9554849164413435,
                "quart_3": 1.0087528277817608,
                "min": 0.8041979081343729,
                "max": 1.1649803518693567,
                "stdv": 0.04200744801520617,
                "counts": 179932
            },
            "processed": {
                "avg": 0.9822640945759931,
                "med": 0.9833858776088068,
                "quart_1": 0.9555262217430218,
                "quart_3": 1.0087528277817608,
                "min": 0.8293427906309161,
                "max": 1.140162765259503,
                "stdv": 0.041852658948221676,
                "counts": 179843
            }
        },
        "monitors": {
            "BTC, ETH": {
                "gain": {
                    "raw": {
                        "avg": 1.6620071249682224,
                        "med": 1.5253787547704407,
                        "quart_1": 1.2534076410058532,
                        "quart_3": 1.949904581596864,
                        "min": 1.0,
                        "max": 3.3129526433414673,
                        "stdv": 0.5192474504186465,
                        "counts": 186702
                    },
                    "processed": {
                        "avg": 1.6611843461461582,
                        "med": 1.5253787547704407,
                        "quart_1": 1.2534076410058532,
                        "quart_3": 1.9484403300319724,
                        "min": 1.0,
                        "max": 3.3129526433414673,
                        "stdv": 0.5180668333329232,
                        "counts": 186609
                    }
                },
                "loss": {
                    "raw": {
                        "avg": 0.501990971311827,
                        "med": 0.5067644056207851,
                        "quart_1": 0.25051293000884883,
                        "quart_3": 0.7512686258538767,
                        "min": 0.00047769482770470173,