{
    "capital efficiency": {
        "better": {
            "raw": {
                "avg": 0.9754961741139017,
                "med": 0.9790438202923768,
                "quart_1": 0.9653683624642369,
                "quart_3": 0.9902031115884735,
                "min": 0.8121995901260377,
                "max": 0.9999998470208593,
                "stdv": 0.01902750484264781,
                "counts": 81996
            },
            "processed": {
                "avg": 0.9755573247601034,
                "med": 0.9790578664753682,
                "quart_1": 0.9653925823799463,
                "quart_3": 0.9902074995657291,
                "min": 0.8638526690750593,
                "max": 0.9999998470208593,
                "stdv": 0.018827457961145197,
                "counts": 81956
            }
        },
        "worse": {
            "raw": {
                "avg": 1.029304261182681,
                "med": 1.023663803272353,
                "quart_1": 1.011677129880044,
                "quart_3": 1.0407524286431151,
                "min": 1.0000001514769852,
                "max": 1.254312640706398,
                "stdv": 0.023782030819547693,
                "counts": 118004
            },
            "processed": {
                "avg": 1.0292222855067183,
                "med": 1.023650383501272,
                "quart_1": 1.011673021971212,
                "quart_3": 1.0407180243961431,
                "min": 1.0000001514769852,
                "max": 1.1729116413108738,
                "stdv": 0.023499722789022504,
                "counts": 117945
            }
        },
        "monitors": {
            "BTC": {
                "better": {
                    "raw": {
                        "avg": 0.9755127103035968,
                        "med": 0.9790052818355222,
                        "quart_1": 0.9653978378900945,
                        "quart_3": 0.990337075574104,
                        "min": 0.8121995901260377,
                        "max": 0.9999998470208593,
                        "stdv": 0.019177239471517966,
                        "counts": 16337
                    },
                    "processed": {
                        "avg": 0.9755790655449555,
                        "med": 0.9790127273137977,
                        "quart_1": 0.9654125293267449,
                        "quart_3": 0.9903381466421841,
                        "min": 0.8597378043966152,
                        "max": 0.9999998470208593,
                        "stdv": 0.01894401433201158,
                        "counts": 16329
                    }
                },
                "worse": {
                    "raw": {
                        "avg": 1.0293943954032774,
                        "med": 1.023649267183822,
                        "quart_1": 1.0115660100142656,
                        "quart_3": 1.0410050916295939,
                        "min": 1.000002372939675,
                        "max": 1.254312640706398,
                        "stdv": 0.02407133999030773,
                        "counts": 23568
                    },
                    "processed": {
                        "avg": 1.0293083870413784,
                        "med": 1.0236447344032777,
                        "quart_1": 1.0115593019994873,
                        "quart_3": 1.04097092336317,
                        "min": 1.000002372939675,
                        "max": 1.1855507932862401,
                        "stdv": 0.023740365888257512,
                        "counts": 23557
                    }
                }
            }
        }
    },
    "impermanent gain, loss": {
        "gain": {
            "raw": {
                "avg": 1.228592963542284,
                "med": 1.2044129866215914,
                "quart_1": 1.0958826963068806,
                "quart_3": 1.3268762640185425,
                "min": 1.0,
                "max": 2.0894985013671197,
                "stdv": 0.16469217166224792,
                "counts": 1138795
            },
            "processed": {
                "avg": 1.2282254717602739,
                "med": 1.20429155943459,
                "quart_1": 1.0958507022529131,
                "quart_3": 1.3266712612435698,
                "min": 1.0,
                "max": 1.939386329558826,
                "stdv": 0.1639095157882702,
                "counts": 1138226
            }
        },
        "loss": {
            "raw": {
                "avg": 0.7854016758439524,
                "med": 0.801707369910196,
                "quart_1": 0.6729960140516713,
                "quart_3": 0.9179939851663885,
                "min": 0.38664366948904527,
                "max": 0.9999959267145891,
                "stdv": 0.14799104744157235,
                "counts": 861205
            },
            "processed": {
                "avg": 0.785592717720938,
                "med": 0.8018398076383075,
                "quart_1": 0.6731753081985219,
                "quart_3": 0.9180253563184158,
                "min": 0.4079658509315691,
                "max": 0.9999959267145891,
                "stdv": 0.14778086830622528,
                "counts": 860775
            }
        },
        "averages": {
            "raw": {
                "avg": 1.0377536870811481,
                "med": 1.0361156742186322,
                "quart_1": 1.0269497306239144,
                "quart_3": 1.0519407384796238,
                "min": 1.0000099911326679,
                "max": 1.0769263779249656,
                "stdv": 0.01598228616649179,
                "counts": 200000
            },
            "processed": {
                "avg": 1.0377355582279841,
                "med": 1.0360944478493832,
                "quart_1": 1.0269461492320118,
                "quart_3": 1.0519197301657737,
                "min": 1.0000099911326679,
                "max": 1.0723477424726193,
                "stdv": 0.015965692120271716,
                "counts": 199900
            }
        },
        "median": {
            "raw": {
                "avg": 1.0566134273871608,
                "med": 1.05368654830861,
                "quart_1": 1.0268909059719626,
                "quart_3": 1.0814033427508885,
                "min": 0.9303535820036932,
                "max": 1.2324771166133441,
                "stdv": 0.04069480003267796,
                "counts": 200000
            },
            "processed": {
                "avg": 1.056538126812113,
                "med": 1.0536642935104896,
                "quart_1": 1.0268777797246482,
                "quart_3": 1.0813538675910808,
                "min": 0.9303535820036932,
                "max": 1.1976290158944196,
                "stdv": 0.04056508697597991,
                "counts": 199900
            }
        },
        "monitors": {
            "BTC": {
                "gain": {
                    "raw": {
                        "avg": 1.0135164766909934,
                        "med": 1.008827289508825,
                        "quart_1": 1.005129733064864,
                        "quart_3": 1.017528563429779,
                        "min": 1.0,
                        "max": 1.0600880077888972,
                        "stdv": 0.01173712149260236,
                        "counts": 160
                    },
                    "processed": {
                        "avg": 1.0135164766909934,
                        "med": 1.008827289508825,
                        "quart_1": 1.005129733064864,
                        "quart_3": 1.017528563429779,
                        "min": 1.0,
                        "max": 1.0600880077888972,
                        "stdv": 0.01173712149260236,
                        "counts": 160
                    }
                },
                "loss": {
                    "raw": {
                        "avg": 0.6453816134788481,
                        "med": 0.6589755703482212,
                        "quart_1": 0.5507863211922784,