{
    "capital efficiency": {
        "better": {
            "raw": {
                "avg": 0.9851225981877353,
                "med": 0.9891968661832709,
                "quart_1": 0.9809468088906254,
                "quart_3": 0.9951513425126404,
                "min": 0.032699789425099275,
                "max": 0.9999999650158263,
                "stdv": 0.02282974177529349,
                "counts": 83489
            },
            "processed": {
                "avg": 0.9854246078241697,
                "med": 0.9892057454841852,
                "quart_1": 0.9809636198109367,
                "quart_3": 0.9951536760107682,
                "min": 0.5704665051266112,
                "max": 0.9999999650158263,
                "stdv": 0.017945085680992342,
                "counts": 83448
            }
        },
        "worse": {
            "raw": {
                "avg": 1.019939178235596,
                "med": 1.011680224533072,
                "quart_1": 1.005569340066443,
                "quart_3": 1.0217621983604657,
                "min": 1.0000003087075116,
                "max": 69.63102252663792,
                "stdv": 0.22319424382894468,
                "counts": 116465
            },
            "processed": {
                "avg": 1.0178504704144893,
                "med": 1.01167460853555,
                "quart_1": 1.0055649667742943,
                "quart_3": 1.0217409532674804,
                "min": 1.0000003087075116,
                "max": 1.8761909822267044,
                "stdv": 0.026976362788706867,
                "counts": 116407
            }
        },
        "monitors": {
            "BTC": {
                "better": {
                    "raw": {
                        "avg": 0.9851058817092551,
                        "med": 0.9906093398573217,
                        "quart_1": 0.981956266460301,
                        "quart_3": 0.995894650711417,
                        "min": 0.08421209816832399,
                        "max": 0.9999995652161816,
                        "stdv": 0.02638248256887,
                        "counts": 16869
                    },
                    "processed": {
                        "avg": 0.985391819617189,
                        "med": 0.9906139494304778,
                        "quart_1": 0.9819782713300054,
                        "quart_3": 0.9958956506202409,
                        "min": 0.5228220530559787,
                        "max": 0.9999995652161816,
                        "stdv": 0.02271882300999737,
                        "counts": 16861
                    }
                },
                "worse": {
                    "raw": {
                        "avg": 1.0237864188304637,
                        "med": 1.0098895253069289,
                        "quart_1": 1.0046409442889157,
                        "quart_3": 1.019949937687977,
                        "min": 1.0000003087075116,
                        "max": 69.63102252663792,
                        "stdv": 0.470374039378801,
                        "counts": 22589
                    },
                    "processed": {
                        "avg": 1.0190670230460313,
                        "med": 1.009883421343424,
                        "quart_1": 1.0046374465007646,
                        "quart_3": 1.0199267876366402,
                        "min": 1.0000003087075116,
                        "max": 2.42252675685867,
                        "stdv": 0.045975765321009346,
                        "counts": 22578
                    }
                }
            }
        }
    },
    "impermanent gain, loss": {
        "gain": {
            "raw": {
                "avg": 1.016715196176418,
                "med": 1.0122640412516986,
                "quart_1": 1.0050997168021798,
                "quart_3": 1.0233249083607945,
                "min": 1.0,
                "max": 1.2265332126316795,
                "stdv": 0.015971339981780658,
                "counts": 1009066
            },
            "processed": {
                "avg": 1.0166517411299838,
                "med": 1.0122542866646076,
                "quart_1": 1.0050976693615896,
                "quart_3": 1.023308716416173,
                "min": 1.0,
                "max": 1.1242432276849377,
                "stdv": 0.015715691435092438,
                "counts": 1008562
            }
        },
        "loss": {
            "raw": {
                "avg": 0.9811957266035002,
                "med": 0.9855791061596755,
                "quart_1": 0.9737055412176399,
                "quart_3": 0.9933120122671089,
                "min": 0.7974578603292786,
                "max": 0.9999999494849734,
                "stdv": 0.016417364806896328,
                "counts": 990934
            },
            "processed": {
                "avg": 0.9812524101029756,
                "med": 0.9855901948718991,
                "quart_1": 0.9737301277878854,
                "quart_3": 0.9933156346683795,
                "min": 0.8833731673347142,
                "max": 0.9999999494849734,
                "stdv": 0.016220835386382852,
                "counts": 990439
            }
        },
        "averages": {
            "raw": {
                "avg": 0.9991164711456331,
                "med": 0.999212510752009,
                "quart_1": 0.9975396990744553,
                "quart_3": 1.0007137938522452,
                "min": 0.9849532985743782,
                "max": 1.0160024684784204,
                "stdv": 0.0026593193897683767,
                "counts": 200000
            },
            "processed": {
                "avg": 0.9991154849206033,
                "med": 0.9992123545709295,
                "quart_1": 0.9975403605893514,
                "quart_3": 1.0007130302932985,
                "min": 0.9873677575897434,
                "max": 1.0110717990352887,
                "stdv": 0.0026428637060478843,
                "counts": 199900
            }
        },
        "median": {
            "raw": {
                "avg": 0.9997408268274249,
                "med": 0.999864021871532,
                "quart_1": 0.9967132535519005,
                "quart_3": 1.0026812321056533,
                "min": 0.961581535697009,
                "max": 1.0352860320481807,
                "stdv": 0.005111358882704123,
                "counts": 200000
            },
            "processed": {
                "avg": 0.9997408206238345,
                "med": 0.999864021871532,
                "quart_1": 0.9967154832400125,
                "quart_3": 1.002679435451122,
                "min": 0.974869291350875,
                "max": 1.0249135824340125,
                "stdv": 0.005071968301162287,
                "counts": 199900
            }
        },
        "monitors": {
            "BTC": {
                "gain": {
                    "raw": {
                        "avg": 1.0125059481734147,
                        "med": 1.0098316175685806,
                        "quart_1": 1.0046590810053924,
                        "quart_3": 1.0174205092812671,
                        "min": 1.0,
                        "max": 1.0878914214854816,
                        "stdv": 0.010598557558541393,
                        "counts": 105593
                    },
                    "processed": {
                        "avg": 1.0124733262710421,
                        "med": 1.0098310384192815,
                        "quart_1": 1.0046575921387373,
                        "quart_3": 1.0174164921351159,
                        "min": 1.0,
                        "max": 1.070195919449366,
                        "stdv": 0.010498005788844838,
                        "counts": 105541
                    }
                },
                "loss": {
                    "raw": {
                        "avg": 0.9835309329148125,
                        "med": 0.9875115735180271,