{
    "capital efficiency": {
        "better": {
            "raw": {
                "avg": 0.9785050582437828,
                "med": 0.9840810216111004,
                "quart_1": 0.9722169800226403,
                "quart_3": 0.9928668380163838,
                "min": 0.007295045641861505,
                "max": 0.9999999777384383,
                "stdv": 0.02883735632862427,
                "counts": 83346
            },
            "processed": {
                "avg": 0.9788356004412541,
                "med": 0.9840898376970194,
                "quart_1": 0.9722462954867793,
                "quart_3": 0.9928711488425148,
                "min": 0.49852921317600174,
                "max": 0.9999999777384383,
                "stdv": 0.024495674631433706,
                "counts": 83305
            }
        },
        "worse": {
            "raw": {
                "avg": 1.0314058581162395,
                "med": 1.0175767871399697,
                "quart_1": 1.0083934011218432,
                "quart_3": 1.032571657055541,
                "min": 1.0000006051074228,
                "max": 204.5541523823592,
                "stdv": 0.6967440641231483,
                "counts": 116586
            },
            "processed": {
                "avg": 1.0267716462238499,
                "med": 1.017567536417307,
                "quart_1": 1.008389999278331,
                "quart_3": 1.0325441047761152,
                "min": 1.0000006051074228,
                "max": 2.2320805389818674,
                "stdv": 0.04037188958782131,
                "counts": 116528
            }
        },
        "monitors": {
            "BTC": {
                "better": {
                    "raw": {
                        "avg": 0.9789372737487219,
                        "med": 0.9861241610315569,
                        "quart_1": 0.9737838399175318,
                        "quart_3": 0.9939652303354506,
                        "min": 0.007295045641861505,
                        "max": 0.9999996342217855,
                        "stdv": 0.03236294022356556,
                        "counts": 16781
                    },
                    "processed": {
                        "avg": 0.9792726624147556,
                        "med": 0.98613843098873,
                        "quart_1": 0.973802564862938,
                        "quart_3": 0.99396677151281,
                        "min": 0.5137455607767053,
                        "max": 0.9999996342217855,
                        "stdv": 0.028325505512060225,
                        "counts": 16773
                    }
                },
                "worse": {
                    "raw": {
                        "avg": 1.0311002660910265,
                        "med": 1.0153801447375685,
                        "quart_1": 1.0070351611857171,
                        "quart_3": 1.0309604877670568,
                        "min": 1.0000006051074228,
                        "max": 17.061049291943586,
                        "stdv": 0.161292224679798,
                        "counts": 22652
                    },
                    "processed": {
                        "avg": 1.028512849636413,
                        "med": 1.0153699891819297,
                        "quart_1": 1.0070329886754634,
                        "quart_3": 1.0309149748794186,
                        "min": 1.0000006051074228,
                        "max": 2.7734818897046987,
                        "stdv": 0.057814298806567896,
                        "counts": 22641
                    }
                }
            }
        }
    },
    "impermanent gain, loss": {
        "gain": {
            "raw": {
                "avg": 1.0165444475574945,
                "med": 1.0120400462237282,
                "quart_1": 1.0049685251044753,
                "quart_3": 1.0231075529690483,
                "min": 1.0,
                "max": 1.219488160968466,
                "stdv": 0.01595027640968425,
                "counts": 947385
            },
            "processed": {
                "avg": 1.016482409150257,
                "med": 1.012031816214446,
                "quart_1": 1.0049658141259923,
                "quart_3": 1.0230827739429469,
                "min": 1.0,
                "max": 1.122358152252066,
                "stdv": 0.015705977523999826,
                "counts": 946912
            }
        },
        "loss": {
            "raw": {
                "avg": 0.9808443990012821,
                "med": 0.9851455116255733,
                "quart_1": 0.9731153630134417,
                "quart_3": 0.9930857500797897,
                "min": 0.824678054946636,
                "max": 0.9999998855627198,
                "stdv": 0.01644248338812457,
                "counts": 1052615
            },
            "processed": {
                "avg": 0.9808992604029133,
                "med": 0.9851571140680822,
                "quart_1": 0.9731372906851067,
                "quart_3": 0.9930892943713424,
                "min": 0.8847100534901323,
                "max": 0.9999998855627198,
                "stdv": 0.01626036601920522,
                "counts": 1052089
            }
        },
        "averages": {
            "raw": {
                "avg": 0.9977552442519202,
                "med": 0.9978009104987875,
                "quart_1": 0.9960069947261996,
                "quart_3": 0.9995684752710874,
                "min": 0.9826425599335042,
                "max": 1.0118002978865366,
                "stdv": 0.0028105457935657047,
                "counts": 200000
            },
            "processed": {
                "avg": 0.9977574582986748,
                "med": 0.997801516779266,
                "quart_1": 0.9960087283230458,
                "quart_3": 0.999568086605081,
                "min": 0.9859110467531927,
                "max": 1.0096983429584787,
                "stdv": 0.002795810596275023,
                "counts": 199900
            }
        },
        "median": {
            "raw": {
                "avg": 0.9983703074926302,
                "med": 0.9984487361304655,
                "quart_1": 0.9951525868526943,
                "quart_3": 1.001527062485114,
                "min": 0.9674403485607697,
                "max": 1.0313832913418712,
                "stdv": 0.005297627622288201,
                "counts": 200000
            },
            "processed": {
                "avg": 0.9983665987484378,
                "med": 0.9984479016291596,
                "quart_1": 0.9951534787550884,
                "quart_3": 1.0015246398294466,
                "min": 0.9736331806776826,
                "max": 1.023329988945521,
                "stdv": 0.005262539858667401,
                "counts": 199900
            }
        },
        "monitors": {
            "BTC": {
                "gain": {
                    "raw": {
                        "avg": 1.0121365507027202,
                        "med": 1.0095199945331281,
                        "quart_1": 1.0044295257034144,
                        "quart_3": 1.0170300893884763,
                        "min": 1.0,
                        "max": 1.0896132706375663,
                        "stdv": 0.010447936269658233,
                        "counts": 96632
                    },
                    "processed": {
                        "avg": 1.012102247770389,
                        "med": 1.0095195790989804,
                        "quart_1": 1.0044272582951483,
                        "quart_3": 1.0170214904247392,
                        "min": 1.0,
                        "max": 1.0765220922004592,
                        "stdv": 0.010336244743559871,
                        "counts": 96584
                    }
                },
                "loss": {
                    "raw": {
                        "avg": 0.982429523852495,
                        "med": 0.9864360841786897,