{
    "capital efficiency": {
        "better": {
            "raw": {
                "avg": 0.9983528915331691,
                "med": 0.9988661638610504,
                "quart_1": 0.9980008243530131,
                "quart_3": 0.9994943431122127,
                "min": 0.12326658701200563,
                "max": 0.9999999780946365,
                "stdv": 0.005593597606146051,
                "counts": 83735
            },
            "processed": {
                "avg": 0.9984386704314354,
                "med": 0.9988667037962402,
                "quart_1": 0.9980024758888238,
                "quart_3": 0.999494582749099,
                "min": 0.927470054789383,
                "max": 0.9999999780946365,
                "stdv": 0.002222573474505839,
                "counts": 83694
            }
        },
        "worse": {
            "raw": {
                "avg": 1.0019593265122582,
                "med": 1.0011607069807709,
                "quart_1": 1.0005542390105704,
                "quart_3": 1.00217783347951,
                "min": 1.0000000013853938,
                "max": 4.374954916391982,
                "stdv": 0.013791418086217104,
                "counts": 116264
            },
            "processed": {
                "avg": 1.0017919743428467,
                "med": 1.0011597808503743,
                "quart_1": 1.0005540166734974,
                "quart_3": 1.0021757839015741,
                "min": 1.0000000013853938,
                "max": 1.0882190293121563,
                "stdv": 0.0027063896152327268,
                "counts": 116206
            }
        },
        "monitors": {
            "BTC": {
                "better": {
                    "raw": {
                        "avg": 0.9983081834280618,
                        "med": 0.9989740120484196,
                        "quart_1": 0.9980785227305113,
                        "quart_3": 0.9995573387559832,
                        "min": 0.7525613217319986,
                        "max": 0.9999998694240657,
                        "stdv": 0.004236100703864944,
                        "counts": 17272
                    },
                    "processed": {
                        "avg": 0.9983650245550074,
                        "med": 0.9989743791455516,
                        "quart_1": 0.9980814360798965,
                        "quart_3": 0.9995574055445053,
                        "min": 0.9220593076177936,
                        "max": 0.9999998694240657,
                        "stdv": 0.003122963463980954,
                        "counts": 17264
                    }
                },
                "worse": {
                    "raw": {
                        "avg": 1.0020044198904932,
                        "med": 1.0009412914233162,
                        "quart_1": 1.0004408677537857,
                        "quart_3": 1.0019152359259642,
                        "min": 1.000000311971023,
                        "max": 2.0078882483611524,
                        "stdv": 0.01156983720160847,
                        "counts": 22427
                    },
                    "processed": {
                        "avg": 1.0018164894507324,
                        "med": 1.000940470461353,
                        "quart_1": 1.0004406297175046,
                        "quart_3": 1.0019112429803152,
                        "min": 1.000000311971023,
                        "max": 1.1638800450818085,
                        "stdv": 0.00444272804283489,
                        "counts": 22416
                    }
                }
            }
        }
    },
    "impermanent gain, loss": {
        "gain": {
            "raw": {
                "avg": 1.0175208708632908,
                "med": 1.0130360319616003,
                "quart_1": 1.0056193724024427,
                "quart_3": 1.024423408343907,
                "min": 1.0,
                "max": 1.2243130349109288,
                "stdv": 0.016336784838784552,
                "counts": 1114545
            },
            "processed": {
                "avg": 1.0174573725435272,
                "med": 1.013030504561957,
                "quart_1": 1.005616480062468,
                "quart_3": 1.0243989816940573,
                "min": 1.0,
                "max": 1.126288804474196,
                "stdv": 0.016087559626400717,
                "counts": 1113988
            }
        },
        "loss": {
            "raw": {
                "avg": 0.9817383536204952,
                "med": 0.9863265499084297,
                "quart_1": 0.9745905651367814,
                "quart_3": 0.9937699486412715,
                "min": 0.7948316177216406,
                "max": 0.9999999203531217,
                "stdv": 0.016543360936171404,
                "counts": 885455
            },
            "processed": {
                "avg": 0.9818012525439505,
                "med": 0.9863361771091634,
                "quart_1": 0.9746123058590394,
                "quart_3": 0.9937729571376213,
                "min": 0.8743058296630977,
                "max": 0.9999999203531217,
                "stdv": 0.016302076456789903,
                "counts": 885013
            }
        },
        "averages": {
            "raw": {
                "avg": 1.0016789664606582,
                "med": 1.0014053481801242,
                "quart_1": 0.999876595531078,
                "quart_3": 1.0033178685663033,
                "min": 0.9863135081064283,
                "max": 1.0162702646837316,
                "stdv": 0.0026415679844459367,
                "counts": 200000
            },
            "processed": {
                "avg": 1.0016762051158268,
                "med": 1.0014047646228053,
                "quart_1": 0.9998767635034739,
                "quart_3": 1.00331580859928,
                "min": 0.9894806182499986,
                "max": 1.0133740346928022,
                "stdv": 0.0026265555708205237,
                "counts": 199900
            }
        },
        "median": {
            "raw": {
                "avg": 1.0022427904443258,
                "med": 1.0021114320009303,
                "quart_1": 0.9992832471869988,
                "quart_3": 1.0050766747776545,
                "min": 0.9691228212221012,
                "max": 1.0386863569850577,
                "stdv": 0.0050868677248175976,
                "counts": 200000
            },
            "processed": {
                "avg": 1.0022331446053878,
                "med": 1.0021099700186058,
                "quart_1": 0.9992821941428722,
                "quart_3": 1.0050723525149197,
                "min": 0.9779531480140724,
                "max": 1.0262283430047683,
                "stdv": 0.005051153621031897,
                "counts": 199900
            }
        },
        "monitors": {
            "BTC": {
                "gain": {
                    "raw": {
                        "avg": 1.013112911404233,
                        "med": 1.0106077168677794,
                        "quart_1": 1.0050471042960536,
                        "quart_3": 1.0185087473901537,
                        "min": 1.0,
                        "max": 1.094346633483001,
                        "stdv": 0.010780938335260504,
                        "counts": 121854
                    },
                    "processed": {
                        "avg": 1.0130774456800458,
                        "med": 1.0105970726697235,
                        "quart_1": 1.0050459632146014,
                        "quart_3": 1.0184901478868507,
                        "min": 1.0,
                        "max": 1.0782917856321876,
                        "stdv": 0.010664055910133172,
                        "counts": 121794
                    }
                },
                "loss": {
                    "raw": {
                        "avg": 0.9852585851638818,
                        "med": 0.9894679099651104,