{
    "capital efficiency": {
        "better": {
            "raw": {
                "avg": 0.7924973119970519,
                "med": 0.8532079856732033,
                "quart_1": 0.6542614462863074,
                "quart_3": 0.9582172657716279,
                "min": 0.03709838707935943,
                "max": 0.9999994803770966,
                "stdv": 0.1886922162404108,
                "counts": 79174
            },
            "processed": {
                "avg": 0.7928466309905223,
                "med": 0.8533527198678019,
                "quart_1": 0.6546375839793626,
                "quart_3": 0.9582335259069772,
                "min": 0.11226392024747156,
                "max": 0.9999994803770966,
                "stdv": 0.18808080217633166,
                "counts": 79135
            }
        },
        "worse": {
            "raw": {
                "avg": 2.473618459225044,
                "med": 1.159656541932795,
                "quart_1": 1.0449004362403933,
                "quart_3": 1.784730852465549,
                "min": 1.0000007434642673,
                "max": 236.80044821544297,
                "stdv": 5.0380167718153315,
                "counts": 120826
            },
            "processed": {
                "avg": 2.4223563295390016,
                "med": 1.1594560621387693,
                "quart_1": 1.0448691821183589,
                "quart_3": 1.7825540226027046,
                "min": 1.0000007434642673,
                "max": 80.23788949705182,
                "stdv": 4.433471992689769,
                "counts": 120766
            }
        },
        "monitors": {
            "BTC, ETH": {
                "better": {
                    "raw": {
                        "avg": 0.8289723737057979,
                        "med": 0.8999351861656604,
                        "quart_1": 0.72125237073541,
                        "quart_3": 0.9702983545082215,
                        "min": 0.10591247340049548,
                        "max": 0.9999994803770966,
                        "stdv": 0.17628611353221127,
                        "counts": 1767
                    },
                    "processed": {
                        "avg": 0.8289723737057979,
                        "med": 0.8999351861656604,
                        "quart_1": 0.72125237073541,
                        "quart_3": 0.9702983545082215,
                        "min": 0.10591247340049548,
                        "max": 0.9999994803770966,
                        "stdv": 0.17628611353221127,
                        "counts": 1767
                    }
                },
                "worse": {
                    "raw": {
                        "avg": 2.043050540137597,
                        "med": 1.124164689039881,
                        "quart_1": 1.0354615269653653,
                        "quart_3": 1.5614066568099538,
                        "min": 1.0000259027639389,
                        "max": 70.39882156875717,
                        "stdv": 3.505880050269189,
                        "counts": 2560
                    },
                    "processed": {
                        "avg": 2.0163386327407156,
                        "med": 1.124145176764293,
                        "quart_1": 1.0354615269653653,
                        "quart_3": 1.5605122961844913,
                        "min": 1.0000259027639389,
                        "max": 54.903581907744126,
                        "stdv": 3.2356408174206406,
                        "counts": 2559
                    }
                }
            }
        }
    },
    "impermanent gain, loss": {
        "gain": {
            "raw": {
                "avg": 1.5966257407822568,
                "med": 1.4522787655441562,
                "quart_1": 1.1852230976401597,
                "quart_3": 1.8488017164808355,
                "min": 1.0,
                "max": 8.936403847026194,
                "stdv": 0.5457051315089256,
                "counts": 8910982
            },
            "processed": {
                "avg": 1.5947126636694766,
                "med": 1.4518802245685112,
                "quart_1": 1.1851615286896495,
                "quart_3": 1.8479561740241626,
                "min": 1.0,
                "max": 4.9473048416057575,
                "stdv": 0.539005872792285,
                "counts": 8906527
            }
        },
        "loss": {
            "raw": {
                "avg": 0.5778835246071211,
                "med": 0.6051574014249883,
                "quart_1": 0.33291897874969034,
                "quart_3": 0.8373580860004294,
                "min": 0.009020926061885278,
                "max": 0.9999999999999999,
                "stdv": 0.2842462970390696,
                "counts": 9089018
            },
            "processed": {
                "avg": 0.5781619869984459,
                "med": 0.6054243962507005,
                "quart_1": 0.3333224349197262,
                "quart_3": 0.837438947107289,
                "min": 0.025142308246012993,
                "max": 0.9999999999999999,
                "stdv": 0.2840444792346237,
                "counts": 9084474
            }
        },
        "averages": {
            "raw": {
                "avg": 1.0822164996609025,
                "med": 1.0786361164242102,
                "quart_1": 1.0513224746767376,
                "quart_3": 1.1071937768183655,
                "min": 0.9928606569607022,
                "max": 1.2909094521266318,
                "stdv": 0.0408355631515171,
                "counts": 200000
            },
            "processed": {
                "avg": 1.0821229672478738,
                "med": 1.0786105448425807,
                "quart_1": 1.0513099392064755,
                "quart_3": 1.1071404891635024,
                "min": 0.9928606569607022,
                "max": 1.256495749208857,
                "stdv": 0.04063051269144688,
                "counts": 199900
            }
        },
        "median": {
            "raw": {
                "avg": 0.9948280155920639,
                "med": 0.994095180666583,
                "quart_1": 0.9729881980311981,
                "quart_3": 1.0144776746506823,
                "min": 0.8362059709729817,
                "max": 1.1578974953345837,
                "stdv": 0.032960149688286346,
                "counts": 200000
            },
            "processed": {
                "avg": 0.9947582318051482,
                "med": 0.9940795824295845,
                "quart_1": 0.9729816367541282,
                "quart_3": 1.0144384661350487,
                "min": 0.8659585200509352,
                "max": 1.1302237699674178,
                "stdv": 0.032806778681615544,
                "counts": 199900
            }
        },
        "monitors": {
            "BTC, ETH": {
                "gain": {
                    "raw": {
                        "avg": 1.563442664567391,
                        "med": 1.410899455647838,
                        "quart_1": 1.16075962105039,
                        "quart_3": 1.7813151632347022,
                        "min": 1.0,
                        "max": 5.713510716587729,
                        "stdv": 0.5422913260392956,
                        "counts": 200243
                    },
                    "processed": {
                        "avg": 1.5617731435392466,
                        "med": 1.410485277926009,
                        "quart_1": 1.16075962105039,
                        "quart_3": 1.7802348229295983,
                        "min": 1.0,
                        "max": 4.435023625376368,
                        "stdv": 0.5371978822940519,
                        "counts": 200143
                    }
                },
                "loss": {
                    "raw": {
                        "avg": 0.5975747018583113,
                        "med": 0.61672028966648,
                        "quart_1": 0.37676150373312345,