{
    "capital efficiency": {
        "better": {
            "raw": {
                "avg": 0.6956597505380907,
                "med": 0.6974548521651331,
                "quart_1": 0.5399836460915289,
                "quart_3": 0.8679834932503514,
                "min": 0.06580022139650203,
                "max": 0.9999922105515355,
                "stdv": 0.19157662155260452,
                "counts": 77231
            },
            "processed": {
                "avg": 0.6959425197140198,
                "med": 0.6976392641548876,
                "quart_1": 0.5402150603715834,
                "quart_3": 0.8680475960992712,
                "min": 0.14616453451087544,
                "max": 0.9999922105515355,
                "stdv": 0.19119873796043726,
                "counts": 77193
            }
        },
        "worse": {
            "raw": {
                "avg": 2.1659030838687974,
                "med": 1.4476920385139134,
                "quart_1": 1.168959885105851,
                "quart_3": 2.3415491423837818,
                "min": 1.0000028923603352,
                "max": 67.58245531125687,
                "stdv": 1.9803386224680877,
                "counts": 122769
            },
            "processed": {
                "avg": 2.1517094568096278,
                "med": 1.4472258653207162,
                "quart_1": 1.1688702675902953,
                "quart_3": 2.3389440724762203,
                "min": 1.0000028923603352,
                "max": 24.368715250397045,
                "stdv": 1.8664627566657939,
                "counts": 122708
            }
        },
        "monitors": {
            "BTC, ETH": {
                "better": {
                    "raw": {
                        "avg": 0.7400172338990665,
                        "med": 0.765931654820056,
                        "quart_1": 0.5920459641876928,
                        "quart_3": 0.9063162874332644,
                        "min": 0.10756287863542652,
                        "max": 0.999753914021678,
                        "stdv": 0.18427969645992132,
                        "counts": 1707
                    },
                    "processed": {
                        "avg": 0.7400172338990665,
                        "med": 0.765931654820056,
                        "quart_1": 0.5920459641876928,
                        "quart_3": 0.9063162874332644,
                        "min": 0.10756287863542652,
                        "max": 0.999753914021678,
                        "stdv": 0.18427969645992132,
                        "counts": 1707
                    }
                },
                "worse": {
                    "raw": {
                        "avg": 1.9262606284059862,
                        "med": 1.360857721567605,
                        "quart_1": 1.1393638568058682,
                        "quart_3": 2.012830759305208,
                        "min": 1.0000887395077844,
                        "max": 27.57991000751662,
                        "stdv": 1.7105385981446115,
                        "counts": 2592
                    },
                    "processed": {
                        "avg": 1.9163595672793514,
                        "med": 1.3606884091998988,
                        "quart_1": 1.1393638568058682,
                        "quart_3": 2.012800156139555,
                        "min": 1.0000887395077844,
                        "max": 24.08056517335662,
                        "stdv": 1.6349236023573777,
                        "counts": 2591
                    }
                }
            }
        }
    },
    "impermanent gain, loss": {
        "gain": {
            "raw": {
                "avg": 1.5610027974224165,
                "med": 1.423239408886363,
                "quart_1": 1.1620140963835452,
                "quart_3": 1.8025011166120462,
                "min": 1.0,
                "max": 8.604314595349555,
                "stdv": 0.522236808429007,
                "counts": 8948651
            },
            "processed": {
                "avg": 1.5592212792036344,
                "med": 1.4229756337164234,
                "quart_1": 1.1619284011080748,
                "quart_3": 1.8017742611463416,
                "min": 1.0,
                "max": 4.666110449742542,
                "stdv": 0.5161428555570441,
                "counts": 8944177
            }
        },
        "loss": {
            "raw": {
                "avg": 0.6426240202612564,
                "med": 0.653095735652397,
                "quart_1": 0.4466893928970214,
                "quart_3": 0.8583408890643868,
                "min": 0.04566402671251869,
                "max": 0.9999999999999999,
                "stdv": 0.23450616428927334,
                "counts": 9051349
            },
            "processed": {
                "avg": 0.6428997055611633,
                "med": 0.6533248266017967,
                "quart_1": 0.44694083803029777,
                "quart_3": 0.8583892045100114,
                "min": 0.10415804250926254,
                "max": 0.9999999999999999,
                "stdv": 0.23424039033830854,
                "counts": 9046824
            }
        },
        "averages": {
            "raw": {
                "avg": 1.0991935292958601,
                "med": 1.0962029885530606,
                "quart_1": 1.0709647011477577,
                "quart_3": 1.1229907718255285,
                "min": 1.0006916936304677,
                "max": 1.313906557081618,
                "stdv": 0.03888969177875616,
                "counts": 200000
            },
            "processed": {
                "avg": 1.0991003766878524,
                "med": 1.0961745228742754,
                "quart_1": 1.070954777929368,
                "quart_3": 1.1229290917332149,
                "min": 1.0006916936304677,
                "max": 1.270648758042946,
                "stdv": 0.03867491485914381,
                "counts": 199900
            }
        },
        "median": {
            "raw": {
                "avg": 0.9975057535914653,
                "med": 0.9966860261554302,
                "quart_1": 0.9813786964444062,
                "quart_3": 1.0128295554264788,
                "min": 0.8758503758305938,
                "max": 1.1543948068684051,
                "stdv": 0.027204181788845507,
                "counts": 200000
            },
            "processed": {
                "avg": 0.9974387425241173,
                "med": 0.9966662528548261,
                "quart_1": 0.9813576902238417,
                "quart_3": 1.0128096765772254,
                "min": 0.8758503758305938,
                "max": 1.118311518045801,
                "stdv": 0.027044620000249365,
                "counts": 199900
            }
        },
        "monitors": {
            "BTC, ETH": {
                "gain": {
                    "raw": {
                        "avg": 1.540177856189296,
                        "med": 1.388572664446984,
                        "quart_1": 1.1497688687897452,
                        "quart_3": 1.7522288474045962,
                        "min": 1.0,
                        "max": 5.923525047405351,
                        "stdv": 0.5229217235497202,
                        "counts": 211687
                    },
                    "processed": {
                        "avg": 1.538549618875929,
                        "med": 1.3882846420527863,
                        "quart_1": 1.149534754719095,
                        "quart_3": 1.7522288474045962,
                        "min": 1.0,
                        "max": 4.64091263176696,
                        "stdv": 0.5178940467546457,
                        "counts": 211582
                    }
                },
                "loss": {
                    "raw": {
                        "avg": 0.6605042820605271,
                        "med": 0.6682224623775449,
                        "quart_1": 0.4851157007055234,