{
    "capital efficiency": {
        "better": {
            "raw": {
                "avg": 0.6428583772401673,
                "med": 0.6233199902826312,
                "quart_1": 0.47900009652851505,
                "quart_3": 0.8141739571324438,
                "min": 0.08484924391409845,
                "max": 0.9999969386436637,
                "stdv": 0.1972266069426485,
                "counts": 76292
            },
            "processed": {
                "avg": 0.6431132766679567,
                "med": 0.6235100543883907,
                "quart_1": 0.4792026111873833,
                "quart_3": 0.8142583192943775,
                "min": 0.1521294656947092,
                "max": 0.9999969386436637,
                "stdv": 0.19694445509667846,
                "counts": 76254
            }
        },
        "worse": {
            "raw": {
                "avg": 2.319276723848701,
                "med": 1.6758960305909332,
                "quart_1": 1.2767778529319345,
                "quart_3": 2.749201116205733,
                "min": 1.0000006324626356,
                "max": 37.37201552078127,
                "stdv": 1.7011888091426117,
                "counts": 123708
            },
            "processed": {
                "avg": 2.3101346941519547,
                "med": 1.675269807549059,
                "quart_1": 1.276651965819808,
                "quart_3": 2.7463224589635975,
                "min": 1.0000006324626356,
                "max": 17.42634964723505,
                "stdv": 1.6489725289434058,
                "counts": 123647
            }
        },
        "monitors": {
            "BTC, ETH": {
                "better": {
                    "raw": {
                        "avg": 0.6822794911991737,
                        "med": 0.6853008544582035,
                        "quart_1": 0.5229789054692494,
                        "quart_3": 0.8504389895517225,
                        "min": 0.11115976367509929,
                        "max": 0.999953838562313,
                        "stdv": 0.19199711944389872,
                        "counts": 1681
                    },
                    "processed": {
                        "avg": 0.6822794911991737,
                        "med": 0.6853008544582035,
                        "quart_1": 0.5229789054692494,
                        "quart_3": 0.8504389895517225,
                        "min": 0.11115976367509929,
                        "max": 0.999953838562313,
                        "stdv": 0.19199711944389872,
                        "counts": 1681
                    }
                },
                "worse": {
                    "raw": {
                        "avg": 2.075210948939636,
                        "med": 1.5710475977828677,
                        "quart_1": 1.2426151666554786,
                        "quart_3": 2.337246344908242,
                        "min": 1.0000263056420735,
                        "max": 22.061487702605056,
                        "stdv": 1.428016732269364,
                        "counts": 2624
                    },
                    "processed": {
                        "avg": 2.0675913237952726,
                        "med": 1.5710223528804237,
                        "quart_1": 1.2426151666554786,
                        "quart_3": 2.3350699153352137,
                        "min": 1.0000263056420735,
                        "max": 16.640004543222503,
                        "stdv": 1.3739225722730835,
                        "counts": 2623
                    }
                }
            }
        }
    },
    "impermanent gain, loss": {
        "gain": {
            "raw": {
                "avg": 1.5500803950212514,
                "med": 1.4141627845312206,
                "quart_1": 1.1532472099137951,
                "quart_3": 1.7888702769201548,
                "min": 1.0,
                "max": 8.206152558547469,
                "stdv": 0.5152435218299015,
                "counts": 8971503
            },
            "processed": {
                "avg": 1.5483439669030719,
                "med": 1.413823859779352,
                "quart_1": 1.1530977510256908,
                "quart_3": 1.7882302976678868,
                "min": 1.0,
                "max": 4.57363857447027,
                "stdv": 0.509383210438727,
                "counts": 8967018
            }
        },
        "loss": {
            "raw": {
                "avg": 0.6798569145885344,
                "med": 0.6834993052991147,
                "quart_1": 0.5103118652117721,
                "quart_3": 0.8684672760612238,
                "min": 0.08183750987498989,
                "max": 0.9999999999999999,
                "stdv": 0.20656200475082742,
                "counts": 9028497
            },
            "processed": {
                "avg": 0.6801184093820417,
                "med": 0.6836727285662287,
                "quart_1": 0.5105766479899425,
                "quart_3": 0.8686019961240791,
                "min": 0.17417269660963194,
                "max": 0.9999999999999999,
                "stdv": 0.20628217720788602,
                "counts": 9023983
            }
        },
        "averages": {
            "raw": {
                "avg": 1.113590945999056,
                "med": 1.1100082439242702,
                "quart_1": 1.084613632542746,
                "quart_3": 1.1384600643860396,
                "min": 1.0010825569278479,
                "max": 1.3103689726829386,
                "stdv": 0.040007746143544354,
                "counts": 200000
            },
            "processed": {
                "avg": 1.11350405468111,
                "med": 1.1099858113055312,
                "quart_1": 1.0846014694549615,
                "quart_3": 1.1384052915347482,
                "min": 1.0010825569278479,
                "max": 1.2760876358832272,
                "stdv": 0.03982818749635858,
                "counts": 199900
            }
        },
        "median": {
            "raw": {
                "avg": 0.9992459926628416,
                "med": 0.9981762118441184,
                "quart_1": 0.983678054390234,
                "quart_3": 1.0127625068348358,
                "min": 0.8693120588569409,
                "max": 1.147054607133862,
                "stdv": 0.024006803618233652,
                "counts": 200000
            },
            "processed": {
                "avg": 0.999187988211357,
                "med": 0.9981594399314127,
                "quart_1": 0.9836654444181105,
                "quart_3": 1.0127321261974005,
                "min": 0.8916049654552365,
                "max": 1.1070498802380349,
                "stdv": 0.023857950650388805,
                "counts": 199900
            }
        },
        "monitors": {
            "BTC, ETH": {
                "gain": {
                    "raw": {
                        "avg": 1.5170307071674056,
                        "med": 1.3740233083814777,
                        "quart_1": 1.1395735237673619,
                        "quart_3": 1.720717253727513,
                        "min": 1.0,
                        "max": 5.957430067468341,
                        "stdv": 0.5134365041244165,
                        "counts": 208683
                    },
                    "processed": {
                        "avg": 1.5154132081422291,
                        "med": 1.3738460407205466,
                        "quart_1": 1.1395735237673619,
                        "quart_3": 1.7197436118448757,
                        "min": 1.0,
                        "max": 4.559376545478752,
                        "stdv": 0.5084114203375099,
                        "counts": 208579
                    }
                },
                "loss": {
                    "raw": {
                        "avg": 0.6983983925959717,
                        "med": 0.7059433123020881,
                        "quart_1": 0.5431307677127657,