{
    "cap_eff": {
        "avg": 0.0018408037891069567,
        "med": 0.0015140947722165898,
        "quart_1": 0.000808150065209734,
        "quart_3": 0.0024889405598911285,
        "min": 1.3211970628645986e-08,
        "max": 0.017384157372154485,
        "stdv": 0.00145433063184557
    },
    "imp_gain": {
        "avg": 0.05066865799249754,
        "med": 0.03588459767443575,
        "quart_1": 0.02014671381257771,
        "quart_3": 0.0823498569210468,
        "min": 2.958775637829092e-07,
        "max": 0.16426035998654442,
        "stdv": 0.040275397392521686
    },
    "imp_loss": {
        "avg": 0.043207625485517445,
        "med": 0.023628239770045023,
        "quart_1": 0.012813271476187715,
        "quart_3": 0.03994121984581056,
        "min": 0.0,
        "max": 0.20177990008706914,
        "stdv": 0.04928888460560261
    },
    "price_imp": {
        "avg": 0.0025792321821417967,
        "med": 0.002343536460350724,
        "quart_1": 0.0015533591153217082,
        "quart_3": 0.003249053474824525,
        "min": 1.7293415642869167e-07,
        "max": 0.01855175158015061,
        "stdv": 0.0015672709705573332
    },
    "proc_cap_eff": {
        "avg": 0.0018354525453444482,
        "med": 0.0015133619375592988,
        "quart_1": 0.0008076792795204679,
        "quart_3": 0.0024867876035131187,
        "min": 1.3211970628645986e-08,
        "max": 0.01111189847712768,
        "stdv": 0.0014344605997275407
    },
    "proc_imp_gain": {
        "avg": 0.05061346556140936,
        "med": 0.03586118912866598,
        "quart_1": 0.0201365749264224,
        "quart_3": 0.08229479509219662,
        "min": 2.958775637829092e-07,
        "max": 0.15993677116790095,
        "stdv": 0.04020976683905779
    },
    "proc_imp_loss": {
        "avg": 0.04313155815372708,
        "med": 0.023620340539934892,
        "quart_1": 0.012806976968882333,
        "quart_3": 0.039839000222995025,
        "min": 0.0,
        "max": 0.1948260226120726,
        "stdv": 0.04918287124996606
    },
    "proc_price_imp": {
        "avg": 0.0025733164913107676,
        "med": 0.0023429077726356464,
        "quart_1": 0.0015530047757539127,
        "quart_3": 0.0032471867014672853,
        "min": 1.7293415642869167e-07,
        "max": 0.01288305223131952,
        "stdv": 0.0015448435974595187
    }
}