{
    "cap_eff": {
        "avg": 0.00010088653682427179,
        "med": 6.966765039984057e-05,
        "quart_1": 3.6918400507346405e-05,
        "quart_3": 0.0001132721079500909,
        "min": 2.6049844503717168e-09,
        "max": 0.3765178372525291,
        "stdv": 0.002069762179069792
    },
    "imp_gain": {
        "avg": 0.0008014096266230807,
        "med": 0.00047180759143206075,
        "quart_1": 0.00013679391917564843,
        "quart_3": 0.0011865564267958817,
        "min": 1.323242360129484e-08,
        "max": 0.012805166528800038,
        "stdv": 0.0009031341966891701
    },
    "imp_loss": {
        "avg": 0.0008778764750318409,
        "med": 0.0005845875877095175,
        "quart_1": 0.00018942522590226218,
        "quart_3": 0.001274387073341876,
        "min": 0.0,
        "max": 0.010391615123913844,
        "stdv": 0.0009188191652159347
    },
    "price_imp": {
        "avg": 0.00014830881401006903,
        "med": 0.00011421236486053048,
        "quart_1": 7.39374138679636e-05,
        "quart_3": 0.00015940692796716888,
        "min": 0.0,
        "max": 0.7142857142857143,
        "stdv": 0.003614128822498257
    },
    "proc_cap_eff": {
        "avg": 8.465619395092249e-05,
        "med": 6.962099787977127e-05,
        "quart_1": 3.690133575479093e-05,
        "quart_3": 0.00011316882063583389,
        "min": 2.6049844503717168e-09,
        "max": 0.0007039357052643913,
        "stdv": 6.832754653380886e-05
    },
    "proc_imp_gain": {
        "avg": 0.0007980621711625293,
        "med": 0.00047106158998500014,
        "quart_1": 0.00013673266516711635,
        "quart_3": 0.0011850766350915976,
        "min": 1.323242360129484e-08,
        "max": 0.006503187723214676,
        "stdv": 0.0008903913254504581
    },
    "proc_imp_loss": {
        "avg": 0.0008746415056658993,
        "med": 0.0005839716642688786,
        "quart_1": 0.00018923426123018672,
        "quart_3": 0.001273125520332763,
        "min": 0.0,
        "max": 0.006681145792216792,
        "stdv": 0.0009074460515491057
    },
    "proc_price_imp": {
        "avg": 0.0001234165707745918,
        "med": 0.00011417200157924881,
        "quart_1": 7.392332384726216e-05,
        "quart_3": 0.0001593113588137303,
        "min": 0.0,
        "max": 0.0006202523021146994,
        "stdv": 7.292519175255715e-05
    }
}