{
    "cap_eff": {
        "avg": 4.541718747118141e-14,
        "med": 1.532107773982716e-14,
        "quart_1": 7.105427357601002e-15,
        "quart_3": 2.853273173286652e-14,
        "min": 0.0,
        "max": 4.575388956595816e-10,
        "stdv": 1.9352639568806594e-12
    },
    "imp_gain": {
        "avg": 0.11700457657826202,
        "med": 0.08697455385794739,
        "quart_1": 0.03765867630778863,
        "quart_3": 0.16182807662012644,
        "min": 1.9171690939234765e-06,
        "max": 0.5974656318396152,
        "stdv": 0.10784047040353546
    },
    "imp_loss": {
        "avg": 0.09670720143744206,
        "med": 0.05302237851284741,
        "quart_1": 0.0,
        "quart_3": 0.14406413250488648,
        "min": 0.0,
        "max": 0.7323570692673932,
        "stdv": 0.12499999946684318
    },
    "price_imp": {
        "avg": 4.54166505025745e-14,
        "med": 1.525689423391968e-14,
        "quart_1": 7.067368562647104e-15,
        "quart_3": 2.854523074334494e-14,
        "min": 0.0,
        "max": 4.575388419888309e-10,
        "stdv": 1.9352637113999828e-12
    },
    "proc_cap_eff": {
        "avg": 2.8367541527640333e-14,
        "med": 1.532107773982716e-14,
        "quart_1": 7.105427357601002e-15,
        "quart_3": 2.842170943040401e-14,
        "min": 0.0,
        "max": 4.456546243147841e-12,
        "stdv": 9.313548357402398e-14
    },
    "proc_imp_gain": {
        "avg": 0.11676839221062814,
        "med": 0.08692775873170167,
        "quart_1": 0.037642964809251334,
        "quart_3": 0.16166374829912256,
        "min": 1.9171690939234765e-06,
        "max": 0.5845959174543305,
        "stdv": 0.10734883653514553
    },
    "proc_imp_loss": {
        "avg": 0.09640653834460157,
        "med": 0.05298836976313526,
        "quart_1": 0.0,
        "quart_3": 0.14393734107389966,
        "min": 0.0,
        "max": 0.6868480088143358,
        "stdv": 0.12430504365890865
    },
    "proc_price_imp": {
        "avg": 2.8367005815361453e-14,
        "med": 1.52434992093808e-14,
        "quart_1": 7.064917226544926e-15,
        "quart_3": 2.851405598877331e-14,
        "min": 0.0,
        "max": 4.4565290556063245e-12,
        "stdv": 9.313584315099915e-14
    }
}