{
    "cap_eff": {
        "avg": 0.003771011685154059,
        "med": 0.0027512297007921127,
        "quart_1": 0.001315487124672221,
        "quart_3": 0.005270332387941279,
        "min": 2.0591480920373328e-07,
        "max": 0.04329944872176794,
        "stdv": 0.0033989587161867042
    },
    "imp_gain": {
        "avg": 0.31749614707030055,
        "med": 0.2562003351004163,
        "quart_1": 0.09445548098259093,
        "quart_3": 0.44961123204936293,
        "min": 2.220446049250313e-16,
        "max": 1.3229368724407928,
        "stdv": 0.27847161161436607
    },
    "imp_loss": {
        "avg": 0.1919556785440792,
        "med": 0.18874051770349964,
        "quart_1": 0.08185902814340162,
        "quart_3": 0.2880394661006458,
        "min": 0.0,
        "max": 0.5076752272212608,
        "stdv": 0.12145951287294715
    },
    "price_imp": {
        "avg": 0.003991536709426525,
        "med": 0.0026630956410256413,
        "quart_1": 0.001740946298990539,
        "quart_3": 0.004068983079696517,
        "min": 2.1233325237496016e-07,
        "max": 0.043871549823260816,
        "stdv": 0.004094728661692287
    },
    "proc_cap_eff": {
        "avg": 0.003759358106962565,
        "med": 0.002749490592051762,
        "quart_1": 0.0013147827525179512,
        "quart_3": 0.005265364771002701,
        "min": 2.0591480920373328e-07,
        "max": 0.02468021284406907,
        "stdv": 0.0033579352667991247
    },
    "proc_imp_gain": {
        "avg": 0.31700990816432034,
        "med": 0.2560828383593017,
        "quart_1": 0.09439440080674699,
        "quart_3": 0.44936269189441713,
        "min": 2.220446049250313e-16,
        "max": 1.2775774320636795,
        "stdv": 0.2776884808615359
    },
    "proc_imp_loss": {
        "avg": 0.19180007095258275,
        "med": 0.1886532355901241,
        "quart_1": 0.08180398300564262,
        "quart_3": 0.2879013165252312,
        "min": 0.0,
        "max": 0.499839956955902,
        "stdv": 0.12128952023621599
    },
    "proc_price_imp": {
        "avg": 0.003977829018900031,
        "med": 0.0026622164531458145,
        "quart_1": 0.0017404285964193605,
        "quart_3": 0.004064665841761588,
        "min": 2.1233325237496016e-07,
        "max": 0.02897819908204709,
        "stdv": 0.004047899754524278
    }
}