{
    "cap_eff": {
        "avg": 0.001700137814582826,
        "med": 0.0011199422510708157,
        "quart_1": 0.000583779412862695,
        "quart_3": 0.0019043743217183606,
        "min": 4.130712660810332e-09,
        "max": 7.097826213259442,
        "stdv": 0.02386733449377894
    },
    "imp_gain": {
        "avg": 0.0009228507554632634,
        "med": 0.0005439629537814517,
        "quart_1": 0.0001806026188482246,
        "quart_3": 0.0012911691518930901,
        "min": 1.3322676295501878e-15,
        "max": 0.020548625639732032,
        "stdv": 0.001082678131780393
    },
    "imp_loss": {
        "avg": 0.0011831305075109253,
        "med": 0.0008321116217270275,
        "quart_1": 0.00040852613084396694,
        "quart_3": 0.0016242952775417097,
        "min": 0.0,
        "max": 0.019096184309004505,
        "stdv": 0.0011387654345033887
    },
    "price_imp": {
        "avg": 0.0021448867075173936,
        "med": 0.0018043718225083543,
        "quart_1": 0.0010965756059775223,
        "quart_3": 0.002770523001805393,
        "min": 3.4128368442431955e-08,
        "max": 0.030298933912879595,
        "stdv": 0.0015820732560145369
    },
    "proc_cap_eff": {
        "avg": 0.0015312684664336635,
        "med": 0.0011193049096975827,
        "quart_1": 0.0005835633427903053,
        "quart_3": 0.001902555034261011,
        "min": 4.130712660810332e-09,
        "max": 0.05499458258418888,
        "stdv": 0.0018626230915253163
    },
    "proc_imp_gain": {
        "avg": 0.00091762023658301,
        "med": 0.0005433691377370042,
        "quart_1": 0.0001805335379938544,
        "quart_3": 0.0012901129692708402,
        "min": 1.3322676295501878e-15,
        "max": 0.009454759002111901,
        "stdv": 0.0010562190938554167
    },
    "proc_imp_loss": {
        "avg": 0.001177801474231113,
        "med": 0.000831208884059631,
        "quart_1": 0.00040839456389729634,
        "quart_3": 0.0016226113913936357,
        "min": 0.0,
        "max": 0.009853334077001397,
        "stdv": 0.001112514825650027
    },
    "proc_price_imp": {
        "avg": 0.002137679641541662,
        "med": 0.00180368484597785,
        "quart_1": 0.0010962336305938851,
        "quart_3": 0.002768470258650794,
        "min": 3.4128368442431955e-08,
        "max": 0.01457988744993289,
        "stdv": 0.0015476297013006374
    }
}