{
    "cap_eff": {
        "avg": 0.0039031128265544627,
        "med": 0.003296230858309601,
        "quart_1": 0.002013580572300222,
        "quart_3": 0.005059454821980169,
        "min": 8.46082985894725e-08,
        "max": 0.049246538732383716,
        "stdv": 0.0028578421656943317
    },
    "imp_gain": {
        "avg": 0.002051341013391781,
        "med": 0.0010941474483965319,
        "quart_1": 0.0004803363424403795,
        "quart_3": 0.0028738133760684015,
        "min": 2.220446049250313e-16,
        "max": 0.04261054640294204,
        "stdv": 0.002397034468895852
    },
    "imp_loss": {
        "avg": 0.0013108835794899234,
        "med": 0.0005672045941332859,
        "quart_1": 0.0,
        "quart_3": 0.0019506212848264814,
        "min": 0.0,
        "max": 0.03952104265652712,
        "stdv": 0.0018241742195428323
    },
    "price_imp": {
        "avg": 0.006272393796556842,
        "med": 0.005639699097921064,
        "quart_1": 0.0037083541502155445,
        "quart_3": 0.008081699976025602,
        "min": 3.586940382235045e-07,
        "max": 0.04648596072420587,
        "stdv": 0.0037181879723393887
    },
    "proc_cap_eff": {
        "avg": 0.003889995436021528,
        "med": 0.0032950441747390258,
        "quart_1": 0.0020128819606248793,
        "quart_3": 0.005055007585252624,
        "min": 8.46082985894725e-08,
        "max": 0.025619476027905375,
        "stdv": 0.0027943995548780115
    },
    "proc_imp_gain": {
        "avg": 0.0020405136171533613,
        "med": 0.0010938841235990093,
        "quart_1": 0.00048014195316836705,
        "quart_3": 0.0028687106801814632,
        "min": 2.220446049250313e-16,
        "max": 0.02014161769873435,
        "stdv": 0.0023470211730258045
    },
    "proc_imp_loss": {
        "avg": 0.0013024173459526805,
        "med": 0.0005666319173375234,
        "quart_1": 0.0,
        "quart_3": 0.0019459449367703607,
        "min": 0.0,
        "max": 0.014990892730725736,
        "stdv": 0.0017833985207374064
    },
    "proc_price_imp": {
        "avg": 0.006259322711053221,
        "med": 0.005637801283243201,
        "quart_1": 0.0037074893498111705,
        "quart_3": 0.008077206937338995,
        "min": 3.586940382235045e-07,
        "max": 0.02927235388640077,
        "stdv": 0.003671077890619366
    }
}