{
    "cap_eff": {
        "avg": 0.0026082838672781467,
        "med": 0.002201482454616599,
        "quart_1": 0.0013435633120858492,
        "quart_3": 0.003382291131110271,
        "min": 6.67651195440655e-08,
        "max": 0.033115059367727406,
        "stdv": 0.0019130293932916045
    },
    "imp_gain": {
        "avg": 0.0020517692341603805,
        "med": 0.0011069862290755683,
        "quart_1": 0.0004817047852962997,
        "quart_3": 0.002869063703605512,
        "min": 2.220446049250313e-16,
        "max": 0.04260326059787589,
        "stdv": 0.0024015468743151607
    },
    "imp_loss": {
        "avg": 0.0013121119652531109,
        "med": 0.0005747030752150106,
        "quart_1": 0.0,
        "quart_3": 0.0019555391767069885,
        "min": 0.0,
        "max": 0.03982725260750253,
        "stdv": 0.0018262410575086612
    },
    "price_imp": {
        "avg": 0.004194025753578841,
        "med": 0.0037686031793698186,
        "quart_1": 0.0024774620720362647,
        "quart_3": 0.005402576928321473,
        "min": 2.407252829779551e-07,
        "max": 0.0312680592078633,
        "stdv": 0.0024910357269224454
    },
    "proc_cap_eff": {
        "avg": 0.0025994942143904346,
        "med": 0.002200348860105894,
        "quart_1": 0.0013430258326846412,
        "quart_3": 0.003379301947842639,
        "min": 6.67651195440655e-08,
        "max": 0.017122734638612025,
        "stdv": 0.0018704385768554758
    },
    "proc_imp_gain": {
        "avg": 0.0020409174844156133,
        "med": 0.0011064386406371973,
        "quart_1": 0.000481376714462467,
        "quart_3": 0.002863548782573,
        "min": 2.220446049250313e-16,
        "max": 0.020147349932906344,
        "stdv": 0.002351394793232711
    },
    "proc_imp_loss": {
        "avg": 0.001303617032917284,
        "med": 0.0005740762872253891,
        "quart_1": 0.0,
        "quart_3": 0.0019529344086290923,
        "min": 0.0,
        "max": 0.01502844267964154,
        "stdv": 0.0017852258443686855
    },
    "proc_price_imp": {
        "avg": 0.004185228271481292,
        "med": 0.0037673514797283082,
        "quart_1": 0.0024766888007532605,
        "quart_3": 0.0053983735714987924,
        "min": 2.407252829779551e-07,
        "max": 0.019616508784903897,
        "stdv": 0.0024591742130112785
    }
}