{
    "cap_eff": {
        "avg": 0.00026206977787872874,
        "med": 0.0002209812051541249,
        "quart_1": 0.00013474807760460727,
        "quart_3": 0.00033995412066389896,
        "min": 5.819059234468682e-09,
        "max": 0.0033658013733779413,
        "stdv": 0.00019265112253507698
    },
    "imp_gain": {
        "avg": 0.002050961342217961,
        "med": 0.0011082436372646942,
        "quart_1": 0.0004849707288199223,
        "quart_3": 0.002863316446108044,
        "min": 2.220446049250313e-16,
        "max": 0.04265559717093281,
        "stdv": 0.002401269707846642
    },
    "imp_loss": {
        "avg": 0.00131996454742735,
        "med": 0.0005826078081877517,
        "quart_1": 0.0,
        "quart_3": 0.0019768088443978815,
        "min": 0.0,
        "max": 0.040546578722983284,
        "stdv": 0.0018344177240546256
    },
    "price_imp": {
        "avg": 0.0004217566560423827,
        "med": 0.00037865349680516483,
        "quart_1": 0.00024873604563637337,
        "quart_3": 0.0005433827155809517,
        "min": 2.035723999126517e-08,
        "max": 0.003180164258026997,
        "stdv": 0.0002514298647512678
    },
    "proc_cap_eff": {
        "avg": 0.00026117953373583477,
        "med": 0.0002209113505372562,
        "quart_1": 0.0001347106290647826,
        "quart_3": 0.0003397076179905145,
        "min": 5.819059234468682e-09,
        "max": 0.001727216187924041,
        "stdv": 0.00018830967019001395
    },
    "proc_imp_gain": {
        "avg": 0.0020400965266199602,
        "med": 0.0011073659136038305,
        "quart_1": 0.0004846161508607061,
        "quart_3": 0.002860638527669268,
        "min": 2.220446049250313e-16,
        "max": 0.0201495889856651,
        "stdv": 0.0023509978434416373
    },
    "proc_imp_loss": {
        "avg": 0.0013114187542337423,
        "med": 0.0005823772719198983,
        "quart_1": 0.0,
        "quart_3": 0.0019734892614753363,
        "min": 0.0,
        "max": 0.015082010040937455,
        "stdv": 0.0017930280320142987
    },
    "proc_price_imp": {
        "avg": 0.00042085792155413163,
        "med": 0.00037848345614418106,
        "quart_1": 0.0002486651334465882,
        "quart_3": 0.0005430729779197693,
        "min": 2.035723999126517e-08,
        "max": 0.0019829026267444414,
        "stdv": 0.0002481349809445724
    }
}