{
    "cap_eff": {
        "avg": 0.008319886859048772,
        "med": 0.007450634550871915,
        "quart_1": 0.004197289464068832,
        "quart_3": 0.011188183949892627,
        "min": 4.942797657836451e-07,
        "max": 0.056414816966877335,
        "stdv": 0.0056981498873684144
    },
    "imp_gain": {
        "avg": 0.18656560252497012,
        "med": 0.14109772513090268,
        "quart_1": 0.05988458171939359,
        "quart_3": 0.2850796049630846,
        "min": 2.220446049250313e-16,
        "max": 0.7483590598058936,
        "stdv": 0.15487998562622554
    },
    "imp_loss": {
        "avg": 0.10280471902324373,
        "med": 0.0694055530574742,
        "quart_1": 0.0,
        "quart_3": 0.1851438154346463,
        "min": 0.0,
        "max": 0.42803510846849124,
        "stdv": 0.10830291165893219
    },
    "price_imp": {
        "avg": 0.010228983714782586,
        "med": 0.008361827303837381,
        "quart_1": 0.005293855193878437,
        "quart_3": 0.013502522774401865,
        "min": 3.901473319916953e-07,
        "max": 0.05965230661596928,
        "stdv": 0.00698907726107698
    },
    "proc_cap_eff": {
        "avg": 0.008302048373534873,
        "med": 0.0074477534986149285,
        "quart_1": 0.004196219436283621,
        "quart_3": 0.0111814803274366,
        "min": 4.942797657836451e-07,
        "max": 0.04074823367738967,
        "stdv": 0.005641733724242461
    },
    "proc_imp_gain": {
        "avg": 0.1862999093060435,
        "med": 0.14097271609965456,
        "quart_1": 0.05984939473975981,
        "quart_3": 0.28479863892282253,
        "min": 2.220446049250313e-16,
        "max": 0.7075060440972423,
        "stdv": 0.15446167211315098
    },
    "proc_imp_loss": {
        "avg": 0.102647691519237,
        "med": 0.06933303541830416,
        "quart_1": 0.0,
        "quart_3": 0.18491985076903883,
        "min": 0.0,
        "max": 0.41281898428636143,
        "stdv": 0.10810208788176201
    },
    "proc_price_imp": {
        "avg": 0.01020991850418567,
        "med": 0.008359291633774791,
        "quart_1": 0.005292936673571591,
        "quart_3": 0.013487189097527559,
        "min": 3.901473319916953e-07,
        "max": 0.046102518076759885,
        "stdv": 0.0069372308584933606
    }
}