{
    "cap_eff": {
        "avg": 4.9756198642458145e-14,
        "med": 1.5987211554602254e-14,
        "quart_1": 7.327471962526033e-15,
        "quart_3": 2.9976021664879227e-14,
        "min": 0.0,
        "max": 4.773474948649437e-10,
        "stdv": 2.0987297145438883e-12
    },
    "imp_gain": {
        "avg": 0.11083199503692753,
        "med": 0.08509945192334722,
        "quart_1": 0.04314265001274631,
        "quart_3": 0.14562978211457533,
        "min": 1.3964737635152602e-06,
        "max": 0.5422768685793389,
        "stdv": 0.0958216031554822
    },
    "imp_loss": {
        "avg": 0.08863173204957676,
        "med": 0.05034068465747421,
        "quart_1": 0.0,
        "quart_3": 0.12859940905925138,
        "min": 0.0,
        "max": 0.7498212584697037,
        "stdv": 0.11402711839839487
    },
    "price_imp": {
        "avg": 4.97556614201187e-14,
        "med": 1.5975430837343035e-14,
        "quart_1": 7.372025289241412e-15,
        "quart_3": 3.002516260104106e-14,
        "min": 0.0,
        "max": 4.773474419914472e-10,
        "stdv": 2.0987296412734397e-12
    },
    "proc_cap_eff": {
        "avg": 3.0460442374098585e-14,
        "med": 1.5987211554602254e-14,
        "quart_1": 7.327471962526033e-15,
        "quart_3": 2.9976021664879227e-14,
        "min": 0.0,
        "max": 5.154321414124752e-12,
        "stdv": 1.0380521798776808e-13
    },
    "proc_imp_gain": {
        "avg": 0.11062419985687309,
        "med": 0.08503485195244909,
        "quart_1": 0.043132326187951486,
        "quart_3": 0.14550511218082907,
        "min": 1.3964737635152602e-06,
        "max": 0.5194885971969183,
        "stdv": 0.09539371438585036
    },
    "proc_imp_loss": {
        "avg": 0.08831418815360963,
        "med": 0.05029111969289102,
        "quart_1": 0.0,
        "quart_3": 0.1282655445734835,
        "min": 0.0,
        "max": 0.7083379975701106,
        "stdv": 0.11316739805336323
    },
    "proc_price_imp": {
        "avg": 3.045990375662593e-14,
        "med": 1.5963130146600106e-14,
        "quart_1": 7.367804810480972e-15,
        "quart_3": 2.997950883110418e-14,
        "min": 0.0,
        "max": 5.154309363607119e-12,
        "stdv": 1.0380522375286547e-13
    }
}