{
    "cap_eff": {
        "avg": 0.0001087562603179064,
        "med": 7.41711944017287e-05,
        "quart_1": 3.904970819101905e-05,
        "quart_3": 0.00012450001368513597,
        "min": 3.1369951081217096e-10,
        "max": 0.5494690448342232,
        "stdv": 0.001797093138521115
    },
    "imp_gain": {
        "avg": 0.0008784496247776374,
        "med": 0.0005087886794723495,
        "quart_1": 0.0001645499735709599,
        "quart_3": 0.0012388169311081665,
        "min": 2.6645352591003757e-14,
        "max": 0.01879175956086354,
        "stdv": 0.0010383486408263077
    },
    "imp_loss": {
        "avg": 0.001041868205888789,
        "med": 0.0007050358225849651,
        "quart_1": 0.0002535695940011351,
        "quart_3": 0.0014608670522203715,
        "min": 0.0,
        "max": 0.0165474696563237,
        "stdv": 0.0010979016531844897
    },
    "price_imp": {
        "avg": 0.0001368541022596401,
        "med": 0.00011540727321622502,
        "quart_1": 6.964964701272901e-05,
        "quart_3": 0.00017628753068635975,
        "min": 0.0,
        "max": 0.022277227722772165,
        "stdv": 0.00014140113179210315
    },
    "proc_cap_eff": {
        "avg": 9.831941777196593e-05,
        "med": 7.411122245842838e-05,
        "quart_1": 3.904251876729603e-05,
        "quart_3": 0.0001244038008988424,
        "min": 3.1369951081217096e-10,
        "max": 0.0026324415977403426,
        "stdv": 0.0001075196575485765
    },
    "proc_imp_gain": {
        "avg": 0.0008734703684228324,
        "med": 0.0005082942266130264,
        "quart_1": 0.00016443892584860897,
        "quart_3": 0.0012370087830850807,
        "min": 2.6645352591003757e-14,
        "max": 0.008584222180608947,
        "stdv": 0.001012695719069872
    },
    "proc_imp_loss": {
        "avg": 0.0010370948718898352,
        "med": 0.0007046771425439635,
        "quart_1": 0.00025349660090356885,
        "quart_3": 0.0014592506795216842,
        "min": 0.0,
        "max": 0.008914002388627273,
        "stdv": 0.0010762744990687532
    },
    "proc_price_imp": {
        "avg": 0.00013585436858239402,
        "med": 0.00011536796402650571,
        "quart_1": 6.962667886249878e-05,
        "quart_3": 0.0001761830407085237,
        "min": 0.0,
        "max": 0.0008602936970068894,
        "stdv": 9.721477681376881e-05
    }
}