{
    "cap_eff": {
        "avg": 0.004767418296781222,
        "med": 0.0042081321799082305,
        "quart_1": 0.002504671429984784,
        "quart_3": 0.006251722752532718,
        "min": 3.956372163216315e-08,
        "max": 0.036001643718461374,
        "stdv": 0.0032895977956275742
    },
    "imp_gain": {
        "avg": 0.02861026666176148,
        "med": 0.02451424325785978,
        "quart_1": 0.01117773090011509,
        "quart_3": 0.04299883025626894,
        "min": 2.220446049250313e-16,
        "max": 0.10257212531340221,
        "stdv": 0.020816842004591215
    },
    "imp_loss": {
        "avg": 0.019578966516361103,
        "med": 0.013276626868899188,
        "quart_1": 0.0,
        "quart_3": 0.03357770823782524,
        "min": 0.0,
        "max": 0.09302985533418007,
        "stdv": 0.020581455185846274
    },
    "price_imp": {
        "avg": 0.007416285813062179,
        "med": 0.007048119273479467,
        "quart_1": 0.004834685800567463,
        "quart_3": 0.009444368086972474,
        "min": 6.162352837426748e-07,
        "max": 0.03934085181255132,
        "stdv": 0.003775924258811369
    },
    "proc_cap_eff": {
        "avg": 0.004755995221922811,
        "med": 0.004206434618560073,
        "quart_1": 0.002503527067592881,
        "quart_3": 0.006247553704202824,
        "min": 3.956372163216315e-08,
        "max": 0.025008845450353867,
        "stdv": 0.003249980132653928
    },
    "proc_imp_gain": {
        "avg": 0.028577149694638627,
        "med": 0.024505157398710287,
        "quart_1": 0.01117275052320088,
        "quart_3": 0.042966452016203416,
        "min": 2.220446049250313e-16,
        "max": 0.09275488940625398,
        "stdv": 0.020769210183505717
    },
    "proc_imp_loss": {
        "avg": 0.01954578307961923,
        "med": 0.013257818014182354,
        "quart_1": 0.0,
        "quart_3": 0.03355152030320663,
        "min": 0.0,
        "max": 0.0833589055513384,
        "stdv": 0.02053300059124353
    },
    "proc_price_imp": {
        "avg": 0.007404450186544189,
        "med": 0.007045488024699541,
        "quart_1": 0.004833803597766587,
        "quart_3": 0.009438967277343302,
        "min": 6.162352837426748e-07,
        "max": 0.02852050924452745,
        "stdv": 0.003739191429146375
    }
}