{
    "cap_eff": {
        "avg": 4.495970969011507e-14,
        "med": 1.63202784619898e-14,
        "quart_1": 7.438494264988549e-15,
        "quart_3": 3.042011087472929e-14,
        "min": 0.0,
        "max": 3.947682181149048e-10,
        "stdv": 1.6539034568084386e-12
    },
    "imp_gain": {
        "avg": 0.16129195777911226,
        "med": 0.122095058908541,
        "quart_1": 0.05526088626782988,
        "quart_3": 0.22284171583961787,
        "min": 1.1884416302176959e-06,
        "max": 0.8971857145487883,
        "stdv": 0.14759342997700273
    },
    "imp_loss": {
        "avg": 0.11360234845845371,
        "med": 0.06592837743246927,
        "quart_1": 0.0,
        "quart_3": 0.18066520684641518,
        "min": 0.0,
        "max": 0.8185462657573139,
        "stdv": 0.13868367438936077
    },
    "price_imp": {
        "avg": 4.495959918446909e-14,
        "med": 1.6326656930831657e-14,
        "quart_1": 7.426174501652847e-15,
        "quart_3": 3.046449167375533e-14,
        "min": 0.0,
        "max": 3.9476820746270734e-10,
        "stdv": 1.6539035035050608e-12
    },
    "proc_cap_eff": {
        "avg": 3.0284562453869914e-14,
        "med": 1.63202784619898e-14,
        "quart_1": 7.438494264988549e-15,
        "quart_3": 3.042011087472929e-14,
        "min": 0.0,
        "max": 4.57345272764087e-12,
        "stdv": 9.129950963460666e-14
    },
    "proc_imp_gain": {
        "avg": 0.16092895975662727,
        "med": 0.12202544069361654,
        "quart_1": 0.05523550105727648,
        "quart_3": 0.22268429722408634,
        "min": 1.1884416302176959e-06,
        "max": 0.8788707731707195,
        "stdv": 0.14673348264177535
    },
    "proc_imp_loss": {
        "avg": 0.1132550243113419,
        "med": 0.06585649922659476,
        "quart_1": 0.0,
        "quart_3": 0.18048486955698828,
        "min": 0.0,
        "max": 0.7999559206036605,
        "stdv": 0.13784559011247824
    },
    "proc_price_imp": {
        "avg": 3.028444786880928e-14,
        "med": 1.631689392829058e-14,
        "quart_1": 7.421931425350398e-15,
        "quart_3": 3.043900755928385e-14,
        "min": 0.0,
        "max": 4.5735267808065764e-12,
        "stdv": 9.129961256701727e-14
    }
}