{
    "cap_eff": {
        "avg": 0.00040389654280133366,
        "med": 0.00033097525760472646,
        "quart_1": 0.000174988213539784,
        "quart_3": 0.00053911281945207,
        "min": 2.185765057838296e-08,
        "max": 0.050816583461997245,
        "stdv": 0.0003919293914670721
    },
    "imp_gain": {
        "avg": 0.0007676246811685069,
        "med": 0.00044957883561513867,
        "quart_1": 0.00012817132042819424,
        "quart_3": 0.0011389442385514315,
        "min": 5.995204332975845e-15,
        "max": 0.009415646892500185,
        "stdv": 0.0008701460965044663
    },
    "imp_loss": {
        "avg": 0.0008384176102102923,
        "med": 0.0005575833496149207,
        "quart_1": 0.0001835017826161689,
        "quart_3": 0.0012210562863511631,
        "min": 0.0,
        "max": 0.009341036284251314,
        "stdv": 0.0008772008169050477
    },
    "price_imp": {
        "avg": 0.0005871757837181184,
        "med": 0.000545070101395061,
        "quart_1": 0.00035265665408527874,
        "quart_3": 0.0007545610310982614,
        "min": 0.0,
        "max": 0.01724137931034477,
        "stdv": 0.00035426094336427934
    },
    "proc_cap_eff": {
        "avg": 0.0004008723483768989,
        "med": 0.0003307945506655918,
        "quart_1": 0.00017489558685579443,
        "quart_3": 0.0005387283566777867,
        "min": 2.185765057838296e-08,
        "max": 0.0027467734322017545,
        "stdv": 0.000319159744885455
    },
    "proc_imp_gain": {
        "avg": 0.0007643942172320907,
        "med": 0.00044914397441964127,
        "quart_1": 0.00012810245308481072,
        "quart_3": 0.0011373743626845734,
        "min": 5.995204332975845e-15,
        "max": 0.006442279102669923,
        "stdv": 0.000858086843734543
    },
    "proc_imp_loss": {
        "avg": 0.0008352613162858395,
        "med": 0.0005570224085615916,
        "quart_1": 0.0001834594782410548,
        "quart_3": 0.0012197570642119016,
        "min": 0.0,
        "max": 0.0064007106092836,
        "stdv": 0.0008658344414950075
    },
    "proc_price_imp": {
        "avg": 0.0005857292517702278,
        "med": 0.0005448642852855971,
        "quart_1": 0.00035255843884699346,
        "quart_3": 0.0007541356134998687,
        "min": 0.0,
        "max": 0.0028694617395690976,
        "stdv": 0.00034556053166948406
    }
}