{
    "cap_eff": {
        "avg": 0.0023006798192188403,
        "med": 0.0019859013779479073,
        "quart_1": 0.001263944651480331,
        "quart_3": 0.002937370835930375,
        "min": 6.505954153190885e-08,
        "max": 0.01930728582347263,
        "stdv": 0.0015713206466253817
    },
    "imp_gain": {
        "avg": 0.0014359572597546942,
        "med": 0.0005974684362382021,
        "quart_1": 0.00011489113945795104,
        "quart_3": 0.0024004968637727497,
        "min": 2.220446049250313e-16,
        "max": 0.021136553719504292,
        "stdv": 0.0017378812597338444
    },
    "imp_loss": {
        "avg": 0.001012272177370286,
        "med": 0.00011857912555779393,
        "quart_1": 0.0,
        "quart_3": 0.0016987060058487602,
        "min": 0.0,
        "max": 0.02096761204749653,
        "stdv": 0.0015933300416490221
    },
    "price_imp": {
        "avg": 0.003661301843444557,
        "med": 0.0034911582929896077,
        "quart_1": 0.0024087408003968134,
        "quart_3": 0.004654488317332622,
        "min": 3.195127533849866e-07,
        "max": 0.021351429189711103,
        "stdv": 0.0018483263827488209
    },
    "proc_cap_eff": {
        "avg": 0.002295082148581324,
        "med": 0.001985036972837917,
        "quart_1": 0.0012637016700068338,
        "quart_3": 0.0029349343237484726,
        "min": 6.505954153190885e-08,
        "max": 0.012268708169297038,
        "stdv": 0.0015508707272698103
    },
    "proc_imp_gain": {
        "avg": 0.0014300713406571008,
        "med": 0.000595153445031249,
        "quart_1": 0.00011487384869224293,
        "quart_3": 0.0023981060610869243,
        "min": 2.220446049250313e-16,
        "max": 0.011746625363747043,
        "stdv": 0.0017179377961521764
    },
    "proc_imp_loss": {
        "avg": 0.0010064650177678514,
        "med": 0.00011825932079656543,
        "quart_1": 0.0,
        "quart_3": 0.001694056175664982,
        "min": 0.0,
        "max": 0.011051217369535737,
        "stdv": 0.001572101241349463
    },
    "proc_price_imp": {
        "avg": 0.003655566498331419,
        "med": 0.0034902698568348065,
        "quart_1": 0.0024082385225153865,
        "quart_3": 0.0046529032034872434,
        "min": 3.195127533849866e-07,
        "max": 0.013782468256647985,
        "stdv": 0.0018302087156904857
    }
}