{
    "capital efficiency": {
        "better": {
            "raw": {
                "avg": 0.9897437113275399,
                "med": 0.9899324764397265,
                "quart_1": 0.9855335690447644,
                "quart_3": 0.9951733858261231,
                "min": 0.9312292271428594,
                "max": 0.9999994722097377,
                "stdv": 0.006625717873196199,
                "counts": 82680
            },
            "processed": {
                "avg": 0.989762092085891,
                "med": 0.9899370651526859,
                "quart_1": 0.9855390268470223,
                "quart_3": 0.9951762826411826,
                "min": 0.957133901239522,
                "max": 0.9999994722097377,
                "stdv": 0.006574834047761954,
                "counts": 82639
            }
        },
        "worse": {
            "raw": {
                "avg": 1.0117056377247597,
                "med": 1.0097587019717222,
                "quart_1": 1.0046844657619947,
                "quart_3": 1.0171615846372501,
                "min": 1.0000005599775819,
                "max": 1.0734357676570088,
                "stdv": 0.008738636635192334,
                "counts": 117320
            },
            "processed": {
                "avg": 1.0116834462244082,
                "med": 1.009752344072408,
                "quart_1": 1.0046818622524043,
                "quart_3": 1.0171488070537182,
                "min": 1.0000005599775819,
                "max": 1.0523991302684677,
                "stdv": 0.008683107559345,
                "counts": 117262
            }
        },
        "monitors": {
            "BTC, ETH": {
                "better": {
                    "raw": {
                        "avg": 0.9899031868187157,
                        "med": 0.9900660351988734,
                        "quart_1": 0.9858135979502937,
                        "quart_3": 0.9951404912345342,
                        "min": 0.9543272357474931,
                        "max": 0.9999994722097377,
                        "stdv": 0.00642537036714262,
                        "counts": 2220
                    },
                    "processed": {
                        "avg": 0.9899192192437141,
                        "med": 0.9900676439823294,
                        "quart_1": 0.9858190370191929,
                        "quart_3": 0.9951404912345342,
                        "min": 0.9610435787261488,
                        "max": 0.9999994722097377,
                        "stdv": 0.006382269498368241,
                        "counts": 2219
                    }
                },
                "worse": {
                    "raw": {
                        "avg": 1.0115233400424597,
                        "med": 1.0098133163713956,
                        "quart_1": 1.004801824762571,
                        "quart_3": 1.0166964682648896,
                        "min": 1.0000155685104044,
                        "max": 1.0486168262501205,
                        "stdv": 0.00839341938627572,
                        "counts": 3184
                    },
                    "processed": {
                        "avg": 1.0115116864181406,
                        "med": 1.009808884308675,
                        "quart_1": 1.004801824762571,
                        "quart_3": 1.0166726211951396,
                        "min": 1.0000155685104044,
                        "max": 1.048424780283944,
                        "stdv": 0.008368943343166051,
                        "counts": 3183
                    }
                }
            }
        }
    },
    "impermanent gain, loss": {
        "gain": {
            "raw": {
                "avg": 1.0710066833636658,
                "med": 1.0543389170300361,
                "quart_1": 1.0237732303742206,
                "quart_3": 1.1035481323351826,
                "min": 1.0,
                "max": 1.310654639231266,
                "stdv": 0.05980148134976077,
                "counts": 7201582
            },
            "processed": {
                "avg": 1.0708968244405428,
                "med": 1.0542985886156382,
                "quart_1": 1.023763621285254,
                "quart_3": 1.103456979654037,
                "min": 1.0,
                "max": 1.2854920758758375,
                "stdv": 0.059614195201546094,
                "counts": 7197982
            }
        },
        "loss": {
            "raw": {
                "avg": 0.9364362411018474,
                "med": 0.9484311287516106,
                "quart_1": 0.9061541834859591,
                "quart_3": 0.9767369431881063,
                "min": 0.7629774999968968,
                "max": 0.9999984362175903,
                "stdv": 0.04957949582011552,
                "counts": 7198418
            },
            "processed": {
                "avg": 0.9365170928329593,
                "med": 0.9484652813190356,
                "quart_1": 0.9062134464631605,
                "quart_3": 0.9767483474201349,
                "min": 0.7779122242497536,
                "max": 0.9999984362175903,
                "stdv": 0.04945985836916314,
                "counts": 7194819
            }
        },
        "averages": {
            "raw": {
                "avg": 1.0037362462913362,
                "med": 1.0039806995658584,
                "quart_1": 1.0020343022860236,
                "quart_3": 1.0048983115658074,
                "min": 1.0000000904070157,
                "max": 1.0095109433474172,
                "stdv": 0.0021892874621613815,
                "counts": 200000
            },
            "processed": {
                "avg": 1.0037334367288684,
                "med": 1.0039790943618618,
                "quart_1": 1.002034003194841,
                "quart_3": 1.00489682535029,
                "min": 1.0000000904070157,
                "max": 1.0092938805240104,
                "stdv": 0.0021862269349975216,
                "counts": 199900
            }
        },
        "median": {
            "raw": {
                "avg": 1.0000070351255599,
                "med": 1.000001912363988,
                "quart_1": 1.0000002859175074,
                "quart_3": 1.0000076528782404,
                "min": 1.0,
                "max": 1.0001684784556784,
                "stdv": 1.3068773609550175e-05,
                "counts": 200000
            },
            "processed": {
                "avg": 1.0000069686217494,
                "med": 1.0000019112734813,
                "quart_1": 1.0000002859175074,
                "quart_3": 1.0000076265489177,
                "min": 1.0,
                "max": 1.000117188922344,
                "stdv": 1.2724673631416262e-05,
                "counts": 199900
            }
        },
        "monitors": {
            "BTC, ETH": {
                "gain": {
                    "raw": {
                        "avg": 1.083007325352879,
                        "med": 1.0907858424477503,
                        "quart_1": 1.0737275613218646,
                        "quart_3": 1.105335679199682,
                        "min": 1.0,
                        "max": 1.1568980272555802,
                        "stdv": 0.03460294786491241,
                        "counts": 200021
                    },
                    "processed": {
                        "avg": 1.0830488254068504,
                        "med": 1.0908231781357092,
                        "quart_1": 1.073769417269079,
                        "quart_3": 1.105335679199682,
                        "min": 1.0000772824933801,
                        "max": 1.1568980272555802,
                        "stdv": 0.03456180041900654,
                        "counts": 199921
                    }
                },
                "loss": {
                    "raw": {
                        "avg": 0.924312360522023,
                        "med": 0.9167586476318261,
                        "quart_1": 0.9047025431442282,