{
    "capital efficiency": {
        "better": {
            "raw": {
                "avg": 0.6084955486974699,
                "med": 0.5729180250041579,
                "quart_1": 0.4462806439804245,
                "quart_3": 0.767984865214309,
                "min": 0.09473351623738603,
                "max": 0.999995812635058,
                "stdv": 0.19393735571440654,
                "counts": 75171
            },
            "processed": {
                "avg": 0.6084543316243701,
                "med": 0.5728246904179624,
                "quart_1": 0.4462874198333117,
                "quart_3": 0.7678546204341672,
                "min": 0.1468106458647805,
                "max": 0.9997501844554286,
                "stdv": 0.19375413524367352,
                "counts": 75134
            }
        },
        "worse": {
            "raw": {
                "avg": 2.3588295694002315,
                "med": 1.8849003989871795,
                "quart_1": 1.395138867321961,
                "quart_3": 2.978211689630055,
                "min": 1.0000086206247796,
                "max": 17.587351690781972,
                "stdv": 1.3261228862229495,
                "counts": 124829
            },
            "processed": {
                "avg": 2.3539424689760855,
                "med": 1.8840950078048848,
                "quart_1": 1.3948555812705574,
                "quart_3": 2.9762674511018017,
                "min": 1.0000086206247796,
                "max": 10.744991593471354,
                "stdv": 1.3078425426094011,
                "counts": 124767
            }
        },
        "monitors": {
            "BTC, ETH": {
                "better": {
                    "raw": {
                        "avg": 0.6109725122690302,
                        "med": 0.5720080933467961,
                        "quart_1": 0.4496360012432175,
                        "quart_3": 0.7725435429551483,
                        "min": 0.1513854287203532,
                        "max": 0.9991054181897571,
                        "stdv": 0.19418651753761934,
                        "counts": 1616
                    },
                    "processed": {
                        "avg": 0.6109725122690302,
                        "med": 0.5720080933467961,
                        "quart_1": 0.4496360012432175,
                        "quart_3": 0.7725435429551483,
                        "min": 0.1513854287203532,
                        "max": 0.9991054181897571,
                        "stdv": 0.19418651753761934,
                        "counts": 1616
                    }
                },
                "worse": {
                    "raw": {
                        "avg": 2.341572426814954,
                        "med": 1.89582872583301,
                        "quart_1": 1.4087961779878087,
                        "quart_3": 2.977799026972899,
                        "min": 1.0000439123421907,
                        "max": 9.180323131853529,
                        "stdv": 1.2642092286513604,
                        "counts": 2642
                    },
                    "processed": {
                        "avg": 2.338982971796007,
                        "med": 1.8953346830456883,
                        "quart_1": 1.4087961779878087,
                        "quart_3": 2.9761008829307496,
                        "min": 1.0000439123421907,
                        "max": 8.929017928031962,
                        "stdv": 1.2574238705441523,
                        "counts": 2641
                    }
                }
            }
        }
    },
    "impermanent gain, loss": {
        "gain": {
            "raw": {
                "avg": 1.4260364525431886,
                "med": 1.3508439469534617,
                "quart_1": 1.122523202496452,
                "quart_3": 1.6434865662183746,
                "min": 1.0,
                "max": 4.3897929621239005,
                "stdv": 0.3593283378108423,
                "counts": 9002146
            },
            "processed": {
                "avg": 1.4250589314326554,
                "med": 1.3505212703726133,
                "quart_1": 1.1224067910834161,
                "quart_3": 1.6429141484195313,
                "min": 1.0,
                "max": 3.1591207210969374,
                "stdv": 0.3567162012881681,
                "counts": 8997645
            }
        },
        "loss": {
            "raw": {
                "avg": 0.7413360525877445,
                "med": 0.7401339879068849,
                "quart_1": 0.6084352251428097,
                "quart_3": 0.8906233414337875,
                "min": 0.2278011761894498,
                "max": 0.9999999999999999,
                "stdv": 0.16521826335550313,
                "counts": 8997854
            },
            "processed": {
                "avg": 0.7415583041526206,
                "med": 0.740277959016135,
                "quart_1": 0.6086355721911613,
                "quart_3": 0.8906784136723167,
                "min": 0.31651810951177867,
                "max": 0.9999999999999999,
                "stdv": 0.16495987752863422,
                "counts": 8993356
            }
        },
        "averages": {
            "raw": {
                "avg": 1.083767884067978,
                "med": 1.0816834489035838,
                "quart_1": 1.0678258179099587,
                "quart_3": 1.0977471046789202,
                "min": 1.0003490225202227,
                "max": 1.1986205072600007,
                "stdv": 0.02221172726666326,
                "counts": 200000
            },
            "processed": {
                "avg": 1.083719111703851,
                "med": 1.0816686751165623,
                "quart_1": 1.0678181104329785,
                "quart_3": 1.0977122536852457,
                "min": 1.0003490225202227,
                "max": 1.1731965444496226,
                "stdv": 0.022109510823744738,
                "counts": 199900
            }
        },
        "median": {
            "raw": {
                "avg": 1.0000600034821876,
                "med": 1.0000114279889725,
                "quart_1": 1.0000017943019226,
                "quart_3": 1.0000514921542305,
                "min": 1.0,
                "max": 1.0039748988391337,
                "stdv": 0.00014608346412574777,
                "counts": 200000
            },
            "processed": {
                "avg": 1.0000587469157147,
                "med": 1.0000114205972703,
                "quart_1": 1.0000017943019226,
                "quart_3": 1.0000513536847269,
                "min": 1.0,
                "max": 1.001848339280279,
                "stdv": 0.00013407824004984322,
                "counts": 199900
            }
        },
        "monitors": {
            "BTC, ETH": {
                "gain": {
                    "raw": {
                        "avg": 1.4590717823855253,
                        "med": 1.3809499841115398,
                        "quart_1": 1.149179009251433,
                        "quart_3": 1.6771560907877725,
                        "min": 1.0,
                        "max": 3.95815564609054,
                        "stdv": 0.37045073106717125,
                        "counts": 200053
                    },
                    "processed": {
                        "avg": 1.4581483686614043,
                        "med": 1.380606046490832,
                        "quart_1": 1.148917762347838,
                        "quart_3": 1.6764225705729248,
                        "min": 1.0,
                        "max": 3.1895879911194362,
                        "stdv": 0.36820771781375705,
                        "counts": 199953
                    }
                },
                "loss": {
                    "raw": {
                        "avg": 0.7247936955768901,
                        "med": 0.7241391878818605,
                        "quart_1": 0.5962474247285487,