{
    "capital efficiency": {
        "better": {
            "raw": {
                "avg": 0.9999999999999857,
                "med": 0.9999999999999879,
                "quart_1": 0.9999999999999777,
                "quart_3": 0.9999999999999943,
                "min": 0.9999999998520622,
                "max": 1.0,
                "stdv": 7.234918585686089e-13,
                "counts": 90498
            },
            "processed": {
                "avg": 0.9999999999999932,
                "med": 0.9999999999999879,
                "quart_1": 0.9999999999999777,
                "quart_3": 0.9999999999999943,
                "min": 0.9999999999972206,
                "max": 1.0,
                "stdv": 6.755113363422812e-14,
                "counts": 90453
            }
        },
        "worse": {
            "raw": {
                "avg": 1.0000000000000187,
                "med": 1.0000000000000122,
                "quart_1": 1.0000000000000056,
                "quart_3": 1.0000000000000226,
                "min": 1.0000000000000002,
                "max": 1.0000000009719914,
                "stdv": 3.4074743215615e-12,
                "counts": 89673
            },
            "processed": {
                "avg": 1.0000000000000002,
                "med": 1.0000000000000122,
                "quart_1": 1.0000000000000056,
                "quart_3": 1.0000000000000224,
                "min": 1.0000000000000002,
                "max": 1.0000000000037332,
                "stdv": 7.927324961463106e-14,
                "counts": 89629
            }
        },
        "monitors": {
            "BTC, ETH": {
                "better": {
                    "raw": {
                        "avg": 0.9999999999999618,
                        "med": 0.9999999999999868,
                        "quart_1": 0.9999999999999761,
                        "quart_3": 0.9999999999999937,
                        "min": 0.9999999999502124,
                        "max": 1.0,
                        "stdv": 9.946935770086457e-13,
                        "counts": 2535
                    },
                    "processed": {
                        "avg": 0.9999999999999816,
                        "med": 0.9999999999999868,
                        "quart_1": 0.9999999999999761,
                        "quart_3": 0.9999999999999937,
                        "min": 0.9999999999953632,
                        "max": 1.0,
                        "stdv": 1.1384187331848163e-13,
                        "counts": 2534
                    }
                },
                "worse": {
                    "raw": {
                        "avg": 1.0000000000000135,
                        "med": 1.0000000000000133,
                        "quart_1": 1.0000000000000067,
                        "quart_3": 1.0000000000000235,
                        "min": 1.0000000000000002,
                        "max": 1.0000000000162603,
                        "stdv": 3.446773102839439e-13,
                        "counts": 2368
                    },
                    "processed": {
                        "avg": 1.0000000000000064,
                        "med": 1.0000000000000133,
                        "quart_1": 1.0000000000000067,
                        "quart_3": 1.0000000000000235,
                        "min": 1.0000000000000002,
                        "max": 1.0000000000029254,
                        "stdv": 8.681749859704545e-14,
                        "counts": 2367
                    }
                }
            }
        }
    },
    "impermanent gain, loss": {
        "gain": {
            "raw": {
                "avg": 1.1629568340677088,
                "med": 1.1206605232182745,
                "quart_1": 1.0557308669888081,
                "quart_3": 1.2152742808592385,
                "min": 1.0,
                "max": 1.8778825566473691,
                "stdv": 0.1513644117823063,
                "counts": 6468447
            },
            "processed": {
                "avg": 1.1626145888873956,
                "med": 1.1205764085297463,
                "quart_1": 1.0557094613171103,
                "quart_3": 1.215085112839747,
                "min": 1.0,
                "max": 1.8327496181062195,
                "stdv": 0.1506263828242596,
                "counts": 6465213
            }
        },
        "loss": {
            "raw": {
                "avg": 0.8392112678566511,
                "med": 0.8767590539396277,
                "quart_1": 0.7795050010865563,
                "quart_3": 0.9430366412041016,
                "min": 0.19859080666477377,
                "max": 0.9999990465238914,
                "stdv": 0.1405276728746416,
                "counts": 6503865
            },
            "processed": {
                "avg": 0.8395055819993452,
                "med": 0.8768340726821822,
                "quart_1": 0.7797205858855826,
                "quart_3": 0.9430775710795062,
                "min": 0.2859912939729251,
                "max": 0.9999990465238914,
                "stdv": 0.13994371404949504,
                "counts": 6500614
            }
        },
        "averages": {
            "raw": {
                "avg": 1.0006420934891267,
                "med": 0.9998817049771144,
                "quart_1": 0.9989545948258601,
                "quart_3": 1.003353463713824,
                "min": 0.995694548853428,
                "max": 1.0051162474644668,
                "stdv": 0.002485564817056102,
                "counts": 180171
            },
            "processed": {
                "avg": 1.0006398756412394,
                "med": 0.9998812679558475,
                "quart_1": 0.9989537459651137,
                "quart_3": 1.0033408581349708,
                "min": 0.995694548853428,
                "max": 1.0050576132916564,
                "stdv": 0.0024842046834962403,
                "counts": 180081
            }
        },
        "median": {
            "raw": {
                "avg": 0.9986239692168889,
                "med": 0.9993661545122267,
                "quart_1": 0.9960869585745444,
                "quart_3": 1.001074832394738,
                "min": 0.9749781897860946,
                "max": 1.0164636521078763,
                "stdv": 0.004273056476154287,
                "counts": 180171
            },
            "processed": {
                "avg": 0.9986342355715538,
                "med": 0.9993661545122267,
                "quart_1": 0.9960928778445479,
                "quart_3": 1.0010756271311556,
                "min": 0.9790911702079861,
                "max": 1.0164636521078763,
                "stdv": 0.004249302623252698,
                "counts": 180081
            }
        },
        "monitors": {
            "BTC, ETH": {
                "gain": {
                    "raw": {
                        "avg": 1.3794635113190152,
                        "med": 1.3392550091428799,
                        "quart_1": 1.1393282159514309,
                        "quart_3": 1.6367316345402632,
                        "min": 1.0,
                        "max": 1.7716965726596974,
                        "stdv": 0.2509047261468119,
                        "counts": 180190
                    },
                    "processed": {
                        "avg": 1.3792693648565213,
                        "med": 1.3384033489297607,
                        "quart_1": 1.1393282159514309,
                        "quart_3": 1.6366996540725491,
                        "min": 1.0,
                        "max": 1.7649195823300945,
                        "stdv": 0.2508170098888776,
                        "counts": 180100
                    }
                },
                "loss": {
                    "raw": {
                        "avg": 0.6760968170544001,
                        "med": 0.7046137837152365,
                        "quart_1": 0.46672349167147786,