{
    "capital efficiency": {
        "better": {
            "raw": {
                "avg": 0.9999999999999999,
                "med": 0.9999999999999999,
                "quart_1": 0.9999999999999998,
                "quart_3": 1.0,
                "min": 0.9999999999977786,
                "max": 1.0,
                "stdv": 8.540880382971338e-15,
                "counts": 89868
            },
            "processed": {
                "avg": 1.0,
                "med": 0.9999999999999999,
                "quart_1": 0.9999999999999998,
                "quart_3": 1.0,
                "min": 0.9999999999999734,
                "max": 1.0,
                "stdv": 6.892806210976401e-16,
                "counts": 89824
            }
        },
        "worse": {
            "raw": {
                "avg": 1.0000000000000002,
                "med": 1.0000000000000002,
                "quart_1": 1.0000000000000002,
                "quart_3": 1.0000000000000004,
                "min": 1.0000000000000002,
                "max": 1.0000000000016398,
                "stdv": 9.808598944952574e-15,
                "counts": 50064
            },
            "processed": {
                "avg": 1.0000000000000002,
                "med": 1.0000000000000002,
                "quart_1": 1.0000000000000002,
                "quart_3": 1.0000000000000004,
                "min": 1.0000000000000002,
                "max": 1.0000000000000764,
                "stdv": 1.6847324291511782e-15,
                "counts": 50039
            }
        },
        "monitors": {
            "BTC, ETH": {
                "better": {
                    "raw": {
                        "avg": 0.9999999999999999,
                        "med": 0.9999999999999999,
                        "quart_1": 0.9999999999999998,
                        "quart_3": 1.0,
                        "min": 0.9999999999999828,
                        "max": 1.0,
                        "stdv": 6.870507850063109e-16,
                        "counts": 1883
                    },
                    "processed": {
                        "avg": 0.9999999999999999,
                        "med": 0.9999999999999999,
                        "quart_1": 0.9999999999999998,
                        "quart_3": 1.0,
                        "min": 0.9999999999999828,
                        "max": 1.0,
                        "stdv": 6.870507850063109e-16,
                        "counts": 1883
                    }
                },
                "worse": {
                    "raw": {
                        "avg": 1.0000000000000002,
                        "med": 1.0000000000000002,
                        "quart_1": 1.0000000000000002,
                        "quart_3": 1.0000000000000004,
                        "min": 1.0000000000000002,
                        "max": 1.0000000000000324,
                        "stdv": 1.1625736069852486e-15,
                        "counts": 1072
                    },
                    "processed": {
                        "avg": 1.0000000000000002,
                        "med": 1.0000000000000002,
                        "quart_1": 1.0000000000000002,
                        "quart_3": 1.0000000000000004,
                        "min": 1.0000000000000002,
                        "max": 1.0000000000000324,
                        "stdv": 1.1625736069852486e-15,
                        "counts": 1072
                    }
                }
            }
        }
    },
    "impermanent gain, loss": {
        "gain": {
            "raw": {
                "avg": 1.5108125940277264,
                "med": 1.504032492873574,
                "quart_1": 1.2532211441881376,
                "quart_3": 1.7549235769139733,
                "min": 1.0,
                "max": 2.500055768595642,
                "stdv": 0.3016782162425211,
                "counts": 8115711
            },
            "processed": {
                "avg": 1.5103892584634162,
                "med": 1.5036937092424032,
                "quart_1": 1.253084154883584,
                "quart_3": 1.7543802025112922,
                "min": 1.0,
                "max": 2.3162246591415316,
                "stdv": 0.3011579029368145,
                "counts": 8111654
            }
        },
        "loss": {
            "raw": {
                "avg": 0.5000351717934989,
                "med": 0.4989259254746411,
                "quart_1": 0.2511100478958706,
                "quart_3": 0.7490105571405052,
                "min": 3.246702770233987e-06,
                "max": 0.9999917208195661,
                "stdv": 0.2885262156913362,
                "counts": 8071329
            },
            "processed": {
                "avg": 0.49978524769639693,
                "med": 0.4986593584080199,
                "quart_1": 0.2509610439433516,
                "quart_3": 0.7487262994717471,
                "min": 3.246702770233987e-06,
                "max": 0.9994936971923992,
                "stdv": 0.28838181305346455,
                "counts": 8067294
            }
        },
        "averages": {
            "raw": {
                "avg": 1.0068095693481331,
                "med": 1.0062327705394107,
                "quart_1": 1.002935698932127,
                "quart_3": 1.0098436543229723,
                "min": 0.9874389802818742,
                "max": 1.0313405476042001,
                "stdv": 0.0051490973401722975,
                "counts": 179856
            },
            "processed": {
                "avg": 1.0067984591069223,
                "med": 1.0062286182576898,
                "quart_1": 1.002934322864662,
                "quart_3": 1.0098370714325258,
                "min": 0.9874389802818742,
                "max": 1.0281160694915914,
                "stdv": 0.005126061363592163,
                "counts": 179767
            }
        },
        "median": {
            "raw": {
                "avg": 1.0032791814753268,
                "med": 1.0023897552942491,
                "quart_1": 0.9923048820576673,
                "quart_3": 1.0139063232857377,
                "min": 0.9095553545248395,
                "max": 1.0910802485419975,
                "stdv": 0.018863795307413247,
                "counts": 179856
            },
            "processed": {
                "avg": 1.0032638312059998,
                "med": 1.0023809399993917,
                "quart_1": 0.9923048820576673,
                "quart_3": 1.0138905079883553,
                "min": 0.9231758807064545,
                "max": 1.0814273387468931,
                "stdv": 0.018778381384711253,
                "counts": 179767
            }
        },
        "monitors": {
            "BTC, ETH": {
                "gain": {
                    "raw": {
                        "avg": 1.5397041365713906,
                        "med": 1.5305987025152608,
                        "quart_1": 1.2620413261110837,
                        "quart_3": 1.7773972147587394,
                        "min": 1.0,
                        "max": 2.2724890063564622,
                        "stdv": 0.32756315288857585,
                        "counts": 179845
                    },
                    "processed": {
                        "avg": 1.5393413233500828,
                        "med": 1.5305987025152608,
                        "quart_1": 1.2613806678107011,
                        "quart_3": 1.7770418955092655,
                        "min": 1.0,
                        "max": 2.2724890063564622,
                        "stdv": 0.3272380604131037,
                        "counts": 179756
                    }
                },
                "loss": {
                    "raw": {
                        "avg": 0.4913383547150882,
                        "med": 0.4705273409669814,
                        "quart_1": 0.2351075714336045,
                        "quart_3": 0.742587802059045,