{
    "capital efficiency": {
        "better": {
            "raw": {
                "avg": 0.9788390115928808,
                "med": 0.9817340337794593,
                "quart_1": 0.9699106740327414,
                "quart_3": 0.9916071431117397,
                "min": 0.8430039623570612,
                "max": 0.9999997162320257,
                "stdv": 0.016236373961146945,
                "counts": 81610
            },
            "processed": {
                "avg": 0.9788891969456832,
                "med": 0.9817403335458593,
                "quart_1": 0.969925997414415,
                "quart_3": 0.9916140869482698,
                "min": 0.8890269274896392,
                "max": 0.9999997162320257,
                "stdv": 0.016079792271578873,
                "counts": 81570
            }
        },
        "worse": {
            "raw": {
                "avg": 1.0250394128718052,
                "med": 1.0204617563594895,
                "quart_1": 1.0101718329623848,
                "quart_3": 1.0348614014940956,
                "min": 1.0000012901848585,
                "max": 1.2128947236785825,
                "stdv": 0.019996129330656733,
                "counts": 118390
            },
            "processed": {
                "avg": 1.0249742053267024,
                "med": 1.0204511655516326,
                "quart_1": 1.01016672670618,
                "quart_3": 1.034841905831887,
                "min": 1.0000012901848585,
                "max": 1.1409447656624645,
                "stdv": 0.019783883203046665,
                "counts": 118331
            }
        },
        "monitors": {
            "BTC": {
                "better": {
                    "raw": {
                        "avg": 0.9789264403641079,
                        "med": 0.9819274375642579,
                        "quart_1": 0.969937812058003,
                        "quart_3": 0.991616163866226,
                        "min": 0.8430039623570612,
                        "max": 0.9999997162320257,
                        "stdv": 0.01620622237661767,
                        "counts": 16294
                    },
                    "processed": {
                        "avg": 0.9789768662124214,
                        "med": 0.981942909950132,
                        "quart_1": 0.9699580529607048,
                        "quart_3": 0.9916227183706492,
                        "min": 0.8881069762057477,
                        "max": 0.9999997162320257,
                        "stdv": 0.016046946313251716,
                        "counts": 16286
                    }
                },
                "worse": {
                    "raw": {
                        "avg": 1.025069887210481,
                        "med": 1.0205241130855103,
                        "quart_1": 1.010104515600714,
                        "quart_3": 1.0349892747338643,
                        "min": 1.0000012910803966,
                        "max": 1.173587716683624,
                        "stdv": 0.01999381653731432,
                        "counts": 23832
                    },
                    "processed": {
                        "avg": 1.025011012877116,
                        "med": 1.0205121774331307,
                        "quart_1": 1.0101030404136493,
                        "quart_3": 1.0349539524270834,
                        "min": 1.0000012910803966,
                        "max": 1.1409447656624645,
                        "stdv": 0.019808641707688673,
                        "counts": 23821
                    }
                }
            }
        }
    },
    "impermanent gain, loss": {
        "gain": {
            "raw": {
                "avg": 1.05744175861385,
                "med": 1.0450734271548778,
                "quart_1": 1.019371904381026,
                "quart_3": 1.089967371874362,
                "min": 1.0,
                "max": 1.2958352141643428,
                "stdv": 0.04580908108529117,
                "counts": 1020707
            },
            "processed": {
                "avg": 1.057346513373819,
                "med": 1.0450371923057324,
                "quart_1": 1.0193633734538776,
                "quart_3": 1.0899025402264981,
                "min": 1.0,
                "max": 1.2365409603617072,
                "stdv": 0.04562111261621802,
                "counts": 1020197
            }
        },
        "loss": {
            "raw": {
                "avg": 0.9454089867917573,
                "med": 0.9566647708189198,
                "quart_1": 0.920976336150817,
                "quart_3": 0.9808320184997114,
                "min": 0.7608126060729891,
                "max": 0.999999764325087,
                "stdv": 0.044028801821069954,
                "counts": 979293
            },
            "processed": {
                "avg": 0.9454888623989928,
                "med": 0.9567074688178372,
                "quart_1": 0.9210499228388068,
                "quart_3": 0.9808422406108244,
                "min": 0.7946054208522065,
                "max": 0.999999764325087,
                "stdv": 0.04389414051363126,
                "counts": 978804
            }
        },
        "averages": {
            "raw": {
                "avg": 1.0025853040058024,
                "med": 1.0020948718984126,
                "quart_1": 1.0011601823182348,
                "quart_3": 1.0036430958780715,
                "min": 1.0000018436466913,
                "max": 1.0108858212256333,
                "stdv": 0.0019274268090998749,
                "counts": 200000
            },
            "processed": {
                "avg": 1.0025819110519534,
                "med": 1.0020939978737406,
                "quart_1": 1.0011592853994162,
                "quart_3": 1.0036404326928294,
                "min": 1.0000018436466913,
                "max": 1.0088629532306392,
                "stdv": 0.0019218962738062736,
                "counts": 199900
            }
        },
        "median": {
            "raw": {
                "avg": 1.0019838141926083,
                "med": 1.001117884409012,
                "quart_1": 0.9932591683650913,
                "quart_3": 1.0100728405964863,
                "min": 0.9532695160447417,
                "max": 1.0684878363687853,
                "stdv": 0.013157743221403274,
                "counts": 200000
            },
            "processed": {
                "avg": 1.0019593550067178,
                "med": 1.0011119699511397,
                "quart_1": 0.99325358610631,
                "quart_3": 1.0100568461680977,
                "min": 0.9543681201798128,
                "max": 1.0487627520723994,
                "stdv": 0.01310735709099421,
                "counts": 199900
            }
        },
        "monitors": {
            "BTC": {
                "gain": {
                    "raw": {
                        "avg": 1.0216211575932082,
                        "med": 1.0186935774250174,
                        "quart_1": 1.0096561348769497,
                        "quart_3": 1.0305199128414089,
                        "min": 1.0000035507352407,
                        "max": 1.1142502885111878,
                        "stdv": 0.01589268402620588,
                        "counts": 19287
                    },
                    "processed": {
                        "avg": 1.021579939073253,
                        "med": 1.0186768580798076,
                        "quart_1": 1.0096548509974959,
                        "quart_3": 1.0305145988323852,
                        "min": 1.0000035507352407,
                        "max": 1.1063720020811114,
                        "stdv": 0.01578130684958856,
                        "counts": 19278
                    }
                },
                "loss": {
                    "raw": {
                        "avg": 0.9061060552716613,
                        "med": 0.9052048880951061,