{
    "capital efficiency": {
        "better": {
            "raw": {
                "avg": 0.9999999999990926,
                "med": 0.9999999999995793,
                "quart_1": 0.9999999999992184,
                "quart_3": 0.9999999999998084,
                "min": 0.9999999921092563,
                "max": 1.0,
                "stdv": 3.880856383707059e-11,
                "counts": 90114
            },
            "processed": {
                "avg": 0.999999999999469,
                "med": 0.9999999999995796,
                "quart_1": 0.9999999999992192,
                "quart_3": 0.9999999999998085,
                "min": 0.9999999998965141,
                "max": 1.0,
                "stdv": 2.4086629138101156e-12,
                "counts": 90069
            }
        },
        "worse": {
            "raw": {
                "avg": 1.000000000000433,
                "med": 1.0000000000004174,
                "quart_1": 1.0000000000001887,
                "quart_3": 1.000000000000776,
                "min": 1.0000000000000002,
                "max": 1.000000004427675,
                "stdv": 1.8992536061456286e-11,
                "counts": 90057
            },
            "processed": {
                "avg": 1.0000000000002005,
                "med": 1.0000000000004172,
                "quart_1": 1.0000000000001887,
                "quart_3": 1.0000000000007752,
                "min": 1.0000000000000002,
                "max": 1.0000000001283604,
                "stdv": 2.7734404287783116e-12,
                "counts": 90012
            }
        },
        "monitors": {
            "BTC": {
                "better": {
                    "raw": {
                        "avg": 0.999999999998949,
                        "med": 0.9999999999995334,
                        "quart_1": 0.9999999999991328,
                        "quart_3": 0.9999999999997836,
                        "min": 0.9999999963895861,
                        "max": 1.0,
                        "stdv": 2.7289112220265183e-11,
                        "counts": 19796
                    },
                    "processed": {
                        "avg": 0.9999999999992856,
                        "med": 0.9999999999995335,
                        "quart_1": 0.9999999999991331,
                        "quart_3": 0.9999999999997836,
                        "min": 0.9999999998890494,
                        "max": 1.0,
                        "stdv": 2.4176479633608373e-12,
                        "counts": 19787
                    }
                },
                "worse": {
                    "raw": {
                        "avg": 1.000000000000963,
                        "med": 1.000000000000464,
                        "quart_1": 1.0000000000002154,
                        "quart_3": 1.0000000000008564,
                        "min": 1.0000000000000002,
                        "max": 1.0000000022847941,
                        "stdv": 2.216030798713791e-11,
                        "counts": 20195
                    },
                    "processed": {
                        "avg": 1.0000000000005675,
                        "med": 1.0000000000004639,
                        "quart_1": 1.0000000000002152,
                        "quart_3": 1.0000000000008558,
                        "min": 1.0000000000000002,
                        "max": 1.0000000002985414,
                        "stdv": 4.568891648660793e-12,
                        "counts": 20185
                    }
                }
            }
        }
    },
    "impermanent gain, loss": {
        "gain": {
            "raw": {
                "avg": 1.0193564293157311,
                "med": 1.020053968780041,
                "quart_1": 1.0064933759600625,
                "quart_3": 1.0303180096346947,
                "min": 1.0,
                "max": 1.0460515581231131,
                "stdv": 0.01311792811141757,
                "counts": 754728
            },
            "processed": {
                "avg": 1.019343327666901,
                "med": 1.020036607905518,
                "quart_1": 1.0064876888670724,
                "quart_3": 1.030308285485997,
                "min": 1.0,
                "max": 1.0451812735405395,
                "stdv": 0.01310810357239284,
                "counts": 754351
            }
        },
        "loss": {
            "raw": {
                "avg": 0.9834133785422607,
                "med": 0.9878159395736373,
                "quart_1": 0.9764787022498406,
                "quart_3": 0.9941656854237971,
                "min": 0.9240048527801231,
                "max": 0.9999998096507838,
                "stdv": 0.014372273202144107,
                "counts": 866811
            },
            "processed": {
                "avg": 0.9834426739532627,
                "med": 0.9878260009944775,
                "quart_1": 0.9765015252355924,
                "quart_3": 0.9941684145266988,
                "min": 0.9253106982792139,
                "max": 0.9999998096507838,
                "stdv": 0.014315983571644122,
                "counts": 866378
            }
        },
        "averages": {
            "raw": {
                "avg": 1.0001426874420205,
                "med": 0.9999737122171367,
                "quart_1": 0.9997676877390761,
                "quart_3": 1.0007452141586226,
                "min": 0.9990432330785369,
                "max": 1.0011369438809874,
                "stdv": 0.0005523477371227805,
                "counts": 180171
            },
            "processed": {
                "avg": 1.0001421945869347,
                "med": 0.9999736151012996,
                "quart_1": 0.999767499103359,
                "quart_3": 1.0007424129188771,
                "min": 0.9990432330785369,
                "max": 1.0011239140648072,
                "stdv": 0.0005520454852205911,
                "counts": 180081
            }
        },
        "median": {
            "raw": {
                "avg": 0.9981995754702055,
                "med": 0.9980085278413278,
                "quart_1": 0.9940315879325415,
                "quart_3": 1.0005076384432061,
                "min": 0.9883515831475784,
                "max": 1.0113701900805712,
                "stdv": 0.0050910943097063135,
                "counts": 180171
            },
            "processed": {
                "avg": 0.998193079431084,
                "med": 0.9980048155767335,
                "quart_1": 0.9940298069731569,
                "quart_3": 1.0005058238806275,
                "min": 0.9883515831475784,
                "max": 1.0110989214927832,
                "stdv": 0.005084064797583626,
                "counts": 180081
            }
        },
        "monitors": {
            "BTC": {
                "gain": {
                    "raw": {
                        "avg": 1.0022589693933097,
                        "med": 1.0020920695856892,
                        "quart_1": 1.0010652642728222,
                        "quart_3": 1.0033824748605316,
                        "min": 1.0,
                        "max": 1.0056293663326148,
                        "stdv": 0.0013900017344108148,
                        "counts": 17227
                    },
                    "processed": {
                        "avg": 1.0022574277238443,
                        "med": 1.002089400425535,
                        "quart_1": 1.0010639997280917,
                        "quart_3": 1.0033824748605316,
                        "min": 1.0,
                        "max": 1.0055241302892415,
                        "stdv": 0.0013884825961921316,
                        "counts": 17219
                    }
                },
                "loss": {
                    "raw": {
                        "avg": 0.9754781062423242,
                        "med": 0.9752174376252166,
                        "quart_1": 0.968571968529566,