{
    "capital efficiency": {
        "better": {
            "raw": {
                "avg": 0.9999999999999954,
                "med": 0.9999999999999949,
                "quart_1": 0.999999999999989,
                "quart_3": 0.999999999999998,
                "min": 0.9999999999686933,
                "max": 1.0,
                "stdv": 1.619648033033763e-13,
                "counts": 90106
            },
            "processed": {
                "avg": 0.9999999999999974,
                "med": 0.9999999999999949,
                "quart_1": 0.999999999999989,
                "quart_3": 0.999999999999998,
                "min": 0.999999999998654,
                "max": 1.0,
                "stdv": 3.238245960318557e-14,
                "counts": 90061
            }
        },
        "worse": {
            "raw": {
                "avg": 1.0000000000000056,
                "med": 1.0000000000000053,
                "quart_1": 1.0000000000000022,
                "quart_3": 1.000000000000011,
                "min": 1.0000000000000002,
                "max": 1.0000000000934277,
                "stdv": 5.478980884229839e-13,
                "counts": 88049
            },
            "processed": {
                "avg": 1.0000000000000002,
                "med": 1.0000000000000053,
                "quart_1": 1.0000000000000022,
                "quart_3": 1.000000000000011,
                "min": 1.0000000000000002,
                "max": 1.0000000000018905,
                "stdv": 4.0067801788554844e-14,
                "counts": 88005
            }
        },
        "monitors": {
            "BTC": {
                "better": {
                    "raw": {
                        "avg": 0.9999999999999938,
                        "med": 0.9999999999999932,
                        "quart_1": 0.9999999999999873,
                        "quart_3": 0.9999999999999969,
                        "min": 0.9999999999915447,
                        "max": 1.0,
                        "stdv": 1.0245031096821713e-13,
                        "counts": 18035
                    },
                    "processed": {
                        "avg": 0.9999999999999953,
                        "med": 0.9999999999999932,
                        "quart_1": 0.9999999999999873,
                        "quart_3": 0.999999999999997,
                        "min": 0.9999999999979473,
                        "max": 1.0,
                        "stdv": 5.019048951581555e-14,
                        "counts": 18026
                    }
                },
                "worse": {
                    "raw": {
                        "avg": 1.0000000000000056,
                        "med": 1.0000000000000069,
                        "quart_1": 1.000000000000003,
                        "quart_3": 1.0000000000000129,
                        "min": 1.0000000000000002,
                        "max": 1.0000000000269045,
                        "stdv": 2.7059905939780794e-13,
                        "counts": 17906
                    },
                    "processed": {
                        "avg": 1.000000000000001,
                        "med": 1.0000000000000069,
                        "quart_1": 1.000000000000003,
                        "quart_3": 1.0000000000000129,
                        "min": 1.0000000000000002,
                        "max": 1.0000000000038194,
                        "stdv": 6.230213209861806e-14,
                        "counts": 17898
                    }
                }
            }
        }
    },
    "impermanent gain, loss": {
        "gain": {
            "raw": {
                "avg": 1.763228648044318,
                "med": 1.534670800201674,
                "quart_1": 1.2186782306022093,
                "quart_3": 2.202668396371548,
                "min": 1.0,
                "max": 4.044358657586878,
                "stdv": 0.6794948672103747,
                "counts": 739047
            },
            "processed": {
                "avg": 1.7621001852811833,
                "med": 1.534297248398353,
                "quart_1": 1.2185628540302462,
                "quart_3": 2.201070198236464,
                "min": 1.0,
                "max": 4.005399540064072,
                "stdv": 0.6777856551699714,
                "counts": 738678
            }
        },
        "loss": {
            "raw": {
                "avg": 0.4707705049092235,
                "med": 0.45201970772181943,
                "quart_1": 0.2066130580032956,
                "quart_3": 0.7324417448573941,
                "min": 4.389307125328063e-06,
                "max": 0.9999993990729574,
                "stdv": 0.29770083282393794,
                "counts": 1059513
            },
            "processed": {
                "avg": 0.4705062425873527,
                "med": 0.4517020042802994,
                "quart_1": 0.2065022102253977,
                "quart_3": 0.7320064580705431,
                "min": 4.389307125328063e-06,
                "max": 0.9995744018183048,
                "stdv": 0.2975402303722724,
                "counts": 1058984
            }
        },
        "averages": {
            "raw": {
                "avg": 1.001854991003448,
                "med": 1.0014046841693012,
                "quart_1": 0.9981689814393627,
                "quart_3": 1.0056627848228485,
                "min": 0.9755773468391356,
                "max": 1.0220344865728552,
                "stdv": 0.008002448622046285,
                "counts": 179856
            },
            "processed": {
                "avg": 1.001867608498401,
                "med": 1.0014087255332267,
                "quart_1": 0.9981748123657124,
                "quart_3": 1.005669520170839,
                "min": 0.9769018273600814,
                "max": 1.0220344865728552,
                "stdv": 0.007984302381003184,
                "counts": 179767
            }
        },
        "median": {
            "raw": {
                "avg": 0.8298963347982926,
                "med": 0.825513602689604,
                "quart_1": 0.7329611159632572,
                "quart_3": 0.9478712487880365,
                "min": 0.3848070623207611,
                "max": 1.3004440158459214,
                "stdv": 0.17140010266717196,
                "counts": 179856
            },
            "processed": {
                "avg": 0.8296687290428721,
                "med": 0.825426140985464,
                "quart_1": 0.732876506971565,
                "quart_3": 0.9475510063200414,
                "min": 0.3848070623207611,
                "max": 1.2853057323216677,
                "stdv": 0.17113691279600904,
                "counts": 179767
            }
        },
        "monitors": {
            "BTC": {
                "gain": {
                    "raw": {
                        "avg": 1.5201881811507938,
                        "med": 1.4870226304226433,
                        "quart_1": 1.2466296242550121,
                        "quart_3": 1.7409393674607105,
                        "min": 1.0000972436127071,
                        "max": 2.5592772202814533,
                        "stdv": 0.3352249395838042,
                        "counts": 145523
                    },
                    "processed": {
                        "avg": 1.5196829740150068,
                        "med": 1.4867537207609136,
                        "quart_1": 1.2464668775040464,
                        "quart_3": 1.7405673462410804,
                        "min": 1.0000972436127071,
                        "max": 2.5303312081685356,
                        "stdv": 0.3345377114913059,
                        "counts": 145451
                    }
                },
                "loss": {
                    "raw": {
                        "avg": 0.7921348568108654,
                        "med": 0.7930737076029462,
                        "quart_1": 0.6793253271631223,