{
    "capital efficiency": {
        "better": {
            "raw": {
                "avg": 0.9999243574233745,
                "med": 0.9999414360368688,
                "quart_1": 0.9999009033295698,
                "quart_3": 0.9999729033204072,
                "min": 0.9455606079627548,
                "max": 0.9999999999175675,
                "stdv": 0.00023668898676043663,
                "counts": 82738
            },
            "processed": {
                "avg": 0.9999270099568823,
                "med": 0.9999414696527855,
                "quart_1": 0.999900986389347,
                "quart_3": 0.9999729204018761,
                "min": 0.9985238066770633,
                "max": 0.9999999999175675,
                "stdv": 6.988237859432534e-05,
                "counts": 82697
            }
        },
        "worse": {
            "raw": {
                "avg": 1.0000848532818392,
                "med": 1.0000641115951836,
                "quart_1": 1.000031711671892,
                "quart_3": 1.0001112150136842,
                "min": 1.0000000010967396,
                "max": 1.0535916177961548,
                "stdv": 0.00022580614212966245,
                "counts": 117262
            },
            "processed": {
                "avg": 1.0000823348494325,
                "med": 1.0000640764696822,
                "quart_1": 1.0000316970330694,
                "quart_3": 1.000111151924029,
                "min": 1.0000000010967396,
                "max": 1.0013608318488092,
                "stdv": 7.519649267660801e-05,
                "counts": 117204
            }
        },
        "monitors": {
            "BTC": {
                "better": {
                    "raw": {
                        "avg": 0.999922668404379,
                        "med": 0.9999444599194703,
                        "quart_1": 0.9999049690164109,
                        "quart_3": 0.9999743326718811,
                        "min": 0.9455606079627548,
                        "max": 0.999999993029232,
                        "stdv": 0.00042640462343979384,
                        "counts": 18107
                    },
                    "processed": {
                        "avg": 0.9999277389424346,
                        "med": 0.999944506199552,
                        "quart_1": 0.9999050145105464,
                        "quart_3": 0.9999743548931566,
                        "min": 0.9970099853809066,
                        "max": 0.999999993029232,
                        "stdv": 8.800589157705205e-05,
                        "counts": 18098
                    }
                },
                "worse": {
                    "raw": {
                        "avg": 1.000083968469747,
                        "med": 1.0000613690807307,
                        "quart_1": 1.0000301474789395,
                        "quart_3": 1.000107328910782,
                        "min": 1.0000000010967396,
                        "max": 1.0285446150190432,
                        "stdv": 0.00025083101317993655,
                        "counts": 25945
                    },
                    "processed": {
                        "avg": 1.000080323226809,
                        "med": 1.0000613510202077,
                        "quart_1": 1.000030134908409,
                        "quart_3": 1.0001073000289087,
                        "min": 1.0000000010967396,
                        "max": 1.0015213782826677,
                        "stdv": 7.901374813555834e-05,
                        "counts": 25933
                    }
                }
            }
        }
    },
    "impermanent gain, loss": {
        "gain": {
            "raw": {
                "avg": 1.0001821399138429,
                "med": 1.0001367371762082,
                "quart_1": 1.0000585675782045,
                "quart_3": 1.0002562859314477,
                "min": 1.0,
                "max": 1.0018480405782872,
                "stdv": 0.00016643517394112375,
                "counts": 912391
            },
            "processed": {
                "avg": 1.0001815725040801,
                "med": 1.000136636843933,
                "quart_1": 1.000058526904117,
                "quart_3": 1.000256107922886,
                "min": 1.0,
                "max": 1.0012062374755617,
                "stdv": 0.00016451486793506566,
                "counts": 911935
            }
        },
        "loss": {
            "raw": {
                "avg": 0.9998131174460808,
                "med": 0.9998585347344427,
                "quart_1": 0.9997388045888838,
                "quart_3": 0.9999369325503251,
                "min": 0.998062855555638,
                "max": 0.9999999977347036,
                "stdv": 0.00016820301309668345,
                "counts": 887609
            },
            "processed": {
                "avg": 0.9998137133752394,
                "med": 0.9998586169853936,
                "quart_1": 0.9997390590813785,
                "quart_3": 0.9999369635734503,
                "min": 0.9987648415447132,
                "max": 0.9999999977347036,
                "stdv": 0.00016609440839133958,
                "counts": 887166
            }
        },
        "averages": {
            "raw": {
                "avg": 1.000000168989675,
                "med": 1.0000001465054027,
                "quart_1": 0.9999950202290316,
                "quart_3": 1.0000053650935292,
                "min": 0.9999125153543018,
                "max": 1.0000780329124677,
                "stdv": 1.0505312758749817e-05,
                "counts": 200000
            },
            "processed": {
                "avg": 1.000000178111387,
                "med": 1.0000001476502036,
                "quart_1": 0.9999950263100124,
                "quart_3": 1.0000053637649555,
                "min": 0.9999405434385484,
                "max": 1.000059811138077,
                "stdv": 1.0408089369925954e-05,
                "counts": 199900
            }
        },
        "median": {
            "raw": {
                "avg": 1.0000011806307039,
                "med": 1.0000024666324212,
                "quart_1": 0.9999673967597881,
                "quart_3": 1.0000344640585916,
                "min": 0.9996170420408885,
                "max": 1.0004152844859089,
                "stdv": 6.0204109320772387e-05,
                "counts": 200000
            },
            "processed": {
                "avg": 1.000001189478192,
                "med": 1.0000024682411652,
                "quart_1": 0.9999674105524604,
                "quart_3": 1.0000344395539642,
                "min": 0.9997070383066908,
                "max": 1.0002983900229914,
                "stdv": 5.976949535814491e-05,
                "counts": 199900
            }
        },
        "monitors": {
            "BTC": {
                "gain": {
                    "raw": {
                        "avg": 1.0001680615924875,
                        "med": 1.0001282310367492,
                        "quart_1": 1.0000555197766927,
                        "quart_3": 1.0002368164150086,
                        "min": 1.0,
                        "max": 1.001398247107251,
                        "stdv": 0.00015068568816579145,
                        "counts": 102274
                    },
                    "processed": {
                        "avg": 1.0001675300859014,
                        "med": 1.0001281354157476,
                        "quart_1": 1.000055505637109,
                        "quart_3": 1.0002365625482363,
                        "min": 1.0,
                        "max": 1.001113550327125,
                        "stdv": 0.0001488219906019095,
                        "counts": 102223
                    }
                },
                "loss": {
                    "raw": {
                        "avg": 0.9998265106313295,
                        "med": 0.9998685062775229,