{
    "capital efficiency": {
        "better": {
            "raw": {
                "avg": 0.9988867855404882,
                "med": 0.9990633783812156,
                "quart_1": 0.998436512146414,
                "quart_3": 0.999573546582853,
                "min": 0.9176480309884396,
                "max": 0.9999999762451465,
                "stdv": 0.0010599834220014087,
                "counts": 81917
            },
            "processed": {
                "avg": 0.9988967999313341,
                "med": 0.9990639710564365,
                "quart_1": 0.998437657682768,
                "quart_3": 0.9995736745946129,
                "min": 0.9912644799495054,
                "max": 0.9999999762451465,
                "stdv": 0.0008773570296244438,
                "counts": 81877
            }
        },
        "worse": {
            "raw": {
                "avg": 1.001321343420197,
                "med": 1.001029750273664,
                "quart_1": 1.0005058553445147,
                "quart_3": 1.001781483423714,
                "min": 1.000000003051249,
                "max": 1.1820167073618502,
                "stdv": 0.0014527298633395657,
                "counts": 118083
            },
            "processed": {
                "avg": 1.0013063590505356,
                "med": 1.0010290572864173,
                "quart_1": 1.0005056774547765,
                "quart_3": 1.001780082917949,
                "min": 1.000000003051249,
                "max": 1.01468038786378,
                "stdv": 0.0011446961570035963,
                "counts": 118024
            }
        },
        "monitors": {
            "BTC": {
                "better": {
                    "raw": {
                        "avg": 0.998902577689805,
                        "med": 0.9990883454932049,
                        "quart_1": 0.9984792650465135,
                        "quart_3": 0.9995842307622138,
                        "min": 0.9200126903238388,
                        "max": 0.9999999032324888,
                        "stdv": 0.0012203463580065517,
                        "counts": 16277
                    },
                    "processed": {
                        "avg": 0.9989175964170633,
                        "med": 0.9990890021820549,
                        "quart_1": 0.9984801463159547,
                        "quart_3": 0.9995844001984995,
                        "min": 0.98824997378942,
                        "max": 0.9999999032324888,
                        "stdv": 0.0008941982275342814,
                        "counts": 16269
                    }
                },
                "worse": {
                    "raw": {
                        "avg": 1.0012856449110947,
                        "med": 1.0010084094140568,
                        "quart_1": 1.0004907330043298,
                        "quart_3": 1.0017318288392956,
                        "min": 1.000000003051249,
                        "max": 1.0986668014948702,
                        "stdv": 0.0013591759173552545,
                        "counts": 23671
                    },
                    "processed": {
                        "avg": 1.0012737295736245,
                        "med": 1.0010081320248316,
                        "quart_1": 1.000490576615621,
                        "quart_3": 1.0017291118153655,
                        "min": 1.000000003051249,
                        "max": 1.0123997233791548,
                        "stdv": 0.0011209844318449055,
                        "counts": 23660
                    }
                }
            }
        }
    },
    "impermanent gain, loss": {
        "gain": {
            "raw": {
                "avg": 1.0150520842383208,
                "med": 1.0117745421628095,
                "quart_1": 1.005433658934453,
                "quart_3": 1.0211671542590521,
                "min": 1.0,
                "max": 1.1378589157530026,
                "stdv": 0.012872093164212449,
                "counts": 1175545
            },
            "processed": {
                "avg": 1.0150096562817252,
                "med": 1.0117683763644147,
                "quart_1": 1.0054301880553969,
                "quart_3": 1.021146967026556,
                "min": 1.0,
                "max": 1.0919185808994456,
                "stdv": 0.012733125306192718,
                "counts": 1174958
            }
        },
        "loss": {
            "raw": {
                "avg": 0.9862848224403609,
                "med": 0.9896451846233285,
                "quart_1": 0.9807668434924781,
                "quart_3": 0.9954528781182216,
                "min": 0.8745399090835023,
                "max": 0.9999999728747107,
                "stdv": 0.012404281738512461,
                "counts": 824455
            },
            "processed": {
                "avg": 0.986326184757235,
                "med": 0.9896550367873024,
                "quart_1": 0.9807823054132252,
                "quart_3": 0.9954545919238309,
                "min": 0.9119646042695808,
                "max": 0.9999999728747107,
                "stdv": 0.01226733473547438,
                "counts": 824043
            }
        },
        "averages": {
            "raw": {
                "avg": 1.0031934278255141,
                "med": 1.003463953291298,
                "quart_1": 1.001896003010946,
                "quart_3": 1.0044937171133208,
                "min": 0.99971898199242,
                "max": 1.0084826761979402,
                "stdv": 0.0016105623057157854,
                "counts": 200000
            },
            "processed": {
                "avg": 1.003191395403376,
                "med": 1.0034628749022803,
                "quart_1": 1.0018949913839659,
                "quart_3": 1.0044925095373678,
                "min": 0.999739657281032,
                "max": 1.0071926760222323,
                "stdv": 0.0016081128969945078,
                "counts": 199900
            }
        },
        "median": {
            "raw": {
                "avg": 1.0032508752012186,
                "med": 1.003284246458391,
                "quart_1": 1.0007893437103283,
                "quart_3": 1.0057281354046435,
                "min": 0.9746703264859103,
                "max": 1.0355885645252587,
                "stdv": 0.0041495700312671364,
                "counts": 200000
            },
            "processed": {
                "avg": 1.0032512451345823,
                "med": 1.0032842479398527,
                "quart_1": 1.0007905175616623,
                "quart_3": 1.005726011662699,
                "min": 0.9830686022838925,
                "max": 1.023440180489994,
                "stdv": 0.004116147854381044,
                "counts": 199900
            }
        },
        "monitors": {
            "BTC": {
                "gain": {
                    "raw": {
                        "avg": 1.014519296307991,
                        "med": 1.011557862088047,
                        "quart_1": 1.005340225080025,
                        "quart_3": 1.0204478235750765,
                        "min": 1.0000007231424062,
                        "max": 1.1290000812330818,
                        "stdv": 0.012181288250040197,
                        "counts": 121075
                    },
                    "processed": {
                        "avg": 1.0144791552663894,
                        "med": 1.0115476533689804,
                        "quart_1": 1.0053329222119278,
                        "quart_3": 1.0204355068309503,
                        "min": 1.0000007231424062,
                        "max": 1.0862887801129777,
                        "stdv": 0.012048064499287798,
                        "counts": 121015
                    }
                },
                "loss": {
                    "raw": {
                        "avg": 0.987042837069324,
                        "med": 0.99023774345689,