{
    "capital efficiency": {
        "better": {
            "raw": {
                "avg": 0.9943942827891188,
                "med": 0.9952908648183938,
                "quart_1": 0.9921608081062374,
                "quart_3": 0.997830254205484,
                "min": 0.28289162141609475,
                "max": 0.9999997945550513,
                "stdv": 0.00590582828780387,
                "counts": 81907
            },
            "processed": {
                "avg": 0.9944539916076889,
                "med": 0.9952931667718246,
                "quart_1": 0.992167452241877,
                "quart_3": 0.9978312300784592,
                "min": 0.9521473142559364,
                "max": 0.9999997945550513,
                "stdv": 0.004405161964581033,
                "counts": 81867
            }
        },
        "worse": {
            "raw": {
                "avg": 1.0065202104578468,
                "med": 1.0051215574285544,
                "quart_1": 1.00254961748625,
                "quart_3": 1.0087997127432986,
                "min": 1.0000000368499813,
                "max": 2.1661091054050567,
                "stdv": 0.007726328906259987,
                "counts": 118093
            },
            "processed": {
                "avg": 1.0064400111486718,
                "med": 1.0051182144191715,
                "quart_1": 1.0025482865961197,
                "quart_3": 1.008793063928809,
                "min": 1.0000000368499813,
                "max": 1.0676972760464827,
                "stdv": 0.005492140121019242,
                "counts": 118034
            }
        },
        "monitors": {
            "BTC": {
                "better": {
                    "raw": {
                        "avg": 0.994509550183496,
                        "med": 0.9954258646634405,
                        "quart_1": 0.9923915838272422,
                        "quart_3": 0.9978871321256573,
                        "min": 0.8020971367697711,
                        "max": 0.9999994284268668,
                        "stdv": 0.005091013320062529,
                        "counts": 16447
                    },
                    "processed": {
                        "avg": 0.9945575896433624,
                        "med": 0.9954276172087443,
                        "quart_1": 0.9923960717853066,
                        "quart_3": 0.9978880693649936,
                        "min": 0.9511909834119007,
                        "max": 0.9999994284268668,
                        "stdv": 0.004492492696433513,
                        "counts": 16439
                    }
                },
                "worse": {
                    "raw": {
                        "avg": 1.00634916971545,
                        "med": 1.00499974708806,
                        "quart_1": 1.002464963375708,
                        "quart_3": 1.0086249772653715,
                        "min": 1.0000000368499813,
                        "max": 1.2730516513640366,
                        "stdv": 0.0060232296511823135,
                        "counts": 23624
                    },
                    "processed": {
                        "avg": 1.0063006883753751,
                        "med": 1.004995317238375,
                        "quart_1": 1.0024629323252763,
                        "quart_3": 1.008619265040327,
                        "min": 1.0000000368499813,
                        "max": 1.0671644753592597,
                        "stdv": 0.005439404679447554,
                        "counts": 23613
                    }
                }
            }
        }
    },
    "impermanent gain, loss": {
        "gain": {
            "raw": {
                "avg": 1.0157675029138367,
                "med": 1.012524064875932,
                "quart_1": 1.006023248933509,
                "quart_3": 1.0221127217407522,
                "min": 1.0,
                "max": 1.1369743478660232,
                "stdv": 0.013055237864542863,
                "counts": 1262950
            },
            "processed": {
                "avg": 1.0157253343979298,
                "med": 1.0125171493119407,
                "quart_1": 1.0060216319294888,
                "quart_3": 1.0220953640303738,
                "min": 1.0,
                "max": 1.0912805109499488,
                "stdv": 0.012920271805858455,
                "counts": 1262319
            }
        },
        "loss": {
            "raw": {
                "avg": 0.9866295339759346,
                "med": 0.9899798928220035,
                "quart_1": 0.9812146880291053,
                "quart_3": 0.995579479314106,
                "min": 0.878735074959469,
                "max": 0.99999999662063,
                "stdv": 0.012108042646890393,
                "counts": 737050
            },
            "processed": {
                "avg": 0.986670919417641,
                "med": 0.9899857885591653,
                "quart_1": 0.9812338819024666,
                "quart_3": 0.9955827848496484,
                "min": 0.9140741305387644,
                "max": 0.99999999662063,
                "stdv": 0.011967203130794768,
                "counts": 736682
            }
        },
        "averages": {
            "raw": {
                "avg": 1.0050294329109946,
                "med": 1.00556699936187,
                "quart_1": 1.0043492492234245,
                "quart_3": 1.0061430350363072,
                "min": 0.9999796826324143,
                "max": 1.0088328637252644,
                "stdv": 0.0015901329153099949,
                "counts": 200000
            },
            "processed": {
                "avg": 1.0050319473686344,
                "med": 1.0055676120238843,
                "quart_1": 1.0043520609974197,
                "quart_3": 1.0061432303114268,
                "min": 1.000016788091656,
                "max": 1.0088328637252644,
                "stdv": 0.001586550518546187,
                "counts": 199900
            }
        },
        "median": {
            "raw": {
                "avg": 1.0050785008131242,
                "med": 1.005151972949775,
                "quart_1": 1.0026592483961474,
                "quart_3": 1.0074932544196051,
                "min": 0.9771545995850358,
                "max": 1.0411493862147605,
                "stdv": 0.004102102837016242,
                "counts": 200000
            },
            "processed": {
                "avg": 1.0050802313772904,
                "med": 1.0051524360950692,
                "quart_1": 1.0026611249860484,
                "quart_3": 1.0074919632386905,
                "min": 0.9858000526509576,
                "max": 1.0244719328569716,
                "stdv": 0.004071843136136392,
                "counts": 199900
            }
        },
        "monitors": {
            "BTC": {
                "gain": {
                    "raw": {
                        "avg": 1.015428102354291,
                        "med": 1.0123341602734561,
                        "quart_1": 1.0060641465087672,
                        "quart_3": 1.0216660628263856,
                        "min": 1.0000047851614566,
                        "max": 1.1251534052790693,
                        "stdv": 0.012506118738529342,
                        "counts": 129646
                    },
                    "processed": {
                        "avg": 1.015387934695161,
                        "med": 1.0123293858208913,
                        "quart_1": 1.0060629080739223,
                        "quart_3": 1.0216524791292012,
                        "min": 1.0000047851614566,
                        "max": 1.0889602392353255,
                        "stdv": 0.012376516579634244,
                        "counts": 129582
                    }
                },
                "loss": {
                    "raw": {
                        "avg": 0.9874692323422015,
                        "med": 0.9906223951261091,