{
    "capital efficiency": {
        "better": {
            "raw": {
                "avg": 0.9889885130253553,
                "med": 0.990680134803528,
                "quart_1": 0.9845923396857245,
                "quart_3": 0.9957091414842202,
                "min": 0.45539993665408485,
                "max": 0.9999996724812823,
                "stdv": 0.009656641358124442,
                "counts": 81975
            },
            "processed": {
                "avg": 0.989067464233136,
                "med": 0.9906846879520523,
                "quart_1": 0.9846021104204319,
                "quart_3": 0.9957108732507112,
                "min": 0.9030115778162857,
                "max": 0.9999996724812823,
                "stdv": 0.008712832558604559,
                "counts": 81935
            }
        },
        "worse": {
            "raw": {
                "avg": 1.0131694255695856,
                "med": 1.0102209592929912,
                "quart_1": 1.0050467972707129,
                "quart_3": 1.01749332860286,
                "min": 1.000000048235135,
                "max": 30.20365423648427,
                "stdv": 0.086059243537339,
                "counts": 118025
            },
            "processed": {
                "avg": 1.012777824344622,
                "med": 1.0102133159202475,
                "quart_1": 1.0050435968895157,
                "quart_3": 1.0174765369586654,
                "min": 1.000000048235135,
                "max": 1.1452201040830243,
                "stdv": 0.010840839128846499,
                "counts": 117966
            }
        },
        "monitors": {
            "BTC": {
                "better": {
                    "raw": {
                        "avg": 0.9891538867086073,
                        "med": 0.9908962219812045,
                        "quart_1": 0.9849500226605737,
                        "quart_3": 0.9958286752920456,
                        "min": 0.517193269382493,
                        "max": 0.999998741777807,
                        "stdv": 0.010121054602764884,
                        "counts": 16414
                    },
                    "processed": {
                        "avg": 0.9892460226543718,
                        "med": 0.990905905410034,
                        "quart_1": 0.984963452077753,
                        "quart_3": 0.9958313108784698,
                        "min": 0.9010552197220495,
                        "max": 0.999998741777807,
                        "stdv": 0.008836199740602442,
                        "counts": 16406
                    }
                },
                "worse": {
                    "raw": {
                        "avg": 1.0127176922987324,
                        "med": 1.0100381471628141,
                        "quart_1": 1.0049637550903663,
                        "quart_3": 1.0171406037849045,
                        "min": 1.0000003779777245,
                        "max": 2.020394773782386,
                        "stdv": 0.014521890454332637,
                        "counts": 23677
                    },
                    "processed": {
                        "avg": 1.0125606900119148,
                        "med": 1.0100358450548648,
                        "quart_1": 1.004961648922946,
                        "quart_3": 1.017129872727121,
                        "min": 1.0000003779777245,
                        "max": 1.1714154315067384,
                        "stdv": 0.010838738555351076,
                        "counts": 23666
                    }
                }
            }
        }
    },
    "impermanent gain, loss": {
        "gain": {
            "raw": {
                "avg": 1.0150518616774444,
                "med": 1.011744386527988,
                "quart_1": 1.0053865694257036,
                "quart_3": 1.0211373794143772,
                "min": 1.0,
                "max": 1.1302060171991568,
                "stdv": 0.012892842907868737,
                "counts": 1196037
            },
            "processed": {
                "avg": 1.0150094149196012,
                "med": 1.0117382846959078,
                "quart_1": 1.0053834212547603,
                "quart_3": 1.0211244559915846,
                "min": 1.0,
                "max": 1.091165353649471,
                "stdv": 0.012754541317319143,
                "counts": 1195439
            }
        },
        "loss": {
            "raw": {
                "avg": 0.9865199161014904,
                "med": 0.9897298104486825,
                "quart_1": 0.9810671826461387,
                "quart_3": 0.9954410882494038,
                "min": 0.8791397371748131,
                "max": 0.9999999917958083,
                "stdv": 0.012015509691516164,
                "counts": 803963
            },
            "processed": {
                "avg": 0.9865605051954905,
                "med": 0.9897352646646949,
                "quart_1": 0.9810904993107072,
                "quart_3": 0.9954428290304972,
                "min": 0.9151165843396191,
                "max": 0.9999999917958083,
                "stdv": 0.011879094794915359,
                "counts": 803562
            }
        },
        "averages": {
            "raw": {
                "avg": 1.0035825473968796,
                "med": 1.0036308265930127,
                "quart_1": 1.0025824058389154,
                "quart_3": 1.0047881457930958,
                "min": 0.9988619162716439,
                "max": 1.0073829464126791,
                "stdv": 0.0014188563072807896,
                "counts": 200000
            },
            "processed": {
                "avg": 1.003584724105519,
                "med": 1.0036319918831937,
                "quart_1": 1.0025845579750037,
                "quart_3": 1.0047887317663158,
                "min": 0.9994400871887578,
                "max": 1.0073829464126791,
                "stdv": 0.0014158651400536777,
                "counts": 199900
            }
        },
        "median": {
            "raw": {
                "avg": 1.0035637876145793,
                "med": 1.0035649967468208,
                "quart_1": 1.0011860473311485,
                "quart_3": 1.0059306439752689,
                "min": 0.9773547034154784,
                "max": 1.0382388872298554,
                "stdv": 0.004022817444071113,
                "counts": 200000
            },
            "processed": {
                "avg": 1.0035639545055286,
                "med": 1.0035650092170223,
                "quart_1": 1.001187815433856,
                "quart_3": 1.0059293779533607,
                "min": 0.984298958744984,
                "max": 1.022852546700387,
                "stdv": 0.003992313230285623,
                "counts": 199900
            }
        },
        "monitors": {
            "BTC": {
                "gain": {
                    "raw": {
                        "avg": 1.014615193477124,
                        "med": 1.011504255854398,
                        "quart_1": 1.0054921044539877,
                        "quart_3": 1.0205868503281375,
                        "min": 1.0000003789572822,
                        "max": 1.1289936614987823,
                        "stdv": 0.012244087496453036,
                        "counts": 122300
                    },
                    "processed": {
                        "avg": 1.0145754616915013,
                        "med": 1.011497570533109,
                        "quart_1": 1.005490296987001,
                        "quart_3": 1.0205626222843127,
                        "min": 1.0000003789572822,
                        "max": 1.0883502225178485,
                        "stdv": 0.012115154732432406,
                        "counts": 122239
                    }
                },
                "loss": {
                    "raw": {
                        "avg": 0.9872779592316562,
                        "med": 0.9903389559674287,