{
    "capital efficiency": {
        "better": {
            "raw": {
                "avg": 0.9997712450632384,
                "med": 0.9998243779753483,
                "quart_1": 0.999702278328607,
                "quart_3": 0.9999181101560547,
                "min": 0.8204686580003091,
                "max": 0.9999999998661624,
                "stdv": 0.0008062560771430478,
                "counts": 82615
            },
            "processed": {
                "avg": 0.9997805509540827,
                "med": 0.999824464252456,
                "quart_1": 0.9997025191309825,
                "quart_3": 0.9999181385886915,
                "min": 0.9950685463882498,
                "max": 0.9999999998661624,
                "stdv": 0.00021349073245668405,
                "counts": 82574
            }
        },
        "worse": {
            "raw": {
                "avg": 1.0002532645433222,
                "med": 1.000191128906052,
                "quart_1": 1.0000947392684245,
                "quart_3": 1.000331802982411,
                "min": 1.0000000000586238,
                "max": 1.1788535019825583,
                "stdv": 0.0007047771212412014,
                "counts": 117384
            },
            "processed": {
                "avg": 1.0002455199646303,
                "med": 1.000191001595119,
                "quart_1": 1.0000947076497313,
                "quart_3": 1.0003314466649669,
                "min": 1.0000000000586238,
                "max": 1.003796480462006,
                "stdv": 0.00022405185549120363,
                "counts": 117326
            }
        },
        "monitors": {
            "BTC": {
                "better": {
                    "raw": {
                        "avg": 0.9999524654872245,
                        "med": 0.9998338833526664,
                        "quart_1": 0.9997139855459543,
                        "quart_3": 0.9999218021133676,
                        "min": 0.8204686580003091,
                        "max": 4.4425600984573705,
                        "stdv": 0.025605434420870054,
                        "counts": 18134
                    },
                    "processed": {
                        "avg": 0.9997801889902149,
                        "med": 0.9998339686820725,
                        "quart_1": 0.9997141897950332,
                        "quart_3": 0.9999218131810416,
                        "min": 0.9901023126571431,
                        "max": 0.999999998497897,
                        "stdv": 0.0002944689023255672,
                        "counts": 18125
                    }
                },
                "worse": {
                    "raw": {
                        "avg": 1.000249398101261,
                        "med": 1.0001815071610407,
                        "quart_1": 1.0000894870121577,
                        "quart_3": 1.0003190253875975,
                        "min": 1.0000000000586238,
                        "max": 1.0805522065770314,
                        "stdv": 0.000669089508042738,
                        "counts": 25929
                    },
                    "processed": {
                        "avg": 1.0002401950813624,
                        "med": 1.0001813816285492,
                        "quart_1": 1.0000894089599193,
                        "quart_3": 1.0003187797747832,
                        "min": 1.0000000000586238,
                        "max": 1.0049623423107956,
                        "stdv": 0.0002412700312326166,
                        "counts": 25917
                    }
                }
            }
        }
    },
    "impermanent gain, loss": {
        "gain": {
            "raw": {
                "avg": 1.0001816106119699,
                "med": 1.0001368720412065,
                "quart_1": 1.0000582275930303,
                "quart_3": 1.0002550928647977,
                "min": 1.0,
                "max": 1.001671401468046,
                "stdv": 0.0001657882147579282,
                "counts": 918746
            },
            "processed": {
                "avg": 1.0001810370033988,
                "med": 1.0001367919930206,
                "quart_1": 1.000058182779162,
                "quart_3": 1.000254850411338,
                "min": 1.0,
                "max": 1.0012160661714085,
                "stdv": 0.00016381675352631717,
                "counts": 918287
            }
        },
        "loss": {
            "raw": {
                "avg": 0.9998137088977168,
                "med": 0.9998592168811625,
                "quart_1": 0.9997393813304636,
                "quart_3": 0.9999372002232999,
                "min": 0.9982244206721964,
                "max": 0.9999999970982594,
                "stdv": 0.00016755948111504652,
                "counts": 881254
            },
            "processed": {
                "avg": 0.9998142815324104,
                "med": 0.9998593036704368,
                "quart_1": 0.9997396204143264,
                "quart_3": 0.9999372303967275,
                "min": 0.9987968612727128,
                "max": 0.9999999970982594,
                "stdv": 0.00016561451925104257,
                "counts": 880814
            }
        },
        "averages": {
            "raw": {
                "avg": 1.0000014912468156,
                "med": 1.0000012360367792,
                "quart_1": 0.9999962931519207,
                "quart_3": 1.000006689136961,
                "min": 0.9999187045584884,
                "max": 1.0000749907059026,
                "stdv": 1.049069309801964e-05,
                "counts": 200000
            },
            "processed": {
                "avg": 1.0000014915369035,
                "med": 1.00000123593217,
                "quart_1": 0.9999962961401307,
                "quart_3": 1.0000066857215697,
                "min": 0.9999406850381347,
                "max": 1.000061830466599,
                "stdv": 1.0386633983707312e-05,
                "counts": 199900
            }
        },
        "median": {
            "raw": {
                "avg": 1.0000028653202286,
                "med": 1.0000041166494613,
                "quart_1": 0.9999687622089555,
                "quart_3": 1.0000359626738955,
                "min": 0.9996292388727865,
                "max": 1.0003740572419362,
                "stdv": 6.012709575137147e-05,
                "counts": 200000
            },
            "processed": {
                "avg": 1.0000029043529313,
                "med": 1.0000041203643493,
                "quart_1": 0.9999688068330749,
                "quart_3": 1.0000359582679115,
                "min": 0.9997066847889088,
                "max": 1.0003021373162355,
                "stdv": 5.968160188734542e-05,
                "counts": 199900
            }
        },
        "monitors": {
            "BTC": {
                "gain": {
                    "raw": {
                        "avg": 1.000168399149245,
                        "med": 1.0001287135112398,
                        "quart_1": 1.0000559951394157,
                        "quart_3": 1.0002361986647337,
                        "min": 1.0,
                        "max": 1.0014058356491058,
                        "stdv": 0.00014989939556823287,
                        "counts": 103975
                    },
                    "processed": {
                        "avg": 1.0001678840493444,
                        "med": 1.0001286535703566,
                        "quart_1": 1.0000559280551717,
                        "quart_3": 1.0002359123941995,
                        "min": 1.0,
                        "max": 1.0011011068789573,
                        "stdv": 0.00014810892361334318,
                        "counts": 103924
                    }
                },
                "loss": {
                    "raw": {
                        "avg": 0.9998276823120497,
                        "med": 0.9998708640345492,