{
    "capital efficiency": {
        "better": {
            "raw": {
                "avg": 0.9998468073453853,
                "med": 0.9998829880307121,
                "quart_1": 0.9998018040938814,
                "quart_3": 0.9999453627648438,
                "min": 0.8076799781267812,
                "max": 0.9999999992377736,
                "stdv": 0.0007868824917975556,
                "counts": 82704
            },
            "processed": {
                "avg": 0.9998541258168444,
                "med": 0.9998830397355133,
                "quart_1": 0.999801976124371,
                "quart_3": 0.9999454024769181,
                "min": 0.9966667760956631,
                "max": 0.9999999992377736,
                "stdv": 0.00014102375532563146,
                "counts": 82663
            }
        },
        "worse": {
            "raw": {
                "avg": 1.0001824511776367,
                "med": 1.000128139451183,
                "quart_1": 1.0000635177376973,
                "quart_3": 1.000221612297098,
                "min": 1.0000000027210207,
                "max": 2.6963506651696694,
                "stdv": 0.004960614121276708,
                "counts": 117296
            },
            "processed": {
                "avg": 1.000164264754983,
                "med": 1.0001280640842352,
                "quart_1": 1.0000634875113865,
                "quart_3": 1.000221412457353,
                "min": 1.0000000027210207,
                "max": 1.002366295549856,
                "stdv": 0.0001496396312775631,
                "counts": 117238
            }
        },
        "monitors": {
            "BTC": {
                "better": {
                    "raw": {
                        "avg": 0.9998352322957864,
                        "med": 0.9998893681688616,
                        "quart_1": 0.9998087089957577,
                        "quart_3": 0.9999481276459328,
                        "min": 0.8076799781267812,
                        "max": 0.9999999866929976,
                        "stdv": 0.0015939734860042599,
                        "counts": 18197
                    },
                    "processed": {
                        "avg": 0.9998548641844255,
                        "med": 0.9998894265282694,
                        "quart_1": 0.9998088060545108,
                        "quart_3": 0.9999481519021897,
                        "min": 0.994311722832204,
                        "max": 0.9999999866929976,
                        "stdv": 0.00018175326173783317,
                        "counts": 18188
                    }
                },
                "worse": {
                    "raw": {
                        "avg": 1.0002306408191504,
                        "med": 1.0001219002880504,
                        "quart_1": 1.0000595915725898,
                        "quart_3": 1.0002117210924903,
                        "min": 1.0000000065905976,
                        "max": 2.6963506651696694,
                        "stdv": 0.010549771836838093,
                        "counts": 25878
                    },
                    "processed": {
                        "avg": 1.0001601595393477,
                        "med": 1.0001218244728487,
                        "quart_1": 1.0000595546899484,
                        "quart_3": 1.0002115651891557,
                        "min": 1.0000000065905976,
                        "max": 1.0030976581458257,
                        "stdv": 0.00016040872051621365,
                        "counts": 25866
                    }
                }
            }
        }
    },
    "impermanent gain, loss": {
        "gain": {
            "raw": {
                "avg": 1.0001812113569741,
                "med": 1.0001365710330763,
                "quart_1": 1.0000583526037208,
                "quart_3": 1.0002544458037197,
                "min": 1.0,
                "max": 1.0017387019902482,
                "stdv": 0.0001654435705006169,
                "counts": 908051
            },
            "processed": {
                "avg": 1.0001806291968431,
                "med": 1.0001364692555543,
                "quart_1": 1.0000583179699427,
                "quart_3": 1.0002542263829708,
                "min": 1.0,
                "max": 1.0012169285688688,
                "stdv": 0.0001634051652679753,
                "counts": 907597
            }
        },
        "loss": {
            "raw": {
                "avg": 0.9998124967325748,
                "med": 0.9998576614136281,
                "quart_1": 0.999737350816585,
                "quart_3": 0.9999360820537565,
                "min": 0.9981770438084618,
                "max": 0.9999999985830886,
                "stdv": 0.0001677365386925746,
                "counts": 891949
            },
            "processed": {
                "avg": 0.9998130792352812,
                "med": 0.999857764258842,
                "quart_1": 0.9997375859773723,
                "quart_3": 0.9999361117100548,
                "min": 0.9987789495670041,
                "max": 0.9999999985830886,
                "stdv": 0.00016572008334680803,
                "counts": 891504
            }
        },
        "averages": {
            "raw": {
                "avg": 0.9999985032234088,
                "med": 0.9999994043504785,
                "quart_1": 0.9999931227644114,
                "quart_3": 1.0000043229424527,
                "min": 0.9999126704295244,
                "max": 1.0000676580141825,
                "stdv": 1.0834667948768995e-05,
                "counts": 200000
            },
            "processed": {
                "avg": 0.999998531014936,
                "med": 0.9999994076779539,
                "quart_1": 0.9999931330263792,
                "quart_3": 1.000004325110602,
                "min": 0.9999371077666412,
                "max": 1.0000616831309077,
                "stdv": 1.073142784250431e-05,
                "counts": 199900
            }
        },
        "median": {
            "raw": {
                "avg": 1.000000083939361,
                "med": 1.0000016680546064,
                "quart_1": 0.9999660297213402,
                "quart_3": 1.0000337859667747,
                "min": 0.9995328623269051,
                "max": 1.0004087154930554,
                "stdv": 6.040493301610283e-05,
                "counts": 200000
            },
            "processed": {
                "avg": 1.0000001086493182,
                "med": 1.0000016735792392,
                "quart_1": 0.999966056671416,
                "quart_3": 1.000033726977426,
                "min": 0.9997064811620835,
                "max": 1.0002948690060702,
                "stdv": 5.99681471144228e-05,
                "counts": 199900
            }
        },
        "monitors": {
            "BTC": {
                "gain": {
                    "raw": {
                        "avg": 1.000165535638956,
                        "med": 1.0001271906340528,
                        "quart_1": 1.0000552371637408,
                        "quart_3": 1.0002320462249426,
                        "min": 1.0,
                        "max": 1.0014293036678334,
                        "stdv": 0.00014742096485152086,
                        "counts": 104411
                    },
                    "processed": {
                        "avg": 1.0001650206642247,
                        "med": 1.000127103394976,
                        "quart_1": 1.0000551948964433,
                        "quart_3": 1.0002318080955581,
                        "min": 1.0,
                        "max": 1.0010741022081526,
                        "stdv": 0.00014561876982133783,
                        "counts": 104359
                    }
                },
                "loss": {
                    "raw": {
                        "avg": 0.9998256588905384,
                        "med": 0.9998684968018976,