{
    "capital efficiency": {
        "better": {
            "raw": {
                "avg": 0.9999637189586432,
                "med": 0.9999881328109103,
                "quart_1": 0.9999800125096256,
                "quart_3": 0.9999944876962297,
                "min": 0.6225090371096029,
                "max": 0.9999999999911837,
                "stdv": 0.002377395122615152,
                "counts": 82722
            },
            "processed": {
                "avg": 0.9999851939959163,
                "med": 0.9999881393104519,
                "quart_1": 0.9999800266119581,
                "quart_3": 0.9999944896698636,
                "min": 0.9995587344328246,
                "max": 0.9999999999911837,
                "stdv": 1.5189619236279598e-05,
                "counts": 82681
            }
        },
        "worse": {
            "raw": {
                "avg": 1.0000172902674966,
                "med": 1.0000128650211368,
                "quart_1": 1.000006325838724,
                "quart_3": 1.0000222468562223,
                "min": 1.0000000002076643,
                "max": 1.0676324742834487,
                "stdv": 0.00019960966871141988,
                "counts": 117278
            },
            "processed": {
                "avg": 1.0000164016700968,
                "med": 1.0000128601252023,
                "quart_1": 1.000006322660974,
                "quart_3": 1.0000222264022045,
                "min": 1.0000000002076643,
                "max": 1.0002243695499362,
                "stdv": 1.4741474375599127e-05,
                "counts": 117220
            }
        },
        "monitors": {
            "BTC": {
                "better": {
                    "raw": {
                        "avg": 0.9999802162658816,
                        "med": 0.9999886547477725,
                        "quart_1": 0.9999807728220989,
                        "quart_3": 0.9999947795675947,
                        "min": 0.9333862644515182,
                        "max": 0.9999999999875073,
                        "stdv": 0.0005061545384128506,
                        "counts": 18110
                    },
                    "processed": {
                        "avg": 0.9999853223004779,
                        "med": 0.9999886603600999,
                        "quart_1": 0.9999807855680538,
                        "quart_3": 0.9999947855453113,
                        "min": 0.9995173114497662,
                        "max": 0.9999999999875073,
                        "stdv": 1.791363215590065e-05,
                        "counts": 18101
                    }
                },
                "worse": {
                    "raw": {
                        "avg": 1.0000190394210344,
                        "med": 1.0000123133812553,
                        "quart_1": 1.0000060452168167,
                        "quart_3": 1.0000213566324647,
                        "min": 1.000000001933021,
                        "max": 1.0676324742834487,
                        "stdv": 0.0004222172131900228,
                        "counts": 25925
                    },
                    "processed": {
                        "avg": 1.0000160066235275,
                        "med": 1.0000123034922666,
                        "quart_1": 1.0000060412546454,
                        "quart_3": 1.0000213261911757,
                        "min": 1.000000001933021,
                        "max": 1.0002714668891888,
                        "stdv": 1.547005576155414e-05,
                        "counts": 25913
                    }
                }
            }
        }
    },
    "impermanent gain, loss": {
        "gain": {
            "raw": {
                "avg": 1.0001827614258034,
                "med": 1.0001378150201177,
                "quart_1": 1.0000591224198148,
                "quart_3": 1.0002570997447247,
                "min": 1.0,
                "max": 1.0016796987473655,
                "stdv": 0.0001663194607174812,
                "counts": 922504
            },
            "processed": {
                "avg": 1.0001821890476308,
                "med": 1.0001376847271397,
                "quart_1": 1.000059084543296,
                "quart_3": 1.0002568352998435,
                "min": 1.0,
                "max": 1.001217035639743,
                "stdv": 0.00016436369656650074,
                "counts": 922043
            }
        },
        "loss": {
            "raw": {
                "avg": 0.9998131823727517,
                "med": 0.9998582195311434,
                "quart_1": 0.999737585862345,
                "quart_3": 0.9999366701256579,
                "min": 0.9980623938123002,
                "max": 0.9999999980930109,
                "stdv": 0.0001670663940943684,
                "counts": 877496
            },
            "processed": {
                "avg": 0.999813768182286,
                "med": 0.9998583169687414,
                "quart_1": 0.9997378342838998,
                "quart_3": 0.9999367156595602,
                "min": 0.9987884537630077,
                "max": 0.9999999980930109,
                "stdv": 0.00016500933196574973,
                "counts": 877058
            }
        },
        "averages": {
            "raw": {
                "avg": 1.0000025924588198,
                "med": 1.0000021236751235,
                "quart_1": 0.999997359971484,
                "quart_3": 1.000007950437143,
                "min": 0.9999141518565163,
                "max": 1.0000736051658754,
                "stdv": 1.0547739649075612e-05,
                "counts": 200000
            },
            "processed": {
                "avg": 1.000002605116133,
                "med": 1.0000021251534557,
                "quart_1": 0.9999973648259215,
                "quart_3": 1.0000079495785423,
                "min": 0.9999428399303224,
                "max": 1.0000615929896317,
                "stdv": 1.0445669226137545e-05,
                "counts": 199900
            }
        },
        "median": {
            "raw": {
                "avg": 1.0000039642091747,
                "med": 1.0000049196165768,
                "quart_1": 0.9999698867029931,
                "quart_3": 1.0000372701928681,
                "min": 0.9995803235664568,
                "max": 1.000447177249738,
                "stdv": 6.0531411231894566e-05,
                "counts": 200000
            },
            "processed": {
                "avg": 1.0000039555088884,
                "med": 1.0000049196165768,
                "quart_1": 0.9999699006236014,
                "quart_3": 1.000037261961159,
                "min": 0.9997036009824832,
                "max": 1.0003053068582823,
                "stdv": 6.007263630785961e-05,
                "counts": 199900
            }
        },
        "monitors": {
            "BTC": {
                "gain": {
                    "raw": {
                        "avg": 1.0001670113619932,
                        "med": 1.0001289888582945,
                        "quart_1": 1.000055267911632,
                        "quart_3": 1.000235620950072,
                        "min": 1.0,
                        "max": 1.0013777109719935,
                        "stdv": 0.0001485579465813492,
                        "counts": 104759
                    },
                    "processed": {
                        "avg": 1.0001664977147613,
                        "med": 1.0001288685581409,
                        "quart_1": 1.0000552622927663,
                        "quart_3": 1.0002354101542867,
                        "min": 1.0,
                        "max": 1.0010844193306718,
                        "stdv": 0.00014678340196088227,
                        "counts": 104707
                    }
                },
                "loss": {
                    "raw": {
                        "avg": 0.9998249481995969,
                        "med": 0.9998697499826653,