{
    "capital efficiency": {
        "better": {
            "raw": {
                "avg": 0.9836762311431031,
                "med": 0.9862174774355078,
                "quart_1": 0.9772461944085002,
                "quart_3": 0.9936156946361328,
                "min": 0.32762002985324556,
                "max": 0.9999999851990293,
                "stdv": 0.014499056940164613,
                "counts": 81546
            },
            "processed": {
                "avg": 0.9838044043271089,
                "med": 0.9862286326602496,
                "quart_1": 0.9772628995314341,
                "quart_3": 0.9936198735333961,
                "min": 0.8532259328588536,
                "max": 0.9999999851990293,
                "stdv": 0.012929762005519865,
                "counts": 81506
            }
        },
        "worse": {
            "raw": {
                "avg": 1.0192541096053975,
                "med": 1.0151409848317687,
                "quart_1": 1.0075340181030623,
                "quart_3": 1.0260430373037426,
                "min": 1.000000115742895,
                "max": 6.568721920709139,
                "stdv": 0.02860711147554341,
                "counts": 118451
            },
            "processed": {
                "avg": 1.018981531733094,
                "med": 1.015132774584268,
                "quart_1": 1.007530865740586,
                "quart_3": 1.0260233482945296,
                "min": 1.000000115742895,
                "max": 1.1746865241929292,
                "stdv": 0.015959865434258223,
                "counts": 118392
            }
        },
        "monitors": {
            "BTC": {
                "better": {
                    "raw": {
                        "avg": 0.9839169644402741,
                        "med": 0.9866203158701683,
                        "quart_1": 0.9778018514147964,
                        "quart_3": 0.9938386840878851,
                        "min": 0.32762002985324556,
                        "max": 0.9999996620895967,
                        "stdv": 0.015957964387162665,
                        "counts": 16316
                    },
                    "processed": {
                        "avg": 0.9840941424706128,
                        "med": 0.9866331996064538,
                        "quart_1": 0.9778279875131527,
                        "quart_3": 0.9938416030777028,
                        "min": 0.8242597689521266,
                        "max": 0.9999996620895967,
                        "stdv": 0.013233751869217616,
                        "counts": 16308
                    }
                },
                "worse": {
                    "raw": {
                        "avg": 1.0190158936527227,
                        "med": 1.0147544367478127,
                        "quart_1": 1.0074056212188367,
                        "quart_3": 1.0255335726839558,
                        "min": 1.000000115742895,
                        "max": 6.568721920709139,
                        "stdv": 0.04062119691686968,
                        "counts": 23687
                    },
                    "processed": {
                        "avg": 1.0186109765105076,
                        "med": 1.0147479071336942,
                        "quart_1": 1.007402859065617,
                        "quart_3": 1.0255167268006573,
                        "min": 1.000000115742895,
                        "max": 1.2222693585730613,
                        "stdv": 0.015956515503351188,
                        "counts": 23676
                    }
                }
            }
        }
    },
    "impermanent gain, loss": {
        "gain": {
            "raw": {
                "avg": 1.0143192414199131,
                "med": 1.0110121233729459,
                "quart_1": 1.0048181991416092,
                "quart_3": 1.0201982898321278,
                "min": 1.0,
                "max": 1.1317198189280684,
                "stdv": 0.012648496329982483,
                "counts": 1088614
            },
            "processed": {
                "avg": 1.0142780015978394,
                "med": 1.011004480540884,
                "quart_1": 1.004816179035325,
                "quart_3": 1.0201765264576446,
                "min": 1.0,
                "max": 1.0892629304213493,
                "stdv": 0.012515413422925425,
                "counts": 1088070
            }
        },
        "loss": {
            "raw": {
                "avg": 0.9862620350056862,
                "med": 0.9894702984628062,
                "quart_1": 0.9806097220502382,
                "quart_3": 0.9953535839772707,
                "min": 0.8867696675249387,
                "max": 0.9999999188585555,
                "stdv": 0.012113891769808923,
                "counts": 911386
            },
            "processed": {
                "avg": 0.9863008667242147,
                "med": 0.9894748395639282,
                "quart_1": 0.9806259521686911,
                "quart_3": 0.9953557104747871,
                "min": 0.9166887758878006,
                "max": 0.9999999188585555,
                "stdv": 0.011990585992835248,
                "counts": 910931
            }
        },
        "averages": {
            "raw": {
                "avg": 1.001533768857374,
                "med": 1.0014991889675287,
                "quart_1": 1.0008089463852736,
                "quart_3": 1.0024000747392936,
                "min": 0.9972405432932261,
                "max": 1.0047802436477737,
                "stdv": 0.0010608363465626975,
                "counts": 200000
            },
            "processed": {
                "avg": 1.0015357284651032,
                "med": 1.001499814476369,
                "quart_1": 1.0008098585823306,
                "quart_3": 1.002400695917595,
                "min": 0.9978002439207556,
                "max": 1.0047802436477737,
                "stdv": 0.0010574721864712428,
                "counts": 199900
            }
        },
        "median": {
            "raw": {
                "avg": 1.0015309039518838,
                "med": 1.0015088832839834,
                "quart_1": 0.9993022810541314,
                "quart_3": 1.0037217802647467,
                "min": 0.9745176513057535,
                "max": 1.0322741722989583,
                "stdv": 0.003900206822364836,
                "counts": 200000
            },
            "processed": {
                "avg": 1.0015317607907739,
                "med": 1.0015089305633258,
                "quart_1": 0.9993033440911777,
                "quart_3": 1.003721074299607,
                "min": 0.9820321546693469,
                "max": 1.020989621682892,
                "stdv": 0.003869669245691404,
                "counts": 199900
            }
        },
        "monitors": {
            "BTC": {
                "gain": {
                    "raw": {
                        "avg": 1.0136698569849196,
                        "med": 1.0106308916457847,
                        "quart_1": 1.004702868835702,
                        "quart_3": 1.0193852864257196,
                        "min": 1.0000009156922631,
                        "max": 1.1274714816071987,
                        "stdv": 0.011886673651970079,
                        "counts": 110438
                    },
                    "processed": {
                        "avg": 1.0136287902353232,
                        "med": 1.0106217808070905,
                        "quart_1": 1.004702868835702,
                        "quart_3": 1.019372569820302,
                        "min": 1.0000009156922631,
                        "max": 1.0863988443975456,
                        "stdv": 0.011744266841732801,
                        "counts": 110383
                    }
                },
                "loss": {
                    "raw": {
                        "avg": 0.986885813026527,
                        "med": 0.989927604037658,