{
    "capital efficiency": {
        "better": {
            "raw": {
                "avg": 0.6680104977832229,
                "med": 0.6488819989663827,
                "quart_1": 0.5190874262456947,
                "quart_3": 0.8260189271932974,
                "min": 0.09312141497719381,
                "max": 0.9999968541827344,
                "stdv": 0.18247482084695382,
                "counts": 75997
            },
            "processed": {
                "avg": 0.668261006026755,
                "med": 0.648974638875244,
                "quart_1": 0.5193288381734943,
                "quart_3": 0.8260767888638161,
                "min": 0.1842526101683696,
                "max": 0.9999968541827344,
                "stdv": 0.18216494889224388,
                "counts": 75960
            }
        },
        "worse": {
            "raw": {
                "avg": 2.0483475053282487,
                "med": 1.5725698582150416,
                "quart_1": 1.2427853877990283,
                "quart_3": 2.440529175749976,
                "min": 1.000023102531262,
                "max": 19.25979403249945,
                "stdv": 1.2351620436471993,
                "counts": 124003
            },
            "processed": {
                "avg": 2.042469872775425,
                "med": 1.5720853950961018,
                "quart_1": 1.24271213492331,
                "quart_3": 2.438374514480862,
                "min": 1.000023102531262,
                "max": 11.871546029965634,
                "stdv": 1.206550807898822,
                "counts": 123941
            }
        },
        "monitors": {
            "BTC, ETH": {
                "better": {
                    "raw": {
                        "avg": 0.669328619907738,
                        "med": 0.6490074297146122,
                        "quart_1": 0.5261563915545792,
                        "quart_3": 0.8252976899691724,
                        "min": 0.13733281966813737,
                        "max": 0.9993648566249722,
                        "stdv": 0.1780330357987701,
                        "counts": 1617
                    },
                    "processed": {
                        "avg": 0.669328619907738,
                        "med": 0.6490074297146122,
                        "quart_1": 0.5261563915545792,
                        "quart_3": 0.8252976899691724,
                        "min": 0.13733281966813737,
                        "max": 0.9993648566249722,
                        "stdv": 0.1780330357987701,
                        "counts": 1617
                    }
                },
                "worse": {
                    "raw": {
                        "avg": 2.0063178660255447,
                        "med": 1.5600018232896273,
                        "quart_1": 1.2466647253943728,
                        "quart_3": 2.39503660396595,
                        "min": 1.000240305991342,
                        "max": 10.261468111650007,
                        "stdv": 1.1210814258956994,
                        "counts": 2634
                    },
                    "processed": {
                        "avg": 2.0031826019747947,
                        "med": 1.559373914935327,
                        "quart_1": 1.2466647253943728,
                        "quart_3": 2.3942407996835695,
                        "min": 1.000240305991342,
                        "max": 8.486244388083845,
                        "stdv": 1.1096886919321753,
                        "counts": 2633
                    }
                }
            }
        }
    },
    "impermanent gain, loss": {
        "gain": {
            "raw": {
                "avg": 1.4173417109297024,
                "med": 1.3447368359439384,
                "quart_1": 1.1096299189320558,
                "quart_3": 1.6369734141634396,
                "min": 1.0,
                "max": 4.749213089168056,
                "stdv": 0.3631872372822944,
                "counts": 9134627
            },
            "processed": {
                "avg": 1.4163558790793578,
                "med": 1.3444340526210714,
                "quart_1": 1.1094671406019039,
                "quart_3": 1.6364261372868503,
                "min": 1.0,
                "max": 3.161257352832491,
                "stdv": 0.3605582729395233,
                "counts": 9130060
            }
        },
        "loss": {
            "raw": {
                "avg": 0.7063195402314726,
                "med": 0.7058566822297819,
                "quart_1": 0.5466280824388471,
                "quart_3": 0.8816819008851317,
                "min": 0.14958047872708116,
                "max": 0.9999999999999999,
                "stdv": 0.1964968797800818,
                "counts": 8865373
            },
            "processed": {
                "avg": 0.7065693300589794,
                "med": 0.7060460616048878,
                "quart_1": 0.5468842711503186,
                "quart_3": 0.8818153767487006,
                "min": 0.22585947686370733,
                "max": 0.9999999999999999,
                "stdv": 0.1962279345943317,
                "counts": 8860941
            }
        },
        "averages": {
            "raw": {
                "avg": 1.0671485579010136,
                "med": 1.0650173086958619,
                "quart_1": 1.0529975146594277,
                "quart_3": 1.0792007088615365,
                "min": 1.0002063859565087,
                "max": 1.1877220041249366,
                "stdv": 0.019719899201346064,
                "counts": 200000
            },
            "processed": {
                "avg": 1.0670995272656862,
                "med": 1.0650079462912065,
                "quart_1": 1.0529892423270186,
                "quart_3": 1.0791722814339688,
                "min": 1.0002063859565087,
                "max": 1.1520429379431343,
                "stdv": 0.019600821107670315,
                "counts": 199900
            }
        },
        "median": {
            "raw": {
                "avg": 1.0021432347597696,
                "med": 1.0020103742952857,
                "quart_1": 0.9988884342174792,
                "quart_3": 1.0056492854743022,
                "min": 0.9566582605397673,
                "max": 1.0538890311613343,
                "stdv": 0.005818791168166512,
                "counts": 200000
            },
            "processed": {
                "avg": 1.0021514946294896,
                "med": 1.0020130849469826,
                "quart_1": 0.9988907363780044,
                "quart_3": 1.0056492854743022,
                "min": 0.9707443466345156,
                "max": 1.0324577647055957,
                "stdv": 0.005767422879123126,
                "counts": 199900
            }
        },
        "monitors": {
            "BTC, ETH": {
                "gain": {
                    "raw": {
                        "avg": 1.4426195724643693,
                        "med": 1.3814885219681838,
                        "quart_1": 1.122414104374772,
                        "quart_3": 1.6624909374678933,
                        "min": 1.0,
                        "max": 3.9452147038213736,
                        "stdv": 0.3810297215083567,
                        "counts": 203822
                    },
                    "processed": {
                        "avg": 1.441680234319343,
                        "med": 1.3814821650300526,
                        "quart_1": 1.122414104374772,
                        "quart_3": 1.6624909374678933,
                        "min": 1.0,
                        "max": 3.1940484076478923,
                        "stdv": 0.3787665476341989,
                        "counts": 203721
                    }
                },
                "loss": {
                    "raw": {
                        "avg": 0.6994851967958179,
                        "med": 0.6917002485400806,
                        "quart_1": 0.5397016553030525,