{
    "capital efficiency": {
        "better": {
            "raw": {
                "avg": 0.9948533747978885,
                "med": 0.9949968244117022,
                "quart_1": 0.9927749177422058,
                "quart_3": 0.9975761217776995,
                "min": 0.9686687730005376,
                "max": 0.999999944217653,
                "stdv": 0.003341093956542612,
                "counts": 81629
            },
            "processed": {
                "avg": 0.9948625885403776,
                "med": 0.9949985612202092,
                "quart_1": 0.9927791616167931,
                "quart_3": 0.9975770122203447,
                "min": 0.9780544210908343,
                "max": 0.999999944217653,
                "stdv": 0.0033155481509831073,
                "counts": 81589
            }
        },
        "worse": {
            "raw": {
                "avg": 1.0057736924979013,
                "med": 1.0047493143677555,
                "quart_1": 1.0022701617271552,
                "quart_3": 1.008482418008558,
                "min": 1.0000000241853202,
                "max": 1.0387194114891591,
                "stdv": 0.004358642570750104,
                "counts": 118371
            },
            "processed": {
                "avg": 1.0057625657844795,
                "med": 1.0047466231498514,
                "quart_1": 1.002269079647384,
                "quart_3": 1.0084747115155894,
                "min": 1.0000000241853202,
                "max": 1.0258893706632213,
                "stdv": 0.0043307971124088,
                "counts": 118312
            }
        },
        "monitors": {
            "BTC, ETH": {
                "better": {
                    "raw": {
                        "avg": 0.9950734677102281,
                        "med": 0.9953131890040734,
                        "quart_1": 0.9930369713254632,
                        "quart_3": 0.9977423605838256,
                        "min": 0.9754449060090226,
                        "max": 0.9999983155895883,
                        "stdv": 0.0033087632127134703,
                        "counts": 2237
                    },
                    "processed": {
                        "avg": 0.9950822461367491,
                        "med": 0.9953161999970338,
                        "quart_1": 0.9930386701317409,
                        "quart_3": 0.9977494281393282,
                        "min": 0.978470470963823,
                        "max": 0.9999983155895883,
                        "stdv": 0.003283355791755394,
                        "counts": 2236
                    }
                },
                "worse": {
                    "raw": {
                        "avg": 1.005596275259229,
                        "med": 1.0047020674903335,
                        "quart_1": 1.0022242301099187,
                        "quart_3": 1.0082608247194451,
                        "min": 1.0000074858679335,
                        "max": 1.0291901233601077,
                        "stdv": 0.0041983647790453564,
                        "counts": 3143
                    },
                    "processed": {
                        "avg": 1.0055887660777838,
                        "med": 1.0047009072219857,
                        "quart_1": 1.0022212332341032,
                        "quart_3": 1.0082374015781053,
                        "min": 1.0000074858679335,
                        "max": 1.0251737323619456,
                        "stdv": 0.004177876234564082,
                        "counts": 3142
                    }
                }
            }
        }
    },
    "impermanent gain, loss": {
        "gain": {
            "raw": {
                "avg": 1.0049947354113995,
                "med": 1.004180020983873,
                "quart_1": 1.0015110393854805,
                "quart_3": 1.0073994098576744,
                "min": 1.0,
                "max": 1.0413130229408527,
                "stdv": 0.004201892340210802,
                "counts": 7175114
            },
            "processed": {
                "avg": 1.0049828688287827,
                "med": 1.0041776948088874,
                "quart_1": 1.0015094887910942,
                "quart_3": 1.007392665025945,
                "min": 1.0,
                "max": 1.0260445824401763,
                "stdv": 0.004168925806191528,
                "counts": 7171527
            }
        },
        "loss": {
            "raw": {
                "avg": 0.9951570497399317,
                "med": 0.9958245721121799,
                "quart_1": 0.9927522270406124,
                "quart_3": 0.9984740147890184,
                "min": 0.961766565106301,
                "max": 0.9999999999999999,
                "stdv": 0.0039160589331841775,
                "counts": 7224886
            },
            "processed": {
                "avg": 0.9951673395914377,
                "med": 0.9958273866966906,
                "quart_1": 0.9927590551980311,
                "quart_3": 0.9984750678676579,
                "min": 0.9766657264309714,
                "max": 0.9999999999999999,
                "stdv": 0.0038896552402510488,
                "counts": 7221274
            }
        },
        "averages": {
            "raw": {
                "avg": 1.0000588911418289,
                "med": 1.000048152316018,
                "quart_1": 0.9999993087460725,
                "quart_3": 1.0001127769196123,
                "min": 0.9996261903584822,
                "max": 1.0006453251080334,
                "stdv": 9.703948228109557e-05,
                "counts": 200000
            },
            "processed": {
                "avg": 1.0000586527814643,
                "med": 1.0000480932313374,
                "quart_1": 0.9999992850366682,
                "quart_3": 1.000112655431933,
                "min": 0.9996261903584822,
                "max": 1.0004809509331287,
                "stdv": 9.647143005843532e-05,
                "counts": 199900
            }
        },
        "median": {
            "raw": {
                "avg": 0.9999851276812759,
                "med": 0.9999877171751119,
                "quart_1": 0.9999016431013777,
                "quart_3": 1.0000682740896258,
                "min": 0.9991724495487466,
                "max": 1.0008556600126832,
                "stdv": 0.00014150043087670432,
                "counts": 200000
            },
            "processed": {
                "avg": 0.9999851583891467,
                "med": 0.9999877233000749,
                "quart_1": 0.999901643614233,
                "quart_3": 1.0000682017577758,
                "min": 0.9993763550379398,
                "max": 1.0005989876585548,
                "stdv": 0.00014073034601169628,
                "counts": 199900
            }
        },
        "monitors": {
            "BTC, ETH": {
                "gain": {
                    "raw": {
                        "avg": 1.005114292558371,
                        "med": 1.0042491878212016,
                        "quart_1": 1.001489183917187,
                        "quart_3": 1.0074911263652822,
                        "min": 1.0,
                        "max": 1.0348644072465514,
                        "stdv": 0.004238509949813158,
                        "counts": 204054
                    },
                    "processed": {
                        "avg": 1.0051020249619878,
                        "med": 1.0042480246282646,
                        "quart_1": 1.0014881228347678,
                        "quart_3": 1.0074901134412497,
                        "min": 1.0,
                        "max": 1.0260367302550657,
                        "stdv": 0.004203545939383466,
                        "counts": 203952
                    }
                },
                "loss": {
                    "raw": {
                        "avg": 0.9953290883894831,
                        "med": 0.996078165264456,