{
    "capital efficiency": {
        "better": {
            "raw": {
                "avg": 0.9923525935677675,
                "med": 0.9925053923706106,
                "quart_1": 0.9892322683778711,
                "quart_3": 0.9963626791529316,
                "min": 0.9547068998541496,
                "max": 0.9999998840273284,
                "stdv": 0.0049063913449511895,
                "counts": 81562
            },
            "processed": {
                "avg": 0.9923656399091665,
                "med": 0.9925086346293508,
                "quart_1": 0.9892383114802228,
                "quart_3": 0.9963643798916839,
                "min": 0.9682466233810181,
                "max": 0.9999998840273284,
                "stdv": 0.004871798800219515,
                "counts": 81522
            }
        },
        "worse": {
            "raw": {
                "avg": 1.0086105693632426,
                "med": 1.007117323830718,
                "quart_1": 1.0033844828469634,
                "quart_3": 1.0126673588055342,
                "min": 1.000000162475938,
                "max": 1.0574784574685978,
                "stdv": 0.006457601080826539,
                "counts": 118438
            },
            "processed": {
                "avg": 1.0085943741273267,
                "med": 1.007112922725635,
                "quart_1": 1.0033826242551274,
                "quart_3": 1.0126562499744967,
                "min": 1.000000162475938,
                "max": 1.0376844501909015,
                "stdv": 0.006417915677997238,
                "counts": 118379
            }
        },
        "monitors": {
            "BTC, ETH": {
                "better": {
                    "raw": {
                        "avg": 0.9926024853631281,
                        "med": 0.9927229464170375,
                        "quart_1": 0.9895535518314751,
                        "quart_3": 0.9966602735134684,
                        "min": 0.9729167497584638,
                        "max": 0.9999893225531874,
                        "stdv": 0.0048561542307653735,
                        "counts": 2202
                    },
                    "processed": {
                        "avg": 0.9926114293593136,
                        "med": 0.9927377200581997,
                        "quart_1": 0.9895645942216843,
                        "quart_3": 0.9966602735134684,
                        "min": 0.9730011729536743,
                        "max": 0.9999893225531874,
                        "stdv": 0.00483909073079198,
                        "counts": 2201
                    }
                },
                "worse": {
                    "raw": {
                        "avg": 1.0084110939053597,
                        "med": 1.0070675314437774,
                        "quart_1": 1.0033058195610787,
                        "quart_3": 1.0124113784795208,
                        "min": 1.0000049389541583,
                        "max": 1.0372065645901314,
                        "stdv": 0.006271730061321258,
                        "counts": 3181
                    },
                    "processed": {
                        "avg": 1.0084020387258992,
                        "med": 1.0070667987820725,
                        "quart_1": 1.0033054728935884,
                        "quart_3": 1.0124088015811878,
                        "min": 1.0000049389541583,
                        "max": 1.034966766147768,
                        "stdv": 0.006251890688546177,
                        "counts": 3180
                    }
                }
            }
        }
    },
    "impermanent gain, loss": {
        "gain": {
            "raw": {
                "avg": 1.0050048969290732,
                "med": 1.0041971673241616,
                "quart_1": 1.0015442719044931,
                "quart_3": 1.0074079008908,
                "min": 1.0,
                "max": 1.0451827793367243,
                "stdv": 0.004172344012825874,
                "counts": 7135338
            },
            "processed": {
                "avg": 1.0049930763589756,
                "med": 1.004194105065707,
                "quart_1": 1.0015435205481147,
                "quart_3": 1.0074001942739563,
                "min": 1.0,
                "max": 1.025669145246726,
                "stdv": 0.004139148737932541,
                "counts": 7131771
            }
        },
        "loss": {
            "raw": {
                "avg": 0.9951937690273709,
                "med": 0.995861085901974,
                "quart_1": 0.9927884336791652,
                "quart_3": 0.9985119845852432,
                "min": 0.9621525753365079,
                "max": 0.9999999999999998,
                "stdv": 0.0038870543656591666,
                "counts": 7264662
            },
            "processed": {
                "avg": 0.9952039324533627,
                "med": 0.995864000641163,
                "quart_1": 0.9927932123713812,
                "quart_3": 0.9985132356350692,
                "min": 0.97701808935936,
                "max": 0.9999999999999998,
                "stdv": 0.003861095351019424,
                "counts": 7261030
            }
        },
        "averages": {
            "raw": {
                "avg": 1.0000552769261903,
                "med": 1.0000465547398532,
                "quart_1": 0.9999973666013509,
                "quart_3": 1.0001101967406965,
                "min": 0.9996248547691626,
                "max": 1.0006009256588224,
                "stdv": 9.646273550420516e-05,
                "counts": 200000
            },
            "processed": {
                "avg": 1.0000550526447014,
                "med": 1.0000464819719403,
                "quart_1": 0.9999973396812002,
                "quart_3": 1.000110066596533,
                "min": 0.9996248547691626,
                "max": 1.0004767104765893,
                "stdv": 9.596252411652659e-05,
                "counts": 199900
            }
        },
        "median": {
            "raw": {
                "avg": 0.9999602531327327,
                "med": 0.9999689269334215,
                "quart_1": 0.9998685069484623,
                "quart_3": 1.0000515399873802,
                "min": 0.9992325700644389,
                "max": 1.0009240690108037,
                "stdv": 0.00014994233329061263,
                "counts": 200000
            },
            "processed": {
                "avg": 0.9999599713109992,
                "med": 0.9999689269334215,
                "quart_1": 0.9998684659374737,
                "quart_3": 1.0000514780076322,
                "min": 0.9993075825489117,
                "max": 1.0006259539863267,
                "stdv": 0.00014900606686933386,
                "counts": 199900
            }
        },
        "monitors": {
            "BTC, ETH": {
                "gain": {
                    "raw": {
                        "avg": 1.0049779003007928,
                        "med": 1.0040500602752784,
                        "quart_1": 1.0014648447662156,
                        "quart_3": 1.0072874891087409,
                        "min": 1.0,
                        "max": 1.0301032734864404,
                        "stdv": 0.004170339193266269,
                        "counts": 199097
                    },
                    "processed": {
                        "avg": 1.0049662803642359,
                        "med": 1.0040481229509983,
                        "quart_1": 1.0014647271244503,
                        "quart_3": 1.0072796467245329,
                        "min": 1.0,
                        "max": 1.0247819043784372,
                        "stdv": 0.004138431233221104,
                        "counts": 198998
                    }
                },
                "loss": {
                    "raw": {
                        "avg": 0.9951782385757758,
                        "med": 0.9958388923840064,