{
    "capital efficiency": {
        "better": {
            "raw": {
                "avg": 0.9974072968927303,
                "med": 0.9974844990275107,
                "quart_1": 0.996355408745835,
                "quart_3": 0.9987729760449748,
                "min": 0.9769501960364106,
                "max": 0.9999999552310006,
                "stdv": 0.0016796711661068182,
                "counts": 81636
            },
            "processed": {
                "avg": 0.9974120114424261,
                "med": 0.9974852556631874,
                "quart_1": 0.9963574192553447,
                "quart_3": 0.998773835284564,
                "min": 0.9890907628471113,
                "max": 0.9999999552310006,
                "stdv": 0.001665946844999661,
                "counts": 81596
            }
        },
        "worse": {
            "raw": {
                "avg": 1.0028934152306317,
                "med": 1.002383400571897,
                "quart_1": 1.001136526007715,
                "quart_3": 1.0042510461424972,
                "min": 1.0000000195262497,
                "max": 1.023151396438194,
                "stdv": 0.0021861558727216397,
                "counts": 118364
            },
            "processed": {
                "avg": 1.0028875304756402,
                "med": 1.0023813471915928,
                "quart_1": 1.0011360068982027,
                "quart_3": 1.0042476924338453,
                "min": 1.0000000195262497,
                "max": 1.0131807547370748,
                "stdv": 0.0021703882477670158,
                "counts": 118305
            }
        },
        "monitors": {
            "BTC, ETH": {
                "better": {
                    "raw": {
                        "avg": 0.9974654006870742,
                        "med": 0.9975734234088889,
                        "quart_1": 0.9964267282361289,
                        "quart_3": 0.9988170894723027,
                        "min": 0.990188381921435,
                        "max": 0.9999975341329423,
                        "stdv": 0.0016576701915045097,
                        "counts": 2196
                    },
                    "processed": {
                        "avg": 0.9974687159575827,
                        "med": 0.9975734478672037,
                        "quart_1": 0.9964292173481158,
                        "quart_3": 0.9988170894723027,
                        "min": 0.99038133870246,
                        "max": 0.9999975341329423,
                        "stdv": 0.0016507531809106738,
                        "counts": 2195
                    }
                },
                "worse": {
                    "raw": {
                        "avg": 1.0028134929456092,
                        "med": 1.0023409312650906,
                        "quart_1": 1.0011205841703437,
                        "quart_3": 1.0041555635316888,
                        "min": 1.0000001434767753,
                        "max": 1.0124775396059038,
                        "stdv": 0.0020924794032212445,
                        "counts": 3200
                    },
                    "processed": {
                        "avg": 1.0028104719869784,
                        "med": 1.0023403084895899,
                        "quart_1": 1.0011205841703437,
                        "quart_3": 1.004154884995709,
                        "min": 1.0000001434767753,
                        "max": 1.0120515485627375,
                        "stdv": 0.0020858175713988686,
                        "counts": 3199
                    }
                }
            }
        }
    },
    "impermanent gain, loss": {
        "gain": {
            "raw": {
                "avg": 1.005030777842043,
                "med": 1.0042229910452576,
                "quart_1": 1.0015820270782492,
                "quart_3": 1.0074158665550115,
                "min": 1.0,
                "max": 1.0497873439340324,
                "stdv": 0.0041879967180409,
                "counts": 7131439
            },
            "processed": {
                "avg": 1.0050187871095928,
                "med": 1.0042207422100364,
                "quart_1": 1.001580740713282,
                "quart_3": 1.0074090424575861,
                "min": 1.0,
                "max": 1.026001596995477,
                "stdv": 0.0041538358533946525,
                "counts": 7127874
            }
        },
        "loss": {
            "raw": {
                "avg": 0.9951629260359078,
                "med": 0.9958356053364933,
                "quart_1": 0.9927593789057276,
                "quart_3": 0.9985155748508638,
                "min": 0.9529956270063792,
                "max": 0.9999999999999999,
                "stdv": 0.003928285156569505,
                "counts": 7268561
            },
            "processed": {
                "avg": 0.995173485138989,
                "med": 0.9958387620518746,
                "quart_1": 0.9927664290259772,
                "quart_3": 0.9985164534294166,
                "min": 0.9764094432678594,
                "max": 0.9999999999999999,
                "stdv": 0.0039002792412770573,
                "counts": 7264927
            }
        },
        "averages": {
            "raw": {
                "avg": 1.000049869314917,
                "med": 1.0000391785879104,
                "quart_1": 0.9999919942018689,
                "quart_3": 1.0001033431410553,
                "min": 0.9996188787209053,
                "max": 1.0005567658834713,
                "stdv": 9.592753447654082e-05,
                "counts": 200000
            },
            "processed": {
                "avg": 1.0000496516703135,
                "med": 1.0000391319308173,
                "quart_1": 0.9999919733858991,
                "quart_3": 1.0001032240058505,
                "min": 0.9996397698940616,
                "max": 1.0004575227946344,
                "stdv": 9.543541867288599e-05,
                "counts": 199900
            }
        },
        "median": {
            "raw": {
                "avg": 0.9999636381273604,
                "med": 0.9999684054348553,
                "quart_1": 0.9998705523063267,
                "quart_3": 1.0000544788963102,
                "min": 0.9991327579928034,
                "max": 1.0009962274850148,
                "stdv": 0.00015772132049139622,
                "counts": 200000
            },
            "processed": {
                "avg": 0.9999633726313395,
                "med": 0.9999683862593817,
                "quart_1": 0.9998704949956506,
                "quart_3": 1.000054371481264,
                "min": 0.9992373782051736,
                "max": 1.0007037009289577,
                "stdv": 0.00015667419967420006,
                "counts": 199900
            }
        },
        "monitors": {
            "BTC, ETH": {
                "gain": {
                    "raw": {
                        "avg": 1.0050270123752696,
                        "med": 1.004241133211575,
                        "quart_1": 1.0015373352492662,
                        "quart_3": 1.0073097171790906,
                        "min": 1.0,
                        "max": 1.0299293713817839,
                        "stdv": 0.004122356411852817,
                        "counts": 202979
                    },
                    "processed": {
                        "avg": 1.0050161982480106,
                        "med": 1.004241133211575,
                        "quart_1": 1.0015373352492662,
                        "quart_3": 1.0073097171790906,
                        "min": 1.0,
                        "max": 1.0234972931336173,
                        "stdv": 0.004094411751905183,
                        "counts": 202878
                    }
                },
                "loss": {
                    "raw": {
                        "avg": 0.9952969036649464,
                        "med": 0.9959125016020852,