{
    "capital efficiency": {
        "better": {
            "raw": {
                "avg": 0.8292625542026041,
                "med": 0.8844483843980677,
                "quart_1": 0.7218294754058677,
                "quart_3": 0.9649006884240608,
                "min": 0.027417231491904465,
                "max": 0.9999996541958572,
                "stdv": 0.16111730716415804,
                "counts": 79134
            },
            "processed": {
                "avg": 0.8296075198378132,
                "med": 0.8845536286384654,
                "quart_1": 0.7221171217145135,
                "quart_3": 0.9649188331427254,
                "min": 0.16697716027116094,
                "max": 0.9999996541958572,
                "stdv": 0.16040424141997556,
                "counts": 79095
            }
        },
        "worse": {
            "raw": {
                "avg": 1.8433363378150298,
                "med": 1.1164855799811706,
                "quart_1": 1.03640134297261,
                "quart_3": 1.525497302555329,
                "min": 1.0000007979591181,
                "max": 87.2898358325332,
                "stdv": 2.6438236715346286,
                "counts": 120866
            },
            "processed": {
                "avg": 1.8179083517850037,
                "med": 1.1163332513464534,
                "quart_1": 1.0363747731462696,
                "quart_3": 1.5235675194203342,
                "min": 1.0000007979591181,
                "max": 41.05180631199414,
                "stdv": 2.3742141667089025,
                "counts": 120806
            }
        },
        "monitors": {
            "BTC, ETH": {
                "better": {
                    "raw": {
                        "avg": 0.8292883220604546,
                        "med": 0.8874873185643404,
                        "quart_1": 0.7200802358649754,
                        "quart_3": 0.9655410770682998,
                        "min": 0.1190476326205924,
                        "max": 0.9999740150219151,
                        "stdv": 0.1610396651868921,
                        "counts": 1684
                    },
                    "processed": {
                        "avg": 0.8292883220604546,
                        "med": 0.8874873185643404,
                        "quart_1": 0.7200802358649754,
                        "quart_3": 0.9655410770682998,
                        "min": 0.1190476326205924,
                        "max": 0.9999740150219151,
                        "stdv": 0.1610396651868921,
                        "counts": 1684
                    }
                },
                "worse": {
                    "raw": {
                        "avg": 1.7591271033350009,
                        "med": 1.1174752208015803,
                        "quart_1": 1.0355204654957015,
                        "quart_3": 1.5081461675920391,
                        "min": 1.0000709065250684,
                        "max": 33.10941925340194,
                        "stdv": 2.143675418013156,
                        "counts": 2558
                    },
                    "processed": {
                        "avg": 1.7468665276016937,
                        "med": 1.1174607759122448,
                        "quart_1": 1.0355204654957015,
                        "quart_3": 1.5060124462711162,
                        "min": 1.0000709065250684,
                        "max": 29.774551075018085,
                        "stdv": 2.0524664448719725,
                        "counts": 2557
                    }
                }
            }
        }
    },
    "impermanent gain, loss": {
        "gain": {
            "raw": {
                "avg": 1.4404499785860823,
                "med": 1.373756364260581,
                "quart_1": 1.1320602090768368,
                "quart_3": 1.659948754792594,
                "min": 1.0,
                "max": 4.7904144410753915,
                "stdv": 0.36661979436518255,
                "counts": 9047523
            },
            "processed": {
                "avg": 1.439452984931985,
                "med": 1.3734768453899757,
                "quart_1": 1.1319561636426096,
                "quart_3": 1.6593760157837985,
                "min": 1.0,
                "max": 3.21911608026696,
                "stdv": 0.3639587753474739,
                "counts": 9043000
            }
        },
        "loss": {
            "raw": {
                "avg": 0.6152194783196016,
                "med": 0.6368405774223873,
                "quart_1": 0.39096482802121824,
                "quart_3": 0.8659469285225162,
                "min": 0.020836671151234443,
                "max": 0.9999999999999999,
                "stdv": 0.2752022499587951,
                "counts": 8952477
            },
            "processed": {
                "avg": 0.6155101659139499,
                "med": 0.6371411437149296,
                "quart_1": 0.3913394067674223,
                "quart_3": 0.866016451205221,
                "min": 0.03907387084703025,
                "max": 0.9999999999999999,
                "stdv": 0.2749639037981194,
                "counts": 8948001
            }
        },
        "averages": {
            "raw": {
                "avg": 1.0300134745122973,
                "med": 1.0276201685036144,
                "quart_1": 1.0198591926660614,
                "quart_3": 1.0376158577626222,
                "min": 1.0000251609878579,
                "max": 1.1136107460102849,
                "stdv": 0.013814603700717385,
                "counts": 200000
            },
            "processed": {
                "avg": 1.0299782275208424,
                "med": 1.0276115107076145,
                "quart_1": 1.019855410948432,
                "quart_3": 1.037596933190255,
                "min": 1.0000251609878579,
                "max": 1.095191414742308,
                "stdv": 0.013727532231401178,
                "counts": 199900
            }
        },
        "median": {
            "raw": {
                "avg": 1.00144923271513,
                "med": 1.0010332976763188,
                "quart_1": 0.9963929011870813,
                "quart_3": 1.0063021281599578,
                "min": 0.9467308297812922,
                "max": 1.058801903766327,
                "stdv": 0.009012517009602573,
                "counts": 200000
            },
            "processed": {
                "avg": 1.0014406979611032,
                "med": 1.0010332976763188,
                "quart_1": 0.9963941802630498,
                "quart_3": 1.0062984279335927,
                "min": 0.9594897843946459,
                "max": 1.0434249110396365,
                "stdv": 0.008950945681113216,
                "counts": 199900
            }
        },
        "monitors": {
            "BTC, ETH": {
                "gain": {
                    "raw": {
                        "avg": 1.466204615378948,
                        "med": 1.392260852200546,
                        "quart_1": 1.1425708773403858,
                        "quart_3": 1.6772807008806165,
                        "min": 1.0,
                        "max": 3.8987675063810636,
                        "stdv": 0.38529386205682803,
                        "counts": 199570
                    },
                    "processed": {
                        "avg": 1.4652000526936304,
                        "med": 1.391347242463288,
                        "quart_1": 1.1425708773403858,
                        "quart_3": 1.677136423565194,
                        "min": 1.0,
                        "max": 3.392458860350687,
                        "stdv": 0.3827295947647183,
                        "counts": 199471
                    }
                },
                "loss": {
                    "raw": {
                        "avg": 0.6029525926582106,
                        "med": 0.6177581002571433,
                        "quart_1": 0.37567429333184665,