{
    "capital efficiency": {
        "better": {
            "raw": {
                "avg": 0.7251456149760515,
                "med": 0.7266340439299319,
                "quart_1": 0.5874295152969377,
                "quart_3": 0.8810412101511584,
                "min": 0.06549189462960182,
                "max": 0.9999849703506858,
                "stdv": 0.17398885417522672,
                "counts": 76979
            },
            "processed": {
                "avg": 0.7254317235182675,
                "med": 0.7268004291385036,
                "quart_1": 0.5875965494943107,
                "quart_3": 0.8810829558833508,
                "min": 0.18068333117065524,
                "max": 0.9999849703506858,
                "stdv": 0.17355362956608358,
                "counts": 76941
            }
        },
        "worse": {
            "raw": {
                "avg": 1.8668570539481877,
                "med": 1.3670285860159785,
                "quart_1": 1.1447399526666118,
                "quart_3": 2.0634959151155936,
                "min": 1.000007441028421,
                "max": 29.741048939935173,
                "stdv": 1.3130968630716457,
                "counts": 123021
            },
            "processed": {
                "avg": 1.8585885813223169,
                "med": 1.3666782924499743,
                "quart_1": 1.1446774818572383,
                "quart_3": 2.061868543761439,
                "min": 1.000007441028421,
                "max": 15.062142157746148,
                "stdv": 1.2577884400325652,
                "counts": 122960
            }
        },
        "monitors": {
            "BTC, ETH": {
                "better": {
                    "raw": {
                        "avg": 0.7257386356874583,
                        "med": 0.7252705676138382,
                        "quart_1": 0.589664632988938,
                        "quart_3": 0.879070057649598,
                        "min": 0.18228667769761045,
                        "max": 0.999711252331249,
                        "stdv": 0.16979389281378995,
                        "counts": 1644
                    },
                    "processed": {
                        "avg": 0.7257386356874583,
                        "med": 0.7252705676138382,
                        "quart_1": 0.589664632988938,
                        "quart_3": 0.879070057649598,
                        "min": 0.18228667769761045,
                        "max": 0.999711252331249,
                        "stdv": 0.16979389281378995,
                        "counts": 1644
                    }
                },
                "worse": {
                    "raw": {
                        "avg": 1.8245259872821604,
                        "med": 1.3668513961862185,
                        "quart_1": 1.143843361180334,
                        "quart_3": 2.029774645489201,
                        "min": 1.0000461993598802,
                        "max": 14.714734175610623,
                        "stdv": 1.1741611713945903,
                        "counts": 2598
                    },
                    "processed": {
                        "avg": 1.8195624877872323,
                        "med": 1.3666376010085708,
                        "quart_1": 1.143843361180334,
                        "quart_3": 2.027224986163941,
                        "min": 1.0000461993598802,
                        "max": 11.995090030365745,
                        "stdv": 1.1468130372911138,
                        "counts": 2597
                    }
                }
            }
        }
    },
    "impermanent gain, loss": {
        "gain": {
            "raw": {
                "avg": 1.4242535651379007,
                "med": 1.3520125130064846,
                "quart_1": 1.117621762897523,
                "quart_3": 1.643059491201707,
                "min": 1.0,
                "max": 4.744734965168626,
                "stdv": 0.3639850215099361,
                "counts": 9059130
            },
            "processed": {
                "avg": 1.423256871514322,
                "med": 1.3517765747613852,
                "quart_1": 1.1174944212755078,
                "quart_3": 1.6425355181600385,
                "min": 1.0,
                "max": 3.200690018535334,
                "stdv": 0.36130389611874014,
                "counts": 9054601
            }
        },
        "loss": {
            "raw": {
                "avg": 0.673531103544519,
                "med": 0.679877335594556,
                "quart_1": 0.48907241123664,
                "quart_3": 0.8790591411632727,
                "min": 0.08162843686044367,
                "max": 0.9999999999999999,
                "stdv": 0.2253976424739298,
                "counts": 8940870
            },
            "processed": {
                "avg": 0.6738035673903593,
                "med": 0.6800490197024104,
                "quart_1": 0.489303717951885,
                "quart_3": 0.8791798668378907,
                "min": 0.1436866182026825,
                "max": 0.9999999999999999,
                "stdv": 0.2251243041335232,
                "counts": 8936400
            }
        },
        "averages": {
            "raw": {
                "avg": 1.0513584576271087,
                "med": 1.0492118675007194,
                "quart_1": 1.0385057823842507,
                "quart_3": 1.0619391304125227,
                "min": 1.0001143389211875,
                "max": 1.1532801943320405,
                "stdv": 0.017717806898920944,
                "counts": 200000
            },
            "processed": {
                "avg": 1.0513157078038171,
                "med": 1.0492016645088011,
                "quart_1": 1.0385002809294623,
                "quart_3": 1.0619134594897712,
                "min": 1.0001143389211875,
                "max": 1.1299636494645302,
                "stdv": 0.017618349672704488,
                "counts": 199900
            }
        },
        "median": {
            "raw": {
                "avg": 1.000811663889934,
                "med": 1.000818808132007,
                "quart_1": 0.9971887708612521,
                "quart_3": 1.0045009777471954,
                "min": 0.953773340092397,
                "max": 1.0382682137914303,
                "stdv": 0.006658761428184559,
                "counts": 200000
            },
            "processed": {
                "avg": 1.0008183740789907,
                "med": 1.0008203388417813,
                "quart_1": 0.99719387503502,
                "quart_3": 1.0044999898722833,
                "min": 0.968018940920198,
                "max": 1.033525996346269,
                "stdv": 0.006611994622065603,
                "counts": 199900
            }
        },
        "monitors": {
            "BTC, ETH": {
                "gain": {
                    "raw": {
                        "avg": 1.4534924261430302,
                        "med": 1.3912582665116173,
                        "quart_1": 1.1286210096736298,
                        "quart_3": 1.6737077509514087,
                        "min": 1.0,
                        "max": 3.9649381436294813,
                        "stdv": 0.3843060432091818,
                        "counts": 203182
                    },
                    "processed": {
                        "avg": 1.452489714892369,
                        "med": 1.3912582665116173,
                        "quart_1": 1.1286210096736298,
                        "quart_3": 1.673699566410264,
                        "min": 1.0,
                        "max": 3.370734705695056,
                        "stdv": 0.38175206762414415,
                        "counts": 203081
                    }
                },
                "loss": {
                    "raw": {
                        "avg": 0.6595903081776279,
                        "med": 0.6556863821652501,
                        "quart_1": 0.47686792782014065,