{
    "capital efficiency": {
        "better": {
            "raw": {
                "avg": 0.9994801584497628,
                "med": 0.9994979320202448,
                "quart_1": 0.9992688056001896,
                "quart_3": 0.9997572460971736,
                "min": 0.996765875181894,
                "max": 0.9999999793327687,
                "stdv": 0.00033934817051765474,
                "counts": 81747
            },
            "processed": {
                "avg": 0.9994811049650896,
                "med": 0.9994980939577194,
                "quart_1": 0.9992693448884564,
                "quart_3": 0.9997574195707152,
                "min": 0.9977365394352868,
                "max": 0.9999999793327687,
                "stdv": 0.0003366967831864928,
                "counts": 81707
            }
        },
        "worse": {
            "raw": {
                "avg": 1.0005790400317596,
                "med": 1.0004746103969682,
                "quart_1": 1.000226952868419,
                "quart_3": 1.0008495014587493,
                "min": 1.000000016464677,
                "max": 1.0039484405816286,
                "stdv": 0.00043851917574905334,
                "counts": 118253
            },
            "processed": {
                "avg": 1.0005779330285203,
                "med": 1.000474252025508,
                "quart_1": 1.0002268393235632,
                "quart_3": 1.0008488027128841,
                "min": 1.000000016464677,
                "max": 1.0025650935170147,
                "stdv": 0.0004357843050426405,
                "counts": 118194
            }
        },
        "monitors": {
            "BTC, ETH": {
                "better": {
                    "raw": {
                        "avg": 0.9994953326829282,
                        "med": 0.9995191481090333,
                        "quart_1": 0.9992913673482202,
                        "quart_3": 0.9997589583492733,
                        "min": 0.9981235981530518,
                        "max": 0.9999998315845532,
                        "stdv": 0.0003238638019267578,
                        "counts": 2205
                    },
                    "processed": {
                        "avg": 0.9994959550670164,
                        "med": 0.999519877798592,
                        "quart_1": 0.9992914819769217,
                        "quart_3": 0.9997590550653628,
                        "min": 0.9982148516096365,
                        "max": 0.9999998315845532,
                        "stdv": 0.0003226162097926214,
                        "counts": 2204
                    }
                },
                "worse": {
                    "raw": {
                        "avg": 1.0005639313904764,
                        "med": 1.000472565097143,
                        "quart_1": 1.0002254132648678,
                        "quart_3": 1.0008269241882513,
                        "min": 1.000000175078739,
                        "max": 1.00290657997762,
                        "stdv": 0.00041896571115841995,
                        "counts": 3198
                    },
                    "processed": {
                        "avg": 1.000563198625826,
                        "med": 1.0004723654791008,
                        "quart_1": 1.0002254132648678,
                        "quart_3": 1.00082597965751,
                        "min": 1.000000175078739,
                        "max": 1.0024268982171838,
                        "stdv": 0.000416977248080539,
                        "counts": 3197
                    }
                }
            }
        }
    },
    "impermanent gain, loss": {
        "gain": {
            "raw": {
                "avg": 1.0050400013680616,
                "med": 1.0042023214338567,
                "quart_1": 1.0015811217233692,
                "quart_3": 1.00741552289873,
                "min": 1.0,
                "max": 1.0404769095943476,
                "stdv": 0.00419930691335084,
                "counts": 7070900
            },
            "processed": {
                "avg": 1.0050283374494409,
                "med": 1.0041990512358832,
                "quart_1": 1.0015802476435631,
                "quart_3": 1.0074092494976215,
                "min": 1.0,
                "max": 1.025898102107437,
                "stdv": 0.004167542605562104,
                "counts": 7067365
            }
        },
        "loss": {
            "raw": {
                "avg": 0.9951678798996598,
                "med": 0.9958689494745332,
                "quart_1": 0.9927678115928831,
                "quart_3": 0.9985492547176448,
                "min": 0.9610291319987834,
                "max": 0.9999999999999999,
                "stdv": 0.003952447442801748,
                "counts": 7329100
            },
            "processed": {
                "avg": 0.9951782096904548,
                "med": 0.9958723675798038,
                "quart_1": 0.9927731799159698,
                "quart_3": 0.9985514067563782,
                "min": 0.9765484727887459,
                "max": 0.9999999999999999,
                "stdv": 0.0039260919880469685,
                "counts": 7325436
            }
        },
        "averages": {
            "raw": {
                "avg": 1.0000154343228584,
                "med": 1.0000063823976482,
                "quart_1": 0.9999583766670371,
                "quart_3": 1.000066705096036,
                "min": 0.9996514542728168,
                "max": 1.0007090742637805,
                "stdv": 9.772766787137571e-05,
                "counts": 200000
            },
            "processed": {
                "avg": 1.0000151566332958,
                "med": 1.0000063466655367,
                "quart_1": 0.9999583353649926,
                "quart_3": 1.0000665936179969,
                "min": 0.9996514542728168,
                "max": 1.0005082061604444,
                "stdv": 9.695134102762685e-05,
                "counts": 199900
            }
        },
        "median": {
            "raw": {
                "avg": 0.9999314578435542,
                "med": 0.9999359492169931,
                "quart_1": 0.9998252000660592,
                "quart_3": 1.000024968346379,
                "min": 0.999158207764109,
                "max": 1.0008660977714379,
                "stdv": 0.00016786570306256098,
                "counts": 200000
            },
            "processed": {
                "avg": 0.9999310828766728,
                "med": 0.9999359018150229,
                "quart_1": 0.9998251483393015,
                "quart_3": 1.0000248131383622,
                "min": 0.9992399830250043,
                "max": 1.000658611436079,
                "stdv": 0.00016695973947698352,
                "counts": 199900
            }
        },
        "monitors": {
            "BTC, ETH": {
                "gain": {
                    "raw": {
                        "avg": 1.0050994192498615,
                        "med": 1.0041942466487217,
                        "quart_1": 1.0014523374592428,
                        "quart_3": 1.0075604658053234,
                        "min": 1.0,
                        "max": 1.026662822482866,
                        "stdv": 0.004198113970307457,
                        "counts": 198729
                    },
                    "processed": {
                        "avg": 1.0050898062279925,
                        "med": 1.0041930286233176,
                        "quart_1": 1.0014523374592428,
                        "quart_3": 1.0075499457286035,
                        "min": 1.0,
                        "max": 1.0231521384260254,
                        "stdv": 0.0041769034684562625,
                        "counts": 198630
                    }
                },
                "loss": {
                    "raw": {
                        "avg": 0.9950658232787019,
                        "med": 0.9956801407995854,