{
    "capital efficiency": {
        "better": {
            "raw": {
                "avg": 0.6334743190501088,
                "med": 0.6043015524428463,
                "quart_1": 0.4776363160891789,
                "quart_3": 0.7918912555072024,
                "min": 0.08666792446826009,
                "max": 0.9999915984891318,
                "stdv": 0.1886108608197464,
                "counts": 75578
            },
            "processed": {
                "avg": 0.6337088296960179,
                "med": 0.604503085605887,
                "quart_1": 0.477786769216868,
                "quart_3": 0.7919894806651069,
                "min": 0.18099064844577326,
                "max": 0.9999915984891318,
                "stdv": 0.188358203657767,
                "counts": 75541
            }
        },
        "worse": {
            "raw": {
                "avg": 2.2072830116643565,
                "med": 1.7365091682789595,
                "quart_1": 1.3242046133612932,
                "quart_3": 2.721426122625486,
                "min": 1.0000012879938451,
                "max": 16.969810339130404,
                "stdv": 1.2659218494712763,
                "counts": 124422
            },
            "processed": {
                "avg": 2.2021376930158407,
                "med": 1.7359527571942714,
                "quart_1": 1.3240057992496361,
                "quart_3": 2.7196680920597167,
                "min": 1.0000012879938451,
                "max": 11.0634722664357,
                "stdv": 1.2446985712603778,
                "counts": 124360
            }
        },
        "monitors": {
            "BTC, ETH": {
                "better": {
                    "raw": {
                        "avg": 0.63656853855852,
                        "med": 0.6076626674131796,
                        "quart_1": 0.4867456589051562,
                        "quart_3": 0.8011554057076206,
                        "min": 0.13776574640425887,
                        "max": 0.9998659164188678,
                        "stdv": 0.1863420830768534,
                        "counts": 1616
                    },
                    "processed": {
                        "avg": 0.63656853855852,
                        "med": 0.6076626674131796,
                        "quart_1": 0.4867456589051562,
                        "quart_3": 0.8011554057076206,
                        "min": 0.13776574640425887,
                        "max": 0.9998659164188678,
                        "stdv": 0.1863420830768534,
                        "counts": 1616
                    }
                },
                "worse": {
                    "raw": {
                        "avg": 2.1785691399175064,
                        "med": 1.730457326429641,
                        "quart_1": 1.3262753765677815,
                        "quart_3": 2.682965734382689,
                        "min": 1.0001952493791393,
                        "max": 9.74415617801557,
                        "stdv": 1.2025157804164959,
                        "counts": 2640
                    },
                    "processed": {
                        "avg": 2.175702301327852,
                        "med": 1.7302783018585355,
                        "quart_1": 1.3262753765677815,
                        "quart_3": 2.682928405811416,
                        "min": 1.0001952493791393,
                        "max": 8.67147674675915,
                        "stdv": 1.1936894981888575,
                        "counts": 2639
                    }
                }
            }
        }
    },
    "impermanent gain, loss": {
        "gain": {
            "raw": {
                "avg": 1.4146284581249073,
                "med": 1.3414333499730748,
                "quart_1": 1.1070512173275722,
                "quart_3": 1.6334048480648973,
                "min": 1.0,
                "max": 4.362467629697822,
                "stdv": 0.3627094578640071,
                "counts": 9169796
            },
            "processed": {
                "avg": 1.41364728615156,
                "med": 1.3410606690141482,
                "quart_1": 1.1069768225722783,
                "quart_3": 1.6327953200069676,
                "min": 1.0,
                "max": 3.1629546575386027,
                "stdv": 0.3601037803950551,
                "counts": 9165212
            }
        },
        "loss": {
            "raw": {
                "avg": 0.7275419925784244,
                "med": 0.7241095830446358,
                "quart_1": 0.5840391601702426,
                "quart_3": 0.8847126444354739,
                "min": 0.19807229439457757,
                "max": 0.9999999999999999,
                "stdv": 0.17859702414491477,
                "counts": 8830204
            },
            "processed": {
                "avg": 0.7277754111850625,
                "med": 0.7242065110560296,
                "quart_1": 0.584225125088793,
                "quart_3": 0.8847793497815198,
                "min": 0.2803295849433156,
                "max": 0.9999999999999999,
                "stdv": 0.17833601805953087,
                "counts": 8825789
            }
        },
        "averages": {
            "raw": {
                "avg": 1.0775665883244,
                "med": 1.075547717502148,
                "quart_1": 1.0622363541973838,
                "quart_3": 1.090794439627055,
                "min": 1.0002832278031004,
                "max": 1.1933615363225114,
                "stdv": 0.02132962779035577,
                "counts": 200000
            },
            "processed": {
                "avg": 1.0775175264299606,
                "med": 1.0755336491399234,
                "quart_1": 1.062230383135801,
                "quart_3": 1.0907652638997332,
                "min": 1.0002832278031004,
                "max": 1.1660300776930383,
                "stdv": 0.021221149519682327,
                "counts": 199900
            }
        },
        "median": {
            "raw": {
                "avg": 1.0024778547035333,
                "med": 1.0022760616198052,
                "quart_1": 0.9995188069756635,
                "quart_3": 1.0055805264766677,
                "min": 0.970764100147063,
                "max": 1.037192715186039,
                "stdv": 0.005256220878796493,
                "counts": 200000
            },
            "processed": {
                "avg": 1.0024821668098018,
                "med": 1.0022760616198052,
                "quart_1": 0.9995206286303172,
                "quart_3": 1.0055805264766677,
                "min": 0.9750738257946319,
                "max": 1.0293061478819605,
                "stdv": 0.005212800787745903,
                "counts": 199900
            }
        },
        "monitors": {
            "BTC, ETH": {
                "gain": {
                    "raw": {
                        "avg": 1.4398014096698093,
                        "med": 1.379413769160029,
                        "quart_1": 1.1240871605013267,
                        "quart_3": 1.6547371452411195,
                        "min": 1.0,
                        "max": 3.956451618668856,
                        "stdv": 0.3771895416225929,
                        "counts": 203465
                    },
                    "processed": {
                        "avg": 1.4388473942351134,
                        "med": 1.3784300429640797,
                        "quart_1": 1.1240871605013267,
                        "quart_3": 1.6547371452411195,
                        "min": 1.0,
                        "max": 3.194320198740291,
                        "stdv": 0.3748256859114558,
                        "counts": 203364
                    }
                },
                "loss": {
                    "raw": {
                        "avg": 0.7215777756272599,
                        "med": 0.7082217665866815,
                        "quart_1": 0.5821294356454564,