{
    "cap_eff": {
        "avg": 0.004999627390264792,
        "med": 0.004411588653754461,
        "quart_1": 0.002647236693231747,
        "quart_3": 0.006574354376897906,
        "min": 2.9709971816060943e-07,
        "max": 0.0358711892220509,
        "stdv": 0.003418892351334431
    },
    "imp_gain": {
        "avg": 0.03993861819452711,
        "med": 0.02853488941474258,
        "quart_1": 0.012942589435849472,
        "quart_3": 0.05713611880378422,
        "min": 2.220446049250313e-16,
        "max": 0.18703519516860823,
        "stdv": 0.036239100073396875
    },
    "imp_loss": {
        "avg": 0.026624957453038008,
        "med": 0.015701306525576997,
        "quart_1": 0.0,
        "quart_3": 0.04115093593971442,
        "min": 0.0,
        "max": 0.1575649954861199,
        "stdv": 0.031921162989207205
    },
    "price_imp": {
        "avg": 0.007796830110932758,
        "med": 0.007387965441285867,
        "quart_1": 0.005084175986582192,
        "quart_3": 0.00992714587780309,
        "min": 5.266652596149049e-07,
        "max": 0.04350880272722259,
        "stdv": 0.003959445730392668
    },
    "proc_cap_eff": {
        "avg": 0.004987824272069831,
        "med": 0.004410196707612335,
        "quart_1": 0.0026463339909813532,
        "quart_3": 0.006570890005037522,
        "min": 2.9709971816060943e-07,
        "max": 0.02579383134130042,
        "stdv": 0.003378293004974858
    },
    "proc_imp_gain": {
        "avg": 0.03986931803112637,
        "med": 0.028510707305322458,
        "quart_1": 0.012934157176423211,
        "quart_3": 0.057074884410342586,
        "min": 2.220446049250313e-16,
        "max": 0.1763920566542425,
        "stdv": 0.03611524186639241
    },
    "proc_imp_loss": {
        "avg": 0.026562808199145145,
        "med": 0.015677255767199805,
        "quart_1": 0.0,
        "quart_3": 0.041069009922763855,
        "min": 0.0,
        "max": 0.14886090308930444,
        "stdv": 0.0318079052410339
    },
    "proc_price_imp": {
        "avg": 0.0077842622704095725,
        "med": 0.007386127026458763,
        "quart_1": 0.00508283112621204,
        "quart_3": 0.009923060597286863,
        "min": 5.266652596149049e-07,
        "max": 0.029820456228474422,
        "stdv": 0.003919857105448939
    }
}