{
    "cap_eff": {
        "avg": 1.17073118805336e-13,
        "med": 4.374278717023117e-14,
        "quart_1": 1.9984014443252818e-14,
        "quart_3": 8.126832540256146e-14,
        "min": 0.0,
        "max": 6.527050011584379e-10,
        "stdv": 3.5769715943289765e-12
    },
    "imp_gain": {
        "avg": 0.09472609842915446,
        "med": 0.06321193514941559,
        "quart_1": 0.025596628214209938,
        "quart_3": 0.13669885730273612,
        "min": 2.2483158113040247e-07,
        "max": 0.3698653013564668,
        "stdv": 0.09311553877383426
    },
    "imp_loss": {
        "avg": 0.08733072004912046,
        "med": 0.0558772541465119,
        "quart_1": 0.02378547643117912,
        "quart_3": 0.11389162629664029,
        "min": 0.0,
        "max": 0.41437438410563077,
        "stdv": 0.09114962649650055
    },
    "price_imp": {
        "avg": 1.1707315503499465e-13,
        "med": 4.370047575476519e-14,
        "quart_1": 2.006255445834135e-14,
        "quart_3": 8.121104886535447e-14,
        "min": 0.0,
        "max": 6.52704986058397e-10,
        "stdv": 3.5769718265487193e-12
    },
    "proc_cap_eff": {
        "avg": 8.04014329449523e-14,
        "med": 4.374278717023117e-14,
        "quart_1": 1.9984014443252818e-14,
        "quart_3": 8.115730310009894e-14,
        "min": 0.0,
        "max": 1.2635337220956444e-11,
        "stdv": 2.5425153378460133e-13
    },
    "proc_imp_gain": {
        "avg": 0.09459130851521193,
        "med": 0.06315602101329798,
        "quart_1": 0.02557999905135877,
        "quart_3": 0.1363590998145896,
        "min": 2.2483158113040247e-07,
        "max": 0.36271375127963634,
        "stdv": 0.09294219758030761
    },
    "proc_imp_loss": {
        "avg": 0.08716869582403522,
        "med": 0.05582758368534191,
        "quart_1": 0.023772517723509745,
        "quart_3": 0.11382311070264783,
        "min": 0.0,
        "max": 0.41006715906759506,
        "stdv": 0.09088379255508967
    },
    "proc_price_imp": {
        "avg": 8.040146637380482e-14,
        "med": 4.367852233564187e-14,
        "quart_1": 2.0052496374548557e-14,
        "quart_3": 8.114729566906338e-14,
        "min": 0.0,
        "max": 1.2635299434544381e-11,
        "stdv": 2.542514358036832e-13
    }
}