{
    "cap_eff": {
        "avg": 0.0008674389688189876,
        "med": 0.0006959136431609614,
        "quart_1": 0.0003677219656821329,
        "quart_3": 0.0011316528731876163,
        "min": 4.619503113367784e-09,
        "max": 1.6705735628716099,
        "stdv": 0.0053386517089917315
    },
    "imp_gain": {
        "avg": 0.0008027653336918198,
        "med": 0.0004742939328821194,
        "quart_1": 0.00013626144046874344,
        "quart_3": 0.0011895254694076485,
        "min": 5.197193786443677e-10,
        "max": 0.012787699458385315,
        "stdv": 0.0009030409558524942
    },
    "imp_loss": {
        "avg": 0.0008733722940633488,
        "med": 0.0005774429509288748,
        "quart_1": 0.00018423047021387529,
        "quart_3": 0.0012714751378930522,
        "min": 0.0,
        "max": 0.009901457220657495,
        "stdv": 0.0009185412443732655
    },
    "price_imp": {
        "avg": 0.0012340488780021976,
        "med": 0.0011400701154474359,
        "quart_1": 0.0007386148802886461,
        "quart_3": 0.0015909426142095074,
        "min": 0.0,
        "max": 0.009728908748779552,
        "stdv": 0.0007367605234806359
    },
    "proc_cap_eff": {
        "avg": 0.0008442024909194872,
        "med": 0.0006956577835041111,
        "quart_1": 0.00036757762822947626,
        "quart_3": 0.0011309539655336986,
        "min": 4.619503113367784e-09,
        "max": 0.006505319004534105,
        "stdv": 0.0006785418049781599
    },
    "proc_imp_gain": {
        "avg": 0.0007994108462216997,
        "med": 0.0004739457984423989,
        "quart_1": 0.00013617166114987533,
        "quart_3": 0.001187986907276617,
        "min": 5.197193786443677e-10,
        "max": 0.006501507119140326,
        "stdv": 0.0008902788484094298
    },
    "proc_imp_loss": {
        "avg": 0.0008701657267736038,
        "med": 0.0005768860377399765,
        "quart_1": 0.0001841735969916325,
        "quart_3": 0.0012699514317715543,
        "min": 0.0,
        "max": 0.006648119439128686,
        "stdv": 0.0009073388769380407
    },
    "proc_price_imp": {
        "avg": 0.0012313064999948957,
        "med": 0.0011396926428750463,
        "quart_1": 0.0007384042958559869,
        "quart_3": 0.0015901322035374748,
        "min": 0.0,
        "max": 0.005896280923801335,
        "stdv": 0.0007264658136719375
    }
}