{
    "cap_eff": {
        "avg": 0.001395432387474143,
        "med": 0.0010414082496172372,
        "quart_1": 0.0005510251883393824,
        "quart_3": 0.001696304356542444,
        "min": 5.5490402051106e-08,
        "max": 12.083257820797936,
        "stdv": 0.03822414337453155
    },
    "imp_gain": {
        "avg": 0.0008096233997614977,
        "med": 0.00048669937622491943,
        "quart_1": 0.00013885964082838154,
        "quart_3": 0.0011956127857888355,
        "min": 4.20086965213784e-09,
        "max": 0.012768325372102707,
        "stdv": 0.0009055345622956681
    },
    "imp_loss": {
        "avg": 0.0008631513094496321,
        "med": 0.000561724833363475,
        "quart_1": 0.00017850642594074984,
        "quart_3": 0.0012601360305347642,
        "min": 0.0,
        "max": 0.009876591611466146,
        "stdv": 0.0009168442272127366
    },
    "price_imp": {
        "avg": 0.001849561829108865,
        "med": 0.0017085694089710541,
        "quart_1": 0.0011080934687551303,
        "quart_3": 0.0023833543728613124,
        "min": 0.0,
        "max": 0.014616822550046416,
        "stdv": 0.0011043724969999392
    },
    "proc_cap_eff": {
        "avg": 0.0012652378618884985,
        "med": 0.0010407973824907435,
        "quart_1": 0.000550783220461093,
        "quart_3": 0.001694791138049434,
        "min": 5.5490402051106e-08,
        "max": 0.009866141310858279,
        "stdv": 0.0010173403259593876
    },
    "proc_imp_gain": {
        "avg": 0.00080627089574232,
        "med": 0.000486221496730721,
        "quart_1": 0.00013879972254948747,
        "quart_3": 0.0011942954447734522,
        "min": 4.20086965213784e-09,
        "max": 0.006530338489190157,
        "stdv": 0.0008927722960463513
    },
    "proc_imp_loss": {
        "avg": 0.0008599388353071637,
        "med": 0.0005612153834595457,
        "quart_1": 0.00017841438113364028,
        "quart_3": 0.0012590524183684337,
        "min": 0.0,
        "max": 0.006598500319017875,
        "stdv": 0.0009056339100371593
    },
    "proc_price_imp": {
        "avg": 0.0018454407034505834,
        "med": 0.0017077593863700808,
        "quart_1": 0.00110748621533794,
        "quart_3": 0.0023824436940014793,
        "min": 0.0,
        "max": 0.00887933840216013,
        "stdv": 0.00108887188154611
    }
}