{
    "cap_eff": {
        "avg": 0.00024261410501596851,
        "med": 0.00020897485062632004,
        "quart_1": 0.00013334495121397616,
        "quart_3": 0.00031024059901207934,
        "min": 1.8362292131257618e-08,
        "max": 0.0018856948313723532,
        "stdv": 0.0001650730984970031
    },
    "imp_gain": {
        "avg": 0.0014551175128689542,
        "med": 0.00043961846468798527,
        "quart_1": 0.00011003550134658369,
        "quart_3": 0.0024541803272667417,
        "min": 2.220446049250313e-16,
        "max": 0.02007464402129422,
        "stdv": 0.0018254877312272866
    },
    "imp_loss": {
        "avg": 0.001080958594346179,
        "med": 0.00012807169913131577,
        "quart_1": 0.0,
        "quart_3": 0.0018051014098534601,
        "min": 0.0,
        "max": 0.020465613991280218,
        "stdv": 0.0016844000108535192
    },
    "price_imp": {
        "avg": 0.00038710897016482743,
        "med": 0.0003673840515664735,
        "quart_1": 0.000253990085872356,
        "quart_3": 0.0004940292680692344,
        "min": 2.7313771910120125e-08,
        "max": 0.0020541400675590177,
        "stdv": 0.00019554312545122567
    },
    "proc_cap_eff": {
        "avg": 0.00024203462530420793,
        "med": 0.0002089081479075272,
        "quart_1": 0.00013327115088213048,
        "quart_3": 0.0003100885981069945,
        "min": 1.8362292131257618e-08,
        "max": 0.0012928839793362457,
        "stdv": 0.00016300531686919945
    },
    "proc_imp_gain": {
        "avg": 0.0014488590475170433,
        "med": 0.00043825687557075277,
        "quart_1": 0.00010993402351355819,
        "quart_3": 0.002451232768987177,
        "min": 2.220446049250313e-16,
        "max": 0.012316419544503132,
        "stdv": 0.0018040362929665475
    },
    "proc_imp_loss": {
        "avg": 0.0010747929658849297,
        "med": 0.00012784882282179666,
        "quart_1": 0.0,
        "quart_3": 0.0018013301001692517,
        "min": 0.0,
        "max": 0.01186108298491828,
        "stdv": 0.0016616969249459304
    },
    "proc_price_imp": {
        "avg": 0.0003864942785442951,
        "med": 0.00036726945096873976,
        "quart_1": 0.0002539353129761615,
        "quart_3": 0.0004938155301159292,
        "min": 2.7313771910120125e-08,
        "max": 0.0015095381227892427,
        "stdv": 0.00019359256707936437
    }
}