{
    "cap_eff": {
        "avg": 0.003618634197667899,
        "med": 0.003120005029429551,
        "quart_1": 0.0019930867991252432,
        "quart_3": 0.004623869616662002,
        "min": 9.176319615278317e-08,
        "max": 0.027911508865474444,
        "stdv": 0.0024582509453017886
    },
    "imp_gain": {
        "avg": 0.0014619062592582063,
        "med": 0.00046532456595893557,
        "quart_1": 0.00011101878800579001,
        "quart_3": 0.002461868769156217,
        "min": 2.220446049250313e-16,
        "max": 0.0200573450525543,
        "stdv": 0.0018268692147145908
    },
    "imp_loss": {
        "avg": 0.0010758002328950947,
        "med": 0.00012717857901978213,
        "quart_1": 0.0,
        "quart_3": 0.0017969023035341314,
        "min": 0.0,
        "max": 0.020178062310105993,
        "stdv": 0.0016762198865274442
    },
    "price_imp": {
        "avg": 0.005765095456827065,
        "med": 0.005473240681940397,
        "quart_1": 0.003788529984436559,
        "quart_3": 0.007353815475745089,
        "min": 4.0718465321890986e-07,
        "max": 0.030372771865403318,
        "stdv": 0.002908012191296624
    },
    "proc_cap_eff": {
        "avg": 0.0036100105807714195,
        "med": 0.003118664888769329,
        "quart_1": 0.001992502566349086,
        "quart_3": 0.004620719472406443,
        "min": 9.176319615278317e-08,
        "max": 0.019287014986287376,
        "stdv": 0.0024275099167717787
    },
    "proc_imp_gain": {
        "avg": 0.0014556372840521068,
        "med": 0.00046189052339995484,
        "quart_1": 0.00011092424405223511,
        "quart_3": 0.002458647256312174,
        "min": 2.220446049250313e-16,
        "max": 0.012360403300286427,
        "stdv": 0.0018053544944847109
    },
    "proc_imp_loss": {
        "avg": 0.0010696888863950182,
        "med": 0.00012705298385751185,
        "quart_1": 0.0,
        "quart_3": 0.0017928813893663964,
        "min": 0.0,
        "max": 0.011756931570742646,
        "stdv": 0.0016538227929490642
    },
    "proc_price_imp": {
        "avg": 0.005755962450064071,
        "med": 0.005471318502199973,
        "quart_1": 0.0037877143495108883,
        "quart_3": 0.007349773158862855,
        "min": 4.0718465321890986e-07,
        "max": 0.02245595456138376,
        "stdv": 0.0028790702781558717
    }
}