{
    "cap_eff": {
        "avg": 4.464332986762101e-14,
        "med": 1.6653345369377348e-14,
        "quart_1": 7.549516567451064e-15,
        "quart_3": 3.064215547965432e-14,
        "min": 0.0,
        "max": 5.03783903482713e-10,
        "stdv": 1.9884786714339804e-12
    },
    "imp_gain": {
        "avg": 0.12415594585296795,
        "med": 0.08751224744893116,
        "quart_1": 0.0367303037436153,
        "quart_3": 0.17244396015965524,
        "min": 5.793061632619612e-07,
        "max": 0.7532210492442097,
        "stdv": 0.12413417884392927
    },
    "imp_loss": {
        "avg": 0.090568820844704,
        "med": 0.04770072284658389,
        "quart_1": 0.0,
        "quart_3": 0.13222159784640752,
        "min": 0.0,
        "max": 0.7511220065794377,
        "stdv": 0.12079780783137382
    },
    "price_imp": {
        "avg": 4.464343599554355e-14,
        "med": 1.65900200855029e-14,
        "quart_1": 7.554919598884735e-15,
        "quart_3": 3.0643365475911406e-14,
        "min": 0.0,
        "max": 5.037838379266254e-10,
        "stdv": 1.9884784519985406e-12
    },
    "proc_cap_eff": {
        "avg": 3.007362290173969e-14,
        "med": 1.6653345369377348e-14,
        "quart_1": 7.549516567451064e-15,
        "quart_3": 3.064215547965432e-14,
        "min": 0.0,
        "max": 4.0637493370354605e-12,
        "stdv": 9.209333793769069e-14
    },
    "proc_imp_gain": {
        "avg": 0.12384614172698209,
        "med": 0.08744094294997451,
        "quart_1": 0.036705718454396186,
        "quart_3": 0.17227676871367104,
        "min": 5.793061632619612e-07,
        "max": 0.7408260514524614,
        "stdv": 0.12338915106989191
    },
    "proc_imp_loss": {
        "avg": 0.09024355526310608,
        "med": 0.047621747732945474,
        "quart_1": 0.0,
        "quart_3": 0.1319491986389586,
        "min": 0.0,
        "max": 0.7381460585719835,
        "stdv": 0.1199486683230961
    },
    "proc_price_imp": {
        "avg": 3.00737322778027e-14,
        "med": 1.6574402937645567e-14,
        "quart_1": 7.549485573377831e-15,
        "quart_3": 3.061286994797996e-14,
        "min": 0.0,
        "max": 4.063745673148988e-12,
        "stdv": 9.209334641924094e-14
    }
}