{
    "cap_eff": {
        "avg": 0.0017471845113436028,
        "med": 0.0014464930915918384,
        "quart_1": 0.0007666403597297866,
        "quart_3": 0.0023691323200005776,
        "min": 1.0995807742109065e-07,
        "max": 0.014360034147500311,
        "stdv": 0.001367345210150712
    },
    "imp_gain": {
        "avg": 0.053980457966291605,
        "med": 0.045430330027655286,
        "quart_1": 0.02832464284521663,
        "quart_3": 0.08104817043069645,
        "min": 8.373693252128334e-07,
        "max": 0.14945008813435035,
        "stdv": 0.03295483457161474
    },
    "imp_loss": {
        "avg": 0.044082149924320135,
        "med": 0.044444886897490044,
        "quart_1": 0.0272074590884005,
        "quart_3": 0.06140004290116807,
        "min": 0.0,
        "max": 0.10001225450372342,
        "stdv": 0.021809205150690427
    },
    "price_imp": {
        "avg": 0.0024684722388840464,
        "med": 0.002247141514143859,
        "quart_1": 0.0014916403318972113,
        "quart_3": 0.0031083248632219626,
        "min": 2.1649575773257325e-07,
        "max": 0.01682859587260366,
        "stdv": 0.001493535334641301
    },
    "proc_cap_eff": {
        "avg": 0.0017424228471920754,
        "med": 0.0014459635479018296,
        "quart_1": 0.0007661608412675158,
        "quart_3": 0.0023671563562669418,
        "min": 1.0995807742109065e-07,
        "max": 0.010392410667803276,
        "stdv": 0.0013504960847964722
    },
    "proc_imp_gain": {
        "avg": 0.053934725800785316,
        "med": 0.045411183224514984,
        "quart_1": 0.028310515675118886,
        "quart_3": 0.08100211149621228,
        "min": 8.373693252128334e-07,
        "max": 0.14357712337515927,
        "stdv": 0.032899234922196756
    },
    "proc_imp_loss": {
        "avg": 0.04405531120197497,
        "med": 0.044434688405500467,
        "quart_1": 0.02719276091361278,
        "quart_3": 0.06137259754739405,
        "min": 0.0,
        "max": 0.09698168470331936,
        "stdv": 0.021781515550585447
    },
    "proc_price_imp": {
        "avg": 0.0024629252941749205,
        "med": 0.0022462756501379255,
        "quart_1": 0.0014911316953026142,
        "quart_3": 0.0031063733431178327,
        "min": 2.1649575773257325e-07,
        "max": 0.01237456323850002,
        "stdv": 0.0014725223145369093
    }
}