{
    "cap_eff": {
        "avg": 1.2029626340719559e-13,
        "med": 4.574118861455645e-14,
        "quart_1": 2.0650148258027912e-14,
        "quart_3": 8.504308368628699e-14,
        "min": 0.0,
        "max": 1.2010188399358412e-09,
        "stdv": 4.691172463456694e-12
    },
    "imp_gain": {
        "avg": 0.10685350179753358,
        "med": 0.10590580834110774,
        "quart_1": 0.05060935140976752,
        "quart_3": 0.16141119667433035,
        "min": 1.633050683569337e-06,
        "max": 0.2546089626286776,
        "stdv": 0.06342786067789137
    },
    "imp_loss": {
        "avg": 0.12203949713907354,
        "med": 0.095959816095046,
        "quart_1": 0.0329401384245247,
        "quart_3": 0.18721346715191756,
        "min": 0.0,
        "max": 0.4063691180577863,
        "stdv": 0.10389761150916717
    },
    "price_imp": {
        "avg": 1.202959830271063e-13,
        "med": 4.567777555080744e-14,
        "quart_1": 2.0683849685684413e-14,
        "quart_3": 8.497771704634032e-14,
        "min": 0.0,
        "max": 1.2010188769427672e-09,
        "stdv": 4.6911726659742895e-12
    },
    "proc_cap_eff": {
        "avg": 8.472656624235536e-14,
        "med": 4.5630166312093934e-14,
        "quart_1": 2.0650148258027912e-14,
        "quart_3": 8.482103908136196e-14,
        "min": 0.0,
        "max": 1.2493117651501962e-11,
        "stdv": 2.822934261991095e-13
    },
    "proc_imp_gain": {
        "avg": 0.10678130706800125,
        "med": 0.10588638889002921,
        "quart_1": 0.050564057479013824,
        "quart_3": 0.16129684555437462,
        "min": 1.633050683569337e-06,
        "max": 0.2507306904186464,
        "stdv": 0.06336094606957245
    },
    "proc_imp_loss": {
        "avg": 0.12189890359738113,
        "med": 0.09590494292888829,
        "quart_1": 0.03292046124799819,
        "quart_3": 0.18693996958311165,
        "min": 0.0,
        "max": 0.40421051108409545,
        "stdv": 0.10373174013208752
    },
    "proc_price_imp": {
        "avg": 8.47262785812661e-14,
        "med": 4.564885846860559e-14,
        "quart_1": 2.067311395436075e-14,
        "quart_3": 8.489943475232381e-14,
        "min": 0.0,
        "max": 1.2493086729345085e-11,
        "stdv": 2.822931086115485e-13
    }
}