{
    "cap_eff": {
        "avg": 8.225521169951815e-05,
        "med": 6.61821064456003e-05,
        "quart_1": 3.510202110268423e-05,
        "quart_3": 0.00010779178238878862,
        "min": 8.863262346281431e-10,
        "max": 0.04653913393300768,
        "stdv": 0.00022359701616404048
    },
    "imp_gain": {
        "avg": 0.0007898384845573578,
        "med": 0.000501538170467053,
        "quart_1": 0.00014714409164051645,
        "quart_3": 0.0011616774898617344,
        "min": 2.9753977059954195e-14,
        "max": 0.008422171462564076,
        "stdv": 0.0008573388363323418
    },
    "imp_loss": {
        "avg": 0.0007873272132855087,
        "med": 0.00048588964126794476,
        "quart_1": 0.00014643305416828234,
        "quart_3": 0.00115902012115765,
        "min": 0.0,
        "max": 0.008973216133973172,
        "stdv": 0.0008622826116897468
    },
    "price_imp": {
        "avg": 0.00012320431595492403,
        "med": 0.00010946915064207282,
        "quart_1": 7.139744991891414e-05,
        "quart_3": 0.00015179220482295773,
        "min": 0.0,
        "max": 0.3,
        "stdv": 0.001094723774127474
    },
    "proc_cap_eff": {
        "avg": 8.014771049372043e-05,
        "med": 6.615811995214216e-05,
        "quart_1": 3.5090104938739763e-05,
        "quart_3": 0.0001077119470066501,
        "min": 8.863262346281431e-10,
        "max": 0.0006250332460691066,
        "stdv": 6.398053522423866e-05
    },
    "proc_imp_gain": {
        "avg": 0.0007868187332134171,
        "med": 0.0005010436025545406,
        "quart_1": 0.00014699105760396236,
        "quart_3": 0.0011604082063076948,
        "min": 2.9753977059954195e-14,
        "max": 0.006098566584312737,
        "stdv": 0.0008467379387270595
    },
    "proc_imp_loss": {
        "avg": 0.0007842238952764992,
        "med": 0.0004855282426667884,
        "quart_1": 0.00014630302647566928,
        "quart_3": 0.0011575391160982829,
        "min": 0.0,
        "max": 0.006231001332079544,
        "stdv": 0.0008510656008941732
    },
    "proc_price_imp": {
        "avg": 0.00011788945465556607,
        "med": 0.00010942447611834186,
        "quart_1": 7.137756095825683e-05,
        "quart_3": 0.00015171045055573123,
        "min": 0.0,
        "max": 0.0005728365541560232,
        "stdv": 6.904612055508352e-05
    }
}