{
    "cap_eff": {
        "avg": 0.001143364254944724,
        "med": 0.0009880919552378575,
        "quart_1": 0.0006292534145082573,
        "quart_3": 0.0014641604751141624,
        "min": 1.6960667315046862e-08,
        "max": 0.008240466663071988,
        "stdv": 0.0007735420938592252
    },
    "imp_gain": {
        "avg": 0.0014230963090065946,
        "med": 0.0005784969988322786,
        "quart_1": 0.00012307323525839742,
        "quart_3": 0.00237206450417915,
        "min": 2.220446049250313e-16,
        "max": 0.01933780945651442,
        "stdv": 0.0017254364588364828
    },
    "imp_loss": {
        "avg": 0.001009155913754258,
        "med": 0.00013579103784266966,
        "quart_1": 0.0,
        "quart_3": 0.0016840138530545001,
        "min": 0.0,
        "max": 0.01751123126953691,
        "stdv": 0.0015793190277201927
    },
    "price_imp": {
        "avg": 0.001840576423332285,
        "med": 0.0017522445298513096,
        "quart_1": 0.0012169242785269087,
        "quart_3": 0.0023442233298620963,
        "min": 1.578298171516927e-07,
        "max": 0.009151695112987107,
        "stdv": 0.0009173359374912009
    },
    "proc_cap_eff": {
        "avg": 0.001140653854216004,
        "med": 0.0009877551072267066,
        "quart_1": 0.0006290763153791179,
        "quart_3": 0.0014631103671225443,
        "min": 1.6960667315046862e-08,
        "max": 0.0060224128061845406,
        "stdv": 0.0007639070784373112
    },
    "proc_imp_gain": {
        "avg": 0.0014172730134170857,
        "med": 0.0005780018936905051,
        "quart_1": 0.00012305015268831987,
        "quart_3": 0.002369089027792093,
        "min": 2.220446049250313e-16,
        "max": 0.01150051645874517,
        "stdv": 0.0017057397050707684
    },
    "proc_imp_loss": {
        "avg": 0.00100345127412022,
        "med": 0.00013553684910116992,
        "quart_1": 0.0,
        "quart_3": 0.001680808899849895,
        "min": 0.0,
        "max": 0.010845994982066731,
        "stdv": 0.0015586735988401396
    },
    "proc_price_imp": {
        "avg": 0.0018378029831928684,
        "med": 0.0017518892662050326,
        "quart_1": 0.0012166523937665158,
        "quart_3": 0.002343009783411949,
        "min": 1.578298171516927e-07,
        "max": 0.006923537461355052,
        "stdv": 0.0009088935110271151
    }
}