{
    "cap_eff": {
        "avg": 0.002282241112223033,
        "med": 0.001973678597830375,
        "quart_1": 0.0012575505025915756,
        "quart_3": 0.002922089891273405,
        "min": 3.7188613521976777e-08,
        "max": 0.016411962589876428,
        "stdv": 0.0015421703402177086
    },
    "imp_gain": {
        "avg": 0.0014291459332292963,
        "med": 0.0005842133301157126,
        "quart_1": 0.00012666718197551496,
        "quart_3": 0.002378441229718309,
        "min": 2.220446049250313e-16,
        "max": 0.019337615638195915,
        "stdv": 0.0017263847746067382
    },
    "imp_loss": {
        "avg": 0.0010052666275347003,
        "med": 0.000132569170155028,
        "quart_1": 0.0,
        "quart_3": 0.0016771876624610549,
        "min": 0.0,
        "max": 0.017440197544522196,
        "stdv": 0.0015758882869956268
    },
    "price_imp": {
        "avg": 0.003672257463847626,
        "med": 0.0034974642448558375,
        "quart_1": 0.0024289443855868673,
        "quart_3": 0.004674767973457014,
        "min": 3.1440129813174455e-07,
        "max": 0.01821891774488261,
        "stdv": 0.001828989549358251
    },
    "proc_cap_eff": {
        "avg": 0.0022768497035193067,
        "med": 0.0019730932683874602,
        "quart_1": 0.0012573135668869084,
        "quart_3": 0.002919729313445585,
        "min": 3.7188613521976777e-08,
        "max": 0.012007652286815773,
        "stdv": 0.0015230532727025187
    },
    "proc_imp_gain": {
        "avg": 0.0014233256679950076,
        "med": 0.0005827839179382011,
        "quart_1": 0.0001265790692790425,
        "quart_3": 0.002376192653576803,
        "min": 2.220446049250313e-16,
        "max": 0.011504103058750825,
        "stdv": 0.0017067103472157101
    },
    "proc_imp_loss": {
        "avg": 0.0009995864760259953,
        "med": 0.0001322691617606786,
        "quart_1": 0.0,
        "quart_3": 0.0016734615037418132,
        "min": 0.0,
        "max": 0.010806467763040506,
        "stdv": 0.0015553660292573586
    },
    "proc_price_imp": {
        "avg": 0.003666734843536084,
        "med": 0.003496179062632327,
        "quart_1": 0.0024284637366825236,
        "quart_3": 0.004672737218459668,
        "min": 3.1440129813174455e-07,
        "max": 0.01379784834899314,
        "stdv": 0.0018122025121794926
    }
}