{
    "cap_eff": {
        "avg": 0.0002289691296131082,
        "med": 0.00019781384905565025,
        "quart_1": 0.00012588502771326837,
        "quart_3": 0.0002932718010207891,
        "min": 2.177912850065411e-09,
        "max": 0.0016536948938412621,
        "stdv": 0.0001550496491752815
    },
    "imp_gain": {
        "avg": 0.0014248257590103001,
        "med": 0.0005801035206431937,
        "quart_1": 0.0001253479592264739,
        "quart_3": 0.002372894497446376,
        "min": 3.294629058459009e-08,
        "max": 0.01933786199406584,
        "stdv": 0.001724998199595381
    },
    "imp_loss": {
        "avg": 0.00100866237544594,
        "med": 0.00013248131432985755,
        "quart_1": 0.0,
        "quart_3": 0.0016834862373276138,
        "min": 0.0,
        "max": 0.017578137253002946,
        "stdv": 0.0015803033479137622
    },
    "price_imp": {
        "avg": 0.0003688094780049699,
        "med": 0.0003510834944531559,
        "quart_1": 0.0002437010796598017,
        "quart_3": 0.0004697809654461854,
        "min": 3.524630968952409e-08,
        "max": 0.0018372308445769774,
        "stdv": 0.00018388501273961818
    },
    "proc_cap_eff": {
        "avg": 0.00022842462809384738,
        "med": 0.00019773949897516907,
        "quart_1": 0.00012583496206947098,
        "quart_3": 0.0002931031474723289,
        "min": 2.177912850065411e-09,
        "max": 0.0012074618494044564,
        "stdv": 0.00015310915525106205
    },
    "proc_imp_gain": {
        "avg": 0.0014190077404556262,
        "med": 0.000579038683708788,
        "quart_1": 0.000125224410006064,
        "quart_3": 0.002369968450461446,
        "min": 3.294629058459009e-08,
        "max": 0.011506194479890208,
        "stdv": 0.0017053371503106584
    },
    "proc_imp_loss": {
        "avg": 0.0010029498417773897,
        "med": 0.00013227028552942333,
        "quart_1": 0.0,
        "quart_3": 0.0016806530147288612,
        "min": 0.0,
        "max": 0.010859589884889775,
        "stdv": 0.0015596017576092807
    },
    "proc_price_imp": {
        "avg": 0.00036825277552653547,
        "med": 0.0003509857154957763,
        "quart_1": 0.00024366119648198926,
        "quart_3": 0.00046950349198332135,
        "min": 3.524630968952409e-08,
        "max": 0.0013887085830835161,
        "stdv": 0.00018218788675608216
    }
}