{
    "cap_eff": {
        "avg": 0.027798147795899487,
        "med": 0.0038004913685579234,
        "quart_1": 0.0017976298630708598,
        "quart_3": 0.006603291476489859,
        "min": 1.9825272534745864e-09,
        "max": 1.5248043506834792,
        "stdv": 0.11571769231985489
    },
    "imp_gain": {
        "avg": 9.25115529373092,
        "med": 2.1263893310372093,
        "quart_1": 0.023170872624179495,
        "quart_3": 13.304234441278199,
        "min": 3.5108491225344096e-08,
        "max": 287.77821715679823,
        "stdv": 15.925911541042904
    },
    "imp_loss": {
        "avg": 0.35757010513221943,
        "med": 0.03167624214004594,
        "quart_1": 0.0,
        "quart_3": 0.9037194522462655,
        "min": 0.0,
        "max": 0.9965371349340486,
        "stdv": 0.4283066007024049
    },
    "price_imp": {
        "avg": 0.017889903336277206,
        "med": 0.006693064413791092,
        "quart_1": 0.003733178433753874,
        "quart_3": 0.009872309674109656,
        "min": 5.091974784424645e-08,
        "max": 2.2993568105531015,
        "stdv": 0.06242562511712385
    },
    "proc_cap_eff": {
        "avg": 0.02732566996801,
        "med": 0.00379831962791366,
        "quart_1": 0.0017969173456436893,
        "quart_3": 0.006597636146854269,
        "min": 1.9825272534745864e-09,
        "max": 0.965093786789563,
        "stdv": 0.11375626995900331
    },
    "proc_imp_gain": {
        "avg": 9.156973576218292,
        "med": 2.1168142207270506,
        "quart_1": 0.023152901078070887,
        "quart_3": 13.283336136627518,
        "min": 3.5108491225344096e-08,
        "max": 180.3618085949917,
        "stdv": 15.349648153595304
    },
    "proc_imp_loss": {
        "avg": 0.35725154027911066,
        "med": 0.031577413151233524,
        "quart_1": 0.0,
        "quart_3": 0.9034989942846388,
        "min": 0.0,
        "max": 0.9940356409534838,
        "stdv": 0.4281766026412703
    },
    "proc_price_imp": {
        "avg": 0.017203943633193854,
        "med": 0.006690278583199632,
        "quart_1": 0.0037322476941276115,
        "quart_3": 0.009868119806190366,
        "min": 5.091974784424645e-08,
        "max": 1.026665831126517,
        "stdv": 0.05369450281973431
    }
}