{
    "cap_eff": {
        "avg": 0.14064428788780378,
        "med": 0.0010136304373825622,
        "quart_1": 0.0006392753932460415,
        "quart_3": 0.0016477728833230176,
        "min": 4.038384360249836e-08,
        "max": 6592.40601061739,
        "stdv": 26.437254081197676
    },
    "imp_gain": {
        "avg": 4.4042338694004135,
        "med": 0.8708125890609093,
        "quart_1": 0.0002985280525384937,
        "quart_3": 5.286866806136305,
        "min": 2.220446049250313e-16,
        "max": 212.8428869899805,
        "stdv": 10.72145193197324
    },
    "imp_loss": {
        "avg": 0.3560813425380851,
        "med": 0.0016926117109534733,
        "quart_1": 0.0,
        "quart_3": 0.8920571067128684,
        "min": 0.0,
        "max": 0.9972755254142479,
        "stdv": 0.436900086100102
    },
    "price_imp": {
        "avg": 0.4069615606230618,
        "med": 0.0018310255855663801,
        "quart_1": 0.001220171984919611,
        "quart_3": 0.0025721961270778115,
        "min": 2.461435122066649e-07,
        "max": 2886.1116636579363,
        "stdv": 19.990866260334943
    },
    "proc_cap_eff": {
        "avg": 0.02560608951700591,
        "med": 0.0010132943057218347,
        "quart_1": 0.0006391288523450722,
        "quart_3": 0.0016464148226869035,
        "min": 4.038384360249836e-08,
        "max": 5.917398188226203,
        "stdv": 0.14842547028601016
    },
    "proc_imp_gain": {
        "avg": 4.309952626952933,
        "med": 0.866239948106069,
        "quart_1": 0.00029736654206424795,
        "quart_3": 5.279468630556568,
        "min": 2.220446049250313e-16,
        "max": 176.03287040341462,
        "stdv": 9.856790470902952
    },
    "proc_imp_loss": {
        "avg": 0.35576159101121735,
        "med": 0.0016813812713194487,
        "quart_1": 0.0,
        "quart_3": 0.8918502783075255,
        "min": 0.0,
        "max": 0.9939357651369861,
        "stdv": 0.43677498180112195
    },
    "proc_price_imp": {
        "avg": 0.1027728033808328,
        "med": 0.0018306442937951553,
        "quart_1": 0.0012194914601625475,
        "quart_3": 0.0025708580931907074,
        "min": 2.461435122066649e-07,
        "max": 148.10872418046358,
        "stdv": 2.2371767472140243
    }
}