{
    "cap_eff": {
        "avg": 0.07969286986221596,
        "med": 0.0030298100767902625,
        "quart_1": 0.0019119246975491944,
        "quart_3": 0.004924914235671762,
        "min": 6.127263585398168e-07,
        "max": 2327.177820267021,
        "stdv": 9.348215725266394
    },
    "imp_gain": {
        "avg": 4.752739862689856,
        "med": 0.7655763913993525,
        "quart_1": 0.00028376815279407275,
        "quart_3": 5.57739630102598,
        "min": 2.220446049250313e-16,
        "max": 212.8392933629152,
        "stdv": 10.853265479992594
    },
    "imp_loss": {
        "avg": 0.32622266650721554,
        "med": 0.0017132973882252323,
        "quart_1": 0.0,
        "quart_3": 0.8018051452494444,
        "min": 0.0,
        "max": 0.9914133426142855,
        "stdv": 0.40384266390998047
    },
    "price_imp": {
        "avg": 0.20189143844893334,
        "med": 0.005452673211831182,
        "quart_1": 0.0036339535320470454,
        "quart_3": 0.007643341279524965,
        "min": 7.34136019669062e-07,
        "max": 1025.2933161861358,
        "stdv": 7.940740434845782
    },
    "proc_cap_eff": {
        "avg": 0.03339795923142558,
        "med": 0.0030287768177746366,
        "quart_1": 0.001911514585311358,
        "quart_3": 0.00491857436915899,
        "min": 6.127263585398168e-07,
        "max": 6.4706958147630855,
        "stdv": 0.1756463642386135
    },
    "proc_imp_gain": {
        "avg": 4.6578202402041065,
        "med": 0.7655763913993525,
        "quart_1": 0.00028302175598593493,
        "quart_3": 5.566444565299648,
        "min": 2.220446049250313e-16,
        "max": 178.10332384019082,
        "stdv": 9.987668095187125
    },
    "proc_imp_loss": {
        "avg": 0.3258922052035009,
        "med": 0.0017047624187639387,
        "quart_1": 0.0,
        "quart_3": 0.8014926500158261,
        "min": 0.0,
        "max": 0.9791722530857718,
        "stdv": 0.4036730980248905
    },
    "proc_price_imp": {
        "avg": 0.07075311658486085,
        "med": 0.005451053879592606,
        "quart_1": 0.0036332987333035226,
        "quart_3": 0.007638036890294015,
        "min": 7.34136019669062e-07,
        "max": 68.97255129734921,
        "stdv": 1.0814372782295862
    }
}