{
    "cap_eff": {
        "avg": 2.933394318471317e-14,
        "med": 1.4432899320127035e-14,
        "quart_1": 6.772360450213455e-15,
        "quart_3": 2.653433028854124e-14,
        "min": 0.0,
        "max": 1.780575686893826e-11,
        "stdv": 1.8574124292923156e-13
    },
    "imp_gain": {
        "avg": 0.13633646303133237,
        "med": 0.09891179462480837,
        "quart_1": 0.047442266648404896,
        "quart_3": 0.18552216080960893,
        "min": 3.6219681762705846e-06,
        "max": 0.7468025530752342,
        "stdv": 0.12472336924647515
    },
    "imp_loss": {
        "avg": 0.11261529030361403,
        "med": 0.06513667671896017,
        "quart_1": 0.0,
        "quart_3": 0.17416754273402424,
        "min": 0.0,
        "max": 0.9746149840497587,
        "stdv": 0.1390144825228513
    },
    "price_imp": {
        "avg": 2.933344167970947e-14,
        "med": 1.442039915799656e-14,
        "quart_1": 6.765364512354956e-15,
        "quart_3": 2.655846358617019e-14,
        "min": 0.0,
        "max": 1.7805714236161072e-11,
        "stdv": 1.857412579969844e-13
    },
    "proc_cap_eff": {
        "avg": 2.6046494389875043e-14,
        "med": 1.4432899320127035e-14,
        "quart_1": 6.772360450213455e-15,
        "quart_3": 2.653433028854124e-14,
        "min": 0.0,
        "max": 2.6922908347160046e-12,
        "stdv": 7.432762751240251e-14
    },
    "proc_imp_gain": {
        "avg": 0.13604321579688736,
        "med": 0.09884820231052971,
        "quart_1": 0.0474242563491275,
        "quart_3": 0.18540646691630924,
        "min": 3.6219681762705846e-06,
        "max": 0.7121457954893613,
        "stdv": 0.1240624785084084
    },
    "proc_imp_loss": {
        "avg": 0.1121970344887577,
        "med": 0.0650188121930857,
        "quart_1": 0.0,
        "quart_3": 0.17391102145142412,
        "min": 0.0,
        "max": 0.9339749339697451,
        "stdv": 0.13778505082276563
    },
    "proc_price_imp": {
        "avg": 2.604599339510156e-14,
        "med": 1.4413982656282175e-14,
        "quart_1": 6.761963543554354e-15,
        "quart_3": 2.653045103966532e-14,
        "min": 0.0,
        "max": 2.692238821119738e-12,
        "stdv": 7.432780520180625e-14
    }
}