{
    "cap_eff": {
        "avg": 1.0272811606139475e-13,
        "med": 4.451994328746878e-14,
        "quart_1": 1.9984014443252818e-14,
        "quart_3": 8.548717289613705e-14,
        "min": 0.0,
        "max": 2.5161606131973713e-10,
        "stdv": 1.5154636349226813e-12
    },
    "imp_gain": {
        "avg": 0.10179667939082458,
        "med": 0.07384531208155787,
        "quart_1": 0.0366616489431395,
        "quart_3": 0.15461528061196184,
        "min": 1.8166428092936115e-06,
        "max": 0.3423396207794813,
        "stdv": 0.08424551395611979
    },
    "imp_loss": {
        "avg": 0.1334784865995157,
        "med": 0.08317406336630306,
        "quart_1": 0.03398631811706887,
        "quart_3": 0.14704221201457113,
        "min": 0.0,
        "max": 0.7365845593584569,
        "stdv": 0.15951985341199124
    },
    "price_imp": {
        "avg": 1.0272827065932023e-13,
        "med": 4.448528227708541e-14,
        "quart_1": 2.0033214913800947e-14,
        "quart_3": 8.548554946874424e-14,
        "min": 0.0,
        "max": 2.5161605157745637e-10,
        "stdv": 1.5154634332394215e-12
    },
    "proc_cap_eff": {
        "avg": 8.36444785524188e-14,
        "med": 4.440892098500626e-14,
        "quart_1": 1.9984014443252818e-14,
        "quart_3": 8.548717289613705e-14,
        "min": 0.0,
        "max": 9.786949028978142e-12,
        "stdv": 2.462865604272515e-13
    },
    "proc_imp_gain": {
        "avg": 0.10167793370741601,
        "med": 0.07379155078764543,
        "quart_1": 0.03664722574633816,
        "quart_3": 0.15444085490363868,
        "min": 1.8166428092936115e-06,
        "max": 0.34018700150322734,
        "stdv": 0.0840976660829745
    },
    "proc_imp_loss": {
        "avg": 0.13317927968435866,
        "med": 0.08313466324648555,
        "quart_1": 0.03395763275725605,
        "quart_3": 0.14690558347683302,
        "min": 0.0,
        "max": 0.7295843195586711,
        "stdv": 0.15899652927047345
    },
    "proc_price_imp": {
        "avg": 8.36446335337713e-14,
        "med": 4.4453302666660975e-14,
        "quart_1": 2.0023253597303333e-14,
        "quart_3": 8.541483642291157e-14,
        "min": 0.0,
        "max": 9.786916513237016e-12,
        "stdv": 2.4628639468072363e-13
    }
}