{
    "cap_eff": {
        "avg": 0.0005945070323756691,
        "med": 0.00041752404595607473,
        "quart_1": 0.00021698552962168272,
        "quart_3": 0.0007119529773695898,
        "min": 1.086596790322858e-08,
        "max": 0.596253168694047,
        "stdv": 0.0023828035256783443
    },
    "imp_gain": {
        "avg": 0.0010165907228766981,
        "med": 0.0006023574891914629,
        "quart_1": 0.0001977815137959027,
        "quart_3": 0.0014407007180743392,
        "min": 5.551115123125783e-15,
        "max": 0.017376044354811437,
        "stdv": 0.0011768867054256424
    },
    "imp_loss": {
        "avg": 0.0012239932922330737,
        "med": 0.0008363473538476329,
        "quart_1": 0.00033659576724742735,
        "quart_3": 0.001707666183922707,
        "min": 0.0,
        "max": 0.016164265133928546,
        "stdv": 0.0012516673385951553
    },
    "price_imp": {
        "avg": 0.0007872395150022029,
        "med": 0.0006676815803108055,
        "quart_1": 0.000400034136552903,
        "quart_3": 0.0010370515006278913,
        "min": 6.040236419362317e-09,
        "max": 0.007768162912630164,
        "stdv": 0.0005606692056009568
    },
    "proc_cap_eff": {
        "avg": 0.0005691277325964431,
        "med": 0.00041728814411795545,
        "quart_1": 0.00021691486578367947,
        "quart_3": 0.0007114567364561175,
        "min": 1.086596790322858e-08,
        "max": 0.014823734122878629,
        "stdv": 0.0006506595298846892
    },
    "proc_imp_gain": {
        "avg": 0.0010114215114071488,
        "med": 0.0006018844261896916,
        "quart_1": 0.00019758750154563742,
        "quart_3": 0.0014390664434860145,
        "min": 5.551115123125783e-15,
        "max": 0.009833331635937137,
        "stdv": 0.001153614404973669
    },
    "proc_imp_loss": {
        "avg": 0.0012189588447561888,
        "med": 0.0008356777175528851,
        "quart_1": 0.00033647628520949713,
        "quart_3": 0.001705429757553778,
        "min": 0.0,
        "max": 0.009975597176103634,
        "stdv": 0.0012312089433057516
    },
    "proc_price_imp": {
        "avg": 0.0007850237736471686,
        "med": 0.0006673525773206377,
        "quart_1": 0.00039987710287485467,
        "quart_3": 0.00103623715080987,
        "min": 6.040236419362317e-09,
        "max": 0.0045708021596218675,
        "stdv": 0.000551731461718436
    }
}