{
    "cap_eff": {
        "avg": 0.0011816840349699181,
        "med": 0.0008342969595791505,
        "quart_1": 0.00043297591140911695,
        "quart_3": 0.0014221261133749996,
        "min": 1.551632289320537e-08,
        "max": 0.8195012515566265,
        "stdv": 0.0041521229090927154
    },
    "imp_gain": {
        "avg": 0.0010246117575490486,
        "med": 0.0006092077830635034,
        "quart_1": 0.00020234613994007944,
        "quart_3": 0.001453531197807667,
        "min": 3.9968028886505635e-15,
        "max": 0.016837559252535383,
        "stdv": 0.0011829917587999634
    },
    "imp_loss": {
        "avg": 0.0012434138008134074,
        "med": 0.0008545933589246824,
        "quart_1": 0.0003538256000461537,
        "quart_3": 0.0017307515850365496,
        "min": 0.0,
        "max": 0.016112990865224996,
        "stdv": 0.0012528384783927233
    },
    "price_imp": {
        "avg": 0.0015754544546642741,
        "med": 0.0013354235959962388,
        "quart_1": 0.0007995121966665721,
        "quart_3": 0.0020748760711057296,
        "min": 1.931523539876124e-07,
        "max": 0.015103582259949538,
        "stdv": 0.0011206511546261344
    },
    "proc_cap_eff": {
        "avg": 0.00113617079636298,
        "med": 0.0008338336306722982,
        "quart_1": 0.0004327390432864453,
        "quart_3": 0.0014210028573863331,
        "min": 1.551632289320537e-08,
        "max": 0.028409330399727706,
        "stdv": 0.0012809182092769105
    },
    "proc_imp_gain": {
        "avg": 0.0010194475250522171,
        "med": 0.0006086335194883663,
        "quart_1": 0.0002023175874537042,
        "quart_3": 0.0014518409223477358,
        "min": 3.9968028886505635e-15,
        "max": 0.00982904297898779,
        "stdv": 0.0011599363262679513
    },
    "proc_imp_loss": {
        "avg": 0.001238528745944508,
        "med": 0.0008542206525472551,
        "quart_1": 0.00035369706541277246,
        "quart_3": 0.0017290769010287477,
        "min": 0.0,
        "max": 0.009897085059304533,
        "stdv": 0.0012336393221719921
    },
    "proc_price_imp": {
        "avg": 0.0015710646856449534,
        "med": 0.0013349609428368705,
        "quart_1": 0.0007992264416152669,
        "quart_3": 0.0020736128337516583,
        "min": 1.931523539876124e-07,
        "max": 0.009069323289147151,
        "stdv": 0.0011027759730471104
    }
}