{
    "cap_eff": {
        "avg": 0.03095357023237901,
        "med": 0.003750662089491208,
        "quart_1": 0.0017193380885480725,
        "quart_3": 0.006455850852066902,
        "min": 4.723935975725624e-08,
        "max": 1.9051660443726162,
        "stdv": 0.128690081802339
    },
    "imp_gain": {
        "avg": 13.256551720256216,
        "med": 2.353148395238806,
        "quart_1": 0.05124824205785372,
        "quart_3": 11.946354353390722,
        "min": 2.220446049250313e-16,
        "max": 584.0305624010373,
        "stdv": 35.21536820090259
    },
    "imp_loss": {
        "avg": 0.3664757792611871,
        "med": 0.06687537200475002,
        "quart_1": 0.0,
        "quart_3": 0.883691898888713,
        "min": 0.0,
        "max": 0.9982906875909254,
        "stdv": 0.4206795983983422
    },
    "price_imp": {
        "avg": 0.024272112646530883,
        "med": 0.0067322761955487705,
        "quart_1": 0.003647217581656699,
        "quart_3": 0.009974154715998763,
        "min": 9.822717629504974e-08,
        "max": 6.880579200592825,
        "stdv": 0.1375065947923786
    },
    "proc_cap_eff": {
        "avg": 0.030465744350630774,
        "med": 0.0037486062768643524,
        "quart_1": 0.0017186707018576053,
        "quart_3": 0.0064492315809868694,
        "min": 4.723935975725624e-08,
        "max": 0.9679151085044665,
        "stdv": 0.12678129599860855
    },
    "proc_imp_gain": {
        "avg": 13.016970341824374,
        "med": 2.3519730958165828,
        "quart_1": 0.05117503944602353,
        "quart_3": 11.93873462972884,
        "min": 2.220446049250313e-16,
        "max": 408.06960194761433,
        "stdv": 33.53947646491665
    },
    "proc_imp_loss": {
        "avg": 0.3661601209470761,
        "med": 0.06675807233377229,
        "quart_1": 0.0,
        "quart_3": 0.8833778793598613,
        "min": 0.0,
        "max": 0.9974410015725612,
        "stdv": 0.4205477530560155
    },
    "proc_price_imp": {
        "avg": 0.022546477257677083,
        "med": 0.006730206141863392,
        "quart_1": 0.0036443199834954084,
        "quart_3": 0.009966401354004447,
        "min": 9.822717629504974e-08,
        "max": 2.655970688040949,
        "stdv": 0.1117117877758458
    }
}