{
    "cap_eff": {
        "avg": 3.411227575534927e-14,
        "med": 1.4099832412739488e-14,
        "quart_1": 5.329070518200751e-15,
        "quart_3": 2.6867397195928788e-14,
        "min": 0.0,
        "max": 7.598355278304325e-11,
        "stdv": 5.499077825191394e-13
    },
    "imp_gain": {
        "avg": 1.63161608663961,
        "med": 0.5571754741429793,
        "quart_1": 0.08632037179650154,
        "quart_3": 1.3680950991633436,
        "min": 5.207244365479369e-06,
        "max": 43.203461124780524,
        "stdv": 3.9557630308037193
    },
    "imp_loss": {
        "avg": 0.4309148835227117,
        "med": 0.16051778358785984,
        "quart_1": 0.0,
        "quart_3": 0.9938234414535949,
        "min": 0.0,
        "max": 0.9999995242386387,
        "stdv": 0.449977729745043
    },
    "price_imp": {
        "avg": 3.411133023215859e-14,
        "med": 1.4096626457857363e-14,
        "quart_1": 5.319270406128963e-15,
        "quart_3": 2.6869816336891344e-14,
        "min": 0.0,
        "max": 7.598358618502732e-11,
        "stdv": 5.499078901254815e-13
    },
    "proc_cap_eff": {
        "avg": 2.6379515302429183e-14,
        "med": 1.4099832412739488e-14,
        "quart_1": 5.329070518200751e-15,
        "quart_3": 2.6867397195928788e-14,
        "min": 0.0,
        "max": 3.7247982476174e-12,
        "stdv": 8.46419128717223e-14
    },
    "proc_imp_gain": {
        "avg": 1.6108452682969663,
        "med": 0.5558503034819704,
        "quart_1": 0.08627727067671387,
        "quart_3": 1.3670584200434202,
        "min": 5.207244365479369e-06,
        "max": 43.203461124780524,
        "stdv": 3.846032609421965
    },
    "proc_imp_loss": {
        "avg": 0.43063055208523215,
        "med": 0.15960548447357292,
        "quart_1": 0.0,
        "quart_3": 0.9937990654427908,
        "min": 0.0,
        "max": 0.9999991311676808,
        "stdv": 0.4499102497163327
    },
    "proc_price_imp": {
        "avg": 2.637857028362035e-14,
        "med": 1.4083541471727269e-14,
        "quart_1": 5.315248518238076e-15,
        "quart_3": 2.68412847703274e-14,
        "min": 0.0,
        "max": 3.724842715370872e-12,
        "stdv": 8.464220763340133e-14
    }
}