{
    "cap_eff": {
        "avg": 5.1870024545189436e-15,
        "med": 6.661338147750939e-16,
        "quart_1": 2.220446049250313e-16,
        "quart_3": 1.7763568394002505e-15,
        "min": 0.0,
        "max": 2.8332891588433995e-12,
        "stdv": 4.611556384327778e-14
    },
    "imp_gain": {
        "avg": 0.0005135463028567988,
        "med": 0.0006155236992129165,
        "quart_1": 0.00038885878559180576,
        "quart_3": 0.0006155236992129165,
        "min": 2.636944198508573e-05,
        "max": 0.0006155236992129165,
        "stdv": 0.00019852097084941704
    },
    "imp_loss": {
        "avg": 0.9555181571447466,
        "med": 0.9977146821330813,
        "quart_1": 0.9842722063018542,
        "quart_3": 0.9998268425709227,
        "min": 0.0,
        "max": 0.9999999881361983,
        "stdv": 0.1519524556699373
    },
    "price_imp": {
        "avg": 5.180803209384369e-15,
        "med": 7.244364865598605e-16,
        "quart_1": 2.5527490699967943e-16,
        "quart_3": 1.785465427427924e-15,
        "min": 0.0,
        "max": 2.8331794970944723e-12,
        "stdv": 4.6115875376823425e-14
    },
    "proc_cap_eff": {
        "avg": 4.312721009123542e-15,
        "med": 6.661338147750939e-16,
        "quart_1": 2.220446049250313e-16,
        "quart_3": 1.7763568394002505e-15,
        "min": 0.0,
        "max": 9.78328529299688e-13,
        "stdv": 2.1893367983085637e-14
    },
    "proc_imp_gain": {
        "avg": 0.0005135463028567988,
        "med": 0.0006155236992129165,
        "quart_1": 0.00038885878559180576,
        "quart_3": 0.0006155236992129165,
        "min": 2.636944198508573e-05,
        "max": 0.0006155236992129165,
        "stdv": 0.00019852097084941704
    },
    "proc_imp_loss": {
        "avg": 0.9559920521318058,
        "med": 0.99771896481066,
        "quart_1": 0.9843040001196712,
        "quart_3": 0.9998268425709227,
        "min": 0.006181695228718587,
        "max": 0.9999999881361983,
        "stdv": 0.15049770270318802
    },
    "proc_price_imp": {
        "avg": 4.3065263607994364e-15,
        "med": 7.239883812618405e-16,
        "quart_1": 2.551112567784522e-16,
        "quart_3": 1.7815752647806278e-15,
        "min": 0.0,
        "max": 9.783414575419326e-13,
        "stdv": 2.1894490072702814e-14
    }
}