{
    "cap_eff": {
        "avg": 0.24049183452784545,
        "med": 0.0025891378100363904,
        "quart_1": 0.0012884411715174404,
        "quart_3": 0.005949042362721868,
        "min": 5.888847343094028e-08,
        "max": 6412.625180120708,
        "stdv": 27.127906232292876
    },
    "imp_gain": {
        "avg": 0.0004317983726461472,
        "med": 0.0005024688752695017,
        "quart_1": 2.8928969489028233e-05,
        "quart_3": 0.0006155236992129165,
        "min": 2.8928969489028233e-05,
        "max": 0.0007711298419001977,
        "stdv": 0.0002609145469018979
    },
    "imp_loss": {
        "avg": 0.7491659819001427,
        "med": 0.7686849198383443,
        "quart_1": 0.6893814054101679,
        "quart_3": 0.8514918248937098,
        "min": 0.0,
        "max": 1.000394721649007,
        "stdv": 0.15360750854694288
    },
    "price_imp": {
        "avg": 0.5741208458691153,
        "med": 0.0016978843570362827,
        "quart_1": 0.0008714065068260911,
        "quart_3": 0.003011834662588908,
        "min": 1.174815678239573e-06,
        "max": 2229.4597045146306,
        "stdv": 23.248034020470293
    },
    "proc_cap_eff": {
        "avg": 0.02071907976607957,
        "med": 0.002588121224062101,
        "quart_1": 0.001287843306605363,
        "quart_3": 0.0059367490774135945,
        "min": 5.888847343094028e-08,
        "max": 9.267237561855627,
        "stdv": 0.14400541123300734
    },
    "proc_imp_gain": {
        "avg": 0.0004317983726461472,
        "med": 0.0005024688752695017,
        "quart_1": 2.8928969489028233e-05,
        "quart_3": 0.0006155236992129165,
        "min": 2.8928969489028233e-05,
        "max": 0.0007711298419001977,
        "stdv": 0.0002609145469018979
    },
    "proc_imp_loss": {
        "avg": 0.749537166641957,
        "med": 0.7688460064054033,
        "quart_1": 0.6894964757180028,
        "quart_3": 0.8515196824919181,
        "min": 0.006507469996365756,
        "max": 1.000394721649007,
        "stdv": 0.1527418535794307
    },
    "proc_price_imp": {
        "avg": 0.14354957815868824,
        "med": 0.0016968478696298326,
        "quart_1": 0.000870983341738233,
        "quart_3": 0.003008411544376524,
        "min": 1.174815678239573e-06,
        "max": 314.85889805985477,
        "stdv": 4.61217176211706
    }
}