{
    "cap_eff": {
        "avg": 1.9685256925262533,
        "med": 0.0001631545677741597,
        "quart_1": 7.608417900284437e-05,
        "quart_3": 0.0003189430652754677,
        "min": 2.5797435521113243e-08,
        "max": 88675.2893691883,
        "stdv": 342.8069642127556
    },
    "imp_gain": {
        "avg": 0.0004308281367118305,
        "med": 0.0005022097815913229,
        "quart_1": 2.6540519485251934e-05,
        "quart_3": 0.0006155236992129165,
        "min": 2.6540519485251934e-05,
        "max": 0.0007691812291459321,
        "stdv": 0.0002615420027124282
    },
    "imp_loss": {
        "avg": 0.6371492252898799,
        "med": 0.66924214376921,
        "quart_1": 0.5069577665199738,
        "quart_3": 0.7610540567371513,
        "min": 0.0,
        "max": 0.9972248773002157,
        "stdv": 0.15962201665166192
    },
    "price_imp": {
        "avg": 5.080428909044459,
        "med": 0.0002574648691266287,
        "quart_1": 0.00014599031817354968,
        "quart_3": 0.0004148386635049323,
        "min": 4.490215758881341e-08,
        "max": 35736.6415014514,
        "stdv": 276.1664096305073
    },
    "proc_cap_eff": {
        "avg": 0.015111039145155125,
        "med": 0.00016303343090218192,
        "quart_1": 7.604456053750264e-05,
        "quart_3": 0.0003183928736998354,
        "min": 2.5797435521113243e-08,
        "max": 3.5052027450101333,
        "stdv": 0.09418231695670944
    },
    "proc_imp_gain": {
        "avg": 0.0004308281367118305,
        "med": 0.0005022097815913229,
        "quart_1": 2.6540519485251934e-05,
        "quart_3": 0.0006155236992129165,
        "min": 2.6540519485251934e-05,
        "max": 0.0007691812291459321,
        "stdv": 0.0002615420027124282
    },
    "proc_imp_loss": {
        "avg": 0.6374646444280795,
        "med": 0.6692814753469012,
        "quart_1": 0.5070638893389876,
        "quart_3": 0.7610863289679113,
        "min": 0.006549527580808956,
        "max": 0.9972248773002157,
        "stdv": 0.15903425446362177
    },
    "proc_price_imp": {
        "avg": 0.5477047842425087,
        "med": 0.0002573524249715756,
        "quart_1": 0.00014593502846124124,
        "quart_3": 0.00041443000675737437,
        "min": 4.490215758881341e-08,
        "max": 2221.366031310553,
        "stdv": 26.582791862499903
    }
}