{
    "cap_eff": {
        "avg": 0.5613337078751481,
        "med": 0.0006857805039491849,
        "quart_1": 0.0003258732293655586,
        "quart_3": 0.001322366972718092,
        "min": 7.676889057783853e-08,
        "max": 18147.30195452226,
        "stdv": 74.88591322085682
    },
    "imp_gain": {
        "avg": 0.00043110585979580507,
        "med": 0.0005022838949612085,
        "quart_1": 2.722419611922433e-05,
        "quart_3": 0.0006155236992129165,
        "min": 2.722419611922433e-05,
        "max": 0.0007697392070702413,
        "stdv": 0.0002613621873277053
    },
    "imp_loss": {
        "avg": 0.5957738271965064,
        "med": 0.5910714416452245,
        "quart_1": 0.4961530574969073,
        "quart_3": 0.6905996808793562,
        "min": 0.0,
        "max": 0.9523465609532036,
        "stdv": 0.14124218548340906
    },
    "price_imp": {
        "avg": 1.4011039171608342,
        "med": 0.000929160687095428,
        "quart_1": 0.000521008922520788,
        "quart_3": 0.00142324645660923,
        "min": 4.976819182376941e-07,
        "max": 6407.173109947267,
        "stdv": 63.81884850518442
    },
    "proc_cap_eff": {
        "avg": 0.02101345334853377,
        "med": 0.0006854750892603123,
        "quart_1": 0.0003257421057610843,
        "quart_3": 0.001320508601472259,
        "min": 7.676889057783853e-08,
        "max": 8.568263167442291,
        "stdv": 0.1425197959725984
    },
    "proc_imp_gain": {
        "avg": 0.00043110585979580507,
        "med": 0.0005022838949612085,
        "quart_1": 2.722419611922433e-05,
        "quart_3": 0.0006155236992129165,
        "min": 2.722419611922433e-05,
        "max": 0.0007697392070702413,
        "stdv": 0.0002613621873277053
    },
    "proc_imp_loss": {
        "avg": 0.5960686538634848,
        "med": 0.5911635072670745,
        "quart_1": 0.4962636094181542,
        "quart_3": 0.690662738569808,
        "min": 0.006537089620087366,
        "max": 0.9523465609532036,
        "stdv": 0.14065762359187267
    },
    "proc_price_imp": {
        "avg": 0.25777214866217774,
        "med": 0.0009288700175891364,
        "quart_1": 0.0005209395257913475,
        "quart_3": 0.001422416272120254,
        "min": 4.976819182376941e-07,
        "max": 681.4925521730393,
        "stdv": 9.404293363484495
    }
}