{
    "cap_eff": {
        "avg": 0.25059183264409535,
        "med": 0.0010249739300611793,
        "quart_1": 0.0006483323811800057,
        "quart_3": 0.001643995458303904,
        "min": 1.985696655992797e-07,
        "max": 6164.186301624731,
        "stdv": 27.893660285912546
    },
    "imp_gain": {
        "avg": 7.96150911565447,
        "med": 0.5026894792660015,
        "quart_1": 0.0001516655169129244,
        "quart_3": 5.556377221418656,
        "min": 2.220446049250313e-16,
        "max": 696.672036979548,
        "stdv": 32.9913566253593
    },
    "imp_loss": {
        "avg": 0.36854433447632506,
        "med": 0.002207939913176471,
        "quart_1": 0.0,
        "quart_3": 0.8941880193604573,
        "min": 0.0,
        "max": 0.9979013548172792,
        "stdv": 0.4388344027498638
    },
    "price_imp": {
        "avg": 8.660849808684379,
        "med": 0.0018634561144978776,
        "quart_1": 0.001244297347912094,
        "quart_3": 0.0026323091080911326,
        "min": 6.679045982003619e-07,
        "max": 36621.53771439298,
        "stdv": 337.90802106481175
    },
    "proc_cap_eff": {
        "avg": 0.06329410770789208,
        "med": 0.0010245727623318102,
        "quart_1": 0.000648089038672861,
        "quart_3": 0.0016417506662694814,
        "min": 1.985696655992797e-07,
        "max": 56.626627360713464,
        "stdv": 1.0354476345128223
    },
    "proc_imp_gain": {
        "avg": 7.663655796228254,
        "med": 0.5003980905495911,
        "quart_1": 0.0001511093935389063,
        "quart_3": 5.542636172805952,
        "min": 2.220446049250313e-16,
        "max": 570.0719526441246,
        "stdv": 30.177981880391812
    },
    "proc_imp_loss": {
        "avg": 0.36823371341701333,
        "med": 0.002190920374910532,
        "quart_1": 0.0,
        "quart_3": 0.8929844752417754,
        "min": 0.0,
        "max": 0.9864244943851107,
        "stdv": 0.4387240250807863
    },
    "proc_price_imp": {
        "avg": 2.2717449508480785,
        "med": 0.001862662363375314,
        "quart_1": 0.0012440021622385138,
        "quart_3": 0.0026311139666195123,
        "min": 6.679045982003619e-07,
        "max": 4696.8947350894105,
        "stdv": 65.25935025142124
    }
}