{
    "cap_eff": {
        "avg": 0.14029791411363743,
        "med": 0.003069713599621382,
        "quart_1": 0.0019420874967694957,
        "quart_3": 0.004910033554593629,
        "min": 2.9452489314074626e-07,
        "max": 2200.0603818461313,
        "stdv": 9.27690878163035
    },
    "imp_gain": {
        "avg": 9.037036895324036,
        "med": 0.4217219762165678,
        "quart_1": 0.00015815942395480675,
        "quart_3": 6.146748331047269,
        "min": 2.220446049250313e-16,
        "max": 777.9687434821869,
        "stdv": 37.34316084233774
    },
    "imp_loss": {
        "avg": 0.3366134385352528,
        "med": 0.0021860521829208945,
        "quart_1": 0.0,
        "quart_3": 0.7981390732071735,
        "min": 0.0,
        "max": 0.9937334500209638,
        "stdv": 0.4054810663986377
    },
    "price_imp": {
        "avg": 2.7490803105846005,
        "med": 0.005553907447290264,
        "quart_1": 0.0037118100357996548,
        "quart_3": 0.007815983814945884,
        "min": 5.784049037241024e-07,
        "max": 12327.176398548052,
        "stdv": 108.3292143598392
    },
    "proc_cap_eff": {
        "avg": 0.06622486471758801,
        "med": 0.003068388515201692,
        "quart_1": 0.0019415583840365347,
        "quart_3": 0.0049067302031945426,
        "min": 2.9452489314074626e-07,
        "max": 53.85319735357948,
        "stdv": 0.9781407679717508
    },
    "proc_imp_gain": {
        "avg": 8.705407583345066,
        "med": 0.41903834254835837,
        "quart_1": 0.00015811643892593708,
        "quart_3": 6.121582686558581,
        "min": 2.220446049250313e-16,
        "max": 619.3171395675195,
        "stdv": 34.26658370101884
    },
    "proc_imp_loss": {
        "avg": 0.3362954807075105,
        "med": 0.0021788366333349574,
        "quart_1": 0.0,
        "quart_3": 0.797452051786834,
        "min": 0.0,
        "max": 0.966967429600497,
        "stdv": 0.4053330406396564
    },
    "proc_price_imp": {
        "avg": 0.7366516019962855,
        "med": 0.005551568479534856,
        "quart_1": 0.0037105951573948174,
        "quart_3": 0.007812619809147195,
        "min": 5.784049037241024e-07,
        "max": 1460.3472544766635,
        "stdv": 19.959364643858862
    }
}