{
    "cap_eff": {
        "avg": 0.15546400202279573,
        "med": 0.0020487666611042066,
        "quart_1": 0.001296333373905556,
        "quart_3": 0.003280368110248455,
        "min": 5.976560398801567e-07,
        "max": 3200.118697152336,
        "stdv": 13.33133866797367
    },
    "imp_gain": {
        "avg": 8.775969405309732,
        "med": 0.4495765165681045,
        "quart_1": 0.00015537762293349466,
        "quart_3": 6.052530174538275,
        "min": 2.220446049250313e-16,
        "max": 767.2160132715112,
        "stdv": 36.619790657776434
    },
    "imp_loss": {
        "avg": 0.35040810697099256,
        "med": 0.0022248710679309003,
        "quart_1": 0.0,
        "quart_3": 0.8379459588909901,
        "min": 0.0,
        "max": 0.9957838376749749,
        "stdv": 0.4200233241620604
    },
    "price_imp": {
        "avg": 4.059616934520776,
        "med": 0.00371464851720276,
        "quart_1": 0.002481806515992671,
        "quart_3": 0.0052379456887130076,
        "min": 1.0697316245204844e-06,
        "max": 18284.32816663882,
        "stdv": 161.59744563266383
    },
    "proc_cap_eff": {
        "avg": 0.06412315938078736,
        "med": 0.0020480607141236673,
        "quart_1": 0.0012958954891513774,
        "quart_3": 0.0032765371960610246,
        "min": 5.976560398801567e-07,
        "max": 56.450088244562124,
        "stdv": 1.0022356414427391
    },
    "proc_imp_gain": {
        "avg": 8.449699396932155,
        "med": 0.44175811884369187,
        "quart_1": 0.00015496053516872443,
        "quart_3": 6.0400530351904616,
        "min": 2.220446049250313e-16,
        "max": 615.9522285747038,
        "stdv": 33.58445911606858
    },
    "proc_imp_loss": {
        "avg": 0.3500937175211712,
        "med": 0.0022129143025745313,
        "quart_1": 0.0,
        "quart_3": 0.8364890047234357,
        "min": 0.0,
        "max": 0.9744760857824086,
        "stdv": 0.4198927904421911
    },
    "proc_price_imp": {
        "avg": 1.034353305990683,
        "med": 0.003713073882358696,
        "quart_1": 0.0024810377035842197,
        "quart_3": 0.005235044825685799,
        "min": 1.0697316245204844e-06,
        "max": 2249.068347944731,
        "stdv": 29.349935130509003
    }
}