{
    "cap_eff": {
        "avg": 0.0018467790011481874,
        "med": 0.0015292183515112079,
        "quart_1": 0.0008122103028858074,
        "quart_3": 0.002497965929364354,
        "min": 3.037374785019864e-08,
        "max": 0.015201403357133936,
        "stdv": 0.0014436779406271064
    },
    "imp_gain": {
        "avg": 0.04640787639129251,
        "med": 0.032428982472870294,
        "quart_1": 0.015924662697610836,
        "quart_3": 0.06709668448874662,
        "min": 2.220446049250313e-16,
        "max": 0.1690543249405403,
        "stdv": 0.03977703443576387
    },
    "imp_loss": {
        "avg": 0.04993201272878598,
        "med": 0.03345618202740441,
        "quart_1": 0.014903274377276454,
        "quart_3": 0.054922834267091325,
        "min": 0.0,
        "max": 0.21767463754493843,
        "stdv": 0.05174757706802359
    },
    "price_imp": {
        "avg": 0.002595513658372543,
        "med": 0.0023598288983805536,
        "quart_1": 0.0015635530851660457,
        "quart_3": 0.003268179269154471,
        "min": 2.209078098759712e-07,
        "max": 0.018698553119427093,
        "stdv": 0.001574228329184417
    },
    "proc_cap_eff": {
        "avg": 0.001841760125161947,
        "med": 0.0015284327952413967,
        "quart_1": 0.0008119397527649452,
        "quart_3": 0.002495688082698122,
        "min": 3.037374785019864e-08,
        "max": 0.010676598883741617,
        "stdv": 0.0014262447201427576
    },
    "proc_imp_gain": {
        "avg": 0.04634912506943448,
        "med": 0.032404445458739994,
        "quart_1": 0.015917490836349968,
        "quart_3": 0.0670219578018465,
        "min": 2.220446049250313e-16,
        "max": 0.16299048614511658,
        "stdv": 0.03969980989357056
    },
    "proc_imp_loss": {
        "avg": 0.049849547703672815,
        "med": 0.0334359013793708,
        "quart_1": 0.014895952501516652,
        "quart_3": 0.05484680907324557,
        "min": 0.0,
        "max": 0.21435823385530228,
        "stdv": 0.05162846824937503
    },
    "proc_price_imp": {
        "avg": 0.002589707535889011,
        "med": 0.002358948729447856,
        "quart_1": 0.0015631157921089244,
        "quart_3": 0.0032665292311002867,
        "min": 2.209078098759712e-07,
        "max": 0.012749507865034858,
        "stdv": 0.0015527135195582166
    }
}