{
    "cap_eff": {
        "avg": 1.2368903067885062e-13,
        "med": 4.285460875053104e-14,
        "quart_1": 1.9095836023552692e-14,
        "quart_3": 7.993605777301127e-14,
        "min": 0.0,
        "max": 1.0170617681382055e-09,
        "stdv": 4.828962566246941e-12
    },
    "imp_gain": {
        "avg": 0.08975232195289516,
        "med": 0.06065962937897362,
        "quart_1": 0.03160792069175877,
        "quart_3": 0.11380230781525125,
        "min": 1.5677070619446454e-06,
        "max": 0.37413412140759417,
        "stdv": 0.08568946606739421
    },
    "imp_loss": {
        "avg": 0.10718886695934184,
        "med": 0.10147222904202846,
        "quart_1": 0.04183799536979793,
        "quart_3": 0.16389007608573114,
        "min": 0.0,
        "max": 0.2972601396880774,
        "stdv": 0.07476676799539309
    },
    "price_imp": {
        "avg": 1.236886697066068e-13,
        "med": 4.284823406939451e-14,
        "quart_1": 1.9051582705106468e-14,
        "quart_3": 7.987542219152003e-14,
        "min": 0.0,
        "max": 1.0170617458756582e-09,
        "stdv": 4.828962478387979e-12
    },
    "proc_cap_eff": {
        "avg": 7.772099056398951e-14,
        "med": 4.285460875053104e-14,
        "quart_1": 1.9095836023552692e-14,
        "quart_3": 7.982503547054876e-14,
        "min": 0.0,
        "max": 9.871214956547192e-12,
        "stdv": 2.284842832445352e-13
    },
    "proc_imp_gain": {
        "avg": 0.08961236472132787,
        "med": 0.06064067362533154,
        "quart_1": 0.031578947111680744,
        "quart_3": 0.11360906163055451,
        "min": 1.5677070619446454e-06,
        "max": 0.3684427239122525,
        "stdv": 0.08548071938927573
    },
    "proc_imp_loss": {
        "avg": 0.10709651886445187,
        "med": 0.10140001078691874,
        "quart_1": 0.04181139828471103,
        "quart_3": 0.16383246906684112,
        "min": 0.0,
        "max": 0.2905837564598608,
        "stdv": 0.07467013928554514
    },
    "proc_price_imp": {
        "avg": 7.77206258320763e-14,
        "med": 4.2808107245660843e-14,
        "quart_1": 1.9043300781148215e-14,
        "quart_3": 7.980999662615104e-14,
        "min": 0.0,
        "max": 9.871167233446739e-12,
        "stdv": 2.284841401802538e-13
    }
}