{
    "cap_eff": {
        "avg": 0.00043483452480529665,
        "med": 0.00035072742421787817,
        "quart_1": 0.00018579521178851977,
        "quart_3": 0.0005699716671068167,
        "min": 8.627750069933882e-09,
        "max": 0.5832775485383443,
        "stdv": 0.0019066532054243782
    },
    "imp_gain": {
        "avg": 0.0008396710917879511,
        "med": 0.0005285616512435976,
        "quart_1": 0.0001558915359376467,
        "quart_3": 0.0012419459153145684,
        "min": 2.220446049250313e-16,
        "max": 0.011162651498676679,
        "stdv": 0.0009172267073350844
    },
    "imp_loss": {
        "avg": 0.000850869105048317,
        "med": 0.0005385084464918366,
        "quart_1": 0.00016434310129465057,
        "quart_3": 0.0012493663933056398,
        "min": 0.0,
        "max": 0.011342341075331497,
        "stdv": 0.000925341930239943
    },
    "price_imp": {
        "avg": 0.000622452025023193,
        "med": 0.0005749309171991615,
        "quart_1": 0.0003735020629505178,
        "quart_3": 0.0007989237639779882,
        "min": 0.0,
        "max": 0.0046512826363537384,
        "stdv": 0.0003716842748474717
    },
    "proc_cap_eff": {
        "avg": 0.0004249610796213092,
        "med": 0.0003505443254939733,
        "quart_1": 0.00018572941651412433,
        "quart_3": 0.0005694051067890449,
        "min": 8.627750069933882e-09,
        "max": 0.003385701174291489,
        "stdv": 0.0003411829111421274
    },
    "proc_imp_gain": {
        "avg": 0.0008363126740681326,
        "med": 0.0005280637251150466,
        "quart_1": 0.0001558404024015747,
        "quart_3": 0.0012407391502620158,
        "min": 2.220446049250313e-16,
        "max": 0.0067066120231615844,
        "stdv": 0.0009047747754193999
    },
    "proc_imp_loss": {
        "avg": 0.0008472613570258292,
        "med": 0.0005381128487298437,
        "quart_1": 0.00016426373642564052,
        "quart_3": 0.0012479075236480064,
        "min": 0.0,
        "max": 0.006906602000837925,
        "stdv": 0.0009111843284528811
    },
    "proc_price_imp": {
        "avg": 0.0006210848679504174,
        "med": 0.0005747492370712612,
        "quart_1": 0.0003733464120178171,
        "quart_3": 0.0007985211820874134,
        "min": 0.0,
        "max": 0.0030060570990723596,
        "stdv": 0.00036662333548638526
    }
}