{
    "cap_eff": {
        "avg": 0.0024529457107958868,
        "med": 0.002115820389255396,
        "quart_1": 0.0013507006519664078,
        "quart_3": 0.003138757525951219,
        "min": 2.0513805365496296e-07,
        "max": 0.017984693463955148,
        "stdv": 0.0016685455640817804
    },
    "imp_gain": {
        "avg": 0.0015729279592945251,
        "med": 0.0007305221494953162,
        "quart_1": 0.00014031003181824708,
        "quart_3": 0.0025886151691978387,
        "min": 2.220446049250313e-16,
        "max": 0.02057087702577043,
        "stdv": 0.0018632851714500316
    },
    "imp_loss": {
        "avg": 0.0010843795641331424,
        "med": 0.0001565788553806735,
        "quart_1": 0.0,
        "quart_3": 0.0017998911376985172,
        "min": 0.0,
        "max": 0.01893025200127174,
        "stdv": 0.001688807880776289
    },
    "price_imp": {
        "avg": 0.003886712339313944,
        "med": 0.0036893877813860936,
        "quart_1": 0.002551582009212979,
        "quart_3": 0.004945347796591663,
        "min": 3.3947777539120624e-07,
        "max": 0.019664717094554918,
        "stdv": 0.001960378119378501
    },
    "proc_cap_eff": {
        "avg": 0.002447115754945966,
        "med": 0.002115005548216531,
        "quart_1": 0.0013499290357738003,
        "quart_3": 0.0031366776605971647,
        "min": 2.0513805365496296e-07,
        "max": 0.01281623303562096,
        "stdv": 0.0016477990486636314
    },
    "proc_imp_gain": {
        "avg": 0.0015667618260497174,
        "med": 0.0007291909795386076,
        "quart_1": 0.0001402844724656127,
        "quart_3": 0.0025846746292974565,
        "min": 2.220446049250313e-16,
        "max": 0.012418006077850707,
        "stdv": 0.0018429781643137025
    },
    "proc_imp_loss": {
        "avg": 0.0010783907867831753,
        "med": 0.00015624564198879476,
        "quart_1": 0.0,
        "quart_3": 0.0017967426505108852,
        "min": 0.0,
        "max": 0.011681369039222567,
        "stdv": 0.0016675762942000736
    },
    "proc_price_imp": {
        "avg": 0.0038807283533983583,
        "med": 0.0036883021841906797,
        "quart_1": 0.002551102589387995,
        "quart_3": 0.00494309456513045,
        "min": 3.3947777539120624e-07,
        "max": 0.014504611195060354,
        "stdv": 0.0019419155482650792
    }
}