{
    "cap_eff": {
        "avg": 0.003672317344886683,
        "med": 0.0031690976727961617,
        "quart_1": 0.002024042972813389,
        "quart_3": 0.004698013422158365,
        "min": 1.3442885116177195e-07,
        "max": 0.026856747051337004,
        "stdv": 0.0024951127767125682
    },
    "imp_gain": {
        "avg": 0.0015695539879176097,
        "med": 0.0007240252926552504,
        "quart_1": 0.00013992700071829844,
        "quart_3": 0.0025827747745128526,
        "min": 4.440892098500626e-16,
        "max": 0.020570246303030837,
        "stdv": 0.0018630638294890721
    },
    "imp_loss": {
        "avg": 0.0010840466503366818,
        "med": 0.00015579859154990494,
        "quart_1": 0.0,
        "quart_3": 0.0018022548976711628,
        "min": 0.0,
        "max": 0.018839943403790027,
        "stdv": 0.0016872880595677642
    },
    "price_imp": {
        "avg": 0.005814972904652139,
        "med": 0.005521379848060587,
        "quart_1": 0.003820091911354315,
        "quart_3": 0.007398091512356894,
        "min": 5.068756664069196e-07,
        "max": 0.02935357058143823,
        "stdv": 0.002931133845228149
    },
    "proc_cap_eff": {
        "avg": 0.003663620436340152,
        "med": 0.00316758116827498,
        "quart_1": 0.002023382442583266,
        "quart_3": 0.004694975207225116,
        "min": 1.3442885116177195e-07,
        "max": 0.01916082842187894,
        "stdv": 0.002464246366699052
    },
    "proc_imp_gain": {
        "avg": 0.001563391673026563,
        "med": 0.0007229568764612893,
        "quart_1": 0.00013982971011827772,
        "quart_3": 0.0025802539545909386,
        "min": 4.440892098500626e-16,
        "max": 0.012414122016330298,
        "stdv": 0.0018427654713832375
    },
    "proc_imp_loss": {
        "avg": 0.001078081287066809,
        "med": 0.00015556918781511886,
        "quart_1": 0.0,
        "quart_3": 0.001797841666880462,
        "min": 0.0,
        "max": 0.011652138376323506,
        "stdv": 0.0016661985467201343
    },
    "proc_price_imp": {
        "avg": 0.005806037796565994,
        "med": 0.005520363226323048,
        "quart_1": 0.0038190557209938723,
        "quart_3": 0.00739390157530582,
        "min": 5.068756664069196e-07,
        "max": 0.02167860145788216,
        "stdv": 0.0029036080284315226
    }
}