{
    "cap_eff": {
        "avg": 0.004826386953044708,
        "med": 0.004259707865845286,
        "quart_1": 0.002577728194678275,
        "quart_3": 0.0063118406504792945,
        "min": 2.5175967977020264e-08,
        "max": 0.03645829806307743,
        "stdv": 0.0032980381902267602
    },
    "imp_gain": {
        "avg": 0.031221675854082705,
        "med": 0.024938729226767542,
        "quart_1": 0.0117652714557126,
        "quart_3": 0.04531299133377775,
        "min": 2.220446049250313e-16,
        "max": 0.1352150163763539,
        "stdv": 0.02507294700996884
    },
    "imp_loss": {
        "avg": 0.021217762367215308,
        "med": 0.014001209436361406,
        "quart_1": 0.0,
        "quart_3": 0.03386166300862381,
        "min": 0.0,
        "max": 0.11910960868713993,
        "stdv": 0.02364298905009875
    },
    "price_imp": {
        "avg": 0.007532586175579097,
        "med": 0.007141443140959055,
        "quart_1": 0.004953261834734023,
        "quart_3": 0.009564797748021854,
        "min": 2.73404315975962e-06,
        "max": 0.037939309366534175,
        "stdv": 0.0038039622847215507
    },
    "proc_cap_eff": {
        "avg": 0.004814986848852502,
        "med": 0.004258427907243456,
        "quart_1": 0.0025766108892392725,
        "quart_3": 0.006307522499424456,
        "min": 2.5175967977020264e-08,
        "max": 0.02464012225637857,
        "stdv": 0.003257881448539982
    },
    "proc_imp_gain": {
        "avg": 0.031174576254792346,
        "med": 0.02492403293974843,
        "quart_1": 0.01176073389965504,
        "quart_3": 0.04524699376297847,
        "min": 2.220446049250313e-16,
        "max": 0.12340752031787061,
        "stdv": 0.02499047337891882
    },
    "proc_imp_loss": {
        "avg": 0.0211728792553349,
        "med": 0.013980302347096685,
        "quart_1": 0.0,
        "quart_3": 0.03381360696874225,
        "min": 0.0,
        "max": 0.1092548901055892,
        "stdv": 0.02356352909417447
    },
    "proc_price_imp": {
        "avg": 0.007521055871894532,
        "med": 0.00714000693463747,
        "quart_1": 0.004952312647173532,
        "quart_3": 0.009561595841497714,
        "min": 2.73404315975962e-06,
        "max": 0.02821958208623301,
        "stdv": 0.003768771850184343
    }
}