{
    "cap_eff": {
        "avg": 0.0017752282563584547,
        "med": 0.001458806072142993,
        "quart_1": 0.0007851943385785987,
        "quart_3": 0.0023914806913282183,
        "min": 6.39706529970141e-08,
        "max": 0.016254314437062822,
        "stdv": 0.0014029596149045358
    },
    "imp_gain": {
        "avg": 0.036522938717635185,
        "med": 0.03074966961141068,
        "quart_1": 0.013476526614727424,
        "quart_3": 0.05183061849768533,
        "min": 2.220446049250313e-16,
        "max": 0.14241164226997216,
        "stdv": 0.029097990535147337
    },
    "imp_loss": {
        "avg": 0.03724937332285505,
        "med": 0.022454707743017832,
        "quart_1": 0.008578431119822039,
        "quart_3": 0.05669928034373378,
        "min": 0.0,
        "max": 0.12597455129826884,
        "stdv": 0.03677976559399206
    },
    "price_imp": {
        "avg": 0.0024941745503451306,
        "med": 0.002270435281353311,
        "quart_1": 0.0015099273443546024,
        "quart_3": 0.0031341227991665047,
        "min": 9.004598389513843e-07,
        "max": 0.018161263209948337,
        "stdv": 0.0015128580965373826
    },
    "proc_cap_eff": {
        "avg": 0.001769990665260849,
        "med": 0.0014580726029230773,
        "quart_1": 0.0007849920393281362,
        "quart_3": 0.0023893808518606896,
        "min": 6.39706529970141e-08,
        "max": 0.011018763229804884,
        "stdv": 0.0013829549122856403
    },
    "proc_imp_gain": {
        "avg": 0.03647210068429742,
        "med": 0.030740204910644886,
        "quart_1": 0.013471008714682098,
        "quart_3": 0.05179032919504445,
        "min": 2.220446049250313e-16,
        "max": 0.1366276382682854,
        "stdv": 0.029015994415321066
    },
    "proc_imp_loss": {
        "avg": 0.03720678797169737,
        "med": 0.022434807784273647,
        "quart_1": 0.008572689001142941,
        "quart_3": 0.056591326068991754,
        "min": 0.0,
        "max": 0.12193940848764817,
        "stdv": 0.03673943661457189
    },
    "proc_price_imp": {
        "avg": 0.0024884407830544435,
        "med": 0.00226987094817721,
        "quart_1": 0.0015094239272325353,
        "quart_3": 0.0031327163007580836,
        "min": 9.004598389513843e-07,
        "max": 0.012593263316576023,
        "stdv": 0.001490494814747026
    }
}