{
    "cap_eff": {
        "avg": 1.0693600247447036e-13,
        "med": 4.785061236134425e-14,
        "quart_1": 2.1649348980190553e-14,
        "quart_3": 8.859579736508749e-14,
        "min": 0.0,
        "max": 2.4704682743958983e-10,
        "stdv": 1.3486358604539462e-12
    },
    "imp_gain": {
        "avg": 0.1013769107014443,
        "med": 0.08309899353956918,
        "quart_1": 0.038932735694431564,
        "quart_3": 0.13145024163593733,
        "min": 5.723128732482152e-06,
        "max": 0.3952604328288434,
        "stdv": 0.08560855422360221
    },
    "imp_loss": {
        "avg": 0.10380727872713479,
        "med": 0.09184093681602035,
        "quart_1": 0.028112455121169888,
        "quart_3": 0.1526108494798194,
        "min": 0.0,
        "max": 0.32763239677305966,
        "stdv": 0.08198583607193294
    },
    "price_imp": {
        "avg": 1.0693582727523676e-13,
        "med": 4.786684683445944e-14,
        "quart_1": 2.1682116629379366e-14,
        "quart_3": 8.857856552567546e-14,
        "min": 0.0,
        "max": 2.4704691596655253e-10,
        "stdv": 1.348636014882506e-12
    },
    "proc_cap_eff": {
        "avg": 8.735138583536766e-14,
        "med": 4.785061236134425e-14,
        "quart_1": 2.1649348980190553e-14,
        "quart_3": 8.848477506262498e-14,
        "min": 0.0,
        "max": 1.1718737091825915e-11,
        "stdv": 2.71363388794099e-13
    },
    "proc_imp_gain": {
        "avg": 0.10123201859749925,
        "med": 0.08305005103850704,
        "quart_1": 0.03892193673420685,
        "quart_3": 0.1313492629866606,
        "min": 5.723128732482152e-06,
        "max": 0.3925586112794892,
        "stdv": 0.08538221184159972
    },
    "proc_imp_loss": {
        "avg": 0.10369700387878769,
        "med": 0.09178900229633624,
        "quart_1": 0.028096511906084087,
        "quart_3": 0.1524874778443489,
        "min": 0.0,
        "max": 0.32355306276474716,
        "stdv": 0.08185727364695156
    },
    "proc_price_imp": {
        "avg": 8.735120695420913e-14,
        "med": 4.78227965585865e-14,
        "quart_1": 2.1667730357046488e-14,
        "quart_3": 8.850252062174773e-14,
        "min": 0.0,
        "max": 1.1718783499940147e-11,
        "stdv": 2.713632528289843e-13
    }
}