{
    "cap_eff": {
        "avg": 8.317177770153813e-05,
        "med": 6.700248086255467e-05,
        "quart_1": 3.592954710518459e-05,
        "quart_3": 0.00010841970938313406,
        "min": 4.4477954652677454e-10,
        "max": 0.07362389983242257,
        "stdv": 0.00034753140817697924
    },
    "imp_gain": {
        "avg": 0.0008130836540724679,
        "med": 0.0005261013949784399,
        "quart_1": 0.00015655689093940772,
        "quart_3": 0.0012002446615202444,
        "min": 2.1538326677728037e-14,
        "max": 0.014287947733925277,
        "stdv": 0.0008752184748668327
    },
    "imp_loss": {
        "avg": 0.0007899400607812945,
        "med": 0.0004870816910049758,
        "quart_1": 0.00014739939831187598,
        "quart_3": 0.0011642329945767416,
        "min": 0.0,
        "max": 0.009056870239466885,
        "stdv": 0.0008685851252435746
    },
    "price_imp": {
        "avg": 0.00012380816417254816,
        "med": 0.00011082618108210344,
        "quart_1": 7.240548433701164e-05,
        "quart_3": 0.00015299539094818074,
        "min": 0.0,
        "max": 0.15999999999999995,
        "stdv": 0.0008199021731683742
    },
    "proc_cap_eff": {
        "avg": 8.088859309187348e-05,
        "med": 6.698121521536704e-05,
        "quart_1": 3.5916558417781186e-05,
        "quart_3": 0.00010834765983602779,
        "min": 4.4477954652677454e-10,
        "max": 0.0005909716631975481,
        "stdv": 6.408854564981338e-05
    },
    "proc_imp_gain": {
        "avg": 0.0008097055536462561,
        "med": 0.0005256126761217228,
        "quart_1": 0.00015644092285083122,
        "quart_3": 0.0011990638488705851,
        "min": 2.1538326677728037e-14,
        "max": 0.0064362065236693855,
        "stdv": 0.0008617044537738859
    },
    "proc_imp_loss": {
        "avg": 0.0007867900796835337,
        "med": 0.0004866512181129212,
        "quart_1": 0.00014731062242107074,
        "quart_3": 0.0011628811200630196,
        "min": 0.0,
        "max": 0.006434233022352576,
        "stdv": 0.0008571649196320556
    },
    "proc_price_imp": {
        "avg": 0.00011907738142372638,
        "med": 0.00011078987166869032,
        "quart_1": 7.23882354959857e-05,
        "quart_3": 0.00015289250555858934,
        "min": 0.0,
        "max": 0.0005797087323333502,
        "stdv": 6.938356196870967e-05
    }
}