{
    "cap_eff": {
        "avg": 0.0012160551002442653,
        "med": 0.0010036398540131941,
        "quart_1": 0.000536714907899416,
        "quart_3": 0.0016214954145451488,
        "min": 4.2460961635626404e-08,
        "max": 0.05146353211025079,
        "stdv": 0.0010240963620217348
    },
    "imp_gain": {
        "avg": 0.0008140570150612538,
        "med": 0.0005253755188108222,
        "quart_1": 0.00015658390008654877,
        "quart_3": 0.0012003117383481143,
        "min": 1.5543122344752192e-15,
        "max": 0.014279452771826628,
        "stdv": 0.0008764015156696562
    },
    "imp_loss": {
        "avg": 0.0007877495977669837,
        "med": 0.00048493283242834195,
        "quart_1": 0.000145642069147911,
        "quart_3": 0.0011615069398051014,
        "min": 0.0,
        "max": 0.009008624987538294,
        "stdv": 0.0008670389415061853
    },
    "price_imp": {
        "avg": 0.001784149634625577,
        "med": 0.0016582225304125474,
        "quart_1": 0.0010835228545690253,
        "quart_3": 0.0022884162469274413,
        "min": 2.1870860160262706e-08,
        "max": 0.014223544022713638,
        "stdv": 0.0010528685268534298
    },
    "proc_cap_eff": {
        "avg": 0.0012097020492314646,
        "med": 0.001003226666200785,
        "quart_1": 0.0005364545223340289,
        "quart_3": 0.0016199398497401818,
        "min": 4.2460961635626404e-08,
        "max": 0.00857350171874205,
        "stdv": 0.0009573566644292531
    },
    "proc_imp_gain": {
        "avg": 0.0008106607614934165,
        "med": 0.0005249346055387072,
        "quart_1": 0.00015653407002447217,
        "quart_3": 0.001198986870910801,
        "min": 1.5543122344752192e-15,
        "max": 0.0064868249040217485,
        "stdv": 0.0008628003894000646
    },
    "proc_imp_loss": {
        "avg": 0.0007846202134557765,
        "med": 0.00048461191168419626,
        "quart_1": 0.00014560726194878804,
        "quart_3": 0.0011600962115851932,
        "min": 0.0,
        "max": 0.006416165196599599,
        "stdv": 0.0008557195345613234
    },
    "proc_price_imp": {
        "avg": 0.0017802224784593025,
        "med": 0.0016577263477813588,
        "quart_1": 0.0010832472371889532,
        "quart_3": 0.002287520662604912,
        "min": 2.1870860160262706e-08,
        "max": 0.008605479504036641,
        "stdv": 0.0010378001369431556
    }
}