{
    "cap_eff": {
        "avg": 0.0008111438395929939,
        "med": 0.0006687701971868076,
        "quart_1": 0.0003588963055876082,
        "quart_3": 0.0010810214860841327,
        "min": 1.5575867595707393e-08,
        "max": 0.03407080644879401,
        "stdv": 0.0006843233872446633
    },
    "imp_gain": {
        "avg": 0.0008116176778461376,
        "med": 0.0005225987879302618,
        "quart_1": 0.00015477585516010528,
        "quart_3": 0.001197454429667566,
        "min": 1.5543122344752192e-15,
        "max": 0.014283145379915263,
        "stdv": 0.0008756863663767351
    },
    "imp_loss": {
        "avg": 0.0007883961683642468,
        "med": 0.0004859786822936085,
        "quart_1": 0.00014601904575928248,
        "quart_3": 0.0011628577000435958,
        "min": 0.0,
        "max": 0.009020602335870431,
        "stdv": 0.0008675853950296117
    },
    "price_imp": {
        "avg": 0.0011904221592666888,
        "med": 0.0011061888783008384,
        "quart_1": 0.0007229322807553977,
        "quart_3": 0.0015268766512754426,
        "min": 0.0,
        "max": 0.009478230473216621,
        "stdv": 0.0007022809151048103
    },
    "proc_cap_eff": {
        "avg": 0.0008067822649567211,
        "med": 0.0006684318193971306,
        "quart_1": 0.0003587309805357375,
        "quart_3": 0.0010800489452291728,
        "min": 1.5575867595707393e-08,
        "max": 0.005685007989293611,
        "stdv": 0.0006385807799043092
    },
    "proc_imp_gain": {
        "avg": 0.0008082625221534353,
        "med": 0.0005219389539131702,
        "quart_1": 0.00015468756295455854,
        "quart_3": 0.0011961925381969163,
        "min": 1.5543122344752192e-15,
        "max": 0.006495865705381743,
        "stdv": 0.0008623518138719894
    },
    "proc_imp_loss": {
        "avg": 0.0007852466069887437,
        "med": 0.0004856309855981733,
        "quart_1": 0.00014590122755020474,
        "quart_3": 0.001161745500064204,
        "min": 0.0,
        "max": 0.006419608165482926,
        "stdv": 0.0008561713200264264
    },
    "proc_price_imp": {
        "avg": 0.0011878082945144604,
        "med": 0.0011058248097364184,
        "quart_1": 0.0007226195685555092,
        "quart_3": 0.0015260601347268823,
        "min": 0.0,
        "max": 0.005691728878764158,
        "stdv": 0.0006922520126289892
    }
}