{
    "cap_eff": {
        "avg": 0.002336759963890324,
        "med": 0.002015978693404863,
        "quart_1": 0.001297360498554334,
        "quart_3": 0.0029796471255062462,
        "min": 1.0922784121625284e-08,
        "max": 0.020053428021341135,
        "stdv": 0.001576778095508553
    },
    "imp_gain": {
        "avg": 0.0015009233690349963,
        "med": 0.0007323682506394924,
        "quart_1": 0.00012167130421070205,
        "quart_3": 0.0024846248014875894,
        "min": 2.220446049250313e-16,
        "max": 0.019600591899790798,
        "stdv": 0.00176923515776958
    },
    "imp_loss": {
        "avg": 0.001002181642548919,
        "med": 0.0001238661823974585,
        "quart_1": 0.0,
        "quart_3": 0.0016557157347681928,
        "min": 0.0,
        "max": 0.02143241272602503,
        "stdv": 0.0015978416553441076
    },
    "price_imp": {
        "avg": 0.003722226590902404,
        "med": 0.0035395893890149957,
        "quart_1": 0.0024681689608679874,
        "quart_3": 0.0047213759617711305,
        "min": 3.188127976979302e-08,
        "max": 0.020943252083332434,
        "stdv": 0.0018615777956213293
    },
    "proc_cap_eff": {
        "avg": 0.0023311390171745537,
        "med": 0.002015088980185764,
        "quart_1": 0.001297018156282581,
        "quart_3": 0.0029780446342349,
        "min": 1.0922784121625284e-08,
        "max": 0.012159520395472745,
        "stdv": 0.0015561963252584226
    },
    "proc_imp_gain": {
        "avg": 0.0014951597339380863,
        "med": 0.0007310795912478518,
        "quart_1": 0.0001216556883723019,
        "quart_3": 0.002482295722319172,
        "min": 2.220446049250313e-16,
        "max": 0.0116767823129591,
        "stdv": 0.0017505597236714995
    },
    "proc_imp_loss": {
        "avg": 0.0009964468068746353,
        "med": 0.00012365804183545048,
        "quart_1": 0.0,
        "quart_3": 0.001651828243364739,
        "min": 0.0,
        "max": 0.011075085343185909,
        "stdv": 0.0015772332709055586
    },
    "proc_price_imp": {
        "avg": 0.0037165885733600355,
        "med": 0.0035385731940396304,
        "quart_1": 0.0024676436523439382,
        "quart_3": 0.004719410981276707,
        "min": 3.188127976979302e-08,
        "max": 0.014034069507704312,
        "stdv": 0.0018443299710435472
    }
}