{
    "cap_eff": {
        "avg": 0.0011702709543370642,
        "med": 0.0010091814514876507,
        "quart_1": 0.0006489230598473172,
        "quart_3": 0.0014923795195057599,
        "min": 4.711526535583488e-08,
        "max": 0.010077922197338829,
        "stdv": 0.0007906413784401832
    },
    "imp_gain": {
        "avg": 0.001500175359810846,
        "med": 0.000731997121863559,
        "quart_1": 0.00012177931781520712,
        "quart_3": 0.0024816387859070144,
        "min": 2.220446049250313e-16,
        "max": 0.019598977386714678,
        "stdv": 0.0017689381678913485
    },
    "imp_loss": {
        "avg": 0.001003097057295709,
        "med": 0.0001235334469085192,
        "quart_1": 0.0,
        "quart_3": 0.001657297896964005,
        "min": 0.0,
        "max": 0.021540679066361146,
        "stdv": 0.0015995690727922376
    },
    "price_imp": {
        "avg": 0.001865508183701713,
        "med": 0.001774009815327155,
        "quart_1": 0.0012362732786058912,
        "quart_3": 0.0023670695249754883,
        "min": 6.783315821099783e-07,
        "max": 0.010527225797685296,
        "stdv": 0.0009334221286923489
    },
    "proc_cap_eff": {
        "avg": 0.0011674466866430449,
        "med": 0.0010088122481373696,
        "quart_1": 0.0006487066336002822,
        "quart_3": 0.0014912562934195073,
        "min": 4.711526535583488e-08,
        "max": 0.0060986907363711484,
        "stdv": 0.0007802740632770471
    },
    "proc_imp_gain": {
        "avg": 0.001494411545484241,
        "med": 0.0007300831389576157,
        "quart_1": 0.00012168605070472793,
        "quart_3": 0.0024792660951959977,
        "min": 2.220446049250313e-16,
        "max": 0.011668992461903782,
        "stdv": 0.0017502572058946961
    },
    "proc_imp_loss": {
        "avg": 0.0009973424528296072,
        "med": 0.0001234281565321016,
        "quart_1": 0.0,
        "quart_3": 0.0016528925194636557,
        "min": 0.0,
        "max": 0.011102577667813085,
        "stdv": 0.0015788367529725694
    },
    "proc_price_imp": {
        "avg": 0.0018626762955501613,
        "med": 0.0017732918605801158,
        "quart_1": 0.001235941202587155,
        "quart_3": 0.002366184226165372,
        "min": 6.783315821099783e-07,
        "max": 0.00704183226945039,
        "stdv": 0.0009247421187165238
    }
}