{
    "cap_eff": {
        "avg": 0.0002344682377719157,
        "med": 0.00020212113528650377,
        "quart_1": 0.00012993538582906083,
        "quart_3": 0.0002990979888759515,
        "min": 8.186796796039175e-10,
        "max": 0.002023943681544127,
        "stdv": 0.00015853756112885642
    },
    "imp_gain": {
        "avg": 0.001504697475300939,
        "med": 0.0007426363878808573,
        "quart_1": 0.00012422208685447522,
        "quart_3": 0.002486671378325811,
        "min": 2.220446049250313e-16,
        "max": 0.019598330697143673,
        "stdv": 0.0017697490935732003
    },
    "imp_loss": {
        "avg": 0.0010023454826012467,
        "med": 0.00012533656777624635,
        "quart_1": 0.0,
        "quart_3": 0.0016513926298786785,
        "min": 0.0,
        "max": 0.021635229832489777,
        "stdv": 0.0016004359122603424
    },
    "price_imp": {
        "avg": 0.0003738639418243615,
        "med": 0.0003553975832709755,
        "quart_1": 0.00024763556337756087,
        "quart_3": 0.0004744671367384521,
        "min": 1.3571555268402708e-07,
        "max": 0.002114560430399081,
        "stdv": 0.00018717521291904102
    },
    "proc_cap_eff": {
        "avg": 0.00023390118667865247,
        "med": 0.00020207640442870822,
        "quart_1": 0.00012989644874150663,
        "quart_3": 0.00029887383809379386,
        "min": 8.186796796039175e-10,
        "max": 0.0012227857613535953,
        "stdv": 0.00015645256726528226
    },
    "proc_imp_gain": {
        "avg": 0.001498931545403374,
        "med": 0.0007406735117996277,
        "quart_1": 0.00012419771704563765,
        "quart_3": 0.002484659493816155,
        "min": 2.220446049250313e-16,
        "max": 0.011674015059258913,
        "stdv": 0.0017510664581241355
    },
    "proc_imp_loss": {
        "avg": 0.000996575017816341,
        "med": 0.00012503728106905143,
        "quart_1": 0.0,
        "quart_3": 0.00164806917270921,
        "min": 0.0,
        "max": 0.011120305948549292,
        "stdv": 0.0015795946280016007
    },
    "proc_price_imp": {
        "avg": 0.00037329548474416305,
        "med": 0.0003552912523711241,
        "quart_1": 0.000247608520319408,
        "quart_3": 0.000474233206757254,
        "min": 1.3571555268402708e-07,
        "max": 0.0014124050584605236,
        "stdv": 0.0001854308063564507
    }
}