{
    "cap_eff": {
        "avg": 0.008473181736368178,
        "med": 0.007636963305551081,
        "quart_1": 0.004345590564956536,
        "quart_3": 0.011390203600359694,
        "min": 2.676096295672892e-07,
        "max": 0.061143036705602505,
        "stdv": 0.005718393153504224
    },
    "imp_gain": {
        "avg": 0.13480328110220766,
        "med": 0.11165733843085035,
        "quart_1": 0.05604731219333714,
        "quart_3": 0.19614102112992704,
        "min": 2.220446049250313e-16,
        "max": 0.5732360004417656,
        "stdv": 0.10025991439936703
    },
    "imp_loss": {
        "avg": 0.08018134365915605,
        "med": 0.06300772403688903,
        "quart_1": 0.0,
        "quart_3": 0.13469807753165353,
        "min": 0.0,
        "max": 0.3643674568092732,
        "stdv": 0.08046072877525927
    },
    "price_imp": {
        "avg": 0.010652571793801987,
        "med": 0.008921143543865206,
        "quart_1": 0.005767445598961598,
        "quart_3": 0.0139172365335241,
        "min": 1.0531392830855408e-06,
        "max": 0.06574361494152872,
        "stdv": 0.006964277619026082
    },
    "proc_cap_eff": {
        "avg": 0.008455913771446845,
        "med": 0.007633384709321067,
        "quart_1": 0.004343636241143534,
        "quart_3": 0.011383640658622907,
        "min": 2.676096295672892e-07,
        "max": 0.03984723956806757,
        "stdv": 0.0056656222715746555
    },
    "proc_imp_gain": {
        "avg": 0.13460519739601476,
        "med": 0.11159977923069198,
        "quart_1": 0.056028355902794535,
        "quart_3": 0.19603367274193362,
        "min": 2.220446049250313e-16,
        "max": 0.5184131987281544,
        "stdv": 0.09989221952044194
    },
    "proc_imp_loss": {
        "avg": 0.08004889449926773,
        "med": 0.06295368390972855,
        "quart_1": 0.0,
        "quart_3": 0.13454938411179196,
        "min": 0.0,
        "max": 0.33938817111573505,
        "stdv": 0.08026247681553762
    },
    "proc_price_imp": {
        "avg": 0.010633805482066425,
        "med": 0.008917923639170777,
        "quart_1": 0.005765885247069979,
        "quart_3": 0.013906783070595497,
        "min": 1.0531392830855408e-06,
        "max": 0.04547827917624541,
        "stdv": 0.006913597284527332
    }
}