{
    "cap_eff": {
        "avg": 0.003841784656802705,
        "med": 0.002833579306137368,
        "quart_1": 0.001362376352849859,
        "quart_3": 0.00533361491140405,
        "min": 2.060233694756164e-07,
        "max": 0.0329236731244833,
        "stdv": 0.0034599319981979313
    },
    "imp_gain": {
        "avg": 0.1818368840704211,
        "med": 0.16121384251037174,
        "quart_1": 0.07657856615606007,
        "quart_3": 0.2678206506948797,
        "min": 2.0963620750436007e-07,
        "max": 0.6139471445210056,
        "stdv": 0.12853177254692086
    },
    "imp_loss": {
        "avg": 0.1407471300449678,
        "med": 0.12533014044943447,
        "quart_1": 0.0610709112031948,
        "quart_3": 0.21820549051343507,
        "min": 0.0,
        "max": 0.3769651798159511,
        "stdv": 0.09300738970193399
    },
    "price_imp": {
        "avg": 0.0041047524240421,
        "med": 0.0027869411157322426,
        "quart_1": 0.0018395178773547992,
        "quart_3": 0.004244496662265338,
        "min": 3.4990606927920834e-07,
        "max": 0.038547005702543324,
        "stdv": 0.004111666009180668
    },
    "proc_cap_eff": {
        "avg": 0.003829937120729431,
        "med": 0.0028319518306292313,
        "quart_1": 0.0013617863261243257,
        "quart_3": 0.0053282067461168925,
        "min": 2.060233694756164e-07,
        "max": 0.025491131414315582,
        "stdv": 0.0034188132982593588
    },
    "proc_imp_gain": {
        "avg": 0.181625714524142,
        "med": 0.16108868375640606,
        "quart_1": 0.07653205268896546,
        "quart_3": 0.2676505391519033,
        "min": 2.0963620750436007e-07,
        "max": 0.6009884759929587,
        "stdv": 0.12821573824178745
    },
    "proc_imp_loss": {
        "avg": 0.14063235748919703,
        "med": 0.12524959483638543,
        "quart_1": 0.06104668924715717,
        "quart_3": 0.218028462542398,
        "min": 0.0,
        "max": 0.3690256018961109,
        "stdv": 0.0928882018647799
    },
    "proc_price_imp": {
        "avg": 0.004091211915874816,
        "med": 0.002785918207344664,
        "quart_1": 0.0018391383597488823,
        "quart_3": 0.004240926461281696,
        "min": 3.4990606927920834e-07,
        "max": 0.02929124244924114,
        "stdv": 0.004066617889111327
    }
}