{
    "cap_eff": {
        "avg": 9.798824351962821e-14,
        "med": 4.063416270128073e-14,
        "quart_1": 1.84297022087776e-14,
        "quart_3": 7.682743330406083e-14,
        "min": 0.0,
        "max": 3.9828829123678133e-10,
        "stdv": 1.7604615271299844e-12
    },
    "imp_gain": {
        "avg": 0.07482210201599857,
        "med": 0.04698584015211371,
        "quart_1": 0.022046739843647245,
        "quart_3": 0.12575076646750105,
        "min": 6.74156506841328e-07,
        "max": 0.3129103907841926,
        "stdv": 0.06614162597744029
    },
    "imp_loss": {
        "avg": 0.0822202806324564,
        "med": 0.06002206823327305,
        "quart_1": 0.027033684841932026,
        "quart_3": 0.13415129026811146,
        "min": 0.0,
        "max": 0.26689973144512713,
        "stdv": 0.06548664897099185
    },
    "price_imp": {
        "avg": 9.798789130861675e-14,
        "med": 4.0628840005409434e-14,
        "quart_1": 1.8499169837004873e-14,
        "quart_3": 7.683448475579472e-14,
        "min": 0.0,
        "max": 3.982882507179573e-10,
        "stdv": 1.7604616497944655e-12
    },
    "proc_cap_eff": {
        "avg": 7.807363768721617e-14,
        "med": 4.063416270128073e-14,
        "quart_1": 1.84297022087776e-14,
        "quart_3": 7.682743330406083e-14,
        "min": 0.0,
        "max": 1.3432588374939769e-11,
        "stdv": 2.688509133296903e-13
    },
    "proc_imp_gain": {
        "avg": 0.07470473364650831,
        "med": 0.04693945964057611,
        "quart_1": 0.022034913465332817,
        "quart_3": 0.12568247735376437,
        "min": 6.74156506841328e-07,
        "max": 0.3075536575130082,
        "stdv": 0.06594900816904566
    },
    "proc_imp_loss": {
        "avg": 0.08212946051156944,
        "med": 0.060003941271615346,
        "quart_1": 0.027020631979949528,
        "quart_3": 0.13399114123542566,
        "min": 0.0,
        "max": 0.26309615167308653,
        "stdv": 0.06537619438296681
    },
    "proc_price_imp": {
        "avg": 7.807328076025127e-14,
        "med": 4.060150115003747e-14,
        "quart_1": 1.84906115759793e-14,
        "quart_3": 7.676813526193553e-14,
        "min": 0.0,
        "max": 1.3432612439199877e-11,
        "stdv": 2.6885122394727697e-13
    }
}