{
    "cap_eff": {
        "avg": 0.0010043362875191,
        "med": 0.0007650883437947953,
        "quart_1": 0.0004022933836955178,
        "quart_3": 0.0012755015112715928,
        "min": 3.2614579925649423e-09,
        "max": 0.48053444562461034,
        "stdv": 0.002559236215866274
    },
    "imp_gain": {
        "avg": 0.0009474863760470661,
        "med": 0.0005890836016990697,
        "quart_1": 0.00018927869617235693,
        "quart_3": 0.00135531785126064,
        "min": 7.913010247051488e-10,
        "max": 0.013802680184723304,
        "stdv": 0.0010529585703070196
    },
    "imp_loss": {
        "avg": 0.0010385691530736183,
        "med": 0.0006761723570636313,
        "quart_1": 0.00027852653069815325,
        "quart_3": 0.0014708353977226918,
        "min": 0.0,
        "max": 0.013522152842505575,
        "stdv": 0.0010725035382342409
    },
    "price_imp": {
        "avg": 0.001403198644502613,
        "med": 0.0012428526355578735,
        "quart_1": 0.0007746517566824297,
        "quart_3": 0.0018288244994572318,
        "min": 1.5233332602385495e-07,
        "max": 0.012774693798112056,
        "stdv": 0.0009143440134258518
    },
    "proc_cap_eff": {
        "avg": 0.0009759546443597575,
        "med": 0.0007648432107958403,
        "quart_1": 0.00040218944273395785,
        "quart_3": 0.0012742825069200214,
        "min": 3.2614579925649423e-09,
        "max": 0.018412335397553603,
        "stdv": 0.0009123718023520687
    },
    "proc_imp_gain": {
        "avg": 0.000943226156399026,
        "med": 0.0005885029382213247,
        "quart_1": 0.00018911434182844467,
        "quart_3": 0.001353570314735153,
        "min": 7.913010247051488e-10,
        "max": 0.00827083086815783,
        "stdv": 0.0010354007457074866
    },
    "proc_imp_loss": {
        "avg": 0.00103458212134729,
        "med": 0.0006755896976629039,
        "quart_1": 0.00027832709317643367,
        "quart_3": 0.0014689559906445604,
        "min": 0.0,
        "max": 0.007998220127247713,
        "stdv": 0.001057564142422714
    },
    "proc_price_imp": {
        "avg": 0.0013997366016613615,
        "med": 0.0012424614063150422,
        "quart_1": 0.0007745254100382911,
        "quart_3": 0.001827810006851355,
        "min": 1.5233332602385495e-07,
        "max": 0.0073309334371577835,
        "stdv": 0.0009007821794888392
    }
}