{
    "cap_eff": {
        "avg": 0.000501606579708948,
        "med": 0.00038323014043162296,
        "quart_1": 0.0002023071951144928,
        "quart_3": 0.0006389346366707516,
        "min": 1.3924031705414563e-08,
        "max": 0.21975858338409515,
        "stdv": 0.001181279101545414
    },
    "imp_gain": {
        "avg": 0.0009277419903734903,
        "med": 0.0005638583841609535,
        "quart_1": 0.00017603196189064363,
        "quart_3": 0.00133726482162011,
        "min": 5.420235371644821e-10,
        "max": 0.014581879351273308,
        "stdv": 0.0010465112332751201
    },
    "imp_loss": {
        "avg": 0.0010230888425052055,
        "med": 0.0006698432445060298,
        "quart_1": 0.0002443333924011526,
        "quart_3": 0.001457028695854179,
        "min": 0.0,
        "max": 0.013366796954202398,
        "stdv": 0.0010734260682333683
    },
    "price_imp": {
        "avg": 0.0007005719434693879,
        "med": 0.0006211206116270866,
        "quart_1": 0.0003861551720412381,
        "quart_3": 0.0009146758349526426,
        "min": 0.0,
        "max": 0.006561378955415471,
        "stdv": 0.0004574599631668474
    },
    "proc_cap_eff": {
        "avg": 0.00048815306341066714,
        "med": 0.00038303776477199847,
        "quart_1": 0.00020221697447087017,
        "quart_3": 0.0006384957204957353,
        "min": 1.3924031705414563e-08,
        "max": 0.008172608597786235,
        "stdv": 0.00045015221478995096
    },
    "proc_imp_gain": {
        "avg": 0.000923518802706342,
        "med": 0.0005634508812875083,
        "quart_1": 0.00017599596999717804,
        "quart_3": 0.0013350304519534895,
        "min": 5.420235371644821e-10,
        "max": 0.00834259979321006,
        "stdv": 0.0010291678273289281
    },
    "proc_imp_loss": {
        "avg": 0.0010191274544582769,
        "med": 0.0006691799014824085,
        "quart_1": 0.00024422057021200594,
        "quart_3": 0.001455178569975013,
        "min": 0.0,
        "max": 0.007867514173105716,
        "stdv": 0.0010586883640124102
    },
    "proc_price_imp": {
        "avg": 0.0006988273696266905,
        "med": 0.000620932201915095,
        "quart_1": 0.0003860609049684614,
        "quart_3": 0.000914124095478525,
        "min": 0.0,
        "max": 0.0036930761762215465,
        "stdv": 0.00045056494929837453
    }
}