{
    "cap_eff": {
        "avg": 0.00026960307012890446,
        "med": 0.0002305768165881128,
        "quart_1": 0.0001446585854962823,
        "quart_3": 0.00034921249393338183,
        "min": 1.8473977236865835e-08,
        "max": 0.0024047791024115472,
        "stdv": 0.00018843579870453248
    },
    "imp_gain": {
        "avg": 0.002085096411764886,
        "med": 0.0012838952363551925,
        "quart_1": 0.0005128911548715198,
        "quart_3": 0.003019789776663062,
        "min": 2.220446049250313e-16,
        "max": 0.028315121678591515,
        "stdv": 0.0022037240130409904
    },
    "imp_loss": {
        "avg": 0.001311560298626637,
        "med": 0.000516867258402165,
        "quart_1": 0.0,
        "quart_3": 0.0019663854547917747,
        "min": 0.0,
        "max": 0.027434174173931236,
        "stdv": 0.0018451381052188545
    },
    "price_imp": {
        "avg": 0.00043144093089791057,
        "med": 0.0004002899309336525,
        "quart_1": 0.0002710495904275704,
        "quart_3": 0.0005543626456372422,
        "min": 6.01838322179716e-08,
        "max": 0.002770380439015033,
        "stdv": 0.00023240809691241085
    },
    "proc_cap_eff": {
        "avg": 0.0002688626734785278,
        "med": 0.00023049327395274766,
        "quart_1": 0.00014463001915654417,
        "quart_3": 0.0003490331040936212,
        "min": 1.8473977236865835e-08,
        "max": 0.0015639840887713419,
        "stdv": 0.00018542387341970057
    },
    "proc_imp_gain": {
        "avg": 0.0020772499257204575,
        "med": 0.0012835590572533029,
        "quart_1": 0.0005124535548000075,
        "quart_3": 0.0030144890938481606,
        "min": 2.220446049250313e-16,
        "max": 0.015815790384826167,
        "stdv": 0.002175628945607016
    },
    "proc_imp_loss": {
        "avg": 0.001304356067060229,
        "med": 0.0005165259066013395,
        "quart_1": 0.0,
        "quart_3": 0.0019620697757226635,
        "min": 0.0,
        "max": 0.013533741144160505,
        "stdv": 0.0018164634769946564
    },
    "proc_price_imp": {
        "avg": 0.00043069820368500894,
        "med": 0.0004001534834599856,
        "quart_1": 0.00027098713887474486,
        "quart_3": 0.0005540210620229989,
        "min": 6.01838322179716e-08,
        "max": 0.0017003272085910136,
        "stdv": 0.0002299689204033027
    }
}