{
    "cap_eff": {
        "avg": 0.0013455029934172208,
        "med": 0.0011510841032063013,
        "quart_1": 0.0007225866482903909,
        "quart_3": 0.0017427646038097322,
        "min": 1.1558868417971269e-08,
        "max": 0.011964801809329684,
        "stdv": 0.0009394368376184533
    },
    "imp_gain": {
        "avg": 0.002083280061900353,
        "med": 0.0012844711370780804,
        "quart_1": 0.0005094299284520432,
        "quart_3": 0.0030214780242474593,
        "min": 2.220446049250313e-16,
        "max": 0.028305744108398923,
        "stdv": 0.0022045550867412817
    },
    "imp_loss": {
        "avg": 0.0013051951047644884,
        "med": 0.0004983169610588423,
        "quart_1": 0.0,
        "quart_3": 0.0019637807216349445,
        "min": 0.0,
        "max": 0.02726408407761005,
        "stdv": 0.0018411151311880218
    },
    "price_imp": {
        "avg": 0.0021520418303678296,
        "med": 0.001997148709872768,
        "quart_1": 0.0013532165350116352,
        "quart_3": 0.0027642512231975916,
        "min": 2.8813951581994195e-07,
        "max": 0.013773468746904037,
        "stdv": 0.001158144407688637
    },
    "proc_cap_eff": {
        "avg": 0.001341819401595248,
        "med": 0.001150805658316545,
        "quart_1": 0.0007223839479708616,
        "quart_3": 0.0017415271680242261,
        "min": 1.1558868417971269e-08,
        "max": 0.0077945053666439446,
        "stdv": 0.0009244871684126178
    },
    "proc_imp_gain": {
        "avg": 0.0020754296662676064,
        "med": 0.001283356356293286,
        "quart_1": 0.0005092988176529367,
        "quart_3": 0.003017169638648509,
        "min": 2.220446049250313e-16,
        "max": 0.015829648259283013,
        "stdv": 0.002176445438373563
    },
    "proc_imp_loss": {
        "avg": 0.0012980217699074255,
        "med": 0.0004968526102916426,
        "quart_1": 0.0,
        "quart_3": 0.0019610611549492063,
        "min": 0.0,
        "max": 0.013500150448790826,
        "stdv": 0.0018126316150470089
    },
    "proc_price_imp": {
        "avg": 0.002148345477798081,
        "med": 0.0019964974014599294,
        "quart_1": 0.0013527916812177566,
        "quart_3": 0.002762845855766561,
        "min": 2.8813951581994195e-07,
        "max": 0.00846962794776426,
        "stdv": 0.0011460246490598667
    }
}