{
    "cap_eff": {
        "avg": 0.004018111500316518,
        "med": 0.003443378339179737,
        "quart_1": 0.002163965527289813,
        "quart_3": 0.005205148259262549,
        "min": 1.9785678606609736e-07,
        "max": 0.035466555803753685,
        "stdv": 0.0027960152001775037
    },
    "imp_gain": {
        "avg": 0.0020935621524458517,
        "med": 0.0012957940323030659,
        "quart_1": 0.0005128535812806145,
        "quart_3": 0.0030400549926374865,
        "min": 2.220446049250313e-16,
        "max": 0.028341141415815008,
        "stdv": 0.0022097093346526544
    },
    "imp_loss": {
        "avg": 0.001297642718884476,
        "med": 0.0004920054726980094,
        "quart_1": 0.0,
        "quart_3": 0.0019604677846504215,
        "min": 0.0,
        "max": 0.02686916049020638,
        "stdv": 0.0018341210606866384
    },
    "price_imp": {
        "avg": 0.006418885828952525,
        "med": 0.005960624944234157,
        "quart_1": 0.004043259753987052,
        "quart_3": 0.008240723301995599,
        "min": 8.641217762672309e-07,
        "max": 0.040757560012523765,
        "stdv": 0.0034452985257699678
    },
    "proc_cap_eff": {
        "avg": 0.004007206277627171,
        "med": 0.0034418701047910227,
        "quart_1": 0.002163211202542925,
        "quart_3": 0.005201562968782714,
        "min": 1.9785678606609736e-07,
        "max": 0.022938919631745103,
        "stdv": 0.002752007329473003
    },
    "proc_imp_gain": {
        "avg": 0.0020857213674957283,
        "med": 0.0012949540928934855,
        "quart_1": 0.0005127383848966272,
        "quart_3": 0.003035318263999498,
        "min": 2.220446049250313e-16,
        "max": 0.01584078435478098,
        "stdv": 0.002181718311627494
    },
    "proc_imp_loss": {
        "avg": 0.0012905313882266693,
        "med": 0.0004909140624281827,
        "quart_1": 0.0,
        "quart_3": 0.0019573463957204273,
        "min": 0.0,
        "max": 0.013417919220442331,
        "stdv": 0.0018060613667813304
    },
    "proc_price_imp": {
        "avg": 0.0064079667341139955,
        "med": 0.005958391780450175,
        "quart_1": 0.004042170376124577,
        "quart_3": 0.008235273541119945,
        "min": 8.641217762672309e-07,
        "max": 0.02515852373827119,
        "stdv": 0.003409756084486548
    }
}