{
    "cap_eff": {
        "avg": 0.0026847383220569183,
        "med": 0.0022986475572215337,
        "quart_1": 0.0014436740091380296,
        "quart_3": 0.003477013360864145,
        "min": 3.1195869665268106e-08,
        "max": 0.023785701446896068,
        "stdv": 0.0018718006793397898
    },
    "imp_gain": {
        "avg": 0.002093398473912781,
        "med": 0.0012993649610097968,
        "quart_1": 0.000521357784089016,
        "quart_3": 0.0030316165294128616,
        "min": 2.220446049250313e-16,
        "max": 0.02835581425236189,
        "stdv": 0.0022090250681696903
    },
    "imp_loss": {
        "avg": 0.0013035502649469367,
        "med": 0.0004996682568452204,
        "quart_1": 0.0,
        "quart_3": 0.0019682411278683087,
        "min": 0.0,
        "max": 0.027026218244717737,
        "stdv": 0.0018377910314255935
    },
    "price_imp": {
        "avg": 0.004291366952941975,
        "med": 0.003983533965695552,
        "quart_1": 0.002700557837653465,
        "quart_3": 0.005511458778688401,
        "min": 5.765112942693999e-07,
        "max": 0.027356651003605792,
        "stdv": 0.0023064391131755466
    },
    "proc_cap_eff": {
        "avg": 0.002677415842742683,
        "med": 0.002297873186495991,
        "quart_1": 0.0014432902928150915,
        "quart_3": 0.0034747959493584,
        "min": 3.1195869665268106e-08,
        "max": 0.015526762250613224,
        "stdv": 0.0018421611725310185
    },
    "proc_imp_gain": {
        "avg": 0.002085552071761268,
        "med": 0.001298018521974198,
        "quart_1": 0.0005209762733418,
        "quart_3": 0.003028117034639344,
        "min": 2.220446049250313e-16,
        "max": 0.015851046370295663,
        "stdv": 0.00218097418780576
    },
    "proc_imp_loss": {
        "avg": 0.001296410180156678,
        "med": 0.0004986989802747699,
        "quart_1": 0.0,
        "quart_3": 0.0019635052254558527,
        "min": 0.0,
        "max": 0.013459080592545636,
        "stdv": 0.0018095263721715775
    },
    "proc_price_imp": {
        "avg": 0.004284016313091696,
        "med": 0.003982323241329717,
        "quart_1": 0.0027003289473059348,
        "quart_3": 0.005507982268697053,
        "min": 5.765112942693999e-07,
        "max": 0.016861050048216156,
        "stdv": 0.002282380826482087
    }
}