{
    "cap_eff": {
        "avg": 0.018107305638186855,
        "med": 0.0035603654465388157,
        "quart_1": 0.0015992247255867675,
        "quart_3": 0.007316226913529067,
        "min": 1.1987693060433458e-08,
        "max": 0.9131380533763248,
        "stdv": 0.09313750958336506
    },
    "imp_gain": {
        "avg": 0.0004675822089623994,
        "med": 0.0003783845096312355,
        "quart_1": 0.0001494076809321898,
        "quart_3": 0.0008015290991583157,
        "min": 4.336960664441669e-05,
        "max": 0.0016360900539833523,
        "stdv": 0.00036645337304880526
    },
    "imp_loss": {
        "avg": 0.5719067137353501,
        "med": 0.5465766377575252,
        "quart_1": 0.46479096046438817,
        "quart_3": 0.7341948474821931,
        "min": 0.0,
        "max": 0.8585687081120139,
        "stdv": 0.17804918528212188
    },
    "price_imp": {
        "avg": 0.007069271250983163,
        "med": 0.005570801197338856,
        "quart_1": 0.003161948810138336,
        "quart_3": 0.009338326231858006,
        "min": 2.059095224600525e-06,
        "max": 0.07855821267618818,
        "stdv": 0.005828701080582023
    },
    "proc_cap_eff": {
        "avg": 0.01767097670537167,
        "med": 0.0035573145184223387,
        "quart_1": 0.001598234230919815,
        "quart_3": 0.007305908744265899,
        "min": 1.1987693060433458e-08,
        "max": 0.8994231489979511,
        "stdv": 0.0910557404809089
    },
    "proc_imp_gain": {
        "avg": 0.0004675822089623994,
        "med": 0.0003783845096312355,
        "quart_1": 0.0001494076809321898,
        "quart_3": 0.0008015290991583157,
        "min": 4.336960664441669e-05,
        "max": 0.0016360900539833523,
        "stdv": 0.00036645337304880526
    },
    "proc_imp_loss": {
        "avg": 0.5721905380747804,
        "med": 0.5467223908719772,
        "quart_1": 0.4648891510106513,
        "quart_3": 0.7342721493410533,
        "min": 0.004721677937055135,
        "max": 0.8585687081120139,
        "stdv": 0.1776388472835191
    },
    "proc_price_imp": {
        "avg": 0.007043421133630677,
        "med": 0.005567741003170283,
        "quart_1": 0.003160656359605475,
        "quart_3": 0.009331511337901631,
        "min": 2.059095224600525e-06,
        "max": 0.05148600243784114,
        "stdv": 0.005709931687870692
    }
}