{
    "cap_eff": {
        "avg": 7.571653988382021e-15,
        "med": 1.5543122344752192e-15,
        "quart_1": 6.661338147750939e-16,
        "quart_3": 3.885780586188048e-15,
        "min": 0.0,
        "max": 1.794653314846073e-11,
        "stdv": 1.0242543817848045e-13
    },
    "imp_gain": {
        "avg": 0.0009835215953724284,
        "med": 0.0011607726041527044,
        "quart_1": 0.0007373663109166984,
        "quart_3": 0.0012938299299145584,
        "min": 0.0002033923269810778,
        "max": 0.0014748278181258012,
        "stdv": 0.00040858792802786546
    },
    "imp_loss": {
        "avg": 0.9288989288855942,
        "med": 0.9812466469274358,
        "quart_1": 0.9447516442910493,
        "quart_3": 0.996998192794426,
        "min": 0.0,
        "max": 0.9999999914068507,
        "stdv": 0.1665550582837125
    },
    "price_imp": {
        "avg": 7.569048336988273e-15,
        "med": 1.6342634723940621e-15,
        "quart_1": 6.039354648280482e-16,
        "quart_3": 3.910266850905767e-15,
        "min": 0.0,
        "max": 1.794649014355787e-11,
        "stdv": 1.0242538093018776e-13
    },
    "proc_cap_eff": {
        "avg": 6.223263933509727e-15,
        "med": 1.5543122344752192e-15,
        "quart_1": 6.661338147750939e-16,
        "quart_3": 3.885780586188048e-15,
        "min": 0.0,
        "max": 8.349987368205802e-13,
        "stdv": 2.6178438927883547e-14
    },
    "proc_imp_gain": {
        "avg": 0.0009835215953724284,
        "med": 0.0011607726041527044,
        "quart_1": 0.0007373663109166984,
        "quart_3": 0.0012938299299145584,
        "min": 0.0002033923269810778,
        "max": 0.0014748278181258012,
        "stdv": 0.00040858792802786546
    },
    "proc_imp_loss": {
        "avg": 0.9293611163496476,
        "med": 0.9812598998214489,
        "quart_1": 0.9448518186912847,
        "quart_3": 0.9970052688494092,
        "min": 0.005475646269781698,
        "max": 0.9999999914068507,
        "stdv": 0.16530673713669486
    },
    "proc_price_imp": {
        "avg": 6.220663761140347e-15,
        "med": 1.63291520342719e-15,
        "quart_1": 6.038067854422781e-16,
        "quart_3": 3.90429067560454e-15,
        "min": 0.0,
        "max": 8.350071646231056e-13,
        "stdv": 2.617920033357262e-14
    }
}