{
    "cap_eff": {
        "avg": 0.9270143071533835,
        "med": 0.0030403658877106166,
        "quart_1": 0.0019479216627739104,
        "quart_3": 0.0047379225164008165,
        "min": 3.9155688391634413e-07,
        "max": 17887.441739715938,
        "stdv": 97.17347082144838
    },
    "imp_gain": {
        "avg": 23.600742420664805,
        "med": 0.0012279749276744578,
        "quart_1": 6.506772318504161e-05,
        "quart_3": 1.0024444647145732,
        "min": 2.220446049250313e-16,
        "max": 2011.7464680743924,
        "stdv": 109.8228303634238
    },
    "imp_loss": {
        "avg": 0.18959194628947829,
        "med": 0.00010362097224581035,
        "quart_1": 0.0,
        "quart_3": 0.009297240182928213,
        "min": 0.0,
        "max": 0.9981453335187689,
        "stdv": 0.3336787613642056
    },
    "price_imp": {
        "avg": 5.0292062371304125,
        "med": 0.005505950033547722,
        "quart_1": 0.0037376788364997357,
        "quart_3": 0.007607540349772442,
        "min": 1.8897018687542831e-06,
        "max": 29912.02115365833,
        "stdv": 218.29018552704716
    },
    "proc_cap_eff": {
        "avg": 0.08081625163602915,
        "med": 0.0030395228432965604,
        "quart_1": 0.0019474434643011462,
        "quart_3": 0.004733298744991343,
        "min": 3.9155688391634413e-07,
        "max": 103.10229141598816,
        "stdv": 1.654789569362518
    },
    "proc_imp_gain": {
        "avg": 22.867325306507954,
        "med": 0.001223564432992763,
        "quart_1": 6.496960063739898e-05,
        "quart_3": 0.9900506133251317,
        "min": 2.220446049250313e-16,
        "max": 1307.3550176725846,
        "stdv": 104.7993077643438
    },
    "proc_imp_loss": {
        "avg": 0.18920306259707168,
        "med": 0.00010335707058717336,
        "quart_1": 0.0,
        "quart_3": 0.008911339024358256,
        "min": 0.0,
        "max": 0.947573131646695,
        "stdv": 0.33330803113783286
    },
    "proc_price_imp": {
        "avg": 1.191551417200508,
        "med": 0.005504435732338482,
        "quart_1": 0.003736646417394323,
        "quart_3": 0.007603088659002324,
        "min": 1.8897018687542831e-06,
        "max": 2343.686667130417,
        "stdv": 32.14883053345802
    }
}