{
    "cap_eff": {
        "avg": 10.660468830122156,
        "med": 0.00020334813667999274,
        "quart_1": 0.0001301142903923913,
        "quart_3": 0.00031710352957753374,
        "min": 8.886815949793458e-09,
        "max": 248519.78788533344,
        "stdv": 1254.578370591333
    },
    "imp_gain": {
        "avg": 19.997715041556077,
        "med": 0.0012907242893346327,
        "quart_1": 6.420006525198474e-05,
        "quart_3": 1.2756696606424867,
        "min": 2.220446049250313e-16,
        "max": 1984.8853917079425,
        "stdv": 88.10333026684869
    },
    "imp_loss": {
        "avg": 0.2290684034850648,
        "med": 0.00010421563794305033,
        "quart_1": 0.0,
        "quart_3": 0.008879184442292853,
        "min": 0.0,
        "max": 0.9998732834083652,
        "stdv": 0.40195425791178013
    },
    "price_imp": {
        "avg": 73.80835946822847,
        "med": 0.0003705789230491174,
        "quart_1": 0.00025130072808916533,
        "quart_3": 0.0005150917778138121,
        "min": 1.2487247987230423e-07,
        "max": 340293.00324185943,
        "stdv": 2969.9981808138964
    },
    "proc_cap_eff": {
        "avg": 0.08499444765551813,
        "med": 0.00020329858637679887,
        "quart_1": 0.00013008498525335366,
        "quart_3": 0.0003168368053549919,
        "min": 8.886815949793458e-09,
        "max": 122.63079497615584,
        "stdv": 2.0921090030114704
    },
    "proc_imp_gain": {
        "avg": 19.357550318536383,
        "med": 0.0012852199565038802,
        "quart_1": 6.411456350696731e-05,
        "quart_3": 1.2685219687923608,
        "min": 2.220446049250313e-16,
        "max": 1057.7196707491362,
        "stdv": 83.23564036432445
    },
    "proc_imp_loss": {
        "avg": 0.22868373228553782,
        "med": 0.00010393635038430382,
        "quart_1": 0.0,
        "quart_3": 0.00860090519084411,
        "min": 0.0,
        "max": 0.9971157300799506,
        "stdv": 0.401686448263066
    },
    "proc_price_imp": {
        "avg": 19.469340256289303,
        "med": 0.0003704406592523064,
        "quart_1": 0.00025125380528534107,
        "quart_3": 0.0005147135943852786,
        "min": 1.2487247987230423e-07,
        "max": 39178.65838517818,
        "stdv": 564.987865573158
    }
}