{
    "cap_eff": {
        "avg": 0.008219385947471488,
        "med": 0.007387756545835067,
        "quart_1": 0.00412423608011403,
        "quart_3": 0.011074293084695874,
        "min": 2.0911187292860234e-07,
        "max": 0.05565889800410728,
        "stdv": 0.005623207245913535
    },
    "imp_gain": {
        "avg": 0.21825042563061814,
        "med": 0.16800186107985016,
        "quart_1": 0.07726292830652004,
        "quart_3": 0.29314540744595474,
        "min": 2.220446049250313e-16,
        "max": 1.1742337317126088,
        "stdv": 0.19176482793178842
    },
    "imp_loss": {
        "avg": 0.1154834434225779,
        "med": 0.08546177431021618,
        "quart_1": 0.0,
        "quart_3": 0.18959604565514054,
        "min": 0.0,
        "max": 0.5400678476217374,
        "stdv": 0.12012067604676394
    },
    "price_imp": {
        "avg": 0.01002175651584096,
        "med": 0.00808438441169505,
        "quart_1": 0.005085807269715319,
        "quart_3": 0.01333922157180364,
        "min": 8.85294616961351e-08,
        "max": 0.06540889279395286,
        "stdv": 0.006969976930402189
    },
    "proc_cap_eff": {
        "avg": 0.00820123866477794,
        "med": 0.007383993429327329,
        "quart_1": 0.004122590803002035,
        "quart_3": 0.011067112441761895,
        "min": 2.0911187292860234e-07,
        "max": 0.03923978841617948,
        "stdv": 0.005564733359304923
    },
    "proc_imp_gain": {
        "avg": 0.21779328718692242,
        "med": 0.16795443334975046,
        "quart_1": 0.07716114220592818,
        "quart_3": 0.2928175722133146,
        "min": 2.220446049250313e-16,
        "max": 1.1213681507959588,
        "stdv": 0.19071863066124536
    },
    "proc_imp_loss": {
        "avg": 0.11527607347419674,
        "med": 0.0853559124635247,
        "quart_1": 0.0,
        "quart_3": 0.1894042123141263,
        "min": 0.0,
        "max": 0.5260184988371519,
        "stdv": 0.11979222328389909
    },
    "proc_price_imp": {
        "avg": 0.010001915177626206,
        "med": 0.008080418919390453,
        "quart_1": 0.005085003973706401,
        "quart_3": 0.013328525226087806,
        "min": 8.85294616961351e-08,
        "max": 0.045126040705878605,
        "stdv": 0.006914313250925065
    }
}