{
    "cap_eff": {
        "avg": 1.2376866321745529e-12,
        "med": 1.63202784619898e-14,
        "quart_1": 7.438494264988549e-15,
        "quart_3": 3.0531133177191805e-14,
        "min": 0.0,
        "max": 8.405593809879264e-08,
        "stdv": 3.175928914970704e-10
    },
    "imp_gain": {
        "avg": 0.1508955751060898,
        "med": 0.12011927497753172,
        "quart_1": 0.04620486570623017,
        "quart_3": 0.22090092345097112,
        "min": 2.6296833026684396e-06,
        "max": 0.6029179832585119,
        "stdv": 0.12781977102979203
    },
    "imp_loss": {
        "avg": 0.09491050372354776,
        "med": 0.06169496859744994,
        "quart_1": 0.0,
        "quart_3": 0.15561552094074327,
        "min": 0.0,
        "max": 0.5275780454579702,
        "stdv": 0.10456191259155528
    },
    "price_imp": {
        "avg": 1.2376863647288936e-12,
        "med": 1.6318027913116635e-14,
        "quart_1": 7.421902800259612e-15,
        "quart_3": 3.0516581386511194e-14,
        "min": 0.0,
        "max": 8.405594512106733e-08,
        "stdv": 3.175929180317562e-10
    },
    "proc_cap_eff": {
        "avg": 3.0675137723682743e-14,
        "med": 1.63202784619898e-14,
        "quart_1": 7.438494264988549e-15,
        "quart_3": 3.042011087472929e-14,
        "min": 0.0,
        "max": 5.365152766501069e-12,
        "stdv": 1.0010429889422216e-13
    },
    "proc_imp_gain": {
        "avg": 0.15067606450993803,
        "med": 0.120040237645344,
        "quart_1": 0.046178320288200236,
        "quart_3": 0.22071133119373765,
        "min": 2.6296833026684396e-06,
        "max": 0.5834595556620967,
        "stdv": 0.12747377913498892
    },
    "proc_imp_loss": {
        "avg": 0.09471244314815125,
        "med": 0.061633640185403515,
        "quart_1": 0.0,
        "quart_3": 0.1554784054477799,
        "min": 0.0,
        "max": 0.4686365570762373,
        "stdv": 0.10421145034593372
    },
    "proc_price_imp": {
        "avg": 3.067475954977416e-14,
        "med": 1.630974340184989e-14,
        "quart_1": 7.416954028771823e-15,
        "quart_3": 3.048942205394864e-14,
        "min": 0.0,
        "max": 5.365147092046445e-12,
        "stdv": 1.0010428991525852e-13
    }
}