{
    "cap_eff": {
        "avg": 5.501437273259861e-12,
        "med": 4.951594689828198e-14,
        "quart_1": 2.2648549702353193e-14,
        "quart_3": 9.248157795127554e-14,
        "min": 0.0,
        "max": 3.776119648080112e-07,
        "stdv": 1.4267503361489307e-09
    },
    "imp_gain": {
        "avg": 0.11565903205442674,
        "med": 0.10112182020794014,
        "quart_1": 0.05243566137317379,
        "quart_3": 0.166380257965699,
        "min": 2.0101926410109883e-06,
        "max": 0.32817647399536654,
        "stdv": 0.0792431388047286
    },
    "imp_loss": {
        "avg": 0.14148845824878536,
        "med": 0.08668368629394618,
        "quart_1": 0.030884510880785032,
        "quart_3": 0.2874390897140746,
        "min": 0.0,
        "max": 0.385082489675617,
        "stdv": 0.12757460566151774
    },
    "price_imp": {
        "avg": 5.5014348479434625e-12,
        "med": 4.948840250676449e-14,
        "quart_1": 2.2673813178906678e-14,
        "quart_3": 9.247162424440436e-14,
        "min": 0.0,
        "max": 3.776118221325238e-07,
        "stdv": 1.426749797072715e-09
    },
    "proc_cap_eff": {
        "avg": 9.160696254581529e-14,
        "med": 4.951594689828198e-14,
        "quart_1": 2.2648549702353193e-14,
        "quart_3": 9.237055564881302e-14,
        "min": 0.0,
        "max": 1.0165313035770396e-11,
        "stdv": 2.707243097358795e-13
    },
    "proc_imp_gain": {
        "avg": 0.11555490024753225,
        "med": 0.10107481522145112,
        "quart_1": 0.052399922158148815,
        "quart_3": 0.1663014043173825,
        "min": 2.0101926410109883e-06,
        "max": 0.3226112605060605,
        "stdv": 0.07912539151989621
    },
    "proc_imp_loss": {
        "avg": 0.14136829716543062,
        "med": 0.08663309691266063,
        "quart_1": 0.030872234741353144,
        "quart_3": 0.2873267933612226,
        "min": 0.0,
        "max": 0.3827130878052347,
        "stdv": 0.12749218721697028
    },
    "proc_price_imp": {
        "avg": 9.160657926491672e-14,
        "med": 4.9452116974913375e-14,
        "quart_1": 2.266733488978378e-14,
        "quart_3": 9.239847154318183e-14,
        "min": 0.0,
        "max": 1.0165363231241664e-11,
        "stdv": 2.707243153311655e-13
    }
}