{
    "cap_eff": {
        "avg": 0.0010268145584661262,
        "med": 0.0007078798622985882,
        "quart_1": 0.0003662218210511714,
        "quart_3": 0.0012032733894306036,
        "min": 2.5436613926288487e-09,
        "max": 0.586045471886657,
        "stdv": 0.004531006097603878
    },
    "imp_gain": {
        "avg": 0.0008650102696728162,
        "med": 0.000507210497931343,
        "quart_1": 0.00016315629824026345,
        "quart_3": 0.0012195007602366914,
        "min": 5.27354027113347e-09,
        "max": 0.01984242637062361,
        "stdv": 0.0010236375487746104
    },
    "imp_loss": {
        "avg": 0.0010328029180127942,
        "med": 0.0006994818139520742,
        "quart_1": 0.0002779965240969906,
        "quart_3": 0.0014375134167885495,
        "min": 0.0,
        "max": 0.014276984507185841,
        "stdv": 0.0010687728075546605
    },
    "price_imp": {
        "avg": 0.0013395207666855688,
        "med": 0.001126887206439679,
        "quart_1": 0.000672917693018302,
        "quart_3": 0.0017247737607575275,
        "min": 2.3845249741169647e-08,
        "max": 0.01929754189700728,
        "stdv": 0.0010086259963922788
    },
    "proc_cap_eff": {
        "avg": 0.0009625867630182869,
        "med": 0.000707553840005315,
        "quart_1": 0.0003660686802155477,
        "quart_3": 0.0012023849890898664,
        "min": 2.5436613926288487e-09,
        "max": 0.027705969214447457,
        "stdv": 0.0011273873676626602
    },
    "proc_imp_gain": {
        "avg": 0.0008600012839503179,
        "med": 0.0005068288203233795,
        "quart_1": 0.00016308548556787095,
        "quart_3": 0.0012179328875828732,
        "min": 5.27354027113347e-09,
        "max": 0.009244525145423177,
        "stdv": 0.0009984298517982727
    },
    "proc_imp_loss": {
        "avg": 0.00102794565506781,
        "med": 0.000698798327698591,
        "quart_1": 0.0002776524611088904,
        "quart_3": 0.0014362871908362163,
        "min": 0.0,
        "max": 0.008995962898885268,
        "stdv": 0.0010461088332267827
    },
    "proc_price_imp": {
        "avg": 0.0013350596432084732,
        "med": 0.0011264907938133384,
        "quart_1": 0.0006726885610520898,
        "quart_3": 0.001723569223834244,
        "min": 2.3845249741169647e-08,
        "max": 0.008835546136569446,
        "stdv": 0.0009878142467985662
    }
}