{
    "cap_eff": {
        "avg": 0.0002478267839271763,
        "med": 0.00020845999518359637,
        "quart_1": 0.00012789676877228429,
        "quart_3": 0.00032037105819893164,
        "min": 7.391186440663944e-09,
        "max": 0.0028389392548686665,
        "stdv": 0.0001818533069501107
    },
    "imp_gain": {
        "avg": 0.002043000119536893,
        "med": 0.001193802665532262,
        "quart_1": 0.00044150711183688074,
        "quart_3": 0.002780085186216308,
        "min": 2.220446049250313e-16,
        "max": 0.0496100538206925,
        "stdv": 0.0024498566363549868
    },
    "imp_loss": {
        "avg": 0.0011803279526236513,
        "med": 0.0004887347412841914,
        "quart_1": 0.0,
        "quart_3": 0.001729350926570672,
        "min": 0.0,
        "max": 0.03368062269762384,
        "stdv": 0.001687953498221076
    },
    "price_imp": {
        "avg": 0.0003965419253099977,
        "med": 0.00035652981971687523,
        "quart_1": 0.00023275103096689288,
        "quart_3": 0.000509911844583593,
        "min": 7.003505629410746e-08,
        "max": 0.003630525694109319,
        "stdv": 0.00023839885784995564
    },
    "proc_cap_eff": {
        "avg": 0.0002469977429447009,
        "med": 0.00020837100725279445,
        "quart_1": 0.00012783060630905396,
        "quart_3": 0.00032002232153161003,
        "min": 7.391186440663944e-09,
        "max": 0.0016395923817149605,
        "stdv": 0.0001779276143641704
    },
    "proc_imp_gain": {
        "avg": 0.0020308654817509882,
        "med": 0.0011934331113598873,
        "quart_1": 0.0004414684996048024,
        "quart_3": 0.0027766848871879635,
        "min": 2.220446049250313e-16,
        "max": 0.022489165757771712,
        "stdv": 0.0023879294117856924
    },
    "proc_imp_loss": {
        "avg": 0.0011728027879849146,
        "med": 0.0004879743978328799,
        "quart_1": 0.0,
        "quart_3": 0.0017257197808974167,
        "min": 0.0,
        "max": 0.013574969146642468,
        "stdv": 0.0016534429669888921
    },
    "proc_price_imp": {
        "avg": 0.00039565073136539776,
        "med": 0.00035639108285989414,
        "quart_1": 0.00023270093195030056,
        "quart_3": 0.0005095592609055715,
        "min": 7.003505629410746e-08,
        "max": 0.0019217573618987975,
        "stdv": 0.00023490654493693017
    }
}