{
    "cap_eff": {
        "avg": 0.0036963890790476907,
        "med": 0.0031138365873963902,
        "quart_1": 0.0019146983081011482,
        "quart_3": 0.004778799642435216,
        "min": 7.785865863141339e-08,
        "max": 0.04170316056174683,
        "stdv": 0.002699229387777809
    },
    "imp_gain": {
        "avg": 0.002049470513449399,
        "med": 0.0011942061740077836,
        "quart_1": 0.00044452937164640716,
        "quart_3": 0.0027899189411701997,
        "min": 2.220446049250313e-16,
        "max": 0.04960411759788785,
        "stdv": 0.002455370399287961
    },
    "imp_loss": {
        "avg": 0.0011719810684743934,
        "med": 0.0004798389634901312,
        "quart_1": 0.0,
        "quart_3": 0.0017244464979067065,
        "min": 0.0,
        "max": 0.032814675322818454,
        "stdv": 0.0016779528539543579
    },
    "price_imp": {
        "avg": 0.005901554477474291,
        "med": 0.005313485065864628,
        "quart_1": 0.003471969223387321,
        "quart_3": 0.007591865896489497,
        "min": 1.0511934644395919e-06,
        "max": 0.05301099329077175,
        "stdv": 0.0035284058639477654
    },
    "proc_cap_eff": {
        "avg": 0.003684216213151658,
        "med": 0.0031128029633756826,
        "quart_1": 0.0019141130397430928,
        "quart_3": 0.004774776282525872,
        "min": 7.785865863141339e-08,
        "max": 0.024254868775604566,
        "stdv": 0.002642221619961554
    },
    "proc_imp_gain": {
        "avg": 0.0020373658379948547,
        "med": 0.0011921662721625648,
        "quart_1": 0.00044433715859093503,
        "quart_3": 0.0027866183784195364,
        "min": 2.220446049250313e-16,
        "max": 0.0225055228977189,
        "stdv": 0.0023938233547758196
    },
    "proc_imp_loss": {
        "avg": 0.001164562282635955,
        "med": 0.00047873753424598764,
        "quart_1": 0.0,
        "quart_3": 0.0017204095130534114,
        "min": 0.0,
        "max": 0.013427379619335822,
        "stdv": 0.0016442835915230353
    },
    "proc_price_imp": {
        "avg": 0.005888508124647383,
        "med": 0.005312054018142165,
        "quart_1": 0.003471073434493412,
        "quart_3": 0.007586740496668009,
        "min": 1.0511934644395919e-06,
        "max": 0.02811728170929318,
        "stdv": 0.003477921517725752
    }
}