{
    "cap_eff": {
        "avg": 0.00903227091932329,
        "med": 0.008109454817567308,
        "quart_1": 0.004646387248607775,
        "quart_3": 0.012114351059813067,
        "min": 5.168836136881794e-07,
        "max": 0.06150100605783826,
        "stdv": 0.006125195328200765
    },
    "imp_gain": {
        "avg": 0.17888891361486886,
        "med": 0.13239815151279077,
        "quart_1": 0.06197563395556083,
        "quart_3": 0.23790507767656632,
        "min": 2.220446049250313e-16,
        "max": 1.0168001236593267,
        "stdv": 0.1658778094261631
    },
    "imp_loss": {
        "avg": 0.09822046304838448,
        "med": 0.07060291087872916,
        "quart_1": 0.0,
        "quart_3": 0.15965981891523273,
        "min": 0.0,
        "max": 0.5041650442853121,
        "stdv": 0.10660201805389936
    },
    "price_imp": {
        "avg": 0.011728207456993737,
        "med": 0.010071012743633076,
        "quart_1": 0.006478201623813208,
        "quart_3": 0.015337296490415134,
        "min": 9.140111592751059e-07,
        "max": 0.06794215274840323,
        "stdv": 0.007429534981517012
    },
    "proc_cap_eff": {
        "avg": 0.009013326729029594,
        "med": 0.008106642223625504,
        "quart_1": 0.004644298143293535,
        "quart_3": 0.012109888245856293,
        "min": 5.168836136881794e-07,
        "max": 0.042456257350279136,
        "stdv": 0.0060670409169237835
    },
    "proc_imp_gain": {
        "avg": 0.1784845441781939,
        "med": 0.13228853261139273,
        "quart_1": 0.061936708219694436,
        "quart_3": 0.23774221041399834,
        "min": 2.220446049250313e-16,
        "max": 0.9735143668030322,
        "stdv": 0.16492948617739128
    },
    "proc_imp_loss": {
        "avg": 0.09802182112836334,
        "med": 0.07054069575635702,
        "quart_1": 0.0,
        "quart_3": 0.1594685958894767,
        "min": 0.0,
        "max": 0.4882253992591594,
        "stdv": 0.10625790105845093
    },
    "proc_price_imp": {
        "avg": 0.01170647565490674,
        "med": 0.010066334094870507,
        "quart_1": 0.0064755622884680696,
        "quart_3": 0.01532633615768829,
        "min": 9.140111592751059e-07,
        "max": 0.04976944313206181,
        "stdv": 0.007366785450704957
    }
}