{
    "cap_eff": {
        "avg": 3.465616311535354e-14,
        "med": 1.3100631690576847e-14,
        "quart_1": 5.995204332975845e-15,
        "quart_3": 2.4424906541753444e-14,
        "min": 0.0,
        "max": 1.4591039487754642e-10,
        "stdv": 8.540994322006944e-13
    },
    "imp_gain": {
        "avg": 0.1835221187052724,
        "med": 0.14362106875551417,
        "quart_1": 0.06176085658752206,
        "quart_3": 0.279345334051466,
        "min": 4.068236944654302e-06,
        "max": 0.7643384618280953,
        "stdv": 0.1494750717474096
    },
    "imp_loss": {
        "avg": 0.13090369050246675,
        "med": 0.07924936352894507,
        "quart_1": 0.0,
        "quart_3": 0.21617845189452367,
        "min": 0.0,
        "max": 0.6743501645489488,
        "stdv": 0.14607050137608982
    },
    "price_imp": {
        "avg": 3.465551824908043e-14,
        "med": 1.3029703338891025e-14,
        "quart_1": 5.970118816982249e-15,
        "quart_3": 2.4461802827230224e-14,
        "min": 0.0,
        "max": 1.4591043244465537e-10,
        "stdv": 8.540994869693902e-13
    },
    "proc_cap_eff": {
        "avg": 2.4143838164494997e-14,
        "med": 1.3100631690576847e-14,
        "quart_1": 5.995204332975845e-15,
        "quart_3": 2.4424906541753444e-14,
        "min": 0.0,
        "max": 2.9529712008979914e-12,
        "stdv": 7.039945531009677e-14
    },
    "proc_imp_gain": {
        "avg": 0.1832371292814537,
        "med": 0.14352743528350076,
        "quart_1": 0.061743951367333905,
        "quart_3": 0.27907707440374074,
        "min": 4.068236944654302e-06,
        "max": 0.7386730499853218,
        "stdv": 0.14896719469044395
    },
    "proc_imp_loss": {
        "avg": 0.13063915858404185,
        "med": 0.0791067019705608,
        "quart_1": 0.0,
        "quart_3": 0.21585741399416847,
        "min": 0.0,
        "max": 0.6516992164991591,
        "stdv": 0.1456267788018966
    },
    "proc_price_imp": {
        "avg": 2.4143194863941582e-14,
        "med": 1.302126125163825e-14,
        "quart_1": 5.965174575313784e-15,
        "quart_3": 2.44370198969679e-14,
        "min": 0.0,
        "max": 2.9530762195510746e-12,
        "stdv": 7.039967781768227e-14
    }
}