{
    "cap_eff": {
        "avg": 9.476233890991758e-14,
        "med": 3.730349362740526e-14,
        "quart_1": 1.6764367671839864e-14,
        "quart_3": 7.127631818093505e-14,
        "min": 0.0,
        "max": 3.759152988891401e-10,
        "stdv": 2.0864336754058792e-12
    },
    "imp_gain": {
        "avg": 0.09460476341159987,
        "med": 0.0852198491915992,
        "quart_1": 0.04445664002896632,
        "quart_3": 0.13647480643893473,
        "min": 8.371313102717437e-07,
        "max": 0.2825775625882081,
        "stdv": 0.061708197266336216
    },
    "imp_loss": {
        "avg": 0.11482164303956573,
        "med": 0.10263950136529221,
        "quart_1": 0.04790157148226837,
        "quart_3": 0.1804957799396374,
        "min": 0.0,
        "max": 0.3616775458187935,
        "stdv": 0.0804440539832223
    },
    "price_imp": {
        "avg": 9.476233367737548e-14,
        "med": 3.7328562214104445e-14,
        "quart_1": 1.6791526910287087e-14,
        "quart_3": 7.134137071344431e-14,
        "min": 0.0,
        "max": 3.75915255443462e-10,
        "stdv": 2.086433669452674e-12
    },
    "proc_cap_eff": {
        "avg": 6.954781356705291e-14,
        "med": 3.730349362740526e-14,
        "quart_1": 1.6764367671839864e-14,
        "quart_3": 7.127631818093505e-14,
        "min": 0.0,
        "max": 6.75581812714654e-12,
        "stdv": 1.9165619804828506e-13
    },
    "proc_imp_gain": {
        "avg": 0.09451327338992932,
        "med": 0.08518125700572132,
        "quart_1": 0.044445562818812734,
        "quart_3": 0.13635534961150597,
        "min": 8.371313102717437e-07,
        "max": 0.2749933828717883,
        "stdv": 0.0615875805766611
    },
    "proc_imp_loss": {
        "avg": 0.11470114992531046,
        "med": 0.10259873619580573,
        "quart_1": 0.047857772889641104,
        "quart_3": 0.1803382750618725,
        "min": 0.0,
        "max": 0.355118684374808,
        "stdv": 0.08028173551037694
    },
    "proc_price_imp": {
        "avg": 6.954780557937078e-14,
        "med": 3.729803978515126e-14,
        "quart_1": 1.6783025778736185e-14,
        "quart_3": 7.128873656426705e-14,
        "min": 0.0,
        "max": 6.7558174976208245e-12,
        "stdv": 1.9165642132392143e-13
    }
}