{
    "cap_eff": {
        "avg": 0.004604749075905794,
        "med": 0.0039343009097565496,
        "quart_1": 0.002427770172133581,
        "quart_3": 0.0059945793777163026,
        "min": 1.0242998282894433e-07,
        "max": 0.047963889475210575,
        "stdv": 0.0032452353160198977
    },
    "imp_gain": {
        "avg": 0.002404610346413524,
        "med": 0.0014475614851197083,
        "quart_1": 0.0004999230429132417,
        "quart_3": 0.003310607698085777,
        "min": 2.220446049250313e-16,
        "max": 0.03912750975710666,
        "stdv": 0.0027333861185138983
    },
    "imp_loss": {
        "avg": 0.0014791085185248427,
        "med": 0.000562679850825365,
        "quart_1": 0.0,
        "quart_3": 0.002286703723272554,
        "min": 0.0,
        "max": 0.03408311379020179,
        "stdv": 0.0020935991655452835
    },
    "price_imp": {
        "avg": 0.00737589795336121,
        "med": 0.0067527317955487194,
        "quart_1": 0.004473410062274613,
        "quart_3": 0.009532057425398258,
        "min": 5.841025573569518e-07,
        "max": 0.04322539298822299,
        "stdv": 0.004139884884432572
    },
    "proc_cap_eff": {
        "avg": 0.004592138592435394,
        "med": 0.003932661344643373,
        "quart_1": 0.002427179409066671,
        "quart_3": 0.005991231898924976,
        "min": 1.0242998282894433e-07,
        "max": 0.025739263110028165,
        "stdv": 0.003193973872521751
    },
    "proc_imp_gain": {
        "avg": 0.0023936019216386885,
        "med": 0.0014468720324953832,
        "quart_1": 0.0004993463018858613,
        "quart_3": 0.003308065991759257,
        "min": 2.220446049250313e-16,
        "max": 0.021434787723690008,
        "stdv": 0.002688491545328323
    },
    "proc_imp_loss": {
        "avg": 0.0014709635637001571,
        "med": 0.0005619241199970038,
        "quart_1": 0.0,
        "quart_3": 0.0022832990442887002,
        "min": 0.0,
        "max": 0.01554538795753091,
        "stdv": 0.002061435366150946
    },
    "proc_price_imp": {
        "avg": 0.007363131944538398,
        "med": 0.006750193381253593,
        "quart_1": 0.004472566351897852,
        "quart_3": 0.009526321137108752,
        "min": 5.841025573569518e-07,
        "max": 0.030495588755030476,
        "stdv": 0.004100090805061598
    }
}