{
    "cap_eff": {
        "avg": 3.8483767642235405e-14,
        "med": 1.3655743202889425e-14,
        "quart_1": 4.884981308350689e-15,
        "quart_3": 2.731148640577885e-14,
        "min": 0.0,
        "max": 2.2919111053454344e-10,
        "stdv": 1.1558679151271355e-12
    },
    "imp_gain": {
        "avg": 1.7173287074058068,
        "med": 0.12106592001290317,
        "quart_1": 0.03949843640785233,
        "quart_3": 1.0109876874495485,
        "min": 9.696128553393635e-07,
        "max": 51.716173747997935,
        "stdv": 5.043658915197223
    },
    "imp_loss": {
        "avg": 0.2802253616318583,
        "med": 0.05568329374700276,
        "quart_1": 0.0,
        "quart_3": 0.400898246147649,
        "min": 0.0,
        "max": 0.9999999339878333,
        "stdv": 0.39629664349568555
    },
    "price_imp": {
        "avg": 3.848280087474309e-14,
        "med": 1.3654520062002041e-14,
        "quart_1": 4.827694612029335e-15,
        "quart_3": 2.7282846519872965e-14,
        "min": 0.0,
        "max": 2.291911367458441e-10,
        "stdv": 1.1558681872729944e-12
    },
    "proc_cap_eff": {
        "avg": 2.6593282137578348e-14,
        "med": 1.3655743202889425e-14,
        "quart_1": 4.884981308350689e-15,
        "quart_3": 2.731148640577885e-14,
        "min": 0.0,
        "max": 3.2214231282523542e-12,
        "stdv": 8.634752140107063e-14
    },
    "proc_imp_gain": {
        "avg": 1.695497813778641,
        "med": 0.12095989224763803,
        "quart_1": 0.03949693263144871,
        "quart_3": 1.0070764114396047,
        "min": 9.696128553393635e-07,
        "max": 41.01251720661123,
        "stdv": 4.948827419157809
    },
    "proc_imp_loss": {
        "avg": 0.2798655289027425,
        "med": 0.05562300157098432,
        "quart_1": 0.0,
        "quart_3": 0.39943811759471537,
        "min": 0.0,
        "max": 0.9999972541743468,
        "stdv": 0.39606870129625127
    },
    "proc_price_imp": {
        "avg": 2.6592308575026646e-14,
        "med": 1.364268595916237e-14,
        "quart_1": 4.82335396367935e-15,
        "quart_3": 2.7246842471835177e-14,
        "min": 0.0,
        "max": 3.221418629764454e-12,
        "stdv": 8.634802349868597e-14
    }
}