{
    "cap_eff": {
        "avg": 1.020355042405594e-14,
        "med": 1.4432899320127035e-15,
        "quart_1": 5.551115123125783e-16,
        "quart_3": 3.4416913763379853e-15,
        "min": 0.0,
        "max": 2.1921353621223716e-11,
        "stdv": 1.9071670243611487e-13
    },
    "imp_gain": {
        "avg": 0.0006792973577983696,
        "med": 0.0007989943769888264,
        "quart_1": 0.0005061407484681091,
        "quart_3": 0.0007989943769888264,
        "min": 0.0005061407484681091,
        "max": 0.000801342611485234,
        "stdv": 0.00014407581069089193
    },
    "imp_loss": {
        "avg": 0.9323791985491284,
        "med": 0.9816124262565253,
        "quart_1": 0.9578893773248081,
        "quart_3": 0.997800992106678,
        "min": 0.0,
        "max": 0.9999999987016013,
        "stdv": 0.16573856821283225
    },
    "price_imp": {
        "avg": 1.020054484561539e-14,
        "med": 1.4608708646755082e-15,
        "quart_1": 5.650589947298957e-16,
        "quart_3": 3.4615571292921542e-15,
        "min": 0.0,
        "max": 2.1921377525867696e-11,
        "stdv": 1.9071701113915649e-13
    },
    "proc_cap_eff": {
        "avg": 7.326524524341125e-15,
        "med": 1.4432899320127035e-15,
        "quart_1": 5.551115123125783e-16,
        "quart_3": 3.4416913763379853e-15,
        "min": 0.0,
        "max": 1.8753887331968144e-12,
        "stdv": 3.988262212381136e-14
    },
    "proc_imp_gain": {
        "avg": 0.0006792973577983696,
        "med": 0.0007989943769888264,
        "quart_1": 0.0005061407484681091,
        "quart_3": 0.0007989943769888264,
        "min": 0.0005061407484681091,
        "max": 0.000801342611485234,
        "stdv": 0.00014407581069089193
    },
    "proc_imp_loss": {
        "avg": 0.9328428942118252,
        "med": 0.9816340507511631,
        "quart_1": 0.9579343117510745,
        "quart_3": 0.9978082207776529,
        "min": 0.004495481901192533,
        "max": 0.9999999987016013,
        "stdv": 0.16447339155361554
    },
    "proc_price_imp": {
        "avg": 7.32351652931524e-15,
        "med": 1.4587161047187633e-15,
        "quart_1": 5.648921612809499e-16,
        "quart_3": 3.4551633085186164e-15,
        "min": 0.0,
        "max": 1.875492091338174e-12,
        "stdv": 3.988319597157831e-14
    }
}