{
    "cap_eff": {
        "avg": 0.018433932536604004,
        "med": 0.0010100450244553416,
        "quart_1": 0.0004967826693274002,
        "quart_3": 0.0017983134818235769,
        "min": 3.346467525311425e-08,
        "max": 34.646166732474214,
        "stdv": 0.1909518116082909
    },
    "imp_gain": {},
    "imp_loss": {
        "avg": 0.43938902759093434,
        "med": 0.45830852186294274,
        "quart_1": 0.4332502075799569,
        "quart_3": 0.4805641159795685,
        "min": 0.0,
        "max": 0.5776833480336161,
        "stdv": 0.07980580907033309
    },
    "price_imp": {
        "avg": 0.01236397749401025,
        "med": 0.0013214213839036933,
        "quart_1": 0.0007878234252398045,
        "quart_3": 0.0019012581407279337,
        "min": 5.000960690878323e-08,
        "max": 72.73924940455267,
        "stdv": 0.3489634030686464
    },
    "proc_cap_eff": {
        "avg": 0.016478555944659145,
        "med": 0.0010096257598133374,
        "quart_1": 0.000496548479204606,
        "quart_3": 0.0017963167723068496,
        "min": 3.346467525311425e-08,
        "max": 0.9899449382628934,
        "stdv": 0.10013584289310476
    },
    "proc_imp_gain": {},
    "proc_imp_loss": {
        "avg": 0.4396076948962923,
        "med": 0.4583328909543235,
        "quart_1": 0.433362463245779,
        "quart_3": 0.4805714391345337,
        "min": 0.00501833309162214,
        "max": 0.5776833480336161,
        "stdv": 0.07922449970349982
    },
    "proc_price_imp": {
        "avg": 0.007602546402090862,
        "med": 0.0013209971529662596,
        "quart_1": 0.00078755554293117,
        "quart_3": 0.0019004953075455683,
        "min": 5.000960690878323e-08,
        "max": 4.3561685568132855,
        "stdv": 0.11330051731365454
    }
}