{
    "cap_eff": {
        "avg": 0.04440418790483015,
        "med": 0.003011930993928047,
        "quart_1": 0.0019361226401586329,
        "quart_3": 0.0046984031390853165,
        "min": 4.461007629963376e-08,
        "max": 332.3121403579094,
        "stdv": 1.481136776450373
    },
    "imp_gain": {
        "avg": 3.6509610024132813,
        "med": 0.002450563268486805,
        "quart_1": 0.00012367399897672549,
        "quart_3": 1.8923257932227773,
        "min": 2.220446049250313e-16,
        "max": 163.3414538855535,
        "stdv": 11.390805730200258
    },
    "imp_loss": {
        "avg": 0.16692834108350857,
        "med": 0.0001071433859145543,
        "quart_1": 0.0,
        "quart_3": 0.004222034418488452,
        "min": 0.0,
        "max": 0.9632741225316469,
        "stdv": 0.3160114493024567
    },
    "price_imp": {
        "avg": 0.10081204846294471,
        "med": 0.005489635925230891,
        "quart_1": 0.0037383587846647535,
        "quart_3": 0.007609433213429613,
        "min": 1.7368826991563572e-07,
        "max": 160.19554094355573,
        "stdv": 1.9925740136154122
    },
    "proc_cap_eff": {
        "avg": 0.029375770947904393,
        "med": 0.0030108306669947016,
        "quart_1": 0.0019357842279978943,
        "quart_3": 0.004694847076491371,
        "min": 4.461007629963376e-08,
        "max": 6.791461841460154,
        "stdv": 0.18583203951435406
    },
    "proc_imp_gain": {
        "avg": 3.580077711611405,
        "med": 0.0024458096109274408,
        "quart_1": 0.0001234576618678318,
        "quart_3": 1.880987000841,
        "min": 2.220446049250313e-16,
        "max": 134.8402947406024,
        "stdv": 10.942647173446376
    },
    "proc_imp_loss": {
        "avg": 0.16654143390907827,
        "med": 0.00010691441079169195,
        "quart_1": 0.0,
        "quart_3": 0.0042136343261074405,
        "min": 0.0,
        "max": 0.937243199360953,
        "stdv": 0.3156165121342563
    },
    "proc_price_imp": {
        "avg": 0.06539176595014139,
        "med": 0.00548743865947382,
        "quart_1": 0.003737489793953445,
        "quart_3": 0.007604654775208171,
        "min": 1.7368826991563572e-07,
        "max": 39.14366064957601,
        "stdv": 0.9332324482667343
    }
}