{
    "cap_eff": {
        "avg": 0.003667862999777039,
        "med": 0.002619484956935869,
        "quart_1": 0.0012163928354880227,
        "quart_3": 0.005145948237236131,
        "min": 1.1169748370676302e-07,
        "max": 0.03708355380992612,
        "stdv": 0.0034045196078432336
    },
    "imp_gain": {
        "avg": 0.4460066976028421,
        "med": 0.3625355921429112,
        "quart_1": 0.13778041229160864,
        "quart_3": 0.6537028574391868,
        "min": 3.0138224578202255e-06,
        "max": 1.8303904109047142,
        "stdv": 0.39033501477283755
    },
    "imp_loss": {
        "avg": 0.2557570167949037,
        "med": 0.19158173663294575,
        "quart_1": 0.0929230183756714,
        "quart_3": 0.3858449575867058,
        "min": 0.0,
        "max": 0.755862018430883,
        "stdv": 0.20801905452519892
    },
    "price_imp": {
        "avg": 0.003670040415893707,
        "med": 0.0022773073645998548,
        "quart_1": 0.0014953845004035122,
        "quart_3": 0.003518623369401928,
        "min": 8.191053783957342e-08,
        "max": 0.04241483053783336,
        "stdv": 0.004084618426480745
    },
    "proc_cap_eff": {
        "avg": 0.0036555630633222005,
        "med": 0.002617532857343674,
        "quart_1": 0.0012156058694042238,
        "quart_3": 0.005142435780610577,
        "min": 1.1169748370676302e-07,
        "max": 0.02519763788831586,
        "stdv": 0.0033601446245346634
    },
    "proc_imp_gain": {
        "avg": 0.4453264008507193,
        "med": 0.3623904826471722,
        "quart_1": 0.1377108854455249,
        "quart_3": 0.6529740894434928,
        "min": 3.0138224578202255e-06,
        "max": 1.8019591762466538,
        "stdv": 0.3892407255858434
    },
    "proc_imp_loss": {
        "avg": 0.2555083072553283,
        "med": 0.19148073388210107,
        "quart_1": 0.09284904125386506,
        "quart_3": 0.38525257060398876,
        "min": 0.0,
        "max": 0.7533218787924579,
        "stdv": 0.20777252526305573
    },
    "proc_price_imp": {
        "avg": 0.0036558883665847915,
        "med": 0.0022766824201748033,
        "quart_1": 0.0014950126042931517,
        "quart_3": 0.003515355952150873,
        "min": 8.191053783957342e-08,
        "max": 0.02901495250919398,
        "stdv": 0.004035699408123042
    }
}