{
    "cap_eff": {
        "avg": 0.0011420535232576795,
        "med": 0.0009561455692568277,
        "quart_1": 0.0005622151840747325,
        "quart_3": 0.001494093947943198,
        "min": 4.39326997003775e-08,
        "max": 0.016521979169201728,
        "stdv": 0.0008702510388269197
    },
    "imp_gain": {
        "avg": 0.0020042322757376453,
        "med": 0.0009929410270963501,
        "quart_1": 0.0003660512185046372,
        "quart_3": 0.002621971314402227,
        "min": 2.220446049250313e-16,
        "max": 0.04568471643718275,
        "stdv": 0.0026970499471816885
    },
    "imp_loss": {
        "avg": 0.0011440759510790914,
        "med": 0.0004687422356017823,
        "quart_1": 0.0,
        "quart_3": 0.0017512430010092062,
        "min": 0.0,
        "max": 0.034516174525482946,
        "stdv": 0.0016043073160876197
    },
    "price_imp": {
        "avg": 0.0018510124282996097,
        "med": 0.001645964414506455,
        "quart_1": 0.00100110438499007,
        "quart_3": 0.002438204601958582,
        "min": 5.5835120513681214e-08,
        "max": 0.02047436643784012,
        "stdv": 0.0011936470450346337
    },
    "proc_cap_eff": {
        "avg": 0.0011377596163183493,
        "med": 0.0009557334411758323,
        "quart_1": 0.0005619713736266796,
        "quart_3": 0.0014930440566419678,
        "min": 4.39326997003775e-08,
        "max": 0.008187002569947532,
        "stdv": 0.0008478883638683987
    },
    "proc_imp_gain": {
        "avg": 0.001990055880913495,
        "med": 0.0009912191390211156,
        "quart_1": 0.00036598277316612915,
        "quart_3": 0.002621381351307406,
        "min": 2.220446049250313e-16,
        "max": 0.026100272009946357,
        "stdv": 0.0026204149472956223
    },
    "proc_imp_loss": {
        "avg": 0.0011364733351216505,
        "med": 0.0004682714956578682,
        "quart_1": 0.0,
        "quart_3": 0.0017484037705988165,
        "min": 0.0,
        "max": 0.013255775007109172,
        "stdv": 0.0015663516614499756
    },
    "proc_price_imp": {
        "avg": 0.0018467631167255777,
        "med": 0.0016450428960218468,
        "quart_1": 0.0010008008369785815,
        "quart_3": 0.002436655749077434,
        "min": 5.5835120513681214e-08,
        "max": 0.009144501047089353,
        "stdv": 0.0011777119191938093
    }
}