{
    "cap_eff": {
        "avg": 0.003779631411845016,
        "med": 0.002734582008046327,
        "quart_1": 0.0012946857855253846,
        "quart_3": 0.005290628902209882,
        "min": 2.062715216410993e-07,
        "max": 0.03760766492815093,
        "stdv": 0.0034331109385476147
    },
    "imp_gain": {
        "avg": 0.31910259470550617,
        "med": 0.20619114374621383,
        "quart_1": 0.10960097437942817,
        "quart_3": 0.3853607648080375,
        "min": 1.0087008923020946e-05,
        "max": 1.4282426580276306,
        "stdv": 0.3138142742880909
    },
    "imp_loss": {
        "avg": 0.1814467974461993,
        "med": 0.1451811677983612,
        "quart_1": 0.0706702604791738,
        "quart_3": 0.23511831657737592,
        "min": 0.0,
        "max": 0.4914771617356236,
        "stdv": 0.13656538479362137
    },
    "price_imp": {
        "avg": 0.003880974727253332,
        "med": 0.002511909246242073,
        "quart_1": 0.0016465668660523285,
        "quart_3": 0.00386620076232502,
        "min": 1.1928929229804297e-07,
        "max": 0.040609201997635444,
        "stdv": 0.004117001368955393
    },
    "proc_cap_eff": {
        "avg": 0.0037683018787202475,
        "med": 0.002733111897230023,
        "quart_1": 0.0012939214274267363,
        "quart_3": 0.00528471337234071,
        "min": 2.062715216410993e-07,
        "max": 0.023838420489677326,
        "stdv": 0.0033958504593322235
    },
    "proc_imp_gain": {
        "avg": 0.3185541615771741,
        "med": 0.20598889083922334,
        "quart_1": 0.10959082277379784,
        "quart_3": 0.38496343700421676,
        "min": 1.0087008923020946e-05,
        "max": 1.4099741470326275,
        "stdv": 0.3129323747038125
    },
    "proc_imp_loss": {
        "avg": 0.18129467065528798,
        "med": 0.14508466312393664,
        "quart_1": 0.07063893564244128,
        "quart_3": 0.23473862298493497,
        "min": 0.0,
        "max": 0.48580004979517966,
        "stdv": 0.13642886093013734
    },
    "proc_price_imp": {
        "avg": 0.003867026592578229,
        "med": 0.0025112282322735397,
        "quart_1": 0.0016460673961719392,
        "quart_3": 0.0038632377190081974,
        "min": 1.1928929229804297e-07,
        "max": 0.029086256777796776,
        "stdv": 0.0040700722040850085
    }
}