{
    "cap_eff": {
        "avg": 0.0024688173648541862,
        "med": 0.0020786140086107574,
        "quart_1": 0.0012771047898303411,
        "quart_3": 0.0031910467162850065,
        "min": 6.9278357495150544e-09,
        "max": 0.0280044897369236,
        "stdv": 0.0018060866494802514
    },
    "imp_gain": {
        "avg": 0.002044830982866648,
        "med": 0.0011848200909991835,
        "quart_1": 0.00044304997565536297,
        "quart_3": 0.002781596956624721,
        "min": 2.220446049250313e-16,
        "max": 0.04964349340312113,
        "stdv": 0.0024558950376626478
    },
    "imp_loss": {
        "avg": 0.0011749122871906887,
        "med": 0.00047902400405008816,
        "quart_1": 0.0,
        "quart_3": 0.0017320622599150681,
        "min": 0.0,
        "max": 0.033059366111365396,
        "stdv": 0.0016809602716376555
    },
    "price_imp": {
        "avg": 0.003945183741053884,
        "med": 0.003550229250855024,
        "quart_1": 0.0023192104680772084,
        "quart_3": 0.005074769035787638,
        "min": 3.8552786162380086e-07,
        "max": 0.035668224360693675,
        "stdv": 0.0023632710703308433
    },
    "proc_cap_eff": {
        "avg": 0.00246064124501149,
        "med": 0.0020779014096927173,
        "quart_1": 0.0012767848349771738,
        "quart_3": 0.003188473990199281,
        "min": 6.9278357495150544e-09,
        "max": 0.016247477601062155,
        "stdv": 0.0017676486114040742
    },
    "proc_imp_gain": {
        "avg": 0.0020326659475058263,
        "med": 0.0011832678599437152,
        "quart_1": 0.0004430481312107659,
        "quart_3": 0.0027782223064343192,
        "min": 2.220446049250313e-16,
        "max": 0.02259858243609658,
        "stdv": 0.0023938373880354577
    },
    "proc_imp_loss": {
        "avg": 0.0011674702423057294,
        "med": 0.0004781196574046298,
        "quart_1": 0.0,
        "quart_3": 0.0017288007146462059,
        "min": 0.0,
        "max": 0.01346252307839979,
        "stdv": 0.0016471014346472223
    },
    "proc_price_imp": {
        "avg": 0.003936412583307405,
        "med": 0.003548714950213641,
        "quart_1": 0.0023186776133440456,
        "quart_3": 0.005072115146283077,
        "min": 3.8552786162380086e-07,
        "max": 0.01885603247691535,
        "stdv": 0.002329184627045954
    }
}