{
    "cap_eff": {
        "avg": 0.004025042657280092,
        "med": 0.0029958895200288826,
        "quart_1": 0.0014734208273980975,
        "quart_3": 0.005580660355889444,
        "min": 1.785479208926688e-09,
        "max": 0.037806739152452584,
        "stdv": 0.003564750685057802
    },
    "imp_gain": {
        "avg": 0.28480516641439546,
        "med": 0.213739262379389,
        "quart_1": 0.09199004739762606,
        "quart_3": 0.3780357529693479,
        "min": 2.220446049250313e-16,
        "max": 1.9174328767813482,
        "stdv": 0.27030241207028294
    },
    "imp_loss": {
        "avg": 0.23166580760543465,
        "med": 0.2554526344469926,
        "quart_1": 0.09141718410845201,
        "quart_3": 0.35903969742211106,
        "min": 0.0,
        "max": 0.4922070434729351,
        "stdv": 0.14228699263519057
    },
    "price_imp": {
        "avg": 0.004443613426787701,
        "med": 0.0031777607330152682,
        "quart_1": 0.0020714756423069933,
        "quart_3": 0.004828133222751666,
        "min": 2.454788290157674e-07,
        "max": 0.04361435636576488,
        "stdv": 0.004171600168465665
    },
    "proc_cap_eff": {
        "avg": 0.004013111397536139,
        "med": 0.0029943923930543237,
        "quart_1": 0.0014729684506824547,
        "quart_3": 0.005575803685921976,
        "min": 1.785479208926688e-09,
        "max": 0.02548823004625489,
        "stdv": 0.0035251291451368354
    },
    "proc_imp_gain": {
        "avg": 0.284018672219379,
        "med": 0.21353839484550274,
        "quart_1": 0.09194119144778035,
        "quart_3": 0.37764525165951235,
        "min": 2.220446049250313e-16,
        "max": 1.8205994960748728,
        "stdv": 0.26806838339962274
    },
    "proc_imp_loss": {
        "avg": 0.23178100347358496,
        "med": 0.2556400648546059,
        "quart_1": 0.0916875222395831,
        "quart_3": 0.35907734076244635,
        "min": 0.00019485323466639226,
        "max": 0.4922070434729351,
        "stdv": 0.14222857393787156
    },
    "proc_price_imp": {
        "avg": 0.004429071084654759,
        "med": 0.003176653741884349,
        "quart_1": 0.002070710895340706,
        "quart_3": 0.004823926018028115,
        "min": 2.454788290157674e-07,
        "max": 0.03022951945902826,
        "stdv": 0.004121044202548886
    }
}