{
    "cap_eff": {
        "avg": 0.00013982328383580744,
        "med": 9.038748977796551e-05,
        "quart_1": 4.706353006111996e-05,
        "quart_3": 0.00015625839996435964,
        "min": 5.6810334214674185e-11,
        "max": 0.42216082835384616,
        "stdv": 0.0016643229507966872
    },
    "imp_gain": {
        "avg": 0.0010835635383867445,
        "med": 0.0006148274518200658,
        "quart_1": 0.00019785135512329077,
        "quart_3": 0.0015039885631654704,
        "min": 8.215650382226158e-15,
        "max": 0.01991945690515995,
        "stdv": 0.001310756610693659
    },
    "imp_loss": {
        "avg": 0.0013899634496484204,
        "med": 0.0009436618681019637,
        "quart_1": 0.0003764511515595981,
        "quart_3": 0.0019102294258836472,
        "min": 0.0,
        "max": 0.023706540845768065,
        "stdv": 0.001453613348607534
    },
    "price_imp": {
        "avg": 0.00017788079126657258,
        "med": 0.0001433873421602026,
        "quart_1": 8.5867908309811e-05,
        "quart_3": 0.00022785158991617802,
        "min": 0.0,
        "max": 0.23809523809523805,
        "stdv": 0.0007658682186493386
    },
    "proc_cap_eff": {
        "avg": 0.00012673866553611823,
        "med": 9.034543061825495e-05,
        "quart_1": 4.70455048153795e-05,
        "quart_3": 0.0001560938592516381,
        "min": 5.6810334214674185e-11,
        "max": 0.004077315687817551,
        "stdv": 0.00015526026308508405
    },
    "proc_imp_gain": {
        "avg": 0.0010775995873191075,
        "med": 0.0006142688960848464,
        "quart_1": 0.0001977069752785443,
        "quart_3": 0.00150262668055956,
        "min": 8.215650382226158e-15,
        "max": 0.011327571266695813,
        "stdv": 0.0012828351830916171
    },
    "proc_imp_loss": {
        "avg": 0.0013833095080739446,
        "med": 0.000943119166458728,
        "quart_1": 0.00037619949160105914,
        "quart_3": 0.0019083701631454342,
        "min": 0.0,
        "max": 0.01213017647493575,
        "stdv": 0.0014219361095073036
    },
    "proc_price_imp": {
        "avg": 0.00017466475510453293,
        "med": 0.00014332343572773395,
        "quart_1": 8.58365224695103e-05,
        "quart_3": 0.0002276437488407717,
        "min": 0.0,
        "max": 0.0012409858740394532,
        "stdv": 0.00013286456616173973
    }
}