{
    "cap_eff": {
        "avg": 0.0003177012374506566,
        "med": 0.00026549234177819514,
        "quart_1": 0.00016076365193085085,
        "quart_3": 0.00041303189590635725,
        "min": 1.5349490567473367e-09,
        "max": 0.003853133276004339,
        "stdv": 0.00023693636993606416
    },
    "imp_gain": {
        "avg": 0.002578742083864091,
        "med": 0.0013527508590669424,
        "quart_1": 0.0004236708109144338,
        "quart_3": 0.0035850829139212337,
        "min": 2.220446049250313e-16,
        "max": 0.05684248528979463,
        "stdv": 0.0032438301288097394
    },
    "imp_loss": {
        "avg": 0.0015572047938342535,
        "med": 0.0006255132941648256,
        "quart_1": 0.0,
        "quart_3": 0.002283340220824881,
        "min": 0.0,
        "max": 0.03734082201328359,
        "stdv": 0.0022138413589060813
    },
    "price_imp": {
        "avg": 0.0005137874012008775,
        "med": 0.0004520942843524199,
        "quart_1": 0.00029515885822588,
        "quart_3": 0.0006630064306844371,
        "min": 3.1721716014024695e-08,
        "max": 0.003963284002031816,
        "stdv": 0.0003180780637891544
    },
    "proc_cap_eff": {
        "avg": 0.00031666404229261443,
        "med": 0.0002654043376954518,
        "quart_1": 0.0001607276646253819,
        "quart_3": 0.000412626767447577,
        "min": 1.5349490567473367e-09,
        "max": 0.002091176789359661,
        "stdv": 0.0002321764145892181
    },
    "proc_imp_gain": {
        "avg": 0.0025636503353005003,
        "med": 0.0013512616505177988,
        "quart_1": 0.0004235282072526658,
        "quart_3": 0.0035822150164726008,
        "min": 2.220446049250313e-16,
        "max": 0.027989004622978264,
        "stdv": 0.003171747507823967
    },
    "proc_imp_loss": {
        "avg": 0.001547320114312433,
        "med": 0.0006246292981575419,
        "quart_1": 0.0,
        "quart_3": 0.0022797576099415906,
        "min": 0.0,
        "max": 0.018019394145996293,
        "stdv": 0.002168623358801005
    },
    "proc_price_imp": {
        "avg": 0.000512674622363647,
        "med": 0.0004519266070861055,
        "quart_1": 0.0002950884816965841,
        "quart_3": 0.000662615954645638,
        "min": 3.1721716014024695e-08,
        "max": 0.0024938362516151794,
        "stdv": 0.0003140903598284165
    }
}