{
    "cap_eff": {
        "avg": 0.003160654727020917,
        "med": 0.0026456294017915827,
        "quart_1": 0.0016042760147576551,
        "quart_3": 0.004111131444451299,
        "min": 2.2174502234406646e-09,
        "max": 0.037858470576120906,
        "stdv": 0.002348970164469676
    },
    "imp_gain": {
        "avg": 0.0025833098615102284,
        "med": 0.001355233795833577,
        "quart_1": 0.00042196932198201864,
        "quart_3": 0.003601938829403961,
        "min": 2.220446049250313e-16,
        "max": 0.05416114413170048,
        "stdv": 0.003246824320258634
    },
    "imp_loss": {
        "avg": 0.0015551846660171375,
        "med": 0.0006254597279911067,
        "quart_1": 0.0,
        "quart_3": 0.002277990548728903,
        "min": 0.0,
        "max": 0.03659379399462781,
        "stdv": 0.002205662585705561
    },
    "price_imp": {
        "avg": 0.005103186871510426,
        "med": 0.0044996974547315705,
        "quart_1": 0.002938778616652694,
        "quart_3": 0.006588596695371304,
        "min": 2.5752705120953435e-07,
        "max": 0.03884023905984021,
        "stdv": 0.003142878295845869
    },
    "proc_cap_eff": {
        "avg": 0.0031504302227824887,
        "med": 0.002644266293488906,
        "quart_1": 0.001603765149984726,
        "quart_3": 0.004108722102800444,
        "min": 2.2174502234406646e-09,
        "max": 0.020713538682083144,
        "stdv": 0.002302342071803358
    },
    "proc_imp_gain": {
        "avg": 0.0025682734221879008,
        "med": 0.0013544798427791438,
        "quart_1": 0.0004217697462873815,
        "quart_3": 0.0035951870234740557,
        "min": 2.220446049250313e-16,
        "max": 0.028106573515679356,
        "stdv": 0.003175647130443159
    },
    "proc_imp_loss": {
        "avg": 0.0015453955149948102,
        "med": 0.0006247124549326744,
        "quart_1": 0.0,
        "quart_3": 0.0022729795457520074,
        "min": 0.0,
        "max": 0.017872150162230538,
        "stdv": 0.002161200952379789
    },
    "proc_price_imp": {
        "avg": 0.005092465078464174,
        "med": 0.004498801519104075,
        "quart_1": 0.0029377133616582253,
        "quart_3": 0.006584205849669757,
        "min": 2.5752705120953435e-07,
        "max": 0.024496799601480337,
        "stdv": 0.0031054835816104044
    }
}