{
    "cap_eff": {
        "avg": 0.0015843768259057379,
        "med": 0.00132493945735912,
        "quart_1": 0.0008028014970525854,
        "quart_3": 0.0020602732878642893,
        "min": 4.077848547723306e-08,
        "max": 0.019113506651155632,
        "stdv": 0.0011797508605931456
    },
    "imp_gain": {
        "avg": 0.002589258121672172,
        "med": 0.001378245431606695,
        "quart_1": 0.0004279523440167132,
        "quart_3": 0.0036050648104559713,
        "min": 2.220446049250313e-16,
        "max": 0.0541574437905854,
        "stdv": 0.003248253457451849
    },
    "imp_loss": {
        "avg": 0.0015570674055408343,
        "med": 0.0006309014661136647,
        "quart_1": 0.0,
        "quart_3": 0.0022785817570374345,
        "min": 0.0,
        "max": 0.0370157872802539,
        "stdv": 0.0022094022581676358
    },
    "price_imp": {
        "avg": 0.0025608418637428553,
        "med": 0.002255474005677524,
        "quart_1": 0.0014727301756875997,
        "quart_3": 0.0033053050227560064,
        "min": 1.290653400682097e-07,
        "max": 0.019633329988465825,
        "stdv": 0.001581650905747722
    },
    "proc_cap_eff": {
        "avg": 0.0015792239332782728,
        "med": 0.0013244325259201828,
        "quart_1": 0.0008026976039429146,
        "quart_3": 0.0020588037664774905,
        "min": 4.077848547723306e-08,
        "max": 0.010411924195842248,
        "stdv": 0.0011561621484133982
    },
    "proc_imp_gain": {
        "avg": 0.002574222794145907,
        "med": 0.0013774037199816291,
        "quart_1": 0.000427339446516406,
        "quart_3": 0.0036014503938051057,
        "min": 2.220446049250313e-16,
        "max": 0.028038165157899364,
        "stdv": 0.0031770990982967406
    },
    "proc_imp_loss": {
        "avg": 0.0015472357366085386,
        "med": 0.0006293767667775452,
        "quart_1": 0.0,
        "quart_3": 0.002275149971153523,
        "min": 0.0,
        "max": 0.017940334768082655,
        "stdv": 0.002164610320604381
    },
    "proc_price_imp": {
        "avg": 0.002555383900813097,
        "med": 0.0022543931143682943,
        "quart_1": 0.0014724628528460654,
        "quart_3": 0.003302971737133168,
        "min": 1.290653400682097e-07,
        "max": 0.01233581930015453,
        "stdv": 0.001562392212676218
    }
}