{
    "cap_eff": {
        "avg": 3.8568570739736945e-14,
        "med": 1.4432899320127035e-14,
        "quart_1": 5.10702591327572e-15,
        "quart_3": 2.842170943040401e-14,
        "min": 0.0,
        "max": 1.7920642747526472e-10,
        "stdv": 1.0371868714240325e-12
    },
    "imp_gain": {
        "avg": 1.8323118805598848,
        "med": 0.3868695720064117,
        "quart_1": 0.09890118150016636,
        "quart_3": 1.3041493844067498,
        "min": 4.3431230500878826e-07,
        "max": 38.87851039325009,
        "stdv": 3.6928293397802388
    },
    "imp_loss": {
        "avg": 0.4263182104974145,
        "med": 0.15744600240080997,
        "quart_1": 0.0,
        "quart_3": 0.9913123363874908,
        "min": 0.0,
        "max": 0.9999997976468638,
        "stdv": 0.4478589499699295
    },
    "price_imp": {
        "avg": 3.856749766593188e-14,
        "med": 1.4431514777433984e-14,
        "quart_1": 5.1329253420394015e-15,
        "quart_3": 2.8410180079280882e-14,
        "min": 0.0,
        "max": 1.792063870690044e-10,
        "stdv": 1.0371866500990392e-12
    },
    "proc_cap_eff": {
        "avg": 2.7483309978945836e-14,
        "med": 1.4432899320127035e-14,
        "quart_1": 5.10702591327572e-15,
        "quart_3": 2.842170943040401e-14,
        "min": 0.0,
        "max": 3.045452778849267e-12,
        "stdv": 8.913138587919272e-14
    },
    "proc_imp_gain": {
        "avg": 1.8156538332194996,
        "med": 0.3864116199098906,
        "quart_1": 0.09884805627401194,
        "quart_3": 1.304076993412302,
        "min": 4.3431230500878826e-07,
        "max": 30.519634180811607,
        "stdv": 3.617342693015344
    },
    "proc_imp_loss": {
        "avg": 0.42603123502016743,
        "med": 0.1571323544067309,
        "quart_1": 0.0,
        "quart_3": 0.9912763570967829,
        "min": 0.0,
        "max": 0.9999997976468638,
        "stdv": 0.44778707001798124
    },
    "proc_price_imp": {
        "avg": 2.7482244760379603e-14,
        "med": 1.442429923760715e-14,
        "quart_1": 5.131023880128295e-15,
        "quart_3": 2.83835296357306e-14,
        "min": 0.0,
        "max": 3.0454555454354393e-12,
        "stdv": 8.913158204013801e-14
    }
}