{
    "cap_eff": {
        "avg": 4.006405054514923e-15,
        "med": 7.771561172376096e-16,
        "quart_1": 3.3306690738754696e-16,
        "quart_3": 1.7763568394002505e-15,
        "min": 0.0,
        "max": 8.816947172363143e-12,
        "stdv": 5.978442762229515e-14
    },
    "imp_gain": {
        "avg": 0.0003534159527470239,
        "med": 0.0001742342953239273,
        "quart_1": 9.00564135735138e-05,
        "quart_3": 0.0006041580985716166,
        "min": 9.00564135735138e-05,
        "max": 0.00138397169500859,
        "stdv": 0.0003770057691395931
    },
    "imp_loss": {
        "avg": 0.9532752421737486,
        "med": 0.9926249055065864,
        "quart_1": 0.9795308289173338,
        "quart_3": 0.99946598855595,
        "min": 0.0,
        "max": 0.999999938829643,
        "stdv": 0.151409076802055
    },
    "price_imp": {
        "avg": 4.003838447480247e-15,
        "med": 7.61666075322499e-16,
        "quart_1": 3.108715832745927e-16,
        "quart_3": 1.6918116301955948e-15,
        "min": 0.0,
        "max": 8.817014195789339e-12,
        "stdv": 5.97848084206731e-14
    },
    "proc_cap_eff": {
        "avg": 3.075935208510359e-15,
        "med": 7.771561172376096e-16,
        "quart_1": 3.3306690738754696e-16,
        "quart_3": 1.6653345369377348e-15,
        "min": 0.0,
        "max": 4.681810494844285e-13,
        "stdv": 1.489640277862517e-14
    },
    "proc_imp_gain": {
        "avg": 0.0003534159527470239,
        "med": 0.0001742342953239273,
        "quart_1": 9.00564135735138e-05,
        "quart_3": 0.0006041580985716166,
        "min": 9.00564135735138e-05,
        "max": 0.00138397169500859,
        "stdv": 0.0003770057691395931
    },
    "proc_imp_loss": {
        "avg": 0.9537492098884841,
        "med": 0.9926393845041427,
        "quart_1": 0.9795603710823888,
        "quart_3": 0.9994680770526693,
        "min": 0.004152195080683652,
        "max": 0.999999938829643,
        "stdv": 0.14995091132621988
    },
    "proc_price_imp": {
        "avg": 3.0733639628542194e-15,
        "med": 7.613158902719571e-16,
        "quart_1": 3.107346836032023e-16,
        "quart_3": 1.6893896708335969e-15,
        "min": 0.0,
        "max": 4.681392673387517e-13,
        "stdv": 1.4896865019895546e-14
    }
}