{
    "cap_eff": {
        "avg": 0.06565753325593755,
        "med": 0.0017059429633945467,
        "quart_1": 0.0008933742385140442,
        "quart_3": 0.0030720094320998426,
        "min": 1.0720905108119183e-07,
        "max": 1149.6896599397087,
        "stdv": 5.231507862802132
    },
    "imp_gain": {
        "avg": 0.0010540613542427968,
        "med": 0.0011980439556555922,
        "quart_1": 0.0004303402874965556,
        "quart_3": 0.0013898172181634472,
        "min": 0.0004303402874965556,
        "max": 0.0013898172181634472,
        "stdv": 0.0003926754119833506
    },
    "imp_loss": {
        "avg": 0.5876479480024746,
        "med": 0.6012341866376039,
        "quart_1": 0.5568080831426,
        "quart_3": 0.6340139159354987,
        "min": 0.0,
        "max": 0.748179352761227,
        "stdv": 0.09108944633984105
    },
    "price_imp": {
        "avg": 0.18889401346975074,
        "med": 0.0016454020935736601,
        "quart_1": 0.0009707627968812178,
        "quart_3": 0.002446320163855099,
        "min": 2.416985899422672e-08,
        "max": 1104.0837145131136,
        "stdv": 7.072852524694395
    },
    "proc_cap_eff": {
        "avg": 0.01770560463897774,
        "med": 0.0017046720507414292,
        "quart_1": 0.0008930912320689322,
        "quart_3": 0.0030704574014621677,
        "min": 1.0720905108119183e-07,
        "max": 2.8697028731603265,
        "stdv": 0.11079984083935447
    },
    "proc_imp_gain": {
        "avg": 0.0010540613542427968,
        "med": 0.0011980439556555922,
        "quart_1": 0.0004303402874965556,
        "quart_3": 0.0013898172181634472,
        "min": 0.0004303402874965556,
        "max": 0.0013898172181634472,
        "stdv": 0.0003926754119833506
    },
    "proc_imp_loss": {
        "avg": 0.587938708702369,
        "med": 0.6012723041770234,
        "quart_1": 0.5568785571215817,
        "quart_3": 0.6340330023811456,
        "min": 0.007332095436276664,
        "max": 0.748179352761227,
        "stdv": 0.09017570434262669
    },
    "proc_price_imp": {
        "avg": 0.0697073654878661,
        "med": 0.0016445360245213284,
        "quart_1": 0.0009705278213874834,
        "quart_3": 0.002445318517102093,
        "min": 2.416985899422672e-08,
        "max": 104.6665042212767,
        "stdv": 1.8181286693329455
    }
}