{
    "cap_eff": {
        "avg": 3.2854379544755057,
        "med": 0.00019818215397771066,
        "quart_1": 0.00012517860422656124,
        "quart_3": 0.00030668772552622237,
        "min": 1.064461585542631e-08,
        "max": 144059.56751319012,
        "stdv": 584.3812787876484
    },
    "imp_gain": {
        "avg": 10.964110584842222,
        "med": 0.0023722526108000963,
        "quart_1": 6.118912987806979e-05,
        "quart_3": 2.3747905685498876,
        "min": 4.440892098500626e-16,
        "max": 791.0346272567098,
        "stdv": 45.92937028425075
    },
    "imp_loss": {
        "avg": 0.20619467253064022,
        "med": 7.725607213859842e-05,
        "quart_1": 0.0,
        "quart_3": 0.004246224796980336,
        "min": 0.0,
        "max": 0.9996634705168365,
        "stdv": 0.3873844551585022
    },
    "price_imp": {
        "avg": 19.577549674320185,
        "med": 0.0003615913862628783,
        "quart_1": 0.00024217530020996988,
        "quart_3": 0.0005039909482029518,
        "min": 2.282142193678596e-08,
        "max": 62550.02393740697,
        "stdv": 625.67732773481
    },
    "proc_cap_eff": {
        "avg": 0.04832137160382358,
        "med": 0.0001981135330619832,
        "quart_1": 0.0001251618372239971,
        "quart_3": 0.00030643914063699373,
        "min": 1.064461585542631e-08,
        "max": 40.170555729152994,
        "stdv": 0.8672858460377512
    },
    "proc_imp_gain": {
        "avg": 10.652350870591205,
        "med": 0.0023686689524289317,
        "quart_1": 6.112533390356667e-05,
        "quart_3": 2.368985056199928,
        "min": 4.440892098500626e-16,
        "max": 539.1459435514095,
        "stdv": 43.72719339086745
    },
    "proc_imp_loss": {
        "avg": 0.20579848367021505,
        "med": 7.71549896639856e-05,
        "quart_1": 0.0,
        "quart_3": 0.004224580079334572,
        "min": 0.0,
        "max": 0.9977475965845253,
        "stdv": 0.38707576032517593
    },
    "proc_price_imp": {
        "avg": 7.62549416669638,
        "med": 0.0003614992667749317,
        "quart_1": 0.00024207536502182675,
        "quart_3": 0.000503710997361625,
        "min": 2.282142193678596e-08,
        "max": 11840.031111889442,
        "stdv": 187.3669708638687
    }
}