{
    "cap_eff": {
        "avg": 3.377721924314102e-14,
        "med": 1.4210854715202004e-14,
        "quart_1": 5.10702591327572e-15,
        "quart_3": 2.786659791809143e-14,
        "min": 0.0,
        "max": 1.5984480405961676e-10,
        "stdv": 8.064703657440395e-13
    },
    "imp_gain": {
        "avg": 2.8991074151408442,
        "med": 0.5719003383616221,
        "quart_1": 0.08212967456470044,
        "quart_3": 1.8964232541240564,
        "min": 3.7921943807361913e-06,
        "max": 168.84968946108177,
        "stdv": 8.472971518896136
    },
    "imp_loss": {
        "avg": 0.4145981401277582,
        "med": 0.13302914346964678,
        "quart_1": 0.0,
        "quart_3": 0.9852896477360431,
        "min": 0.0,
        "max": 0.9999998849586625,
        "stdv": 0.44762478984117376
    },
    "price_imp": {
        "avg": 3.3776201472146995e-14,
        "med": 1.4190824671184183e-14,
        "quart_1": 5.145645910808013e-15,
        "quart_3": 2.785632873796577e-14,
        "min": 0.0,
        "max": 1.5984475531385466e-10,
        "stdv": 8.064701498982652e-13
    },
    "proc_cap_eff": {
        "avg": 2.6149051649499496e-14,
        "med": 1.4210854715202004e-14,
        "quart_1": 5.10702591327572e-15,
        "quart_3": 2.7755575615628914e-14,
        "min": 0.0,
        "max": 3.5980107782052073e-12,
        "stdv": 8.080974662535824e-14
    },
    "proc_imp_gain": {
        "avg": 2.827579997670073,
        "med": 0.5696372001410124,
        "quart_1": 0.08205919423956587,
        "quart_3": 1.8962217649421405,
        "min": 3.7921943807361913e-06,
        "max": 121.32636891016233,
        "stdv": 7.844172605070637
    },
    "proc_imp_loss": {
        "avg": 0.41430548579798065,
        "med": 0.1328385890994589,
        "quart_1": 0.0,
        "quart_3": 0.9852244690910222,
        "min": 0.0,
        "max": 0.9999979866888624,
        "stdv": 0.44754520962209565
    },
    "proc_price_imp": {
        "avg": 2.6148034258391135e-14,
        "med": 1.4180594645034884e-14,
        "quart_1": 5.143640313131027e-15,
        "quart_3": 2.7825164630152564e-14,
        "min": 0.0,
        "max": 3.598046026583407e-12,
        "stdv": 8.080988622481413e-14
    }
}