{
    "cap_eff": {
        "avg": 4.832787739141222e-15,
        "med": 9.992007221626409e-16,
        "quart_1": 4.440892098500626e-16,
        "quart_3": 2.3314683517128287e-15,
        "min": 0.0,
        "max": 1.2348788658300691e-11,
        "stdv": 8.098199308022009e-14
    },
    "imp_gain": {
        "avg": 6.991980675286058e-05,
        "med": 6.991980675286058e-05,
        "quart_1": 6.991980675286058e-05,
        "quart_3": 6.991980675286058e-05,
        "min": 6.991980675286058e-05,
        "max": 6.991980675286058e-05,
        "stdv": 0.0
    },
    "imp_loss": {
        "avg": 0.9496929380657569,
        "med": 0.9909632718890212,
        "quart_1": 0.9729322044740133,
        "quart_3": 0.9996533729115769,
        "min": 0.0,
        "max": 0.9999998775452543,
        "stdv": 0.1517036257237971
    },
    "price_imp": {
        "avg": 4.8277181746415974e-15,
        "med": 1.0204179987399261e-15,
        "quart_1": 3.9398726224810736e-16,
        "quart_3": 2.3516498399886703e-15,
        "min": 0.0,
        "max": 1.2348709248166531e-11,
        "stdv": 8.09819540360843e-14
    },
    "proc_cap_eff": {
        "avg": 3.775775391270673e-15,
        "med": 9.992007221626409e-16,
        "quart_1": 4.440892098500626e-16,
        "quart_3": 2.3314683517128287e-15,
        "min": 0.0,
        "max": 5.928590951498336e-13,
        "stdv": 1.703281891001641e-14
    },
    "proc_imp_gain": {
        "avg": 6.991980675286058e-05,
        "med": 6.991980675286058e-05,
        "quart_1": 6.991980675286058e-05,
        "quart_3": 6.991980675286058e-05,
        "min": 6.991980675286058e-05,
        "max": 6.991980675286058e-05,
        "stdv": 0.0
    },
    "proc_imp_loss": {
        "avg": 0.9501640470162213,
        "med": 0.9909739607696931,
        "quart_1": 0.9729797042654174,
        "quart_3": 0.9996542494406124,
        "min": 0.006488735410627333,
        "max": 0.9999998775452543,
        "stdv": 0.15026497542087833
    },
    "proc_price_imp": {
        "avg": 3.7707000567480246e-15,
        "med": 1.019983340583969e-15,
        "quart_1": 3.9377133692240393e-16,
        "quart_3": 2.349203885652311e-15,
        "min": 0.0,
        "max": 5.928228002905708e-13,
        "stdv": 1.7033232122512922e-14
    }
}