{
    "cap_eff": {
        "avg": 0.22886236807064467,
        "med": 0.0012227084043002767,
        "quart_1": 0.0005928767501444665,
        "quart_3": 0.0022720009484096804,
        "min": 8.034570342374536e-09,
        "max": 6188.665767691302,
        "stdv": 26.929017915034752
    },
    "imp_gain": {},
    "imp_loss": {
        "avg": 0.5548244233284816,
        "med": 0.5758161236523333,
        "quart_1": 0.5227414044571053,
        "quart_3": 0.6033401374561864,
        "min": 0.0,
        "max": 0.7481627406908256,
        "stdv": 0.0914159442867377
    },
    "price_imp": {
        "avg": 0.6343602460171724,
        "med": 0.001406668932685056,
        "quart_1": 0.000817077692079023,
        "quart_3": 0.002076805107799143,
        "min": 4.278438402844365e-07,
        "max": 4107.168445506022,
        "stdv": 28.707161514924703
    },
    "proc_cap_eff": {
        "avg": 0.017131750826163104,
        "med": 0.0012222238107029715,
        "quart_1": 0.0005925305065741515,
        "quart_3": 0.0022695645065584635,
        "min": 8.034570342374536e-09,
        "max": 11.573112246823957,
        "stdv": 0.16320580507345245
    },
    "proc_imp_gain": {},
    "proc_imp_loss": {
        "avg": 0.555098490254745,
        "med": 0.5758593063092782,
        "quart_1": 0.5228395300624427,
        "quart_3": 0.6033495856029051,
        "min": 0.007919615639943034,
        "max": 0.7481627406908256,
        "stdv": 0.09060933366359776
    },
    "proc_price_imp": {
        "avg": 0.17564755239321736,
        "med": 0.0014059678014496468,
        "quart_1": 0.000816350085417448,
        "quart_3": 0.002075577607839848,
        "min": 4.278438402844365e-07,
        "max": 242.57519536825475,
        "stdv": 4.601874504982643
    }
}