{
    "cap_eff": {
        "avg": 0.639285689494834,
        "med": 0.0001600914151370647,
        "quart_1": 7.677965315139312e-05,
        "quart_3": 0.00031691237232939207,
        "min": 3.809435522583726e-08,
        "max": 24387.7372218483,
        "stdv": 103.84634034985942
    },
    "imp_gain": {},
    "imp_loss": {
        "avg": 0.6262477208170641,
        "med": 0.5447100397187025,
        "quart_1": 0.4824428959804148,
        "quart_3": 0.8251163081125024,
        "min": 0.0,
        "max": 0.9981215336271126,
        "stdv": 0.1925755133777782
    },
    "price_imp": {
        "avg": 1.5373937809120939,
        "med": 0.00024288423440294244,
        "quart_1": 0.00014409873740775037,
        "quart_3": 0.00037866869502909664,
        "min": 1.478768090221648e-07,
        "max": 18530.057335803194,
        "stdv": 101.91644457416349
    },
    "proc_cap_eff": {
        "avg": 0.015205181307704893,
        "med": 0.0001599610223301795,
        "quart_1": 7.674795254175582e-05,
        "quart_3": 0.0003165765517486596,
        "min": 3.809435522583726e-08,
        "max": 1.6012151998696242,
        "stdv": 0.09511023735405655
    },
    "proc_imp_gain": {},
    "proc_imp_loss": {
        "avg": 0.6265573304876576,
        "med": 0.5447476966301862,
        "quart_1": 0.4825027248178242,
        "quart_3": 0.8252406258092798,
        "min": 0.00796242027549865,
        "max": 0.9981215336271126,
        "stdv": 0.1921226301753
    },
    "proc_price_imp": {
        "avg": 0.15609652859564177,
        "med": 0.00024281771986642883,
        "quart_1": 0.00014404326472297447,
        "quart_3": 0.0003783327997276987,
        "min": 1.478768090221648e-07,
        "max": 582.4963975373314,
        "stdv": 6.963481629410562
    }
}