{
    "cap_eff": {
        "avg": 0.26744244862253813,
        "med": 0.0006204858538779723,
        "quart_1": 0.0002941901163496796,
        "quart_3": 0.0011510606461994088,
        "min": 1.101852220575239e-08,
        "max": 6633.322492253964,
        "stdv": 32.87385509425743
    },
    "imp_gain": {},
    "imp_loss": {
        "avg": 0.537131753319408,
        "med": 0.5426437467416008,
        "quart_1": 0.48811766006064394,
        "quart_3": 0.5817116222218633,
        "min": 0.0,
        "max": 0.8485689241120958,
        "stdv": 0.10418978453183057
    },
    "price_imp": {
        "avg": 0.7888688288476386,
        "med": 0.0008586893808618995,
        "quart_1": 0.0004939096832426559,
        "quart_3": 0.0012547398716253122,
        "min": 4.5997610428183907e-07,
        "max": 9786.297151307619,
        "stdv": 51.90651312809788
    },
    "proc_cap_eff": {
        "avg": 0.014709793931208874,
        "med": 0.0006202297260580192,
        "quart_1": 0.0002939729096426147,
        "quart_3": 0.001149453767239128,
        "min": 1.101852220575239e-08,
        "max": 3.760715554166354,
        "stdv": 0.094440786991444
    },
    "proc_imp_gain": {},
    "proc_imp_loss": {
        "avg": 0.5373970123259004,
        "med": 0.5426669227134241,
        "quart_1": 0.4881545710407813,
        "quart_3": 0.5817697474297299,
        "min": 0.008117140137847367,
        "max": 0.8485689241120958,
        "stdv": 0.10353492070439459
    },
    "proc_price_imp": {
        "avg": 0.1326168746686333,
        "med": 0.000858286685309886,
        "quart_1": 0.0004936575331320296,
        "quart_3": 0.001253960896924254,
        "min": 4.5997610428183907e-07,
        "max": 281.716110327491,
        "stdv": 4.262742749335995
    }
}