{
    "cap_eff": {
        "avg": 4.89187537322153e-15,
        "med": 7.771561172376096e-16,
        "quart_1": 2.220446049250313e-16,
        "quart_3": 1.887379141862766e-15,
        "min": 0.0,
        "max": 6.77213840560853e-12,
        "stdv": 6.356288483309807e-14
    },
    "imp_gain": {
        "avg": 0.0008206194078335639,
        "med": 0.0008983950183223399,
        "quart_1": 0.0008983950183223399,
        "quart_3": 0.0008983950183223399,
        "min": 0.0002373023291677434,
        "max": 0.0008983950183223399,
        "stdv": 0.00021299728144219023
    },
    "imp_loss": {
        "avg": 0.9552172233863618,
        "med": 0.995732334246384,
        "quart_1": 0.9823111292576365,
        "quart_3": 0.9997707357883604,
        "min": 0.0,
        "max": 0.9999999605577159,
        "stdv": 0.14965764408004212
    },
    "price_imp": {
        "avg": 4.887249206263675e-15,
        "med": 7.962906782809122e-16,
        "quart_1": 2.996749533008475e-16,
        "quart_3": 1.895193750223274e-15,
        "min": 0.0,
        "max": 6.772132596446455e-12,
        "stdv": 6.356274065204816e-14
    },
    "proc_cap_eff": {
        "avg": 3.864431498794881e-15,
        "med": 7.771561172376096e-16,
        "quart_1": 2.220446049250313e-16,
        "quart_3": 1.887379141862766e-15,
        "min": 0.0,
        "max": 6.048495038157853e-13,
        "stdv": 1.9104100239341553e-14
    },
    "proc_imp_gain": {
        "avg": 0.0008206194078335639,
        "med": 0.0008983950183223399,
        "quart_1": 0.0008983950183223399,
        "quart_3": 0.0008983950183223399,
        "min": 0.0002373023291677434,
        "max": 0.0008983950183223399,
        "stdv": 0.00021299728144219023
    },
    "proc_imp_loss": {
        "avg": 0.9556900605704275,
        "med": 0.9957415034172831,
        "quart_1": 0.9823325094204676,
        "quart_3": 0.9997707357883604,
        "min": 0.00840423361518583,
        "max": 0.9999999605577159,
        "stdv": 0.14818366080625706
    },
    "proc_price_imp": {
        "avg": 3.859810822584542e-15,
        "med": 7.949810091255319e-16,
        "quart_1": 2.993260332878087e-16,
        "quart_3": 1.892970176775458e-15,
        "min": 0.0,
        "max": 6.0492026654513e-13,
        "stdv": 1.910454069757177e-14
    }
}