{
    "cap_eff": {
        "avg": 0.019467724926837213,
        "med": 0.0011744051051964521,
        "quart_1": 0.0005681881257837418,
        "quart_3": 0.002265075519534143,
        "min": 1.51442083207165e-07,
        "max": 15.931399258571549,
        "stdv": 0.12087115540526552
    },
    "imp_gain": {
        "avg": 0.00040813775145864817,
        "med": 0.00040813775145864817,
        "quart_1": 0.00040813775145864817,
        "quart_3": 0.00040813775145864817,
        "min": 0.00040813775145864817,
        "max": 0.00040813775145864817,
        "stdv": 0.0
    },
    "imp_loss": {
        "avg": 0.6013057632272145,
        "med": 0.6225530547018807,
        "quart_1": 0.544701163918546,
        "quart_3": 0.6729361409155866,
        "min": 0.0,
        "max": 0.8295625741159983,
        "stdv": 0.1164879719527957
    },
    "price_imp": {
        "avg": 0.009431467572618552,
        "med": 0.0013064042682284552,
        "quart_1": 0.0007174520487282334,
        "quart_3": 0.0019818133405647793,
        "min": 1.2213509354745446e-07,
        "max": 93.23606666636819,
        "stdv": 0.40954681588291386
    },
    "proc_cap_eff": {
        "avg": 0.018693093417028774,
        "med": 0.0011734435912672536,
        "quart_1": 0.0005679982967200514,
        "quart_3": 0.00226290466462864,
        "min": 1.51442083207165e-07,
        "max": 0.909321842104029,
        "stdv": 0.10172924588845612
    },
    "proc_imp_gain": {
        "avg": 0.00040813775145864817,
        "med": 0.00040813775145864817,
        "quart_1": 0.00040813775145864817,
        "quart_3": 0.00040813775145864817,
        "min": 0.00040813775145864817,
        "max": 0.00040813775145864817,
        "stdv": 0.0
    },
    "proc_imp_loss": {
        "avg": 0.6016033799437351,
        "med": 0.6226015166924787,
        "quart_1": 0.5447894344387999,
        "quart_3": 0.6729604915310602,
        "min": 0.00810850923058315,
        "max": 0.8295625741159983,
        "stdv": 0.11575041779291814
    },
    "proc_price_imp": {
        "avg": 0.005047673908952697,
        "med": 0.0013056919067473672,
        "quart_1": 0.0007172253340591628,
        "quart_3": 0.0019804630681857513,
        "min": 1.2213509354745446e-07,
        "max": 2.148486852177107,
        "stdv": 0.05722285612685215
    }
}