{
    "cap_eff": {
        "avg": 0.016778022803501883,
        "med": 0.0001534167151748811,
        "quart_1": 7.270937168629699e-05,
        "quart_3": 0.00031269498520725136,
        "min": 1.1845073144556295e-08,
        "max": 11.693085613815695,
        "stdv": 0.11313012998078907
    },
    "imp_gain": {
        "avg": 4.9117851257385325e-05,
        "med": 4.9117851257385325e-05,
        "quart_1": 4.9117851257385325e-05,
        "quart_3": 4.9117851257385325e-05,
        "min": 4.9117851257385325e-05,
        "max": 4.9117851257385325e-05,
        "stdv": 0.0
    },
    "imp_loss": {
        "avg": 0.636185226048746,
        "med": 0.5472244962200699,
        "quart_1": 0.48631337997560065,
        "quart_3": 0.8468100775188456,
        "min": 0.0,
        "max": 0.9972262823890865,
        "stdv": 0.20456716973438213
    },
    "price_imp": {
        "avg": 0.0014091119811294691,
        "med": 0.0002271244020361303,
        "quart_1": 0.00013378180325235542,
        "quart_3": 0.00035920991798998083,
        "min": 1.0594018320347746e-08,
        "max": 36.493239641644344,
        "stdv": 0.14235464349241106
    },
    "proc_cap_eff": {
        "avg": 0.0159326611611371,
        "med": 0.0001533000205823365,
        "quart_1": 7.267662229382132e-05,
        "quart_3": 0.0003124337039498992,
        "min": 1.1845073144556295e-08,
        "max": 0.972571781332064,
        "stdv": 0.0966724457056167
    },
    "proc_imp_gain": {
        "avg": 4.9117851257385325e-05,
        "med": 4.9117851257385325e-05,
        "quart_1": 4.9117851257385325e-05,
        "quart_3": 4.9117851257385325e-05,
        "min": 4.9117851257385325e-05,
        "max": 4.9117851257385325e-05,
        "stdv": 0.0
    },
    "proc_imp_loss": {
        "avg": 0.6365001994917927,
        "med": 0.5472675201127337,
        "quart_1": 0.48649587346570455,
        "quart_3": 0.8468458879786647,
        "min": 0.008111886907893662,
        "max": 0.9972262823890865,
        "stdv": 0.20413020918898037
    },
    "proc_price_imp": {
        "avg": 0.0005678285747811309,
        "med": 0.00022702718509569122,
        "quart_1": 0.00013374042592913246,
        "quart_3": 0.0003588878465430402,
        "min": 1.0594018320347746e-08,
        "max": 0.0891231592654984,
        "stdv": 0.002901554202811524
    }
}