{
    "cap_eff": {
        "avg": 0.01727419732255593,
        "med": 0.0006095434435576252,
        "quart_1": 0.0002977321970770719,
        "quart_3": 0.0011379523171144434,
        "min": 5.6912863088953713e-08,
        "max": 2.841049236206566,
        "stdv": 0.09989906325763648
    },
    "imp_gain": {
        "avg": 0.000459666760950439,
        "med": 0.000459666760950439,
        "quart_1": 0.000459666760950439,
        "quart_3": 0.000459666760950439,
        "min": 0.000459666760950439,
        "max": 0.000459666760950439,
        "stdv": 0.0
    },
    "imp_loss": {
        "avg": 0.5811095955584341,
        "med": 0.5601581521744415,
        "quart_1": 0.4991248435623237,
        "quart_3": 0.6289652848845353,
        "min": 0.0,
        "max": 0.935164232467129,
        "stdv": 0.15014148679497974
    },
    "price_imp": {
        "avg": 0.004961404672977816,
        "med": 0.0008087484012773881,
        "quart_1": 0.00046268559645319673,
        "quart_3": 0.001200020267544389,
        "min": 7.272335190530123e-08,
        "max": 21.236518180236615,
        "stdv": 0.15503138996861138
    },
    "proc_cap_eff": {
        "avg": 0.016763158252297496,
        "med": 0.000609030355518847,
        "quart_1": 0.00029750956369767323,
        "quart_3": 0.0011365904480866718,
        "min": 5.6912863088953713e-08,
        "max": 0.9473986985460274,
        "stdv": 0.09692928479639032
    },
    "proc_imp_gain": {
        "avg": 0.000459666760950439,
        "med": 0.000459666760950439,
        "quart_1": 0.000459666760950439,
        "quart_3": 0.000459666760950439,
        "min": 0.000459666760950439,
        "max": 0.000459666760950439,
        "stdv": 0.0
    },
    "proc_imp_loss": {
        "avg": 0.5813971555944258,
        "med": 0.5601869599023326,
        "quart_1": 0.49919728744643355,
        "quart_3": 0.629055972128032,
        "min": 0.008130689658181756,
        "max": 0.935164232467129,
        "stdv": 0.14962443951033305
    },
    "proc_price_imp": {
        "avg": 0.0025142501868891626,
        "med": 0.000808395268372069,
        "quart_1": 0.0004624039218657527,
        "quart_3": 0.0011992432957477067,
        "min": 7.272335190530123e-08,
        "max": 1.460707576589838,
        "stdv": 0.03266659923811847
    }
}