{
    "cap_eff": {
        "avg": 0.032838014696012816,
        "med": 0.0028971758936331415,
        "quart_1": 0.0018257325665289592,
        "quart_3": 0.004708637831239204,
        "min": 5.495211286010715e-09,
        "max": 70.99510294438284,
        "stdv": 0.3421611333722003
    },
    "imp_gain": {
        "avg": 2.8741687195946306,
        "med": 0.46300737140976,
        "quart_1": 0.0002361616442276837,
        "quart_3": 3.421654311811838,
        "min": 2.220446049250313e-16,
        "max": 39.03937339815438,
        "stdv": 4.846305042394271
    },
    "imp_loss": {
        "avg": 0.31379332909708935,
        "med": 0.0014250332309375668,
        "quart_1": 0.0,
        "quart_3": 0.7804837015404714,
        "min": 0.0,
        "max": 0.9622647228948035,
        "stdv": 0.3940205368331728
    },
    "price_imp": {
        "avg": 0.03076773569647703,
        "med": 0.0051869440806426885,
        "quart_1": 0.0034758135114969285,
        "quart_3": 0.007291833001880908,
        "min": 2.6990276023007396e-07,
        "max": 24.37577294413898,
        "stdv": 0.3692143305072887
    },
    "proc_cap_eff": {
        "avg": 0.029327356751096784,
        "med": 0.0028963811013935636,
        "quart_1": 0.0018250555492371756,
        "quart_3": 0.004704591264871549,
        "min": 5.495211286010715e-09,
        "max": 2.2483544395550386,
        "stdv": 0.13212953174158093
    },
    "proc_imp_gain": {
        "avg": 2.859605328152617,
        "med": 0.4628738266680088,
        "quart_1": 0.00023566714544864809,
        "quart_3": 3.414194034771297,
        "min": 2.220446049250313e-16,
        "max": 29.532302621120778,
        "stdv": 4.803311673670852
    },
    "proc_imp_loss": {
        "avg": 0.31347045534242485,
        "med": 0.0014131601829191487,
        "quart_1": 0.0,
        "quart_3": 0.7802409639832748,
        "min": 0.0,
        "max": 0.9582673150491622,
        "stdv": 0.3938541036282186
    },
    "proc_price_imp": {
        "avg": 0.024593922105939553,
        "med": 0.005185428615605934,
        "quart_1": 0.0034749909762830755,
        "quart_3": 0.0072875321440571805,
        "min": 2.6990276023007396e-07,
        "max": 7.98294534790319,
        "stdv": 0.22620714943642678
    }
}