{
    "cap_eff": {
        "avg": 3.897910811357468e-15,
        "med": 6.661338147750939e-16,
        "quart_1": 2.220446049250313e-16,
        "quart_3": 1.6653345369377348e-15,
        "min": 0.0,
        "max": 1.0020650975661738e-11,
        "stdv": 6.296515984251447e-14
    },
    "imp_gain": {
        "avg": 0.000360408534982426,
        "med": 0.000360408534982426,
        "quart_1": 0.000360408534982426,
        "quart_3": 0.000360408534982426,
        "min": 0.000360408534982426,
        "max": 0.000360408534982426,
        "stdv": 0.0
    },
    "imp_loss": {
        "avg": 0.9548252870785247,
        "med": 0.9935982012578448,
        "quart_1": 0.9821906943940636,
        "quart_3": 0.9996217852720329,
        "min": 0.0,
        "max": 0.9999995758225774,
        "stdv": 0.14991450987839666
    },
    "price_imp": {
        "avg": 3.893106857236156e-15,
        "med": 7.214547982209545e-16,
        "quart_1": 2.9152784075835903e-16,
        "quart_3": 1.6444651249673614e-15,
        "min": 0.0,
        "max": 1.0020554694066402e-11,
        "stdv": 6.296508919440329e-14
    },
    "proc_cap_eff": {
        "avg": 3.1089061711911064e-15,
        "med": 6.661338147750939e-16,
        "quart_1": 2.220446049250313e-16,
        "quart_3": 1.6653345369377348e-15,
        "min": 0.0,
        "max": 4.2721381987576024e-13,
        "stdv": 1.463148185737053e-14
    },
    "proc_imp_gain": {
        "avg": 0.000360408534982426,
        "med": 0.000360408534982426,
        "quart_1": 0.000360408534982426,
        "quart_3": 0.000360408534982426,
        "min": 0.000360408534982426,
        "max": 0.000360408534982426,
        "stdv": 0.0
    },
    "proc_imp_loss": {
        "avg": 0.9552988062602846,
        "med": 0.9936074255053831,
        "quart_1": 0.9822134560625266,
        "quart_3": 0.9996217852720329,
        "min": 0.005890625062915045,
        "max": 0.9999995758225774,
        "stdv": 0.14844014093150482
    },
    "proc_price_imp": {
        "avg": 3.1040970401971965e-15,
        "med": 7.208723757172107e-16,
        "quart_1": 2.9139738016738735e-16,
        "quart_3": 1.6429100877690723e-15,
        "min": 0.0,
        "max": 4.272793574035536e-13,
        "stdv": 1.4632175346765895e-14
    }
}