{
    "cap_eff": {
        "avg": 0.02443358595327396,
        "med": 0.002029970340913123,
        "quart_1": 0.0010207958963847075,
        "quart_3": 0.004017093008458483,
        "min": 2.9149815672369073e-08,
        "max": 159.42929223308317,
        "stdv": 0.6448891319569434
    },
    "imp_gain": {
        "avg": 0.0003141355030827908,
        "med": 0.0003141355030827908,
        "quart_1": 0.00026786247118315565,
        "quart_3": 0.000360408534982426,
        "min": 0.00026786247118315565,
        "max": 0.000360408534982426,
        "stdv": 4.6273031899635164e-05
    },
    "imp_loss": {
        "avg": 0.700754889172281,
        "med": 0.716922412376015,
        "quart_1": 0.680046004002637,
        "quart_3": 0.7521362859702412,
        "min": 0.0,
        "max": 0.9139416501486172,
        "stdv": 0.12626741180701534
    },
    "price_imp": {
        "avg": 0.018544458645399754,
        "med": 0.001505630005992748,
        "quart_1": 0.0008157807077190447,
        "quart_3": 0.0023851376224072723,
        "min": 1.982173002427204e-07,
        "max": 64.3014900894241,
        "stdv": 0.4186545275063031
    },
    "proc_cap_eff": {
        "avg": 0.019919367839100706,
        "med": 0.0020291149411212905,
        "quart_1": 0.0010204997477368805,
        "quart_3": 0.004013002071306504,
        "min": 2.9149815672369073e-08,
        "max": 1.0726427421225102,
        "stdv": 0.10834672713302566
    },
    "proc_imp_gain": {
        "avg": 0.0003141355030827908,
        "med": 0.0003141355030827908,
        "quart_1": 0.00026786247118315565,
        "quart_3": 0.000360408534982426,
        "min": 0.00026786247118315565,
        "max": 0.000360408534982426,
        "stdv": 4.6273031899635164e-05
    },
    "proc_imp_loss": {
        "avg": 0.7011020699728708,
        "med": 0.7169354786701575,
        "quart_1": 0.6800912939224437,
        "quart_3": 0.7522106977073302,
        "min": 0.007484002288463021,
        "max": 0.9139416501486172,
        "stdv": 0.12533602132570001
    },
    "proc_price_imp": {
        "avg": 0.011789479441604868,
        "med": 0.001504898625373292,
        "quart_1": 0.0008154017570055012,
        "quart_3": 0.002383350332962399,
        "min": 1.982173002427204e-07,
        "max": 6.5062009721230325,
        "stdv": 0.16908272174893446
    }
}