{
    "cap_eff": {
        "avg": 0.017635796525271252,
        "med": 0.0011446896334094125,
        "quart_1": 0.0005619361273778711,
        "quart_3": 0.0021323356878947264,
        "min": 1.852101456645272e-07,
        "max": 55.5144206624713,
        "stdv": 0.259238544985276
    },
    "imp_gain": {
        "avg": 0.0003141354925298989,
        "med": 0.0003141354925298989,
        "quart_1": 0.00026786245007737186,
        "quart_3": 0.000360408534982426,
        "min": 0.00026786245007737186,
        "max": 0.000360408534982426,
        "stdv": 4.627304245252706e-05
    },
    "imp_loss": {
        "avg": 0.5739113917561954,
        "med": 0.5811039331433061,
        "quart_1": 0.5540274929636235,
        "quart_3": 0.6186398453016156,
        "min": 0.0,
        "max": 0.7397921052233467,
        "stdv": 0.09596014402460995
    },
    "price_imp": {
        "avg": 0.0195027878403761,
        "med": 0.0012877446169537031,
        "quart_1": 0.0007449034583695836,
        "quart_3": 0.0019037698179440311,
        "min": 7.481478216014668e-07,
        "max": 85.31987355948422,
        "stdv": 0.595082802460555
    },
    "proc_cap_eff": {
        "avg": 0.015366140970767926,
        "med": 0.0011441229104569572,
        "quart_1": 0.0005616767297255687,
        "quart_3": 0.0021296197240400216,
        "min": 1.852101456645272e-07,
        "max": 0.9886849783964965,
        "stdv": 0.08628832750558967
    },
    "proc_imp_gain": {
        "avg": 0.0003141354925298989,
        "med": 0.0003141354925298989,
        "quart_1": 0.00026786245007737186,
        "quart_3": 0.000360408534982426,
        "min": 0.00026786245007737186,
        "max": 0.000360408534982426,
        "stdv": 4.627304245252706e-05
    },
    "proc_imp_loss": {
        "avg": 0.5741954319333088,
        "med": 0.5811203295867958,
        "quart_1": 0.5541017757474855,
        "quart_3": 0.618721464393829,
        "min": 0.007503353057431994,
        "max": 0.7397921052233467,
        "stdv": 0.09513551200248961
    },
    "proc_price_imp": {
        "avg": 0.009843629566732442,
        "med": 0.0012871449332193525,
        "quart_1": 0.0007446213027732435,
        "quart_3": 0.0019028919438811508,
        "min": 7.481478216014668e-07,
        "max": 8.550097952327906,
        "stdv": 0.1666349862520634
    }
}