{
    "cap_eff": {
        "avg": 0.032447604782633865,
        "med": 0.000955235092241602,
        "quart_1": 0.0006042266047830425,
        "quart_3": 0.0015494727482827098,
        "min": 2.6430753696793374e-08,
        "max": 321.43849490998895,
        "stdv": 1.2930861477889448
    },
    "imp_gain": {
        "avg": 4.852624194057517,
        "med": 0.6627437888392951,
        "quart_1": 0.00025285407045760877,
        "quart_3": 4.623312272897446,
        "min": 2.220446049250313e-16,
        "max": 237.91731179883328,
        "stdv": 12.542822104121903
    },
    "imp_loss": {
        "avg": 0.3568999448041804,
        "med": 0.0018536630193539683,
        "quart_1": 0.0,
        "quart_3": 0.881459302007819,
        "min": 0.0,
        "max": 0.9966571144139105,
        "stdv": 0.43363068750725303
    },
    "price_imp": {
        "avg": 0.15122178600691846,
        "med": 0.0017150281209410998,
        "quart_1": 0.0011488263107394822,
        "quart_3": 0.0023875623159196205,
        "min": 1.6619399840788695e-07,
        "max": 391.05965343741593,
        "stdv": 3.891990696386758
    },
    "proc_cap_eff": {
        "avg": 0.023186060466707237,
        "med": 0.0009547933722982016,
        "quart_1": 0.0006039195956282217,
        "quart_3": 0.0015479100315414218,
        "min": 2.6430753696793374e-08,
        "max": 3.974940855716696,
        "stdv": 0.13800666516772733
    },
    "proc_imp_gain": {
        "avg": 4.7534706902808495,
        "med": 0.6627437888392951,
        "quart_1": 0.00025138115327738575,
        "quart_3": 4.607900449630159,
        "min": 2.220446049250313e-16,
        "max": 190.61966096641217,
        "stdv": 11.732058919358481
    },
    "proc_imp_loss": {
        "avg": 0.3565808945773102,
        "med": 0.0018452903371826146,
        "quart_1": 0.0,
        "quart_3": 0.8813879831700087,
        "min": 0.0,
        "max": 0.9929020410093169,
        "stdv": 0.4335040883339077
    },
    "proc_price_imp": {
        "avg": 0.08195630545800987,
        "med": 0.0017145496663918771,
        "quart_1": 0.0011486006239657311,
        "quart_3": 0.002386324668858584,
        "min": 1.6619399840788695e-07,
        "max": 72.1026496930652,
        "stdv": 1.4894748571964376
    }
}