{
    "cap_eff": {
        "avg": 0.03706213391403909,
        "med": 0.0028586009851625516,
        "quart_1": 0.0018072546260790578,
        "quart_3": 0.004633357369688174,
        "min": 6.375495504862272e-07,
        "max": 135.10278758452245,
        "stdv": 0.5986350071211165
    },
    "imp_gain": {
        "avg": 5.100108772899241,
        "med": 0.5627379790274964,
        "quart_1": 0.00023505841587434517,
        "quart_3": 4.979426125618369,
        "min": 2.220446049250313e-16,
        "max": 229.26595096495396,
        "stdv": 12.225401513556537
    },
    "imp_loss": {
        "avg": 0.32689917176154093,
        "med": 0.0018281218410270972,
        "quart_1": 0.0,
        "quart_3": 0.803929868373767,
        "min": 0.0,
        "max": 0.9888399664635876,
        "stdv": 0.39864164891703463
    },
    "price_imp": {
        "avg": 0.09370822936605284,
        "med": 0.005114320383641293,
        "quart_1": 0.003428607734580243,
        "quart_3": 0.007093761151709186,
        "min": 5.013563696932009e-07,
        "max": 162.08112192604122,
        "stdv": 1.8950973508783615
    },
    "proc_cap_eff": {
        "avg": 0.030676167662144795,
        "med": 0.00285788755255284,
        "quart_1": 0.001806685865057167,
        "quart_3": 0.00462921093734292,
        "min": 6.375495504862272e-07,
        "max": 4.861161267427338,
        "stdv": 0.16574229407856098
    },
    "proc_imp_gain": {
        "avg": 5.005066208624223,
        "med": 0.5593505099605189,
        "quart_1": 0.00023463527386313743,
        "quart_3": 4.962366548539533,
        "min": 2.220446049250313e-16,
        "max": 181.96830013253285,
        "stdv": 11.462137108294918
    },
    "proc_imp_loss": {
        "avg": 0.3265705032173554,
        "med": 0.0018186520345780943,
        "quart_1": 0.0,
        "quart_3": 0.803866555588687,
        "min": 0.0,
        "max": 0.9769228513609075,
        "stdv": 0.3984701296413294
    },
    "proc_price_imp": {
        "avg": 0.06073918179824938,
        "med": 0.005112974981609987,
        "quart_1": 0.0034280459131614855,
        "quart_3": 0.007088656582214754,
        "min": 5.013563696932009e-07,
        "max": 34.72831226032794,
        "stdv": 0.8159859534001475
    }
}