{
    "cap_eff": {
        "avg": 3.126182726909422e-14,
        "med": 1.3766765505351941e-14,
        "quart_1": 5.10702591327572e-15,
        "quart_3": 2.6645352591003757e-14,
        "min": 0.0,
        "max": 3.374078794138313e-11,
        "stdv": 3.1646601738760934e-13
    },
    "imp_gain": {
        "avg": 1.9174654206845785,
        "med": 0.5066532872877305,
        "quart_1": 0.07163219972214274,
        "quart_3": 1.2822809271974949,
        "min": 8.695295588001528e-07,
        "max": 39.42524526281595,
        "stdv": 3.9835570923887795
    },
    "imp_loss": {
        "avg": 0.4189440096129568,
        "med": 0.13454655836128893,
        "quart_1": 0.0,
        "quart_3": 0.993073028620885,
        "min": 0.0,
        "max": 0.9999985198977072,
        "stdv": 0.4490548744129437
    },
    "price_imp": {
        "avg": 3.126069473166399e-14,
        "med": 1.3735781006603604e-14,
        "quart_1": 5.060758744802751e-15,
        "quart_3": 2.6584058533400276e-14,
        "min": 0.0,
        "max": 3.3740801184415324e-11,
        "stdv": 3.1646590115187154e-13
    },
    "proc_cap_eff": {
        "avg": 2.5826292445459262e-14,
        "med": 1.3766765505351941e-14,
        "quart_1": 5.10702591327572e-15,
        "quart_3": 2.6645352591003757e-14,
        "min": 0.0,
        "max": 4.100719763755478e-12,
        "stdv": 8.708697817874391e-14
    },
    "proc_imp_gain": {
        "avg": 1.899870444262564,
        "med": 0.5059150064765676,
        "quart_1": 0.07159546993107191,
        "quart_3": 1.2822809271974949,
        "min": 8.695295588001528e-07,
        "max": 34.37510692595532,
        "stdv": 3.9057513050059747
    },
    "proc_imp_loss": {
        "avg": 0.4186536258314765,
        "med": 0.13412906814820225,
        "quart_1": 0.0,
        "quart_3": 0.9930583223775619,
        "min": 0.0,
        "max": 0.999995736251865,
        "stdv": 0.44897911213563935
    },
    "proc_price_imp": {
        "avg": 2.582516612477318e-14,
        "med": 1.373038332804003e-14,
        "quart_1": 5.0541647957305404e-15,
        "quart_3": 2.655710008709012e-14,
        "min": 0.0,
        "max": 4.10068715036697e-12,
        "stdv": 8.70873046472537e-14
    }
}