{
    "cap_eff": {
        "avg": 0.02812756882192439,
        "med": 0.007988321807303522,
        "quart_1": 0.002713067483706866,
        "quart_3": 0.018634162981254032,
        "min": 1.6495171561992095e-08,
        "max": 0.9484231989596191,
        "stdv": 0.10365476825291632
    },
    "imp_gain": {
        "avg": 0.000656091523575153,
        "med": 0.0009441029119268141,
        "quart_1": 8.006874687183085e-05,
        "quart_3": 0.0009441029119268141,
        "min": 8.006874687183085e-05,
        "max": 0.0009441029119268141,
        "stdv": 0.0004073096115248236
    },
    "imp_loss": {
        "avg": 0.7812412297265338,
        "med": 0.8265742746910865,
        "quart_1": 0.7599909766784451,
        "quart_3": 0.8963578760105462,
        "min": 0.0,
        "max": 0.95905564789797,
        "stdv": 0.17413248384618882
    },
    "price_imp": {
        "avg": 0.017947917187765835,
        "med": 0.013114124561699405,
        "quart_1": 0.0057475997430928155,
        "quart_3": 0.024206803220599343,
        "min": 6.177414272822123e-07,
        "max": 0.2714176072333951,
        "stdv": 0.0177798708001492
    },
    "proc_cap_eff": {
        "avg": 0.027680662775469485,
        "med": 0.007981569805541877,
        "quart_1": 0.0027118911014802904,
        "quart_3": 0.018611825441770646,
        "min": 1.6495171561992095e-08,
        "max": 0.9420220928378628,
        "stdv": 0.10168534031036465
    },
    "proc_imp_gain": {
        "avg": 0.000656091523575153,
        "med": 0.0009441029119268141,
        "quart_1": 8.006874687183085e-05,
        "quart_3": 0.0009441029119268141,
        "min": 8.006874687183085e-05,
        "max": 0.0009441029119268141,
        "stdv": 0.0004073096115248236
    },
    "proc_imp_loss": {
        "avg": 0.7816282770421565,
        "med": 0.8265971561387296,
        "quart_1": 0.7601734821976078,
        "quart_3": 0.8963920268447612,
        "min": 0.010906839819549985,
        "max": 0.95905564789797,
        "stdv": 0.17331044536738488
    },
    "proc_price_imp": {
        "avg": 0.017866629948142764,
        "med": 0.013107032038048935,
        "quart_1": 0.005744761786542916,
        "quart_3": 0.024181367183836473,
        "min": 6.177414272822123e-07,
        "max": 0.15962408221533114,
        "stdv": 0.017389668112462706
    }
}