{
    "cap_eff": {
        "avg": 0.044553840866282106,
        "med": 0.0006280261199937964,
        "quart_1": 0.0003029498661974994,
        "quart_3": 0.0011794858887843596,
        "min": 1.9763292447017022e-08,
        "max": 303.6679472586044,
        "stdv": 2.1512629178491207
    },
    "imp_gain": {
        "avg": 0.0001741052965059294,
        "med": 0.00022163118301010698,
        "quart_1": 7.905352349757422e-05,
        "quart_3": 0.00022163118301010698,
        "min": 7.905352349757422e-05,
        "max": 0.00022163118301010698,
        "stdv": 6.721175325801238e-05
    },
    "imp_loss": {
        "avg": 0.5770505888240439,
        "med": 0.5776840885737654,
        "quart_1": 0.4924056526067462,
        "quart_3": 0.6500725651457867,
        "min": 0.0,
        "max": 0.8705958492251765,
        "stdv": 0.12485174809552214
    },
    "price_imp": {
        "avg": 0.1421077955915384,
        "med": 0.000848968476516243,
        "quart_1": 0.0004917977009217891,
        "quart_3": 0.001258199855450869,
        "min": 1.7337292245013462e-07,
        "max": 592.1747646300715,
        "stdv": 5.315544927510546
    },
    "proc_cap_eff": {
        "avg": 0.014705683921058327,
        "med": 0.0006275625438196264,
        "quart_1": 0.00030287031910725126,
        "quart_3": 0.0011783899297761469,
        "min": 1.9763292447017022e-08,
        "max": 2.7609297524079204,
        "stdv": 0.09379513986438676
    },
    "proc_imp_gain": {
        "avg": 0.0001741052965059294,
        "med": 0.00022163118301010698,
        "quart_1": 7.905352349757422e-05,
        "quart_3": 0.00022163118301010698,
        "min": 7.905352349757422e-05,
        "max": 0.00022163118301010698,
        "stdv": 6.721175325801238e-05
    },
    "proc_imp_loss": {
        "avg": 0.5773364204085453,
        "med": 0.5777296670335801,
        "quart_1": 0.4925650953614219,
        "quart_3": 0.6501423909540396,
        "min": 0.00602008230197959,
        "max": 0.8705958492251765,
        "stdv": 0.1242235766639519
    },
    "proc_price_imp": {
        "avg": 0.04549719488864784,
        "med": 0.0008486275748330993,
        "quart_1": 0.0004915876398906791,
        "quart_3": 0.0012575586484279862,
        "min": 1.7337292245013462e-07,
        "max": 59.964896258847986,
        "stdv": 1.1101696222994482
    }
}