{
    "cap_eff": {
        "avg": 0.014993354679079427,
        "med": 0.0001607235099092552,
        "quart_1": 7.688138642891751e-05,
        "quart_3": 0.0003241037294463567,
        "min": 1.2761051104703824e-09,
        "max": 4.797276649749025,
        "stdv": 0.09349331191673738
    },
    "imp_gain": {
        "avg": 0.000679287325643152,
        "med": 0.000701869584049386,
        "quart_1": 0.00021702565522785378,
        "quart_3": 0.0011867135128709183,
        "min": 3.636758797798123e-05,
        "max": 0.0011867135128709183,
        "stdv": 0.0005104322539307873
    },
    "imp_loss": {
        "avg": 0.640967829570964,
        "med": 0.5609236382653857,
        "quart_1": 0.4871982626595375,
        "quart_3": 0.8438407259327527,
        "min": 0.0,
        "max": 0.9860081362614488,
        "stdv": 0.19345043610056575
    },
    "price_imp": {
        "avg": 0.0005952033043211688,
        "med": 0.00023730714441833615,
        "quart_1": 0.00014022736376637356,
        "quart_3": 0.00037464416790663796,
        "min": 2.0972386203376453e-08,
        "max": 2.681156900411682,
        "stdv": 0.010425214295687548
    },
    "proc_cap_eff": {
        "avg": 0.014466640630999082,
        "med": 0.00016063982940628385,
        "quart_1": 7.68498691058328e-05,
        "quart_3": 0.00032359862050190813,
        "min": 1.2761051104703824e-09,
        "max": 0.9507048739936425,
        "stdv": 0.08937741387376506
    },
    "proc_imp_gain": {
        "avg": 0.000679287325643152,
        "med": 0.000701869584049386,
        "quart_1": 0.00021702565522785378,
        "quart_3": 0.0011867135128709183,
        "min": 3.636758797798123e-05,
        "max": 0.0011867135128709183,
        "stdv": 0.0005104322539307873
    },
    "proc_imp_loss": {
        "avg": 0.6412847288077745,
        "med": 0.5609567122941466,
        "quart_1": 0.4872505701633011,
        "quart_3": 0.8439307265361519,
        "min": 0.008126493021582526,
        "max": 0.9860081362614488,
        "stdv": 0.19297627006215423
    },
    "proc_price_imp": {
        "avg": 0.0005123287698176403,
        "med": 0.00023721401256442367,
        "quart_1": 0.00014019053207779504,
        "quart_3": 0.0003743896575398924,
        "min": 2.0972386203376453e-08,
        "max": 0.05794079416673832,
        "stdv": 0.0022038422692864336
    }
}