{
    "cap_eff": {
        "avg": 0.146065432226563,
        "med": 0.0019724340865466816,
        "quart_1": 0.0012347270894106366,
        "quart_3": 0.003211183429483233,
        "min": 1.7222019554896661e-07,
        "max": 1929.785912558962,
        "stdv": 10.593919898038633
    },
    "imp_gain": {
        "avg": 10.221677262632689,
        "med": 0.8982024908137931,
        "quart_1": 0.0003179509463677732,
        "quart_3": 7.441154992116207,
        "min": 2.220446049250313e-16,
        "max": 379.56259995697206,
        "stdv": 28.03163519997568
    },
    "imp_loss": {
        "avg": 0.3453203814742129,
        "med": 0.0016430904222926035,
        "quart_1": 0.0,
        "quart_3": 0.8672162897854138,
        "min": 0.0,
        "max": 0.9974554289873143,
        "stdv": 0.4233139331200479
    },
    "price_imp": {
        "avg": 0.7530630120921867,
        "med": 0.003532805048984053,
        "quart_1": 0.002354627945159227,
        "quart_3": 0.004966254125426151,
        "min": 3.7797120000248265e-07,
        "max": 1692.9410642223022,
        "stdv": 20.3250533862787
    },
    "proc_cap_eff": {
        "avg": 0.04097798399499274,
        "med": 0.0019717093170236177,
        "quart_1": 0.0012342831515321229,
        "quart_3": 0.003207531132992325,
        "min": 1.7222019554896661e-07,
        "max": 16.700095825586438,
        "stdv": 0.391972655231912
    },
    "proc_imp_gain": {
        "avg": 10.047463582798995,
        "med": 0.8901364294302814,
        "quart_1": 0.0003171208891010746,
        "quart_3": 7.4095385249283545,
        "min": 2.220446049250313e-16,
        "max": 337.82830106527916,
        "stdv": 26.932112483660003
    },
    "proc_imp_loss": {
        "avg": 0.3449951769993072,
        "med": 0.0016348165943999016,
        "quart_1": 0.0,
        "quart_3": 0.8671104113496815,
        "min": 0.0,
        "max": 0.9944695766488904,
        "stdv": 0.4231699133825967
    },
    "proc_price_imp": {
        "avg": 0.3742599114910523,
        "med": 0.0035318492882728224,
        "quart_1": 0.002354213443513843,
        "quart_3": 0.004963291860872488,
        "min": 3.7797120000248265e-07,
        "max": 394.8060434487205,
        "stdv": 7.952115871665915
    }
}