{
    "cap_eff": {
        "avg": 0.12396752247644686,
        "med": 0.002953783510310004,
        "quart_1": 0.0018484483320703182,
        "quart_3": 0.0048088302749382805,
        "min": 1.8212180985521798e-07,
        "max": 1327.8982315506998,
        "stdv": 7.484941264734574
    },
    "imp_gain": {
        "avg": 10.174621449282448,
        "med": 0.872856264853257,
        "quart_1": 0.00033045678812237966,
        "quart_3": 7.622453992535643,
        "min": 2.220446049250313e-16,
        "max": 383.11746067250544,
        "stdv": 27.646418888375674
    },
    "imp_loss": {
        "avg": 0.33199578720847217,
        "med": 0.0015980851881681746,
        "quart_1": 0.0,
        "quart_3": 0.8352115508232321,
        "min": 0.0,
        "max": 0.9962368008050665,
        "stdv": 0.40905723686149664
    },
    "price_imp": {
        "avg": 0.551264148002406,
        "med": 0.005281685934059135,
        "quart_1": 0.0035227711225886615,
        "quart_3": 0.00741452043266447,
        "min": 5.651669053389897e-07,
        "max": 1159.2390332596628,
        "stdv": 14.029940178811074
    },
    "proc_cap_eff": {
        "avg": 0.04560511152808888,
        "med": 0.002952772979041396,
        "quart_1": 0.0018480634798345719,
        "quart_3": 0.004801755163346577,
        "min": 1.8212180985521798e-07,
        "max": 17.788222660350034,
        "stdv": 0.4246385436399345
    },
    "proc_imp_gain": {
        "avg": 9.999469248668166,
        "med": 0.8696663380083691,
        "quart_1": 0.00032938582478414524,
        "quart_3": 7.6079502043556655,
        "min": 2.220446049250313e-16,
        "max": 339.4437246625752,
        "stdv": 26.51743144486401
    },
    "proc_imp_loss": {
        "avg": 0.33166520920871584,
        "med": 0.0015855290754357432,
        "quart_1": 0.0,
        "quart_3": 0.8351226637313771,
        "min": 0.0,
        "max": 0.9918378914988605,
        "stdv": 0.40889206950553925
    },
    "proc_price_imp": {
        "avg": 0.29141094640420684,
        "med": 0.0052801041661924035,
        "quart_1": 0.0035218422151111323,
        "quart_3": 0.007409135465657114,
        "min": 5.651669053389897e-07,
        "max": 267.69704354375165,
        "stdv": 5.716704907898766
    }
}