{
    "cap_eff": {
        "avg": 0.0037371590970908903,
        "med": 0.0027069926297078606,
        "quart_1": 0.00128022027569763,
        "quart_3": 0.005214386387719427,
        "min": 2.0322867722022409e-07,
        "max": 0.03820991138586405,
        "stdv": 0.003407675917780159
    },
    "imp_gain": {
        "avg": 0.21200295559967777,
        "med": 0.20027201945629014,
        "quart_1": 0.08022289565232388,
        "quart_3": 0.3194316795669674,
        "min": 5.03458457368211e-07,
        "max": 0.7229272550333936,
        "stdv": 0.1469253708959351
    },
    "imp_loss": {
        "avg": 0.20747067047141782,
        "med": 0.24568302014721055,
        "quart_1": 0.06906616415189071,
        "quart_3": 0.3105331601397112,
        "min": 0.0,
        "max": 0.46321969753603376,
        "stdv": 0.13145124854893592
    },
    "price_imp": {
        "avg": 0.0038973406784114325,
        "med": 0.0025374885343175642,
        "quart_1": 0.0016526781214584382,
        "quart_3": 0.003959753498286766,
        "min": 8.611959704203098e-08,
        "max": 0.04111392995352578,
        "stdv": 0.004110543418533158
    },
    "proc_cap_eff": {
        "avg": 0.0037252877667105183,
        "med": 0.002705072405171205,
        "quart_1": 0.0012796066311558385,
        "quart_3": 0.00520722519441813,
        "min": 2.0322867722022409e-07,
        "max": 0.024859737343110755,
        "stdv": 0.003366456997468756
    },
    "proc_imp_gain": {
        "avg": 0.21175669537543226,
        "med": 0.20002826457021516,
        "quart_1": 0.08017631456012131,
        "quart_3": 0.31923968051089724,
        "min": 5.03458457368211e-07,
        "max": 0.6992673818566353,
        "stdv": 0.1465480216471293
    },
    "proc_imp_loss": {
        "avg": 0.20757388215812378,
        "med": 0.2457606722680611,
        "quart_1": 0.0691991645855865,
        "quart_3": 0.3105722929406899,
        "min": 7.642782850381113e-05,
        "max": 0.46321969753603376,
        "stdv": 0.13140246094480215
    },
    "proc_price_imp": {
        "avg": 0.003883429966993787,
        "med": 0.0025364079200962163,
        "quart_1": 0.0016523928897063881,
        "quart_3": 0.003956883120711982,
        "min": 8.611959704203098e-08,
        "max": 0.02910033212498723,
        "stdv": 0.004063727681727302
    }
}