{
    "cap_eff": {
        "avg": 1.3889098470371454e-13,
        "med": 4.518607710224387e-14,
        "quart_1": 2.0650148258027912e-14,
        "quart_3": 8.504308368628699e-14,
        "min": 0.0,
        "max": 2.399562992749793e-09,
        "stdv": 9.193057506820183e-12
    },
    "imp_gain": {
        "avg": 0.12007743018746418,
        "med": 0.06568783317181737,
        "quart_1": 0.023425168225498783,
        "quart_3": 0.1282194249570996,
        "min": 6.594574049056945e-07,
        "max": 0.5289810183988262,
        "stdv": 0.14081298038019616
    },
    "imp_loss": {
        "avg": 0.12257962060041462,
        "med": 0.09985365858311679,
        "quart_1": 0.027512047331657463,
        "quart_3": 0.2091523836206307,
        "min": 0.0,
        "max": 0.37402397036855894,
        "stdv": 0.09868233063911648
    },
    "price_imp": {
        "avg": 1.388911613943719e-13,
        "med": 4.5202368688642516e-14,
        "quart_1": 2.062037783679848e-14,
        "quart_3": 8.504319189068428e-14,
        "min": 0.0,
        "max": 2.3995630489235705e-09,
        "stdv": 9.193057699406256e-12
    },
    "proc_cap_eff": {
        "avg": 8.403952669186129e-14,
        "med": 4.518607710224387e-14,
        "quart_1": 2.0650148258027912e-14,
        "quart_3": 8.493206138382448e-14,
        "min": 0.0,
        "max": 1.1540102207163727e-11,
        "stdv": 2.514591714583124e-13
    },
    "proc_imp_gain": {
        "avg": 0.11987611738244529,
        "med": 0.06565179842193025,
        "quart_1": 0.023411889726245194,
        "quart_3": 0.12791563922461635,
        "min": 6.594574049056945e-07,
        "max": 0.5228712728160307,
        "stdv": 0.14055730652124845
    },
    "proc_imp_loss": {
        "avg": 0.12245603012630182,
        "med": 0.099772417860016,
        "quart_1": 0.027491103674861295,
        "quart_3": 0.20903737455606408,
        "min": 0.0,
        "max": 0.36763646968103747,
        "stdv": 0.09855174741989874
    },
    "proc_price_imp": {
        "avg": 8.403970538776358e-14,
        "med": 4.5173942698321454e-14,
        "quart_1": 2.0613545676176535e-14,
        "quart_3": 8.490772576700637e-14,
        "min": 0.0,
        "max": 1.1540136645651186e-11,
        "stdv": 2.514593131131359e-13
    }
}