{
    "cap_eff": {
        "avg": 0.00047850630797016295,
        "med": 0.00035416851189917775,
        "quart_1": 0.00018512848377028046,
        "quart_3": 0.0006011702518742279,
        "min": 9.702060155269976e-09,
        "max": 0.1127491924958417,
        "stdv": 0.0008650270580020872
    },
    "imp_gain": {
        "avg": 0.0008673149213954323,
        "med": 0.0005169751143347945,
        "quart_1": 0.0001710483648189598,
        "quart_3": 0.0012299509791011687,
        "min": 1.2334941734692961e-08,
        "max": 0.011573998519940787,
        "stdv": 0.0009910990779802263
    },
    "imp_loss": {
        "avg": 0.000979887905973547,
        "med": 0.0006565554203981083,
        "quart_1": 0.0002402871567432907,
        "quart_3": 0.0013880769911254198,
        "min": 0.0,
        "max": 0.013490253248633954,
        "stdv": 0.0010192871728289682
    },
    "price_imp": {
        "avg": 0.0006591979953914226,
        "med": 0.0005733506383002859,
        "quart_1": 0.00034287846991943764,
        "quart_3": 0.0008708342872939238,
        "min": 1.811579880724573e-09,
        "max": 0.005227414708594068,
        "stdv": 0.0004543127653102445
    },
    "proc_cap_eff": {
        "avg": 0.00046654915110539737,
        "med": 0.0003539694249099501,
        "quart_1": 0.00018501841294543686,
        "quart_3": 0.0006005459248801248,
        "min": 9.702060155269976e-09,
        "max": 0.010341842858749839,
        "stdv": 0.0004781936969899667
    },
    "proc_imp_gain": {
        "avg": 0.0008632857976528227,
        "med": 0.0005165175330330563,
        "quart_1": 0.00017091962869941746,
        "quart_3": 0.0012285680885715244,
        "min": 1.2334941734692961e-08,
        "max": 0.007919238969891218,
        "stdv": 0.000974537549418008
    },
    "proc_imp_loss": {
        "avg": 0.0009755460192310978,
        "med": 0.0006560188224387087,
        "quart_1": 0.00024003445075826413,
        "quart_3": 0.0013868707789201906,
        "min": 0.0,
        "max": 0.008222282939089554,
        "stdv": 0.001000482665159738
    },
    "proc_price_imp": {
        "avg": 0.0006574244328113711,
        "med": 0.0005730364439428588,
        "quart_1": 0.00034276385362749123,
        "quart_3": 0.0008701899264031344,
        "min": 1.811579880724573e-09,
        "max": 0.003649485111741564,
        "stdv": 0.0004473481010688124
    }
}