{
    "cap_eff": {
        "avg": 0.0009552042502752816,
        "med": 0.0007050939750496976,
        "quart_1": 0.0003653072933451629,
        "quart_3": 0.0011999607302639603,
        "min": 3.4437410700860482e-09,
        "max": 0.48235723184047874,
        "stdv": 0.002128707328469318
    },
    "imp_gain": {
        "avg": 0.0008865178246557695,
        "med": 0.0005415026822170876,
        "quart_1": 0.00017807890462195886,
        "quart_3": 0.0012598044584869461,
        "min": 2.0865316141538415e-09,
        "max": 0.011564887624983866,
        "stdv": 0.000999677257246674
    },
    "imp_loss": {
        "avg": 0.0009837106831197735,
        "med": 0.0006564909675149666,
        "quart_1": 0.0002510252447864847,
        "quart_3": 0.0013902724352706786,
        "min": 0.0,
        "max": 0.013775077715153072,
        "stdv": 0.0010142372234513844
    },
    "price_imp": {
        "avg": 0.0013192467257752546,
        "med": 0.0011463570515758918,
        "quart_1": 0.000687493338851071,
        "quart_3": 0.0017428536848395344,
        "min": 3.787628345077728e-08,
        "max": 0.010476897724370885,
        "stdv": 0.0009054639438396433
    },
    "proc_cap_eff": {
        "avg": 0.0009313230830177989,
        "med": 0.0007046644003388947,
        "quart_1": 0.0003651312312045185,
        "quart_3": 0.0011990874738479484,
        "min": 3.4437410700860482e-09,
        "max": 0.01895393698249692,
        "stdv": 0.0009523989334918574
    },
    "proc_imp_gain": {
        "avg": 0.000882458255781819,
        "med": 0.0005410070801832312,
        "quart_1": 0.0001780353101057397,
        "quart_3": 0.0012584256523834325,
        "min": 2.0865316141538415e-09,
        "max": 0.008087011915343334,
        "stdv": 0.0009830309169109538
    },
    "proc_imp_loss": {
        "avg": 0.0009793975153029417,
        "med": 0.0006560093235551401,
        "quart_1": 0.0002509216705114392,
        "quart_3": 0.0013885443421084442,
        "min": 0.0,
        "max": 0.00821455400169846,
        "stdv": 0.000995582899864748
    },
    "proc_price_imp": {
        "avg": 0.0013156933562805332,
        "med": 0.001145936869657861,
        "quart_1": 0.0006872322515309986,
        "quart_3": 0.0017414059973802937,
        "min": 3.787628345077728e-08,
        "max": 0.007348156702914207,
        "stdv": 0.0008914203582806469
    }
}