{
    "cap_eff": {
        "avg": 0.0014278756501737513,
        "med": 0.0010566419227195922,
        "quart_1": 0.000545120343217409,
        "quart_3": 0.0017950476322521336,
        "min": 1.610983324518145e-08,
        "max": 0.3870317242712782,
        "stdv": 0.002672302999986917
    },
    "imp_gain": {
        "avg": 0.0009015718671699736,
        "med": 0.000564316335246895,
        "quart_1": 0.00018849893259020867,
        "quart_3": 0.0012836224890988568,
        "min": 1.1393696430772593e-08,
        "max": 0.011577124161536778,
        "stdv": 0.0009994261479914835
    },
    "imp_loss": {
        "avg": 0.0010118911462444842,
        "med": 0.0006846975516353604,
        "quart_1": 0.00029627498536677344,
        "quart_3": 0.0014133202386745758,
        "min": 0.0,
        "max": 0.013684637533014743,
        "stdv": 0.001007589961315168
    },
    "price_imp": {
        "avg": 0.0019831385949809063,
        "med": 0.001723818109154601,
        "quart_1": 0.0010406387885676428,
        "quart_3": 0.0026155078042979906,
        "min": 1.6717365511020725e-08,
        "max": 0.01555317725021744,
        "stdv": 0.0013509624263741851
    },
    "proc_cap_eff": {
        "avg": 0.0013923393982405692,
        "med": 0.0010560192561533954,
        "quart_1": 0.0005447631670957298,
        "quart_3": 0.0017933327268335741,
        "min": 1.610983324518145e-08,
        "max": 0.027848907455567673,
        "stdv": 0.0014203747257292845
    },
    "proc_imp_gain": {
        "avg": 0.0008975290703405068,
        "med": 0.0005640130256330256,
        "quart_1": 0.00018839147188631777,
        "quart_3": 0.0012816130113102453,
        "min": 1.1393696430772593e-08,
        "max": 0.008067101261792775,
        "stdv": 0.0009828963629384521
    },
    "proc_imp_loss": {
        "avg": 0.0010076920441453457,
        "med": 0.0006841699140675006,
        "quart_1": 0.0002959783308957853,
        "quart_3": 0.0014113151375803046,
        "min": 0.0,
        "max": 0.008049209404424884,
        "stdv": 0.0009897943238903455
    },
    "proc_price_imp": {
        "avg": 0.0019780252273688477,
        "med": 0.0017232171608688638,
        "quart_1": 0.0010402715961973443,
        "quart_3": 0.0026138186061587395,
        "min": 1.6717365511020725e-08,
        "max": 0.010994057971617776,
        "stdv": 0.0013311218610321317
    }
}