{
    "cap_eff": {
        "avg": 0.0012378811011156626,
        "med": 0.001056186323024122,
        "quart_1": 0.0006411483737138735,
        "quart_3": 0.001607936814218336,
        "min": 7.544310998142123e-08,
        "max": 0.012705971681406414,
        "stdv": 0.0008866923398570374
    },
    "imp_gain": {
        "avg": 0.0019420096943393492,
        "med": 0.0011347761967277492,
        "quart_1": 0.0003907997267462715,
        "quart_3": 0.00277527567405933,
        "min": 2.220446049250313e-16,
        "max": 0.028126289011571437,
        "stdv": 0.002198325442284512
    },
    "imp_loss": {
        "avg": 0.0012955059012948317,
        "med": 0.0005260111317683114,
        "quart_1": 0.0,
        "quart_3": 0.0019734702979577468,
        "min": 0.0,
        "max": 0.02539264817637943,
        "stdv": 0.0017570275290619824
    },
    "price_imp": {
        "avg": 0.0019840153531878843,
        "med": 0.001813246766225208,
        "quart_1": 0.0011842169451258453,
        "quart_3": 0.0025830371972841385,
        "min": 6.091370543802762e-08,
        "max": 0.011660680663213081,
        "stdv": 0.001126713174252598
    },
    "proc_cap_eff": {
        "avg": 0.0012342125072478927,
        "med": 0.001055771132424499,
        "quart_1": 0.0006410149198996518,
        "quart_3": 0.0016068398939723672,
        "min": 7.544310998142123e-08,
        "max": 0.007407133738126737,
        "stdv": 0.0008708423325096045
    },
    "proc_imp_gain": {
        "avg": 0.0019336372616732594,
        "med": 0.001133913626412797,
        "quart_1": 0.00039038136561608816,
        "quart_3": 0.0027716230030734312,
        "min": 2.220446049250313e-16,
        "max": 0.016373718989013852,
        "stdv": 0.0021662128301790503
    },
    "proc_imp_loss": {
        "avg": 0.001288643577291202,
        "med": 0.0005256284801815614,
        "quart_1": 0.0,
        "quart_3": 0.0019703145992600035,
        "min": 0.0,
        "max": 0.013123660860072883,
        "stdv": 0.0017298155017320118
    },
    "proc_price_imp": {
        "avg": 0.001980469762452414,
        "med": 0.0018126051582935047,
        "quart_1": 0.0011839806323232834,
        "quart_3": 0.0025818046113348643,
        "min": 6.091370543802762e-08,
        "max": 0.008407331411397252,
        "stdv": 0.001115402175657607
    }
}