{
    "cap_eff": {
        "avg": 0.004837585199838336,
        "med": 0.00428033525968613,
        "quart_1": 0.0025623527864554463,
        "quart_3": 0.006359941465333585,
        "min": 2.735312953916491e-08,
        "max": 0.03629166008083695,
        "stdv": 0.0032966000641941723
    },
    "imp_gain": {
        "avg": 0.037371001886769555,
        "med": 0.028984864175861436,
        "quart_1": 0.013616029842267174,
        "quart_3": 0.054135193927493,
        "min": 8.757335843156966e-07,
        "max": 0.1875904981152714,
        "stdv": 0.030423701517366338
    },
    "imp_loss": {
        "avg": 0.025148481882914735,
        "med": 0.015955609861696862,
        "quart_1": 0.0,
        "quart_3": 0.040984657820654524,
        "min": 0.0,
        "max": 0.1579589079004705,
        "stdv": 0.0281060392655372
    },
    "price_imp": {
        "avg": 0.007535580820940182,
        "med": 0.007140403074329379,
        "quart_1": 0.004924529884928393,
        "quart_3": 0.009610236176630498,
        "min": 4.4799004430538454e-08,
        "max": 0.03899974646891269,
        "stdv": 0.003809787105863176
    },
    "proc_cap_eff": {
        "avg": 0.004826326471987152,
        "med": 0.004278522172925681,
        "quart_1": 0.002561337031395272,
        "quart_3": 0.006355111787311962,
        "min": 2.735312953916491e-08,
        "max": 0.02411772983640148,
        "stdv": 0.003258171740137491
    },
    "proc_imp_gain": {
        "avg": 0.03730290484842,
        "med": 0.02896985376276784,
        "quart_1": 0.01360528323348964,
        "quart_3": 0.05407018591768631,
        "min": 8.757335843156966e-07,
        "max": 0.17025196923050578,
        "stdv": 0.03027830042472065
    },
    "proc_imp_loss": {
        "avg": 0.025087496499155787,
        "med": 0.01594260473423026,
        "quart_1": 0.0,
        "quart_3": 0.0409223693759041,
        "min": 0.0,
        "max": 0.14455839244690238,
        "stdv": 0.02798039513432088
    },
    "proc_price_imp": {
        "avg": 0.00752373359168766,
        "med": 0.007137954397267374,
        "quart_1": 0.00492316094959122,
        "quart_3": 0.009605375954404121,
        "min": 4.4799004430538454e-08,
        "max": 0.027729913626407133,
        "stdv": 0.0037731373215946855
    }
}