{
    "cap_eff": {
        "avg": 1.958083804037641e-13,
        "med": 4.6851411639181606e-14,
        "quart_1": 2.1538326677728037e-14,
        "quart_3": 8.79296635503124e-14,
        "min": 0.0,
        "max": 3.536799964010129e-09,
        "stdv": 1.5927325210841724e-11
    },
    "imp_gain": {
        "avg": 0.070463565159021,
        "med": 0.05638424612677784,
        "quart_1": 0.023623324909130217,
        "quart_3": 0.09376589648716205,
        "min": 9.908613276543576e-07,
        "max": 0.25436819731318594,
        "stdv": 0.05916495097422139
    },
    "imp_loss": {
        "avg": 0.07156221915062465,
        "med": 0.0534594161663281,
        "quart_1": 0.02490474833768641,
        "quart_3": 0.10191438381037787,
        "min": 0.0,
        "max": 0.27722603871719476,
        "stdv": 0.061981554603087304
    },
    "price_imp": {
        "avg": 1.9580828071195293e-13,
        "med": 4.6835222336090416e-14,
        "quart_1": 2.1544788153282242e-14,
        "quart_3": 8.787304819367302e-14,
        "min": 0.0,
        "max": 3.5368000005436033e-09,
        "stdv": 1.592732531378878e-11
    },
    "proc_cap_eff": {
        "avg": 8.804045708166385e-14,
        "med": 4.6851411639181606e-14,
        "quart_1": 2.1538326677728037e-14,
        "quart_3": 8.770761894538737e-14,
        "min": 0.0,
        "max": 1.1260103960353263e-11,
        "stdv": 2.8320731439712366e-13
    },
    "proc_imp_gain": {
        "avg": 0.07037307297738815,
        "med": 0.056365612677435006,
        "quart_1": 0.02360626387882303,
        "quart_3": 0.0937048137966845,
        "min": 9.908613276543576e-07,
        "max": 0.25083158673277617,
        "stdv": 0.05904099651808868
    },
    "proc_imp_loss": {
        "avg": 0.07146086149099262,
        "med": 0.05342684714195656,
        "quart_1": 0.02488789233588118,
        "quart_3": 0.10183383735213791,
        "min": 0.0,
        "max": 0.2745592268828344,
        "stdv": 0.06183009104063425
    },
    "proc_price_imp": {
        "avg": 8.804034925043475e-14,
        "med": 4.681124454111768e-14,
        "quart_1": 2.153375167996005e-14,
        "quart_3": 8.778711933687176e-14,
        "min": 0.0,
        "max": 1.1260002305074535e-11,
        "stdv": 2.832070515012106e-13
    }
}