{
    "cap_eff": {
        "avg": 9.949262597778178e-05,
        "med": 6.750970221047758e-05,
        "quart_1": 3.596901557600951e-05,
        "quart_3": 0.00010961898169670192,
        "min": 6.186069434477304e-10,
        "max": 0.42471520176636823,
        "stdv": 0.00225979108101938
    },
    "imp_gain": {
        "avg": 0.0007846274325964133,
        "med": 0.00046674955932091144,
        "quart_1": 0.0001356931188061239,
        "quart_3": 0.001159117260560949,
        "min": 3.042011087472929e-14,
        "max": 0.009081377784659894,
        "stdv": 0.000878624898421519
    },
    "imp_loss": {
        "avg": 0.0008334279704928687,
        "med": 0.0005481691741943129,
        "quart_1": 0.0001746400020131711,
        "quart_3": 0.0012173966173122386,
        "min": 0.0,
        "max": 0.010129845128744264,
        "stdv": 0.0008805141641632911
    },
    "price_imp": {
        "avg": 0.00015379822851823582,
        "med": 0.0001104076518098204,
        "quart_1": 7.193692684690148e-05,
        "quart_3": 0.00015345553901882557,
        "min": 0.0,
        "max": 0.7142857142857143,
        "stdv": 0.004024936999341276
    },
    "proc_cap_eff": {
        "avg": 8.183402006180006e-05,
        "med": 6.747278204033424e-05,
        "quart_1": 3.594898084868792e-05,
        "quart_3": 0.00010951462934594147,
        "min": 6.186069434477304e-10,
        "max": 0.0007056559565155052,
        "stdv": 6.576246843416659e-05
    },
    "proc_imp_gain": {
        "avg": 0.0007815252464675587,
        "med": 0.000466220177284038,
        "quart_1": 0.0001355764198702758,
        "quart_3": 0.001157793862833767,
        "min": 3.042011087472929e-14,
        "max": 0.006288084611463685,
        "stdv": 0.0008676746908054241
    },
    "proc_imp_loss": {
        "avg": 0.000830289172272885,
        "med": 0.0005476779873331283,
        "quart_1": 0.00017448697904143273,
        "quart_3": 0.0012161171997848719,
        "min": 0.0,
        "max": 0.006348570844252888,
        "stdv": 0.0008692564276350274
    },
    "proc_price_imp": {
        "avg": 0.00011936106343557184,
        "med": 0.0001103683084678198,
        "quart_1": 7.19199176543927e-05,
        "quart_3": 0.00015336333746117492,
        "min": 0.0,
        "max": 0.000596010046960713,
        "stdv": 7.052804528987997e-05
    }
}