{
    "cap_eff": {
        "avg": 0.0012332759932097898,
        "med": 0.0010100356984217296,
        "quart_1": 0.0005389123868762002,
        "quart_3": 0.0016405506362288103,
        "min": 1.2826558926093412e-08,
        "max": 0.2774861265218058,
        "stdv": 0.001399246088551165
    },
    "imp_gain": {
        "avg": 0.0007899031306687014,
        "med": 0.00047431567037325983,
        "quart_1": 0.0001375308857569646,
        "quart_3": 0.0011681559732035218,
        "min": 2.220446049250313e-15,
        "max": 0.009071289052345888,
        "stdv": 0.0008799098412627939
    },
    "imp_loss": {
        "avg": 0.0008241984327768388,
        "med": 0.0005322815163932848,
        "quart_1": 0.00016772871854919824,
        "quart_3": 0.0012088764361274373,
        "min": 0.0,
        "max": 0.010073364561223985,
        "stdv": 0.0008789633240995591
    },
    "price_imp": {
        "avg": 0.001786896544921913,
        "med": 0.0016511387025531,
        "quart_1": 0.0010758083806455938,
        "quart_3": 0.0022942580765481493,
        "min": 0.0,
        "max": 0.01197682030725152,
        "stdv": 0.0010637245878915814
    },
    "proc_cap_eff": {
        "avg": 0.001222047789146515,
        "med": 0.001009503079131946,
        "quart_1": 0.0005385784141077044,
        "quart_3": 0.0016389958443698838,
        "min": 1.2826558926093412e-08,
        "max": 0.008836854949491046,
        "stdv": 0.0009745912432806617
    },
    "proc_imp_gain": {
        "avg": 0.0007868045551364177,
        "med": 0.0004737936044127977,
        "quart_1": 0.0001374915378978825,
        "quart_3": 0.0011669216873402277,
        "min": 2.220446049250313e-15,
        "max": 0.006299886286655898,
        "stdv": 0.000868991277763495
    },
    "proc_imp_loss": {
        "avg": 0.0008210484917103334,
        "med": 0.0005312146335739731,
        "quart_1": 0.00016767121939809115,
        "quart_3": 0.001207171020515152,
        "min": 0.0,
        "max": 0.006347258336508288,
        "stdv": 0.0008676222599328676
    },
    "proc_price_imp": {
        "avg": 0.0017831337746743196,
        "med": 0.0016506193592208446,
        "quart_1": 0.0010754611392852957,
        "quart_3": 0.002292657154821169,
        "min": 0.0,
        "max": 0.008537595223538662,
        "stdv": 0.0010504675591678388
    }
}