{
    "cap_eff": {
        "avg": 0.018471695091806115,
        "med": 0.0009509796057554087,
        "quart_1": 0.00046313186545843266,
        "quart_3": 0.0016852247381684005,
        "min": 3.794320857508637e-09,
        "max": 5.039364665152589,
        "stdv": 0.11524669994981346
    },
    "imp_gain": {},
    "imp_loss": {
        "avg": 0.43413664397333224,
        "med": 0.4475014560716326,
        "quart_1": 0.4261487855484095,
        "quart_3": 0.47624211837536623,
        "min": 0.0,
        "max": 0.5418063253523073,
        "stdv": 0.07973736804689203
    },
    "price_imp": {
        "avg": 0.007498676865111581,
        "med": 0.0012716508575328347,
        "quart_1": 0.0007364954160922887,
        "quart_3": 0.001837023022163836,
        "min": 1.5653413478709732e-07,
        "max": 112.36492110472746,
        "stdv": 0.5612018476917986
    },
    "proc_cap_eff": {
        "avg": 0.017781755686713935,
        "med": 0.0009504551891422741,
        "quart_1": 0.00046290331253129313,
        "quart_3": 0.0016833524219314056,
        "min": 3.794320857508637e-09,
        "max": 0.9460360995383867,
        "stdv": 0.1090929094150524
    },
    "proc_imp_gain": {},
    "proc_imp_loss": {
        "avg": 0.43435243461217005,
        "med": 0.44752298182725125,
        "quart_1": 0.4261846911650421,
        "quart_3": 0.4762514119097402,
        "min": 0.005649427083092573,
        "max": 0.5418063253523073,
        "stdv": 0.07917130612120976
    },
    "proc_price_imp": {
        "avg": 0.0036608639684875895,
        "med": 0.0012712824707102153,
        "quart_1": 0.000736169855397729,
        "quart_3": 0.0018359388269360251,
        "min": 1.5653413478709732e-07,
        "max": 1.3947537625984496,
        "stdv": 0.039623023177272024
    }
}