{
    "cap_eff": {
        "avg": 0.026450518837001395,
        "med": 0.0029312472884158725,
        "quart_1": 0.001895753343342188,
        "quart_3": 0.004475386022411654,
        "min": 1.960559796732042e-07,
        "max": 9.116282708622112,
        "stdv": 0.1390265946601073
    },
    "imp_gain": {
        "avg": 1.6298208829722918,
        "med": 0.0017679056638633117,
        "quart_1": 4.257985931443997e-05,
        "quart_3": 1.121242432128863,
        "min": 2.220446049250313e-16,
        "max": 55.23444890250358,
        "stdv": 3.6552821917310974
    },
    "imp_loss": {
        "avg": 0.16941128681484224,
        "med": 7.260575618805998e-05,
        "quart_1": 0.0,
        "quart_3": 0.004596197658009005,
        "min": 0.0,
        "max": 0.922650114674783,
        "stdv": 0.31571305211378586
    },
    "price_imp": {
        "avg": 0.02389007905494637,
        "med": 0.005379270064632792,
        "quart_1": 0.003687319888960196,
        "quart_3": 0.007411996815919393,
        "min": 4.12390529633886e-07,
        "max": 16.56629770047554,
        "stdv": 0.2799050695952913
    },
    "proc_cap_eff": {
        "avg": 0.025119842730183195,
        "med": 0.0029300826063516916,
        "quart_1": 0.0018948316323441627,
        "quart_3": 0.00447148389560692,
        "min": 1.960559796732042e-07,
        "max": 1.710262063336836,
        "stdv": 0.1213285364974089
    },
    "proc_imp_gain": {
        "avg": 1.6070904086618154,
        "med": 0.0017640410680883623,
        "quart_1": 4.257985931421793e-05,
        "quart_3": 1.1172487089077023,
        "min": 2.220446049250313e-16,
        "max": 42.131658403334406,
        "stdv": 3.5114518682642553
    },
    "proc_imp_loss": {
        "avg": 0.1690357370477946,
        "med": 7.246760565404742e-05,
        "quart_1": 0.0,
        "quart_3": 0.004566369531014081,
        "min": 0.0,
        "max": 0.9193850634980213,
        "stdv": 0.3153448926138219
    },
    "proc_price_imp": {
        "avg": 0.01949463989529801,
        "med": 0.005377837767974883,
        "quart_1": 0.003686362650526994,
        "quart_3": 0.007409124130243615,
        "min": 4.12390529633886e-07,
        "max": 6.10447757405846,
        "stdv": 0.18736816410005566
    }
}