{
    "cap_eff": {
        "avg": 0.023671963891074493,
        "med": 0.0019571906740472045,
        "quart_1": 0.001264344918024296,
        "quart_3": 0.0029895053945112604,
        "min": 1.3708254131827857e-07,
        "max": 5.368351642247737,
        "stdv": 0.12844720721321531
    },
    "imp_gain": {
        "avg": 1.599761236454547,
        "med": 0.0018276475799106073,
        "quart_1": 4.3208558353935445e-05,
        "quart_3": 1.2313404793696079,
        "min": 2.220446049250313e-16,
        "max": 56.76464666894279,
        "stdv": 3.623403293537415
    },
    "imp_loss": {
        "avg": 0.17631842355714364,
        "med": 7.47419959179485e-05,
        "quart_1": 0.0,
        "quart_3": 0.004500990907023605,
        "min": 0.0,
        "max": 0.9424241427611018,
        "stdv": 0.329162916867599
    },
    "price_imp": {
        "avg": 0.021906289438718075,
        "med": 0.0035982272812007327,
        "quart_1": 0.0024647694714133345,
        "quart_3": 0.004966733918368966,
        "min": 2.746864669832948e-07,
        "max": 18.03819672225993,
        "stdv": 0.3061140509846907
    },
    "proc_cap_eff": {
        "avg": 0.022574185162064428,
        "med": 0.0019567492898531214,
        "quart_1": 0.0012638805595562852,
        "quart_3": 0.002986451727311268,
        "min": 1.3708254131827857e-07,
        "max": 1.4196180976215493,
        "stdv": 0.11678236581240606
    },
    "proc_imp_gain": {
        "avg": 1.5760963979102918,
        "med": 0.0018249427741927615,
        "quart_1": 4.303095638280574e-05,
        "quart_3": 1.2283047465381647,
        "min": 2.220446049250313e-16,
        "max": 44.17089932340091,
        "stdv": 3.46562726350405
    },
    "proc_imp_loss": {
        "avg": 0.1759365193946664,
        "med": 7.468599774118623e-05,
        "quart_1": 0.0,
        "quart_3": 0.004473724258516831,
        "min": 0.0,
        "max": 0.9392991571982758,
        "stdv": 0.32880164390783423
    },
    "proc_price_imp": {
        "avg": 0.016903699182375175,
        "med": 0.003597080546883335,
        "quart_1": 0.0024641380330791773,
        "quart_3": 0.004963917859141388,
        "min": 2.746864669832948e-07,
        "max": 6.915049214564385,
        "stdv": 0.19438228497916762
    }
}