{
    "capital efficiency": {
        "better": {
            "raw": {
                "avg": 0.9999999999999994,
                "med": 0.9999999999999999,
                "quart_1": 0.9999999999999998,
                "quart_3": 1.0,
                "min": 0.999999999985129,
                "max": 1.0,
                "stdv": 6.456862397790462e-14,
                "counts": 54585
            },
            "processed": {
                "avg": 1.0,
                "med": 0.9999999999999999,
                "quart_1": 0.9999999999999998,
                "quart_3": 1.0,
                "min": 0.9999999999999685,
                "max": 1.0,
                "stdv": 8.105574662239647e-16,
                "counts": 54558
            }
        },
        "worse": {
            "raw": {
                "avg": 1.0000000000000002,
                "med": 1.0000000000000002,
                "quart_1": 1.0000000000000002,
                "quart_3": 1.0000000000000004,
                "min": 1.0000000000000002,
                "max": 1.00000000000193,
                "stdv": 1.7518233407077247e-14,
                "counts": 29195
            },
            "processed": {
                "avg": 1.0000000000000002,
                "med": 1.0000000000000002,
                "quart_1": 1.0000000000000002,
                "quart_3": 1.0000000000000004,
                "min": 1.0000000000000002,
                "max": 1.0000000000000728,
                "stdv": 1.5575064546175784e-15,
                "counts": 29181
            }
        },
        "monitors": {
            "BTC, ETH": {
                "better": {
                    "raw": {
                        "avg": 0.9999999999999999,
                        "med": 0.9999999999999999,
                        "quart_1": 0.9999999999999998,
                        "quart_3": 1.0,
                        "min": 0.9999999999999739,
                        "max": 1.0,
                        "stdv": 1.0989849490725826e-15,
                        "counts": 1898
                    },
                    "processed": {
                        "avg": 0.9999999999999999,
                        "med": 0.9999999999999999,
                        "quart_1": 0.9999999999999998,
                        "quart_3": 1.0,
                        "min": 0.9999999999999739,
                        "max": 1.0,
                        "stdv": 1.0989849490725826e-15,
                        "counts": 1898
                    }
                },
                "worse": {
                    "raw": {
                        "avg": 1.0000000000000002,
                        "med": 1.0000000000000002,
                        "quart_1": 1.0000000000000002,
                        "quart_3": 1.0000000000000004,
                        "min": 1.0000000000000002,
                        "max": 1.0000000000000728,
                        "stdv": 2.233859419675586e-15,
                        "counts": 1100
                    },
                    "processed": {
                        "avg": 1.0000000000000002,
                        "med": 1.0000000000000002,
                        "quart_1": 1.0000000000000002,
                        "quart_3": 1.0000000000000004,
                        "min": 1.0000000000000002,
                        "max": 1.0000000000000728,
                        "stdv": 2.233859419675586e-15,
                        "counts": 1100
                    }
                }
            }
        }
    },
    "impermanent gain, loss": {
        "gain": {
            "raw": {
                "avg": 2.5810987058582575,
                "med": 1.6678993905291923,
                "quart_1": 1.342735956915469,
                "quart_3": 2.03443555933387,
                "min": 1.0,
                "max": 46.729444852091454,
                "stdv": 3.836867655332625,
                "counts": 7777066
            },
            "processed": {
                "avg": 2.559016518905979,
                "med": 1.6676051345354714,
                "quart_1": 1.3426673374063796,
                "quart_3": 2.033833546345946,
                "min": 1.0,
                "max": 46.729444852091454,
                "stdv": 3.708576168459321,
                "counts": 7773178
            }
        },
        "loss": {
            "raw": {
                "avg": 0.3472919318878702,
                "med": 0.252792174814056,
                "quart_1": 0.04198874713547389,
                "quart_3": 0.6204570695533806,
                "min": 5.343192022073132e-06,
                "max": 0.9999927022415314,
                "stdv": 0.319239415188473,
                "counts": 8418344
            },
            "processed": {
                "avg": 0.3469656107570788,
                "med": 0.252430769950614,
                "quart_1": 0.04198874713547389,
                "quart_3": 0.619637315471078,
                "min": 5.343192022073132e-06,
                "max": 0.9992043169165254,
                "stdv": 0.31898558718604625,
                "counts": 8414135
            }
        },
        "averages": {
            "raw": {
                "avg": 1.419970098882334,
                "med": 1.0546818486596397,
                "quart_1": 1.0002737444310195,
                "quart_3": 1.4945849827291524,
                "min": 0.8376516415558506,
                "max": 3.8437637044824977,
                "stdv": 0.7342215342680521,
                "counts": 179949
            },
            "processed": {
                "avg": 1.4187718361857933,
                "med": 1.0542874251167917,
                "quart_1": 1.0002665791364878,
                "quart_3": 1.4938222228351783,
                "min": 0.8376516415558506,
                "max": 3.8398078511822527,
                "stdv": 0.7324239918659322,
                "counts": 179860
            }
        },
        "median": {
            "raw": {
                "avg": 0.9367426765982019,
                "med": 0.9525306372418731,
                "quart_1": 0.897649901503228,
                "quart_3": 0.9888087700190384,
                "min": 0.5432382421212816,
                "max": 1.07226047384302,
                "stdv": 0.06391679617918004,
                "counts": 179949
            },
            "processed": {
                "avg": 0.936907501099114,
                "med": 0.9525654096360514,
                "quart_1": 0.8977717210101732,
                "quart_3": 0.9888258843130033,
                "min": 0.6397721107424958,
                "max": 1.07226047384302,
                "stdv": 0.0634967449585556,
                "counts": 179860
            }
        },
        "monitors": {
            "BTC, ETH": {
                "gain": {
                    "raw": {
                        "avg": 1.4775377585685474,
                        "med": 1.488847885330404,
                        "quart_1": 1.2310156850721645,
                        "quart_3": 1.7150797014768813,
                        "min": 1.0,
                        "max": 2.0475684447036118,
                        "stdv": 0.2780981755784467,
                        "counts": 172911
                    },
                    "processed": {
                        "avg": 1.4772584047688173,
                        "med": 1.488847885330404,
                        "quart_1": 1.2310156850721645,
                        "quart_3": 1.7150797014768813,
                        "min": 1.0,
                        "max": 2.0382769625774984,
                        "stdv": 0.27788518028549003,
                        "counts": 172825
                    }
                },
                "loss": {
                    "raw": {
                        "avg": 0.4850154529315085,
                        "med": 0.4686938851943897,
                        "quart_1": 0.22536263572913678,
                        "quart_3": 0.7465353952856187,
                        "min": 0.0010117438836851702,