{
    "capital efficiency": {
        "better": {
            "raw": {
                "avg": 0.9260375862727865,
                "med": 0.9573154807354606,
                "quart_1": 0.9234899893584904,
                "quart_3": 0.9796178019913503,
                "min": 0.021909833990359368,
                "max": 0.9999998242366009,
                "stdv": 0.14250948908321587,
                "counts": 62191
            },
            "processed": {
                "avg": 0.9264877149125063,
                "med": 0.9573435758127028,
                "quart_1": 0.9235526614964293,
                "quart_3": 0.979625700944121,
                "min": 0.024669464630055402,
                "max": 0.9999998242366009,
                "stdv": 0.14111202136915799,
                "counts": 62160
            }
        },
        "worse": {
            "raw": {
                "avg": 1.0668442561470695,
                "med": 1.0486581727159867,
                "quart_1": 1.0236064606592759,
                "quart_3": 1.089572163226832,
                "min": 1.0000007998139988,
                "max": 1.8090351128067574,
                "stdv": 0.06357245017483208,
                "counts": 78427
            },
            "processed": {
                "avg": 1.066575562104378,
                "med": 1.0486300788010148,
                "quart_1": 1.0235939454229015,
                "quart_3": 1.0894860146016296,
                "min": 1.0000007998139988,
                "max": 1.525014573614588,
                "stdv": 0.062419902302738646,
                "counts": 78388
            }
        },
        "monitors": {
            "BTC": {
                "better": {
                    "raw": {
                        "avg": 0.9367345052700664,
                        "med": 0.9577012375578344,
                        "quart_1": 0.9249426770120006,
                        "quart_3": 0.9799785780909016,
                        "min": 0.022189451487524332,
                        "max": 0.9999937823907181,
                        "stdv": 0.10534829549666391,
                        "counts": 14427
                    },
                    "processed": {
                        "avg": 0.9371779520073276,
                        "med": 0.9577219984089422,
                        "quart_1": 0.9249883188074113,
                        "quart_3": 0.9799961806241694,
                        "min": 0.024210875130439076,
                        "max": 0.9999937823907181,
                        "stdv": 0.1034329023151689,
                        "counts": 14420
                    }
                },
                "worse": {
                    "raw": {
                        "avg": 1.06783902824353,
                        "med": 1.0492434844749907,
                        "quart_1": 1.0239647635425637,
                        "quart_3": 1.0911079415587401,
                        "min": 1.000003462086179,
                        "max": 1.62515692266887,
                        "stdv": 0.06395694794417507,
                        "counts": 19048
                    },
                    "processed": {
                        "avg": 1.0675935389840325,
                        "med": 1.04921403175763,
                        "quart_1": 1.0239636607654383,
                        "quart_3": 1.091012784620123,
                        "min": 1.000003462086179,
                        "max": 1.5265269399345047,
                        "stdv": 0.0629628209802337,
                        "counts": 19039
                    }
                }
            }
        }
    },
    "impermanent gain, loss": {
        "gain": {
            "raw": {
                "avg": 1.003262423058981,
                "med": 1.0008241219537735,
                "quart_1": 1.0,
                "quart_3": 1.0076948732463704,
                "min": 1.0,
                "max": 1.017107601289856,
                "stdv": 0.0043313751850150165,
                "counts": 87
            },
            "processed": {
                "avg": 1.003262423058981,
                "med": 1.0008241219537735,
                "quart_1": 1.0,
                "quart_3": 1.0076948732463704,
                "min": 1.0,
                "max": 1.017107601289856,
                "stdv": 0.0043313751850150165,
                "counts": 87
            }
        },
        "loss": {
            "raw": {
                "avg": 0.39557348501650275,
                "med": 0.3834542459134522,
                "quart_1": 0.3189487802415457,
                "quart_3": 0.4693761941615054,
                "min": 0.14110496390097318,
                "max": 0.9997203402793227,
                "stdv": 0.10578118315801933,
                "counts": 1599913
            },
            "processed": {
                "avg": 0.3952918670085158,
                "med": 0.3833760692800572,
                "quart_1": 0.31892067072263225,
                "quart_3": 0.46926898270742157,
                "min": 0.14110496390097318,
                "max": 0.9364098779794542,
                "stdv": 0.10505369334113628,
                "counts": 1599114
            }
        },
        "averages": {
            "raw": {
                "avg": 0.3956065281024478,
                "med": 0.3827280071640565,
                "quart_1": 0.3225827722998942,
                "quart_3": 0.4695560938463821,
                "min": 0.2242171036911672,
                "max": 0.9985575586249669,
                "stdv": 0.10255325519706712,
                "counts": 200000
            },
            "processed": {
                "avg": 0.3953215175132497,
                "med": 0.38262639410751037,
                "quart_1": 0.3225495921138116,
                "quart_3": 0.46950234471543784,
                "min": 0.2242171036911672,
                "max": 0.9408928521858916,
                "stdv": 0.10178312343643169,
                "counts": 199900
            }
        },
        "median": {
            "raw": {
                "avg": 0.3938750944664338,
                "med": 0.37988469604460207,
                "quart_1": 0.3195697041675888,
                "quart_3": 0.46944469695121815,
                "min": 0.21015032464430083,
                "max": 1.0,
                "stdv": 0.10321565862925428,
                "counts": 200000
            },
            "processed": {
                "avg": 0.39358918208678334,
                "med": 0.37981434254149277,
                "quart_1": 0.3195557623844606,
                "quart_3": 0.46935463123994425,
                "min": 0.21015032464430083,
                "max": 0.9405137430320043,
                "stdv": 0.10244579054903402,
                "counts": 199900
            }
        },
        "monitors": {
            "BTC": {
                "gain": {
                    "raw": {
                        "avg": 1.0070380433862525,
                        "med": 1.0076948732463704,
                        "quart_1": 1.0076948732463704,
                        "quart_3": 1.0076948732463704,
                        "min": 1.0,
                        "max": 1.0076948732463704,
                        "stdv": 0.0018252225598295447,
                        "counts": 18
                    },
                    "processed": {
                        "avg": 1.0070380433862525,
                        "med": 1.0076948732463704,
                        "quart_1": 1.0076948732463704,
                        "quart_3": 1.0076948732463704,
                        "min": 1.0,
                        "max": 1.0076948732463704,
                        "stdv": 0.0018252225598295447,
                        "counts": 18
                    }
                },
                "loss": {
                    "raw": {
                        "avg": 0.40752674985671505,
                        "med": 0.3911354877089891,
                        "quart_1": 0.3409507167009625,