{
    "capital efficiency": {
        "better": {
            "raw": {
                "avg": 0.9999999999999994,
                "med": 0.9999999999999997,
                "quart_1": 0.9999999999999992,
                "quart_3": 0.9999999999999999,
                "min": 0.9999999999947303,
                "max": 1.0,
                "stdv": 2.4584868264084244e-14,
                "counts": 56454
            },
            "processed": {
                "avg": 0.9999999999999998,
                "med": 0.9999999999999997,
                "quart_1": 0.9999999999999992,
                "quart_3": 0.9999999999999999,
                "min": 0.9999999999998855,
                "max": 1.0,
                "stdv": 3.0638287898567387e-15,
                "counts": 56426
            }
        },
        "worse": {
            "raw": {
                "avg": 1.0000000000000022,
                "med": 1.0000000000000004,
                "quart_1": 1.0000000000000002,
                "quart_3": 1.000000000000001,
                "min": 1.0000000000000002,
                "max": 1.0000000000650744,
                "stdv": 3.178564782503102e-13,
                "counts": 42793
            },
            "processed": {
                "avg": 1.0000000000000002,
                "med": 1.0000000000000004,
                "quart_1": 1.0000000000000002,
                "quart_3": 1.000000000000001,
                "min": 1.0000000000000002,
                "max": 1.0000000000001712,
                "stdv": 4.9436160549537976e-15,
                "counts": 42772
            }
        },
        "monitors": {
            "BTC": {
                "better": {
                    "raw": {
                        "avg": 0.9999999999999996,
                        "med": 0.9999999999999997,
                        "quart_1": 0.9999999999999992,
                        "quart_3": 0.9999999999999999,
                        "min": 0.9999999999995639,
                        "max": 1.0,
                        "stdv": 6.699751398230799e-15,
                        "counts": 13354
                    },
                    "processed": {
                        "avg": 0.9999999999999998,
                        "med": 0.9999999999999997,
                        "quart_1": 0.9999999999999992,
                        "quart_3": 0.9999999999999999,
                        "min": 0.9999999999998328,
                        "max": 1.0,
                        "stdv": 3.3567146193778755e-15,
                        "counts": 13348
                    }
                },
                "worse": {
                    "raw": {
                        "avg": 1.0000000000000073,
                        "med": 1.0000000000000004,
                        "quart_1": 1.0000000000000002,
                        "quart_3": 1.000000000000001,
                        "min": 1.0000000000000002,
                        "max": 1.0000000000650744,
                        "stdv": 6.502467877373653e-13,
                        "counts": 10069
                    },
                    "processed": {
                        "avg": 1.0000000000000002,
                        "med": 1.0000000000000004,
                        "quart_1": 1.0000000000000002,
                        "quart_3": 1.000000000000001,
                        "min": 1.0000000000000002,
                        "max": 1.000000000000258,
                        "stdv": 5.058807828412515e-15,
                        "counts": 10064
                    }
                }
            }
        }
    },
    "impermanent gain, loss": {
        "gain": {
            "raw": {
                "avg": 1.0180444924959462,
                "med": 1.017107601289856,
                "quart_1": 1.0128987764347581,
                "quart_3": 1.027612961709359,
                "min": 1.0,
                "max": 1.0458827890223172,
                "stdv": 0.011531959283699796,
                "counts": 271
            },
            "processed": {
                "avg": 1.0180444924959462,
                "med": 1.017107601289856,
                "quart_1": 1.0128987764347581,
                "quart_3": 1.027612961709359,
                "min": 1.0,
                "max": 1.0458827890223172,
                "stdv": 0.011531959283699796,
                "counts": 271
            }
        },
        "loss": {
            "raw": {
                "avg": 0.0568942514204282,
                "med": 0.02642281744277564,
                "quart_1": 0.0022056013013836305,
                "quart_3": 0.08162020888373211,
                "min": 7.592996898515053e-08,
                "max": 0.9996046460108854,
                "stdv": 0.08327957715751348,
                "counts": 1439321
            },
            "processed": {
                "avg": 0.056444803127671216,
                "med": 0.026375409414210862,
                "quart_1": 0.0022056013013836305,
                "quart_3": 0.08152717025196103,
                "min": 7.592996898515053e-08,
                "max": 0.923449111944876,
                "stdv": 0.08083518710015206,
                "counts": 1438602
            }
        },
        "averages": {
            "raw": {
                "avg": 0.057075185820821536,
                "med": 0.07032845551672524,
                "quart_1": 0.00270464347392289,
                "quart_3": 0.08480037767762905,
                "min": 0.0003159564215291348,
                "max": 0.9985407192090415,
                "stdv": 0.05671529333345623,
                "counts": 179949
            },
            "processed": {
                "avg": 0.05662861528715874,
                "med": 0.07031471746424155,
                "quart_1": 0.002703983723467242,
                "quart_3": 0.08478056394667512,
                "min": 0.0003159564215291348,
                "max": 0.9204114089855472,
                "stdv": 0.053054122679264334,
                "counts": 179860
            }
        },
        "median": {
            "raw": {
                "avg": 0.043025131876431325,
                "med": 0.0469491883256417,
                "quart_1": 0.0016451221423474576,
                "quart_3": 0.06425251298537044,
                "min": 0.00015593039694877553,
                "max": 1.0,
                "stdv": 0.052841541797353654,
                "counts": 179949
            },
            "processed": {
                "avg": 0.042570279148121205,
                "med": 0.04692845883874805,
                "quart_1": 0.0016444337218870409,
                "quart_3": 0.06422046447023538,
                "min": 0.00015593039694877553,
                "max": 0.9175297075142962,
                "stdv": 0.04873427653961318,
                "counts": 179860
            }
        },
        "monitors": {
            "BTC": {
                "gain": {
                    "raw": {},
                    "processed": {}
                },
                "loss": {
                    "raw": {
                        "avg": 0.06153379654649429,
                        "med": 0.0298344410711561,
                        "quart_1": 0.0023659214752563018,
                        "quart_3": 0.09312110442433122,
                        "min": 1.6445003884844408e-06,
                        "max": 0.9901775821363369,
                        "stdv": 0.08594608022497155,
                        "counts": 179948
                    },
                    "processed": {
                        "avg": 0.061089157117534994,
                        "med": 0.02981345405174993,
                        "quart_1": 0.002343068486585639,
                        "quart_3": 0.09302790439391151,
                        "min": 1.6445003884844408e-06,
                        "max": 0.9277218632578779,
                        "stdv": 0.08360867621642333,
                        "counts": 179859
                    }
                }
            }
        }
    },