{
    "capital efficiency": {
        "better": {
            "raw": {
                "avg": 0.9746255659268633,
                "med": 0.9981886612984818,
                "quart_1": 0.9966423858229668,
                "quart_3": 0.9991147323835293,
                "min": 0.012648687370952085,
                "max": 0.9999999905005422,
                "stdv": 0.13721947230318018,
                "counts": 66234
            },
            "processed": {
                "avg": 0.9751026905872664,
                "med": 0.9981897130914535,
                "quart_1": 0.9966457910630029,
                "quart_3": 0.9991151357761237,
                "min": 0.019256997307120063,
                "max": 0.9999999905005422,
                "stdv": 0.13557897314034598,
                "counts": 66201
            }
        },
        "worse": {
            "raw": {
                "avg": 1.265567276398909,
                "med": 1.0018302042834661,
                "quart_1": 1.0008744132279488,
                "quart_3": 1.0034468357417934,
                "min": 1.0000002210929175,
                "max": 5573.73617828917,
                "stdv": 29.363269397002583,
                "counts": 74605
            },
            "processed": {
                "avg": 1.0056268671167112,
                "med": 1.0018286580853797,
                "quart_1": 1.0008739625568555,
                "quart_3": 1.0034437955186264,
                "min": 1.0000002210929175,
                "max": 5.357027380039291,
                "stdv": 0.06909226893382461,
                "counts": 74568
            }
        },
        "monitors": {
            "BTC": {
                "better": {
                    "raw": {
                        "avg": 0.9859289303040244,
                        "med": 0.9983302188336989,
                        "quart_1": 0.9971296075264781,
                        "quart_3": 0.9991821750671801,
                        "min": 0.017297643034652158,
                        "max": 0.9999999859519678,
                        "stdv": 0.09789926502781426,
                        "counts": 14822
                    },
                    "processed": {
                        "avg": 0.9863852496254067,
                        "med": 0.9983305984376653,
                        "quart_1": 0.997130866164954,
                        "quart_3": 0.9991822596657163,
                        "min": 0.022644273982481963,
                        "max": 0.9999999859519678,
                        "stdv": 0.09564458651093122,
                        "counts": 14815
                    }
                },
                "worse": {
                    "raw": {
                        "avg": 1.0326125850952887,
                        "med": 1.0018230312351957,
                        "quart_1": 1.0008740561331257,
                        "quart_3": 1.0033865413890264,
                        "min": 1.0000002242776749,
                        "max": 289.2236860735187,
                        "stdv": 2.716022539637079,
                        "counts": 18604
                    },
                    "processed": {
                        "avg": 1.0035363528560306,
                        "med": 1.0018217337291646,
                        "quart_1": 1.0008733772256624,
                        "quart_3": 1.003383386869876,
                        "min": 1.0000002242776749,
                        "max": 2.194084217317677,
                        "stdv": 0.023462409482912436,
                        "counts": 18595
                    }
                }
            }
        }
    },
    "impermanent gain, loss": {
        "gain": {
            "raw": {
                "avg": 1.0031903138315363,
                "med": 1.0006071718384302,
                "quart_1": 1.0,
                "quart_3": 1.007711993062389,
                "min": 1.0,
                "max": 1.017107601289856,
                "stdv": 0.0043699325761749055,
                "counts": 87
            },
            "processed": {
                "avg": 1.0031903138315363,
                "med": 1.0006071718384302,
                "quart_1": 1.0,
                "quart_3": 1.007711993062389,
                "min": 1.0,
                "max": 1.017107601289856,
                "stdv": 0.0043699325761749055,
                "counts": 87
            }
        },
        "loss": {
            "raw": {
                "avg": 0.4890501769899263,
                "med": 0.6140762941097011,
                "quart_1": 0.1830180575575055,
                "quart_3": 0.6858893488226381,
                "min": 0.021195882987336014,
                "max": 0.9996105501284993,
                "stdv": 0.24074777824974106,
                "counts": 1599913
            },
            "processed": {
                "avg": 0.48926934124782423,
                "med": 0.6141539346573596,
                "quart_1": 0.18311388197163334,
                "quart_3": 0.685910849567449,
                "min": 0.05692321414348027,
                "max": 0.9996105501284993,
                "stdv": 0.24060807386537558,
                "counts": 1599114
            }
        },
        "averages": {
            "raw": {
                "avg": 0.48907813335978617,
                "med": 0.6149855960911783,
                "quart_1": 0.17271533678541923,
                "quart_3": 0.6939248467979143,
                "min": 0.11269138124451994,
                "max": 0.9985415800482647,
                "stdv": 0.23911149014443864,
                "counts": 200000
            },
            "processed": {
                "avg": 0.489265968038091,
                "med": 0.6150387089045071,
                "quart_1": 0.17278310550926884,
                "quart_3": 0.6939426534240888,
                "min": 0.11406087668184553,
                "max": 0.9985415800482647,
                "stdv": 0.2390237276479948,
                "counts": 199900
            }
        },
        "median": {
            "raw": {
                "avg": 0.4874315418329808,
                "med": 0.6147362522318149,
                "quart_1": 0.17218371508713123,
                "quart_3": 0.6913073453631011,
                "min": 0.09487094301770962,
                "max": 1.0,
                "stdv": 0.24022223485952549,
                "counts": 200000
            },
            "processed": {
                "avg": 0.4876260997303256,
                "med": 0.614780209831518,
                "quart_1": 0.17227360542107698,
                "quart_3": 0.6913225009112538,
                "min": 0.1001577987903,
                "max": 1.0,
                "stdv": 0.24012472515287278,
                "counts": 199900
            }
        },
        "monitors": {
            "BTC": {
                "gain": {
                    "raw": {
                        "avg": 1.0070380994045027,
                        "med": 1.007711993062389,
                        "quart_1": 1.007711993062389,
                        "quart_3": 1.007711993062389,
                        "min": 1.0,
                        "max": 1.007711993062389,
                        "stdv": 0.0018418019705990008,
                        "counts": 18
                    },
                    "processed": {
                        "avg": 1.0070380994045027,
                        "med": 1.007711993062389,
                        "quart_1": 1.007711993062389,
                        "quart_3": 1.007711993062389,
                        "min": 1.0,
                        "max": 1.007711993062389,
                        "stdv": 0.0018418019705990008,
                        "counts": 18
                    }
                },
                "loss": {
                    "raw": {
                        "avg": 0.5036119009066827,
                        "med": 0.6255615629339182,
                        "quart_1": 0.187622486114733,
                        "quart_3": 0.7021535543725882,