{
    "capital efficiency": {
        "better": {
            "raw": {
                "avg": 0.962870642078791,
                "med": 0.9892870754149533,
                "quart_1": 0.9820663916129104,
                "quart_3": 0.9944330941497572,
                "min": 0.007764474630971982,
                "max": 0.999999600357558,
                "stdv": 0.14438884218936632,
                "counts": 64145
            },
            "processed": {
                "avg": 0.9633395027404497,
                "med": 0.9892920518075556,
                "quart_1": 0.9820828531189545,
                "quart_3": 0.9944364166208565,
                "min": 0.025219466313222836,
                "max": 0.999999600357558,
                "stdv": 0.14289115580817513,
                "counts": 64113
            }
        },
        "worse": {
            "raw": {
                "avg": 1.1590556956690905,
                "med": 1.0125066446584359,
                "quart_1": 1.0062275705544816,
                "quart_3": 1.0218377972665806,
                "min": 1.0000003841459573,
                "max": 1601.7642742298578,
                "stdv": 8.244663702107545,
                "counts": 76643
            },
            "processed": {
                "avg": 1.0404994273835557,
                "med": 1.0124986552710649,
                "quart_1": 1.0062248706524706,
                "quart_3": 1.021817262857954,
                "min": 1.0000003841459573,
                "max": 45.227088878913264,
                "stdv": 0.5813058315955227,
                "counts": 76605
            }
        },
        "monitors": {
            "BTC": {
                "better": {
                    "raw": {
                        "avg": 0.9749571845551285,
                        "med": 0.9897396079010751,
                        "quart_1": 0.983048246527796,
                        "quart_3": 0.9947113598601507,
                        "min": 0.022516910079224288,
                        "max": 0.9999987062800088,
                        "stdv": 0.10449325949862502,
                        "counts": 14649
                    },
                    "processed": {
                        "avg": 0.9754119565099008,
                        "med": 0.9897462581814706,
                        "quart_1": 0.983052078733838,
                        "quart_3": 0.9947155656132286,
                        "min": 0.02494198153291733,
                        "max": 0.9999987062800088,
                        "stdv": 0.10242680823514881,
                        "counts": 14642
                    }
                },
                "worse": {
                    "raw": {
                        "avg": 1.0883419638106764,
                        "med": 1.012403067686814,
                        "quart_1": 1.006231665644996,
                        "quart_3": 1.0214733133014002,
                        "min": 1.0000038623860596,
                        "max": 612.603704642271,
                        "stdv": 5.158256775267029,
                        "counts": 18946
                    },
                    "processed": {
                        "avg": 1.0210534640348692,
                        "med": 1.012396747222658,
                        "quart_1": 1.0062310047564615,
                        "quart_3": 1.0214562203539954,
                        "min": 1.0000038623860596,
                        "max": 5.277690666317683,
                        "stdv": 0.09241385170811306,
                        "counts": 18937
                    }
                }
            }
        }
    },
    "impermanent gain, loss": {
        "gain": {
            "raw": {
                "avg": 1.0123877465896138,
                "med": 1.0083126699850578,
                "quart_1": 1.0034319900953665,
                "quart_3": 1.0184171170169376,
                "min": 1.0,
                "max": 1.0694026529055782,
                "stdv": 0.011750883576448141,
                "counts": 7021
            },
            "processed": {
                "avg": 1.012363729670953,
                "med": 1.0082855459185975,
                "quart_1": 1.0034306101565278,
                "quart_3": 1.0184171170169376,
                "min": 1.0,
                "max": 1.0669086691205223,
                "stdv": 0.011695801275854586,
                "counts": 7018
            }
        },
        "loss": {
            "raw": {
                "avg": 0.7086105687916655,
                "med": 0.7707705204068018,
                "quart_1": 0.4354928543344818,
                "quart_3": 0.9347149781272126,
                "min": 0.28061707888280535,
                "max": 0.999996803428153,
                "stdv": 0.232244775093725,
                "counts": 1592979
            },
            "processed": {
                "avg": 0.7088117078989403,
                "med": 0.770977747179433,
                "quart_1": 0.43567618532698915,
                "quart_3": 0.934736243447272,
                "min": 0.3123229518744594,
                "max": 0.999996803428153,
                "stdv": 0.23212844528499044,
                "counts": 1592183
            }
        },
        "averages": {
            "raw": {
                "avg": 0.7099435810199227,
                "med": 0.7757969762313792,
                "quart_1": 0.43979445420966273,
                "quart_3": 0.9411953553587952,
                "min": 0.3596517238257202,
                "max": 0.9985492369205433,
                "stdv": 0.23165330828368733,
                "counts": 200000
            },
            "processed": {
                "avg": 0.710118581390301,
                "med": 0.7758722115128968,
                "quart_1": 0.4398915687879604,
                "quart_3": 0.9412024209072317,
                "min": 0.36042028728263914,
                "max": 0.9985492369205433,
                "stdv": 0.23157903620087664,
                "counts": 199900
            }
        },
        "median": {
            "raw": {
                "avg": 0.7091344817994234,
                "med": 0.7751912655472049,
                "quart_1": 0.4397622439026896,
                "quart_3": 0.9403477482434544,
                "min": 0.3444870863659675,
                "max": 1.0,
                "stdv": 0.2325366729534278,
                "counts": 200000
            },
            "processed": {
                "avg": 0.7093157165940209,
                "med": 0.7753043213839479,
                "quart_1": 0.4398676231890078,
                "quart_3": 0.9403578201765752,
                "min": 0.34874067303547424,
                "max": 1.0,
                "stdv": 0.23245356804196105,
                "counts": 199900
            }
        },
        "monitors": {
            "BTC": {
                "gain": {
                    "raw": {
                        "avg": 1.0127676589793901,
                        "med": 1.0097551144661492,
                        "quart_1": 1.0034306101565278,
                        "quart_3": 1.0186248684733208,
                        "min": 1.0,
                        "max": 1.0578423462376045,
                        "stdv": 0.011598441971714763,
                        "counts": 1080
                    },
                    "processed": {
                        "avg": 1.0127676589793901,
                        "med": 1.0097551144661492,
                        "quart_1": 1.0034306101565278,
                        "quart_3": 1.0186248684733208,
                        "min": 1.0,
                        "max": 1.0578423462376045,
                        "stdv": 0.011598441971714763,
                        "counts": 1080
                    }
                },
                "loss": {
                    "raw": {
                        "avg": 0.7157151203354688,
                        "med": 0.7783579989630618,
                        "quart_1": 0.4409444314466598,