{
    "capital efficiency": {
        "better": {
            "raw": {
                "avg": 0.968679454029503,
                "med": 0.9936130661273429,
                "quart_1": 0.9890574733355051,
                "quart_3": 0.9967287880805747,
                "min": 0.021026492532732952,
                "max": 0.9999999973756187,
                "stdv": 0.14149985890952443,
                "counts": 65044
            },
            "processed": {
                "avg": 0.9691450658555357,
                "med": 0.9936157409802246,
                "quart_1": 0.9890694986966048,
                "quart_3": 0.996730480755798,
                "min": 0.024237532501067305,
                "max": 0.9999999973756187,
                "stdv": 0.13996929403765648,
                "counts": 65012
            }
        },
        "worse": {
            "raw": {
                "avg": 1.330610780977095,
                "med": 1.0069293812737095,
                "quart_1": 1.0033893701727101,
                "quart_3": 1.0122590023050415,
                "min": 1.0000002194456308,
                "max": 11655.217855352064,
                "stdv": 45.23637890204097,
                "counts": 75797
            },
            "processed": {
                "avg": 1.016489661423604,
                "med": 1.0069261730923453,
                "quart_1": 1.0033880675154834,
                "quart_3": 1.0122497769275391,
                "min": 1.0000002194456308,
                "max": 15.042106358273964,
                "stdv": 0.16501918745692853,
                "counts": 75760
            }
        },
        "monitors": {
            "BTC": {
                "better": {
                    "raw": {
                        "avg": 0.9805248579696997,
                        "med": 0.9939888390782257,
                        "quart_1": 0.9900639263188481,
                        "quart_3": 0.9969213616679652,
                        "min": 0.02162232243465503,
                        "max": 0.9999999973756187,
                        "stdv": 0.1019642623796224,
                        "counts": 14740
                    },
                    "processed": {
                        "avg": 0.9809800388861986,
                        "med": 0.9939915287905668,
                        "quart_1": 0.9900702804812491,
                        "quart_3": 0.9969232161644273,
                        "min": 0.0241932918156401,
                        "max": 0.9999999973756187,
                        "stdv": 0.0998266900302238,
                        "counts": 14733
                    }
                },
                "worse": {
                    "raw": {
                        "avg": 1.1038217027733916,
                        "med": 1.0069133735173548,
                        "quart_1": 1.003370664653235,
                        "quart_3": 1.012072490013682,
                        "min": 1.0000044469613782,
                        "max": 1029.1843404028086,
                        "stdv": 8.219679203262285,
                        "counts": 18815
                    },
                    "processed": {
                        "avg": 1.011234604457301,
                        "med": 1.0069111029446396,
                        "quart_1": 1.0033679834427365,
                        "quart_3": 1.012057141030029,
                        "min": 1.0000044469613782,
                        "max": 4.483747520934763,
                        "stdv": 0.0534338401860723,
                        "counts": 18806
                    }
                }
            }
        }
    },
    "impermanent gain, loss": {
        "gain": {
            "raw": {
                "avg": 1.0091480284215957,
                "med": 1.0075721536248334,
                "quart_1": 1.0023693616724405,
                "quart_3": 1.014680258582585,
                "min": 1.0,
                "max": 1.0436445255486175,
                "stdv": 0.008030310663768785,
                "counts": 364
            },
            "processed": {
                "avg": 1.0091480284215957,
                "med": 1.0075721536248334,
                "quart_1": 1.0023693616724405,
                "quart_3": 1.014680258582585,
                "min": 1.0,
                "max": 1.0436445255486175,
                "stdv": 0.008030310663768785,
                "counts": 364
            }
        },
        "loss": {
            "raw": {
                "avg": 0.636682713567917,
                "med": 0.6949216441430738,
                "quart_1": 0.3482315233201361,
                "quart_3": 0.8617005497275786,
                "min": 0.1946314878203554,
                "max": 0.9998833366545444,
                "stdv": 0.23946391798427316,
                "counts": 1599636
            },
            "processed": {
                "avg": 0.6368899799015072,
                "med": 0.6950512895928745,
                "quart_1": 0.34835731916166857,
                "quart_3": 0.8617676813348524,
                "min": 0.2276896940328056,
                "max": 0.9998833366545444,
                "stdv": 0.23934409841349852,
                "counts": 1598837
            }
        },
        "averages": {
            "raw": {
                "avg": 0.6367674494269991,
                "med": 0.6966329144824187,
                "quart_1": 0.348630053882486,
                "quart_3": 0.8643675308375655,
                "min": 0.2787138208176191,
                "max": 0.9985450031054155,
                "stdv": 0.2384154586112812,
                "counts": 200000
            },
            "processed": {
                "avg": 0.6369462945710916,
                "med": 0.6966658535678847,
                "quart_1": 0.34873731215107157,
                "quart_3": 0.864388047400839,
                "min": 0.2795606285761444,
                "max": 0.9985450031054155,
                "stdv": 0.23834092156250306,
                "counts": 199900
            }
        },
        "median": {
            "raw": {
                "avg": 0.6356851666501047,
                "med": 0.696033170048935,
                "quart_1": 0.34843518336842194,
                "quart_3": 0.8641817467612902,
                "min": 0.2609810516534474,
                "max": 1.0,
                "stdv": 0.23938256456418913,
                "counts": 200000
            },
            "processed": {
                "avg": 0.6358705680621165,
                "med": 0.6960982129272707,
                "quart_1": 0.34861299388719863,
                "quart_3": 0.8642047567008786,
                "min": 0.2667867117463284,
                "max": 1.0,
                "stdv": 0.2392988298986326,
                "counts": 199900
            }
        },
        "monitors": {
            "BTC": {
                "gain": {
                    "raw": {
                        "avg": 1.0056381413116968,
                        "med": 1.0071334804415601,
                        "quart_1": 1.0023693616724405,
                        "quart_3": 1.0077028180134375,
                        "min": 1.0,
                        "max": 1.009564849037777,
                        "stdv": 0.00256716660015742,
                        "counts": 41
                    },
                    "processed": {
                        "avg": 1.0056381413116968,
                        "med": 1.0071334804415601,
                        "quart_1": 1.0023693616724405,
                        "quart_3": 1.0077028180134375,
                        "min": 1.0,
                        "max": 1.009564849037777,
                        "stdv": 0.00256716660015742,
                        "counts": 41
                    }
                },
                "loss": {
                    "raw": {
                        "avg": 0.6462138997145191,
                        "med": 0.7043075877359228,
                        "quart_1": 0.35317830542021483,