{
    "capital efficiency": {
        "better": {
            "raw": {
                "avg": 0.6270381287705469,
                "med": 0.6548250447577858,
                "quart_1": 0.46236732361885036,
                "quart_3": 0.8105661151389559,
                "min": 0.00018413212637737028,
                "max": 0.9999719659177508,
                "stdv": 0.22966419713724368,
                "counts": 51399
            },
            "processed": {
                "avg": 0.6273423015393244,
                "med": 0.6549855434719472,
                "quart_1": 0.46261658844369297,
                "quart_3": 0.8106105076225798,
                "min": 0.003410033091220249,
                "max": 0.9999719659177508,
                "stdv": 0.2293056711739835,
                "counts": 51374
            }
        },
        "worse": {
            "raw": {
                "avg": 1394.6177770914933,
                "med": 1.7335142757087667,
                "quart_1": 1.2786354771743826,
                "quart_3": 3.2130896345686755,
                "min": 1.0000193209509798,
                "max": 3898497.8991895225,
                "stdv": 37598.21720332266,
                "counts": 80698
            },
            "processed": {
                "avg": 724.711058227379,
                "med": 1.7324046251090526,
                "quart_1": 1.2784741050876551,
                "quart_3": 3.2088411098458804,
                "min": 1.0000193209509798,
                "max": 711180.9191787711,
                "stdv": 15678.958340489155,
                "counts": 80658
            }
        },
        "monitors": {
            "BTC, ETH": {
                "better": {
                    "raw": {
                        "avg": 0.6620070987671404,
                        "med": 0.6779641305804904,
                        "quart_1": 0.5020400924062698,
                        "quart_3": 0.8283426147335975,
                        "min": 0.11451161412139071,
                        "max": 0.9999475827684778,
                        "stdv": 0.20384969614903806,
                        "counts": 1644
                    },
                    "processed": {
                        "avg": 0.6620070987671404,
                        "med": 0.6779641305804904,
                        "quart_1": 0.5020400924062698,
                        "quart_3": 0.8283426147335975,
                        "min": 0.11451161412139071,
                        "max": 0.9999475827684778,
                        "stdv": 0.20384969614903806,
                        "counts": 1644
                    }
                },
                "worse": {
                    "raw": {
                        "avg": 2.416292400724565,
                        "med": 1.6200678817961678,
                        "quart_1": 1.2486947780754902,
                        "quart_3": 2.7031683031577263,
                        "min": 1.0001284938729662,
                        "max": 24.993991382648986,
                        "stdv": 2.123595692832335,
                        "counts": 2674
                    },
                    "processed": {
                        "avg": 2.4078458242255283,
                        "med": 1.620048060283475,
                        "quart_1": 1.2486947780754902,
                        "quart_3": 2.7009869109166136,
                        "min": 1.0001284938729662,
                        "max": 24.946912201849052,
                        "stdv": 2.0785981274503404,
                        "counts": 2673
                    }
                }
            }
        }
    },
    "impermanent gain, loss": {
        "gain": {
            "raw": {
                "avg": 46.44774479620592,
                "med": 1.4310667496571354,
                "quart_1": 1.0952145005186817,
                "quart_3": 4.984054319929049,
                "min": 1.0,
                "max": 4072.5671309419477,
                "stdv": 189.08723688541576,
                "counts": 8836268
            },
            "processed": {
                "avg": 44.91177758915156,
                "med": 1.4305206367234764,
                "quart_1": 1.0951144080344677,
                "quart_3": 4.910435644027573,
                "min": 1.0,
                "max": 2688.568878155018,
                "stdv": 175.98857727457997,
                "counts": 8831850
            }
        },
        "loss": {
            "raw": {
                "avg": 0.48589078870781327,
                "med": 0.5018484772287419,
                "quart_1": 0.094254258456392,
                "quart_3": 0.8342949836559728,
                "min": 0.00012768704990919171,
                "max": 0.9999999999999999,
                "stdv": 0.36709172930989176,
                "counts": 9160852
            },
            "processed": {
                "avg": 0.4861336526046253,
                "med": 0.5022207896013728,
                "quart_1": 0.0946687045503801,
                "quart_3": 0.8343834474176886,
                "min": 0.00043470500126267965,
                "max": 0.9999999999999999,
                "stdv": 0.36702284208253055,
                "counts": 9156272
            }
        },
        "averages": {
            "raw": {
                "avg": 23.05234918800279,
                "med": 10.133010855406617,
                "quart_1": 4.808788461185291,
                "quart_3": 25.18581986581577,
                "min": 1.0014399365325408,
                "max": 197.55484321315194,
                "stdv": 30.21218618205441,
                "counts": 199968
            },
            "processed": {
                "avg": 22.97155112297542,
                "med": 10.119528385468152,
                "quart_1": 4.807057812306226,
                "quart_3": 25.121154081678117,
                "min": 1.0014399365325408,
                "max": 177.1279313829908,
                "stdv": 30.000357210877556,
                "counts": 199869
            }
        },
        "median": {
            "raw": {
                "avg": 0.9769134749223864,
                "med": 0.9950089257650037,
                "quart_1": 0.9714488685067078,
                "quart_3": 1.0002422068900767,
                "min": 0.6644460912639136,
                "max": 1.0369163703612154,
                "stdv": 0.040675185619163674,
                "counts": 199968
            },
            "processed": {
                "avg": 0.9770437330160154,
                "med": 0.9950184151102622,
                "quart_1": 0.9714889948251063,
                "quart_3": 1.0002436305816023,
                "min": 0.7277583643657751,
                "max": 1.0369163703612154,
                "stdv": 0.040260905493739174,
                "counts": 199869
            }
        },
        "monitors": {
            "BTC, ETH": {
                "gain": {
                    "raw": {
                        "avg": 1.371308356859487,
                        "med": 1.2014327745903985,
                        "quart_1": 1.0047442877439225,
                        "quart_3": 1.568691225574624,
                        "min": 1.0,
                        "max": 5.088877477953445,
                        "stdv": 0.47519479445675844,
                        "counts": 226686
                    },
                    "processed": {
                        "avg": 1.3695064828526333,
                        "med": 1.2010652551671834,
                        "quart_1": 1.0047442877439225,
                        "quart_3": 1.5682708987883731,
                        "min": 1.0,
                        "max": 4.6694019758748855,
                        "stdv": 0.4684008769602455,
                        "counts": 226573
                    }
                },
                "loss": {
                    "raw": {
                        "avg": 0.6886081648415637,
                        "med": 0.7037224036604373,