{
    "capital efficiency": {
        "better": {
            "raw": {
                "avg": 0.6757447064885481,
                "med": 0.7281752966353408,
                "quart_1": 0.5128868576992949,
                "quart_3": 0.8717399728416295,
                "min": 0.00017776666820962507,
                "max": 0.9999713119084562,
                "stdv": 0.23713705030165502,
                "counts": 52185
            },
            "processed": {
                "avg": 0.6760805843220239,
                "med": 0.7283685329719238,
                "quart_1": 0.513228348256655,
                "quart_3": 0.8718037744024422,
                "min": 0.0032351965773966315,
                "max": 0.9999713119084562,
                "stdv": 0.23671835773079483,
                "counts": 52159
            }
        },
        "worse": {
            "raw": {
                "avg": 2796.9974806052455,
                "med": 1.5010176723252326,
                "quart_1": 1.1690470263890798,
                "quart_3": 2.8553389252277657,
                "min": 1.0000004199407477,
                "max": 7749791.3907050565,
                "stdv": 75307.05530452343,
                "counts": 79907
            },
            "processed": {
                "avg": 1467.1732760507698,
                "med": 1.500266787856289,
                "quart_1": 1.168914521847934,
                "quart_3": 2.8508889959051413,
                "min": 1.0000004199407477,
                "max": 1450944.1757520444,
                "stdv": 31847.965390493337,
                "counts": 79868
            }
        },
        "monitors": {
            "BTC, ETH": {
                "better": {
                    "raw": {
                        "avg": 0.7133226470569305,
                        "med": 0.753149262253028,
                        "quart_1": 0.5616154906624675,
                        "quart_3": 0.8842708516515677,
                        "min": 0.09933772821538975,
                        "max": 0.9997763291224288,
                        "stdv": 0.2045883957822942,
                        "counts": 1677
                    },
                    "processed": {
                        "avg": 0.7133226470569305,
                        "med": 0.753149262253028,
                        "quart_1": 0.5616154906624675,
                        "quart_3": 0.8842708516515677,
                        "min": 0.09933772821538975,
                        "max": 0.9997763291224288,
                        "stdv": 0.2045883957822942,
                        "counts": 1677
                    }
                },
                "worse": {
                    "raw": {
                        "avg": 2.33356293453718,
                        "med": 1.409374963523252,
                        "quart_1": 1.1466152439087978,
                        "quart_3": 2.3460919833069838,
                        "min": 1.0000121159226139,
                        "max": 36.60407750292091,
                        "stdv": 2.5547198729311176,
                        "counts": 2633
                    },
                    "processed": {
                        "avg": 2.32054222231515,
                        "med": 1.4092415696593759,
                        "quart_1": 1.1465789146882823,
                        "quart_3": 2.344852806396665,
                        "min": 1.0000121159226139,
                        "max": 27.731784919979077,
                        "stdv": 2.466308433901214,
                        "counts": 2632
                    }
                }
            }
        }
    },
    "impermanent gain, loss": {
        "gain": {
            "raw": {
                "avg": 46.45408110673624,
                "med": 1.4397062108994068,
                "quart_1": 1.1008519697088246,
                "quart_3": 4.942333861004325,
                "min": 1.0,
                "max": 4072.5850149358876,
                "stdv": 189.15505430096223,
                "counts": 8822879
            },
            "processed": {
                "avg": 44.917955036218146,
                "med": 1.4391632666723317,
                "quart_1": 1.1007234299553317,
                "quart_3": 4.865482215648284,
                "min": 1.0,
                "max": 2688.5685827278417,
                "stdv": 176.05769342714385,
                "counts": 8818468
            }
        },
        "loss": {
            "raw": {
                "avg": 0.4616547200660033,
                "med": 0.43756570373851067,
                "quart_1": 0.0694228126218254,
                "quart_3": 0.8244032876345081,
                "min": 6.374394490467016e-05,
                "max": 0.9999999999999999,
                "stdv": 0.372366796096437,
                "counts": 9174061
            },
            "processed": {
                "avg": 0.46138541622658413,
                "med": 0.43715317685905997,
                "quart_1": 0.06902909005805283,
                "quart_3": 0.8238588393867686,
                "min": 6.374394490467016e-05,
                "max": 0.9999844381539098,
                "stdv": 0.3722651521299755,
                "counts": 9169474
            }
        },
        "averages": {
            "raw": {
                "avg": 23.00913295392256,
                "med": 10.101662403964006,
                "quart_1": 4.780144398727511,
                "quart_3": 25.146935298250277,
                "min": 1.00095604906802,
                "max": 197.54900598366265,
                "stdv": 30.195508478564054,
                "counts": 199966
            },
            "processed": {
                "avg": 22.928382399727965,
                "med": 10.092818273793723,
                "quart_1": 4.778981364302954,
                "quart_3": 25.093531810953998,
                "min": 1.00095604906802,
                "max": 177.11902300240536,
                "stdv": 29.98380280622775,
                "counts": 199867
            }
        },
        "median": {
            "raw": {
                "avg": 0.9750630079192099,
                "med": 0.9952559513150132,
                "quart_1": 0.9687480314447177,
                "quart_3": 1.0002583732098689,
                "min": 0.6308551185220868,
                "max": 1.0443397710325897,
                "stdv": 0.0447176377584593,
                "counts": 199966
            },
            "processed": {
                "avg": 0.9752104113260481,
                "med": 0.9952859327332552,
                "quart_1": 0.9688151830049205,
                "quart_3": 1.0002583732098689,
                "min": 0.6971456730910948,
                "max": 1.0443397710325897,
                "stdv": 0.04423353941479669,
                "counts": 199867
            }
        },
        "monitors": {
            "BTC, ETH": {
                "gain": {
                    "raw": {
                        "avg": 1.385609525422079,
                        "med": 1.2311175429192962,
                        "quart_1": 1.0056735793022447,
                        "quart_3": 1.5964882321510743,
                        "min": 1.0,
                        "max": 5.04942196924046,
                        "stdv": 0.47365858107895664,
                        "counts": 217838
                    },
                    "processed": {
                        "avg": 1.3839474188553744,
                        "med": 1.2307096783777476,
                        "quart_1": 1.0056735793022447,
                        "quart_3": 1.5957352521956065,
                        "min": 1.0,
                        "max": 4.579539841678101,
                        "stdv": 0.46784014236368393,
                        "counts": 217730
                    }
                },
                "loss": {
                    "raw": {
                        "avg": 0.6662175328554155,
                        "med": 0.6980185049192177,
                        "quart_1": 0.45275547123030035,