{
    "capital efficiency": {
        "better": {
            "raw": {
                "avg": 0.9999999999999999,
                "med": 0.9999999999999999,
                "quart_1": 0.9999999999999998,
                "quart_3": 1.0,
                "min": 0.9999999999986808,
                "max": 1.0,
                "stdv": 6.137142335204544e-15,
                "counts": 55138
            },
            "processed": {
                "avg": 1.0,
                "med": 0.9999999999999999,
                "quart_1": 0.9999999999999998,
                "quart_3": 1.0,
                "min": 0.9999999999999666,
                "max": 1.0,
                "stdv": 8.341992123824669e-16,
                "counts": 55111
            }
        },
        "worse": {
            "raw": {
                "avg": 1.0000000000000002,
                "med": 1.0000000000000002,
                "quart_1": 1.0000000000000002,
                "quart_3": 1.0000000000000004,
                "min": 1.0000000000000002,
                "max": 1.0000000000008895,
                "stdv": 9.709548470104513e-15,
                "counts": 30927
            },
            "processed": {
                "avg": 1.0000000000000002,
                "med": 1.0000000000000002,
                "quart_1": 1.0000000000000002,
                "quart_3": 1.0000000000000004,
                "min": 1.0000000000000002,
                "max": 1.0000000000000826,
                "stdv": 1.6812841781314378e-15,
                "counts": 30912
            }
        },
        "monitors": {
            "BTC, ETH": {
                "better": {
                    "raw": {
                        "avg": 0.9999999999999998,
                        "med": 0.9999999999999999,
                        "quart_1": 0.9999999999999997,
                        "quart_3": 1.0,
                        "min": 0.9999999999998844,
                        "max": 1.0,
                        "stdv": 3.0787579669573334e-15,
                        "counts": 1971
                    },
                    "processed": {
                        "avg": 0.9999999999999998,
                        "med": 0.9999999999999999,
                        "quart_1": 0.9999999999999997,
                        "quart_3": 1.0,
                        "min": 0.9999999999998844,
                        "max": 1.0,
                        "stdv": 3.0787579669573334e-15,
                        "counts": 1971
                    }
                },
                "worse": {
                    "raw": {
                        "avg": 1.0000000000000002,
                        "med": 1.0000000000000002,
                        "quart_1": 1.0000000000000002,
                        "quart_3": 1.0000000000000002,
                        "min": 1.0000000000000002,
                        "max": 1.0000000000000264,
                        "stdv": 9.9771231719383e-16,
                        "counts": 1128
                    },
                    "processed": {
                        "avg": 1.0000000000000002,
                        "med": 1.0000000000000002,
                        "quart_1": 1.0000000000000002,
                        "quart_3": 1.0000000000000002,
                        "min": 1.0000000000000002,
                        "max": 1.0000000000000264,
                        "stdv": 9.9771231719383e-16,
                        "counts": 1128
                    }
                }
            }
        }
    },
    "impermanent gain, loss": {
        "gain": {
            "raw": {
                "avg": 2.5283337364365046,
                "med": 1.6934602214110457,
                "quart_1": 1.360511193203253,
                "quart_3": 2.044948194495274,
                "min": 1.0,
                "max": 72.76497404176767,
                "stdv": 3.4779052747775037,
                "counts": 7802375
            },
            "processed": {
                "avg": 2.4931995378952236,
                "med": 1.6930030085619554,
                "quart_1": 1.3603937387154081,
                "quart_3": 2.044738343964033,
                "min": 1.0,
                "max": 72.76497404176767,
                "stdv": 3.1036967103996584,
                "counts": 7798474
            }
        },
        "loss": {
            "raw": {
                "avg": 0.3445852387385803,
                "med": 0.24729092227161417,
                "quart_1": 0.043080190317765,
                "quart_3": 0.6109381945497783,
                "min": 8.240282056293963e-07,
                "max": 0.9999972815033203,
                "stdv": 0.31791349080199705,
                "counts": 8384935
            },
            "processed": {
                "avg": 0.3442576724068201,
                "med": 0.24697220907932785,
                "quart_1": 0.04304484847627722,
                "quart_3": 0.6101565582579909,
                "min": 8.240282056293963e-07,
                "max": 0.9989117771581366,
                "stdv": 0.3176553452680697,
                "counts": 8380743
            }
        },
        "averages": {
            "raw": {
                "avg": 1.397164369228759,
                "med": 1.0690247110623117,
                "quart_1": 1.0031161120041716,
                "quart_3": 1.7995314011962238,
                "min": 0.8414737814783972,
                "max": 3.83446719057223,
                "stdv": 0.5818704588625593,
                "counts": 179859
            },
            "processed": {
                "avg": 1.3959585529788157,
                "med": 1.0690018100592402,
                "quart_1": 1.0031142145834773,
                "quart_3": 1.799363943229515,
                "min": 0.8414737814783972,
                "max": 3.8318183266133183,
                "stdv": 0.5794846800130593,
                "counts": 179770
            }
        },
        "median": {
            "raw": {
                "avg": 0.9388255525734857,
                "med": 0.9586377452768338,
                "quart_1": 0.8930984158637014,
                "quart_3": 0.9987363203150803,
                "min": 0.47985173737448644,
                "max": 1.1155031475080106,
                "stdv": 0.07575112901934604,
                "counts": 179859
            },
            "processed": {
                "avg": 0.9390212226255195,
                "med": 0.9587046232361418,
                "quart_1": 0.8932165888170244,
                "quart_3": 0.9987412956690072,
                "min": 0.583672588128734,
                "max": 1.1155031475080106,
                "stdv": 0.07525381971289975,
                "counts": 179770
            }
        },
        "monitors": {
            "BTC, ETH": {
                "gain": {
                    "raw": {
                        "avg": 1.5125045126625813,
                        "med": 1.5067462230529285,
                        "quart_1": 1.254323593455997,
                        "quart_3": 1.7468566114291268,
                        "min": 1.0,
                        "max": 2.2313827237385007,
                        "stdv": 0.30903473612571086,
                        "counts": 182123
                    },
                    "processed": {
                        "avg": 1.512145136744026,
                        "med": 1.506354250385582,
                        "quart_1": 1.254323593455997,
                        "quart_3": 1.7457954045771493,
                        "min": 1.0,
                        "max": 2.2313827237385007,
                        "stdv": 0.3086935929097282,
                        "counts": 182032
                    }
                },
                "loss": {
                    "raw": {
                        "avg": 0.5051585879594106,
                        "med": 0.5034525672892403,
                        "quart_1": 0.25479006155917355,
                        "quart_3": 0.7535339332540301,
                        "min": 0.0014388327260450088,