{
    "capital efficiency": {
        "better": {
            "raw": {
                "avg": 0.9283227627080064,
                "med": 0.9592305559252751,
                "quart_1": 0.9275686338971103,
                "quart_3": 0.9804486607278496,
                "min": 0.022374522678025126,
                "max": 0.9999989341412352,
                "stdv": 0.1431944131515155,
                "counts": 62761
            },
            "processed": {
                "avg": 0.9287691342648813,
                "med": 0.9592618694092874,
                "quart_1": 0.9276330682687703,
                "quart_3": 0.9804596333507433,
                "min": 0.026818843485266582,
                "max": 0.9999989341412352,
                "stdv": 0.14181461820789404,
                "counts": 62730
            }
        },
        "worse": {
            "raw": {
                "avg": 1.0626914262356475,
                "med": 1.0456713085593385,
                "quart_1": 1.0221596242199777,
                "quart_3": 1.0836607799864195,
                "min": 1.0000008291136533,
                "max": 1.7369872755411762,
                "stdv": 0.05946477972564576,
                "counts": 77910
            },
            "processed": {
                "avg": 1.0624421173124168,
                "med": 1.045645962580224,
                "quart_1": 1.0221513279802896,
                "quart_3": 1.0835825178457665,
                "min": 1.0000008291136533,
                "max": 1.5010753719131789,
                "stdv": 0.05837904480004787,
                "counts": 77872
            }
        },
        "monitors": {
            "BTC": {
                "better": {
                    "raw": {
                        "avg": 0.9396583853991423,
                        "med": 0.9600222529010889,
                        "quart_1": 0.9290059434683894,
                        "quart_3": 0.9805272528074844,
                        "min": 0.02299206597528801,
                        "max": 0.9999954051898674,
                        "stdv": 0.10428846115331165,
                        "counts": 14494
                    },
                    "processed": {
                        "avg": 0.940100342095662,
                        "med": 0.9600389649561683,
                        "quart_1": 0.9290634600271286,
                        "quart_3": 0.9805275267368669,
                        "min": 0.02718269020516672,
                        "max": 0.9999954051898674,
                        "stdv": 0.10235673824126938,
                        "counts": 14487
                    }
                },
                "worse": {
                    "raw": {
                        "avg": 1.0635859846691758,
                        "med": 1.0462593951136143,
                        "quart_1": 1.0225824720195194,
                        "quart_3": 1.0854864232376205,
                        "min": 1.0000010004815127,
                        "max": 1.7354375238051776,
                        "stdv": 0.06021040437306996,
                        "counts": 18800
                    },
                    "processed": {
                        "avg": 1.063349730412058,
                        "med": 1.0462389774818144,
                        "quart_1": 1.0225751198111992,
                        "quart_3": 1.0853910627072776,
                        "min": 1.0000010004815127,
                        "max": 1.4888281619132018,
                        "stdv": 0.059227013904927905,
                        "counts": 18791
                    }
                }
            }
        }
    },
    "impermanent gain, loss": {
        "gain": {
            "raw": {
                "avg": 1.0009657320248604,
                "med": 1.0,
                "quart_1": 1.0,
                "quart_3": 1.0,
                "min": 1.0,
                "max": 1.0114365720301626,
                "stdv": 0.002652413680451931,
                "counts": 89
            },
            "processed": {
                "avg": 1.0009657320248604,
                "med": 1.0,
                "quart_1": 1.0,
                "quart_3": 1.0,
                "min": 1.0,
                "max": 1.0114365720301626,
                "stdv": 0.002652413680451931,
                "counts": 89
            }
        },
        "loss": {
            "raw": {
                "avg": 0.3927707710090056,
                "med": 0.3845063879410756,
                "quart_1": 0.31565874245477826,
                "quart_3": 0.4605463039495116,
                "min": 0.1530523953580571,
                "max": 0.9985341275813002,
                "stdv": 0.10574315070978174,
                "counts": 1599911
            },
            "processed": {
                "avg": 0.3924859486917138,
                "med": 0.38444542490828604,
                "quart_1": 0.31562215544706335,
                "quart_3": 0.4604068944195741,
                "min": 0.1530523953580571,
                "max": 0.9306979301002882,
                "stdv": 0.10499819755046642,
                "counts": 1599112
            }
        },
        "averages": {
            "raw": {
                "avg": 0.3928046018536821,
                "med": 0.3860909494445477,
                "quart_1": 0.31877040767044756,
                "quart_3": 0.46034994908169197,
                "min": 0.21946513683757743,
                "max": 0.9977592312313144,
                "stdv": 0.10320852692561946,
                "counts": 200000
            },
            "processed": {
                "avg": 0.39251740356301207,
                "med": 0.38604426241173495,
                "quart_1": 0.31872052812459,
                "quart_3": 0.4602579561390715,
                "min": 0.21946513683757743,
                "max": 0.9386552783960284,
                "stdv": 0.10243148332086573,
                "counts": 199900
            }
        },
        "median": {
            "raw": {
                "avg": 0.39167796398219484,
                "med": 0.3837824686515925,
                "quart_1": 0.3169291240084666,
                "quart_3": 0.45894873859846486,
                "min": 0.19912583555715546,
                "max": 1.0,
                "stdv": 0.10251447103595004,
                "counts": 200000
            },
            "processed": {
                "avg": 0.39138860785386714,
                "med": 0.38372638683226923,
                "quart_1": 0.31687387245154397,
                "quart_3": 0.45887903524298224,
                "min": 0.19912583555715546,
                "max": 0.9396649246463868,
                "stdv": 0.10171964142782615,
                "counts": 199900
            }
        },
        "monitors": {
            "BTC": {
                "gain": {
                    "raw": {
                        "avg": 1.003009624218464,
                        "med": 1.0,
                        "quart_1": 1.0,
                        "quart_3": 1.0114365720301626,
                        "min": 1.0,
                        "max": 1.0114365720301626,
                        "stdv": 0.005036064556955097,
                        "counts": 19
                    },
                    "processed": {
                        "avg": 1.003009624218464,
                        "med": 1.0,
                        "quart_1": 1.0,
                        "quart_3": 1.0114365720301626,
                        "min": 1.0,
                        "max": 1.0114365720301626,
                        "stdv": 0.005036064556955097,
                        "counts": 19
                    }
                },
                "loss": {
                    "raw": {
                        "avg": 0.42421084145449983,
                        "med": 0.4136820352501823,
                        "quart_1": 0.34408371856959286,
                        "quart_3": 0.4984041757007528,
                        "min": 0.18471242971948956,