{
    "capital efficiency": {
        "better": {
            "raw": {
                "avg": 0.9999999999999993,
                "med": 0.9999999999999997,
                "quart_1": 0.9999999999999991,
                "quart_3": 0.9999999999999999,
                "min": 0.9999999999951793,
                "max": 1.0,
                "stdv": 2.964803645697927e-14,
                "counts": 56379
            },
            "processed": {
                "avg": 0.9999999999999998,
                "med": 0.9999999999999997,
                "quart_1": 0.9999999999999991,
                "quart_3": 0.9999999999999999,
                "min": 0.999999999999827,
                "max": 1.0,
                "stdv": 4.015688723881999e-15,
                "counts": 56351
            }
        },
        "worse": {
            "raw": {
                "avg": 1.0000000000000002,
                "med": 1.0000000000000004,
                "quart_1": 1.0000000000000002,
                "quart_3": 1.000000000000001,
                "min": 1.0000000000000002,
                "max": 1.0000000000090261,
                "stdv": 4.5547762620597245e-14,
                "counts": 44366
            },
            "processed": {
                "avg": 1.0000000000000002,
                "med": 1.0000000000000004,
                "quart_1": 1.0000000000000002,
                "quart_3": 1.000000000000001,
                "min": 1.0000000000000002,
                "max": 1.0000000000001408,
                "stdv": 4.326883633142029e-15,
                "counts": 44344
            }
        },
        "monitors": {
            "BTC": {
                "better": {
                    "raw": {
                        "avg": 0.9999999999999996,
                        "med": 0.9999999999999996,
                        "quart_1": 0.999999999999999,
                        "quart_3": 0.9999999999999999,
                        "min": 0.9999999999994944,
                        "max": 1.0,
                        "stdv": 7.881810739806531e-15,
                        "counts": 12988
                    },
                    "processed": {
                        "avg": 0.9999999999999997,
                        "med": 0.9999999999999996,
                        "quart_1": 0.999999999999999,
                        "quart_3": 0.9999999999999999,
                        "min": 0.9999999999998209,
                        "max": 1.0,
                        "stdv": 3.35583084905197e-15,
                        "counts": 12982
                    }
                },
                "worse": {
                    "raw": {
                        "avg": 1.0000000000000004,
                        "med": 1.0000000000000007,
                        "quart_1": 1.0000000000000002,
                        "quart_3": 1.000000000000001,
                        "min": 1.0000000000000002,
                        "max": 1.0000000000017562,
                        "stdv": 2.0203867851451193e-14,
                        "counts": 10315
                    },
                    "processed": {
                        "avg": 1.0000000000000002,
                        "med": 1.0000000000000007,
                        "quart_1": 1.0000000000000002,
                        "quart_3": 1.000000000000001,
                        "min": 1.0000000000000002,
                        "max": 1.000000000000148,
                        "stdv": 4.650726775679033e-15,
                        "counts": 10310
                    }
                }
            }
        }
    },
    "impermanent gain, loss": {
        "gain": {
            "raw": {
                "avg": 1.0043011803878095,
                "med": 1.0016605923283546,
                "quart_1": 1.0,
                "quart_3": 1.006746282334957,
                "min": 1.0,
                "max": 1.0247087352730324,
                "stdv": 0.005684207059240798,
                "counts": 156
            },
            "processed": {
                "avg": 1.0043011803878095,
                "med": 1.0016605923283546,
                "quart_1": 1.0,
                "quart_3": 1.006746282334957,
                "min": 1.0,
                "max": 1.0247087352730324,
                "stdv": 0.005684207059240798,
                "counts": 156
            }
        },
        "loss": {
            "raw": {
                "avg": 0.06009136524280242,
                "med": 0.027744608711559777,
                "quart_1": 0.0023541584405691214,
                "quart_3": 0.0888530652549346,
                "min": 8.581764802697836e-07,
                "max": 0.9996789720219815,
                "stdv": 0.08417606476440252,
                "counts": 1438716
            },
            "processed": {
                "avg": 0.05963876821506306,
                "med": 0.02770193458321966,
                "quart_1": 0.00235296291131862,
                "quart_3": 0.08876876614784378,
                "min": 8.581764802697836e-07,
                "max": 0.9296723188925196,
                "stdv": 0.08172554063387899,
                "counts": 1437997
            }
        },
        "averages": {
            "raw": {
                "avg": 0.06019373482895683,
                "med": 0.07549024496311912,
                "quart_1": 0.0027653854368045244,
                "quart_3": 0.08809601167588411,
                "min": 0.0003985285447712422,
                "max": 0.9977183296663211,
                "stdv": 0.05752359718557802,
                "counts": 179859
            },
            "processed": {
                "avg": 0.059747218378769985,
                "med": 0.0754725183926753,
                "quart_1": 0.002763846540521982,
                "quart_3": 0.08807638289063795,
                "min": 0.0003985285447712422,
                "max": 0.9251686732438934,
                "stdv": 0.053920828163379,
                "counts": 179770
            }
        },
        "median": {
            "raw": {
                "avg": 0.04568435648559528,
                "med": 0.050467888452943664,
                "quart_1": 0.001708139297440019,
                "quart_3": 0.0687314678178755,
                "min": 0.000207207330401658,
                "max": 1.0,
                "stdv": 0.053983709984093485,
                "counts": 179859
            },
            "processed": {
                "avg": 0.04522911040801599,
                "med": 0.05044891894219464,
                "quart_1": 0.0017067779441481254,
                "quart_3": 0.06869858780714716,
                "min": 0.000207207330401658,
                "max": 0.9400311104642667,
                "stdv": 0.049966651502572706,
                "counts": 179770
            }
        },
        "monitors": {
            "BTC": {
                "gain": {
                    "raw": {
                        "avg": 1.0067904646429096,
                        "med": 1.0114365720301626,
                        "quart_1": 1.0,
                        "quart_3": 1.0114365720301626,
                        "min": 1.0,
                        "max": 1.0114365720301626,
                        "stdv": 0.005616869941551401,
                        "counts": 32
                    },
                    "processed": {
                        "avg": 1.0067904646429096,
                        "med": 1.0114365720301626,
                        "quart_1": 1.0,
                        "quart_3": 1.0114365720301626,
                        "min": 1.0,
                        "max": 1.0114365720301626,
                        "stdv": 0.005616869941551401,
                        "counts": 32
                    }
                },
                "loss": {
                    "raw": {
                        "avg": 0.0693509804044586,
                        "med": 0.03082977423684887,
                        "quart_1": 0.0023711345229983443,
                        "quart_3": 0.10748717510460107,