{
    "capital efficiency": {
        "better": {
            "raw": {
                "avg": 0.9593299894858396,
                "med": 0.9859839624961815,
                "quart_1": 0.9761218055293919,
                "quart_3": 0.9927239625741084,
                "min": 0.004460520563768122,
                "max": 0.9999989276557376,
                "stdv": 0.1437215109774574,
                "counts": 65079
            },
            "processed": {
                "avg": 0.9597891004131087,
                "med": 0.9859957573844104,
                "quart_1": 0.9761396208690144,
                "quart_3": 0.9927285429379575,
                "min": 0.027900268507050054,
                "max": 0.9999989276557376,
                "stdv": 0.14225805296130567,
                "counts": 65047
            }
        },
        "worse": {
            "raw": {
                "avg": 1.043332577737618,
                "med": 1.0156226831525341,
                "quart_1": 1.0077437497190491,
                "quart_3": 1.0268569649402235,
                "min": 1.0000004721278952,
                "max": 134.2375323257389,
                "stdv": 0.7654610187891545,
                "counts": 75672
            },
            "processed": {
                "avg": 1.0313210088053761,
                "med": 1.0156141375384613,
                "quart_1": 1.0077412791653317,
                "quart_3": 1.0268352316826215,
                "min": 1.0000004721278952,
                "max": 9.971474186452035,
                "stdv": 0.1778723567938913,
                "counts": 75635
            }
        },
        "monitors": {
            "BTC": {
                "better": {
                    "raw": {
                        "avg": 0.9718013715967306,
                        "med": 0.9867290640016956,
                        "quart_1": 0.9778099975291819,
                        "quart_3": 0.9931481954129889,
                        "min": 0.026512610959670554,
                        "max": 0.9999988037408413,
                        "stdv": 0.10281010749432937,
                        "counts": 14677
                    },
                    "processed": {
                        "avg": 0.9722521272573621,
                        "med": 0.9867335901953527,
                        "quart_1": 0.977830593780252,
                        "quart_3": 0.9931525015949269,
                        "min": 0.029110174367313665,
                        "max": 0.9999988037408413,
                        "stdv": 0.10074199634167953,
                        "counts": 14670
                    }
                },
                "worse": {
                    "raw": {
                        "avg": 1.0274967161594915,
                        "med": 1.0161391637605366,
                        "quart_1": 1.0079968180486727,
                        "quart_3": 1.0275789694535138,
                        "min": 1.0000054329100814,
                        "max": 17.09005111376653,
                        "stdv": 0.1831449000411105,
                        "counts": 18648
                    },
                    "processed": {
                        "avg": 1.0243898290536195,
                        "med": 1.0161321922460291,
                        "quart_1": 1.0079935679429086,
                        "quart_3": 1.0275437769451747,
                        "min": 1.0000054329100814,
                        "max": 4.399155963297109,
                        "stdv": 0.07469688071578288,
                        "counts": 18639
                    }
                }
            }
        }
    },
    "impermanent gain, loss": {
        "gain": {
            "raw": {
                "avg": 1.0122309778035676,
                "med": 1.0087492841126422,
                "quart_1": 1.003636099162686,
                "quart_3": 1.0171397721170985,
                "min": 1.0,
                "max": 1.1507348069529137,
                "stdv": 0.0119276960721939,
                "counts": 118668
            },
            "processed": {
                "avg": 1.0121756008621963,
                "med": 1.0087436239454068,
                "quart_1": 1.0036342048639237,
                "quart_3": 1.0171101615257894,
                "min": 1.0,
                "max": 1.106462832320153,
                "stdv": 0.011665814860406213,
                "counts": 118609
            }
        },
        "loss": {
            "raw": {
                "avg": 0.7778703144326197,
                "med": 0.9069459588991826,
                "quart_1": 0.49188318526990693,
                "quart_3": 0.9707501381349896,
                "min": 0.3595503019584104,
                "max": 0.9999999919150506,
                "stdv": 0.22641109625822062,
                "counts": 1481332
            },
            "processed": {
                "avg": 0.7780694471190611,
                "med": 0.9070884260981924,
                "quart_1": 0.4919783674001633,
                "quart_3": 0.970772738161466,
                "min": 0.38616655769853236,
                "max": 0.9999999919150506,
                "stdv": 0.2262923118348589,
                "counts": 1480592
            }
        },
        "averages": {
            "raw": {
                "avg": 0.7952522589330717,
                "med": 0.9330775441290842,
                "quart_1": 0.49182869080206765,
                "quart_3": 0.978260941160218,
                "min": 0.42083703317274346,
                "max": 1.0038050663377245,
                "stdv": 0.22561536655275774,
                "counts": 200000
            },
            "processed": {
                "avg": 0.795439087923679,
                "med": 0.9333515307679858,
                "quart_1": 0.4918916022924037,
                "quart_3": 0.9782782261167944,
                "min": 0.42234720730208597,
                "max": 1.0038050663377245,
                "stdv": 0.225517066500435,
                "counts": 199900
            }
        },
        "median": {
            "raw": {
                "avg": 0.7949708496278995,
                "med": 0.9338283061367612,
                "quart_1": 0.49119664841381105,
                "quart_3": 0.9785513817947181,
                "min": 0.4087359942298891,
                "max": 1.025518006390759,
                "stdv": 0.22580980413237606,
                "counts": 200000
            },
            "processed": {
                "avg": 0.7951604936506058,
                "med": 0.9339161262692081,
                "quart_1": 0.49122858505134037,
                "quart_3": 0.9785665566290997,
                "min": 0.4181042355545269,
                "max": 1.025518006390759,
                "stdv": 0.22570698567979655,
                "counts": 199900
            }
        },
        "monitors": {
            "BTC": {
                "gain": {
                    "raw": {
                        "avg": 1.0129525877085348,
                        "med": 1.0092064573357984,
                        "quart_1": 1.0036998656843767,
                        "quart_3": 1.0177193088908976,
                        "min": 1.0,
                        "max": 1.1235588820320535,
                        "stdv": 0.01303991871991884,
                        "counts": 16888
                    },
                    "processed": {
                        "avg": 1.012904419020566,
                        "med": 1.0092012562937922,
                        "quart_1": 1.0036976728235028,
                        "quart_3": 1.0177069948144237,
                        "min": 1.0,
                        "max": 1.106462832320153,
                        "stdv": 0.012853150505816206,
                        "counts": 16880
                    }
                },
                "loss": {
                    "raw": {
                        "avg": 0.7877001521520693,
                        "med": 0.9112555242110782,
                        "quart_1": 0.509568423099556,