{
    "capital efficiency": {
        "better": {
            "raw": {
                "avg": 0.96388263932306,
                "med": 0.9895859077413725,
                "quart_1": 0.9825057178679916,
                "quart_3": 0.9946079290944381,
                "min": 0.023396211920731543,
                "max": 0.9999997996143787,
                "stdv": 0.1435654750861875,
                "counts": 64375
            },
            "processed": {
                "avg": 0.9643488427913235,
                "med": 0.9895898553665953,
                "quart_1": 0.9825213244622691,
                "quart_3": 0.9946112611244813,
                "min": 0.027752328826831707,
                "max": 0.9999997996143787,
                "stdv": 0.14207060656746834,
                "counts": 64343
            }
        },
        "worse": {
            "raw": {
                "avg": 1.094451391232603,
                "med": 1.0117692290664275,
                "quart_1": 1.0058373404525023,
                "quart_3": 1.0205179584414532,
                "min": 1.0000001246070285,
                "max": 504.456488749038,
                "stdv": 3.789075027175742,
                "counts": 76531
            },
            "processed": {
                "avg": 1.0339802825469562,
                "med": 1.0117642678157068,
                "quart_1": 1.0058342363729988,
                "quart_3": 1.0204978428505986,
                "min": 1.0000001246070285,
                "max": 27.425511915715166,
                "stdv": 0.40349921170294467,
                "counts": 76493
            }
        },
        "monitors": {
            "BTC": {
                "better": {
                    "raw": {
                        "avg": 0.9762055267141235,
                        "med": 0.9901204858856886,
                        "quart_1": 0.9838398030400726,
                        "quart_3": 0.9949490498039898,
                        "min": 0.026859163559821635,
                        "max": 0.9999997996143787,
                        "stdv": 0.10242980317085529,
                        "counts": 14605
                    },
                    "processed": {
                        "avg": 0.9766603159074246,
                        "med": 0.990122137746096,
                        "quart_1": 0.9838538158874431,
                        "quart_3": 0.994952671251474,
                        "min": 0.029982423297582064,
                        "max": 0.9999997996143787,
                        "stdv": 0.10032623109180082,
                        "counts": 14598
                    }
                },
                "worse": {
                    "raw": {
                        "avg": 1.0441563516252519,
                        "med": 1.0119375934969437,
                        "quart_1": 1.005957209053423,
                        "quart_3": 1.0207734773693855,
                        "min": 1.0000001246070285,
                        "max": 120.69937219548092,
                        "stdv": 1.4434837565015264,
                        "counts": 18829
                    },
                    "processed": {
                        "avg": 1.019743663524497,
                        "med": 1.0119333202074932,
                        "quart_1": 1.0059532030947833,
                        "quart_3": 1.0207598194848448,
                        "min": 1.0000001246070285,
                        "max": 5.646168503090605,
                        "stdv": 0.08385993723085676,
                        "counts": 18820
                    }
                }
            }
        }
    },
    "impermanent gain, loss": {
        "gain": {
            "raw": {
                "avg": 1.0119607530626384,
                "med": 1.0075632716719365,
                "quart_1": 1.0030463549069184,
                "quart_3": 1.0154076182904272,
                "min": 1.0,
                "max": 1.113920539625716,
                "stdv": 0.015216086977350912,
                "counts": 3685
            },
            "processed": {
                "avg": 1.011933076681921,
                "med": 1.0075632716719365,
                "quart_1": 1.0030405095040502,
                "quart_3": 1.0154076182904272,
                "min": 1.0,
                "max": 1.113920539625716,
                "stdv": 0.015125128307180458,
                "counts": 3684
            }
        },
        "loss": {
            "raw": {
                "avg": 0.6910876908210012,
                "med": 0.7366453074010406,
                "quart_1": 0.4347217814855653,
                "quart_3": 0.913920529261511,
                "min": 0.26427760437591924,
                "max": 0.9999995684823104,
                "stdv": 0.22295128834349745,
                "counts": 1596315
            },
            "processed": {
                "avg": 0.6912905800879136,
                "med": 0.7368942974095652,
                "quart_1": 0.43490792417888763,
                "quart_3": 0.9139629296171238,
                "min": 0.2935706527695649,
                "max": 0.9999995684823104,
                "stdv": 0.22282229240604584,
                "counts": 1595517
            }
        },
        "averages": {
            "raw": {
                "avg": 0.6918267015925252,
                "med": 0.7401984483722394,
                "quart_1": 0.43159648508641524,
                "quart_3": 0.9124092773023449,
                "min": 0.3311781586701206,
                "max": 0.9977391520100876,
                "stdv": 0.2222655449344179,
                "counts": 200000
            },
            "processed": {
                "avg": 0.6920066425884002,
                "med": 0.74072942159681,
                "quart_1": 0.4316709006580895,
                "quart_3": 0.912455308479302,
                "min": 0.3326561645176749,
                "max": 0.9977391520100876,
                "stdv": 0.22217544464501282,
                "counts": 199900
            }
        },
        "median": {
            "raw": {
                "avg": 0.6913203909942681,
                "med": 0.7389224231161398,
                "quart_1": 0.4311756580823806,
                "quart_3": 0.9133321314640823,
                "min": 0.319588993770708,
                "max": 1.0,
                "stdv": 0.22246709689534525,
                "counts": 200000
            },
            "processed": {
                "avg": 0.6915035836490608,
                "med": 0.7391593798882607,
                "quart_1": 0.4312634181330965,
                "quart_3": 0.9134010970749793,
                "min": 0.3278988027986024,
                "max": 1.0,
                "stdv": 0.2223718637173609,
                "counts": 199900
            }
        },
        "monitors": {
            "BTC": {
                "gain": {
                    "raw": {
                        "avg": 1.0145121743953076,
                        "med": 1.0084483092215097,
                        "quart_1": 1.003499040741217,
                        "quart_3": 1.0155366965476138,
                        "min": 1.0,
                        "max": 1.0994469292843165,
                        "stdv": 0.01870318015925055,
                        "counts": 714
                    },
                    "processed": {
                        "avg": 1.0145121743953076,
                        "med": 1.0084483092215097,
                        "quart_1": 1.003499040741217,
                        "quart_3": 1.0155366965476138,
                        "min": 1.0,
                        "max": 1.0994469292843165,
                        "stdv": 0.01870318015925055,
                        "counts": 714
                    }
                },
                "loss": {
                    "raw": {
                        "avg": 0.7110325358419137,
                        "med": 0.761685644465218,
                        "quart_1": 0.4544878329917169,