{
    "capital efficiency": {
        "better": {
            "raw": {
                "avg": 0.9688610017670719,
                "med": 0.9937448919576997,
                "quart_1": 0.9892201492100448,
                "quart_3": 0.9968021030634009,
                "min": 0.020260796248718568,
                "max": 0.9999999945895222,
                "stdv": 0.14205109583667547,
                "counts": 65297
            },
            "processed": {
                "avg": 0.9693242868102038,
                "med": 0.993748670257556,
                "quart_1": 0.9892308132853713,
                "quart_3": 0.9968033087864112,
                "min": 0.025623227228402108,
                "max": 0.9999999945895222,
                "stdv": 0.1405362632500935,
                "counts": 65265
            }
        },
        "worse": {
            "raw": {
                "avg": 1.0779897041148219,
                "med": 1.0067009268797444,
                "quart_1": 1.0032810481309191,
                "quart_3": 1.0117906578015496,
                "min": 1.000000151551454,
                "max": 836.3393344435984,
                "stdv": 5.009443600702365,
                "counts": 75637
            },
            "processed": {
                "avg": 1.0151293924665958,
                "med": 1.0066961423075584,
                "quart_1": 1.0032798136496135,
                "quart_3": 1.01177926411216,
                "min": 1.000000151551454,
                "max": 11.717763368398963,
                "stdv": 0.14780465733629988,
                "counts": 75600
            }
        },
        "monitors": {
            "BTC": {
                "better": {
                    "raw": {
                        "avg": 0.9809281693670836,
                        "med": 0.9941723071274065,
                        "quart_1": 0.9902971985256529,
                        "quart_3": 0.9970685098060315,
                        "min": 0.026520295262177966,
                        "max": 0.9999998699678712,
                        "stdv": 0.10135601832597835,
                        "counts": 14686
                    },
                    "processed": {
                        "avg": 0.9813829444054415,
                        "med": 0.9941739327968326,
                        "quart_1": 0.9903076447636964,
                        "quart_3": 0.9970700505551781,
                        "min": 0.028628603717647215,
                        "max": 0.9999998699678712,
                        "stdv": 0.09921709610333802,
                        "counts": 14679
                    }
                },
                "worse": {
                    "raw": {
                        "avg": 1.0294268908962882,
                        "med": 1.0068697231209074,
                        "quart_1": 1.003346776888781,
                        "quart_3": 1.0120125940365625,
                        "min": 1.0000001850338498,
                        "max": 276.9610003411373,
                        "stdv": 2.045847250704601,
                        "counts": 18669
                    },
                    "processed": {
                        "avg": 1.01047442741228,
                        "med": 1.0068636076504425,
                        "quart_1": 1.0033438275974715,
                        "quart_3": 1.0120031101697602,
                        "min": 1.0000001850338498,
                        "max": 2.2594300433302625,
                        "stdv": 0.03160220421632462,
                        "counts": 18660
                    }
                }
            }
        }
    },
    "impermanent gain, loss": {
        "gain": {
            "raw": {
                "avg": 1.00910429175077,
                "med": 1.0017278316880034,
                "quart_1": 1.0,
                "quart_3": 1.0149685283135503,
                "min": 1.0,
                "max": 1.0458750285928649,
                "stdv": 0.012314720366398347,
                "counts": 126
            },
            "processed": {
                "avg": 1.00910429175077,
                "med": 1.0017278316880034,
                "quart_1": 1.0,
                "quart_3": 1.0149685283135503,
                "min": 1.0,
                "max": 1.0458750285928649,
                "stdv": 0.012314720366398347,
                "counts": 126
            }
        },
        "loss": {
            "raw": {
                "avg": 0.6107021443749026,
                "med": 0.6720350467298591,
                "quart_1": 0.34658740023735285,
                "quart_3": 0.8003503396123974,
                "min": 0.1835128320350932,
                "max": 0.9984391654613922,
                "stdv": 0.2182604228470411,
                "counts": 1599874
            },
            "processed": {
                "avg": 0.6109050552301221,
                "med": 0.6721610235238888,
                "quart_1": 0.3467558180844596,
                "quart_3": 0.8003962671315242,
                "min": 0.2125251130950184,
                "max": 0.9984391654613922,
                "stdv": 0.218126005716805,
                "counts": 1599075
            }
        },
        "averages": {
            "raw": {
                "avg": 0.610733518544017,
                "med": 0.6753025535249877,
                "quart_1": 0.3411568543843946,
                "quart_3": 0.7963336024008584,
                "min": 0.25499542398903474,
                "max": 0.9977288369394612,
                "stdv": 0.21711298896655817,
                "counts": 200000
            },
            "processed": {
                "avg": 0.6109109795771502,
                "med": 0.6755074728912769,
                "quart_1": 0.341224909208712,
                "quart_3": 0.7963726882263776,
                "min": 0.25662527036587035,
                "max": 0.9977288369394612,
                "stdv": 0.2170222243122864,
                "counts": 199900
            }
        },
        "median": {
            "raw": {
                "avg": 0.610112138673225,
                "med": 0.6729021445640495,
                "quart_1": 0.340309173467345,
                "quart_3": 0.7976732877623391,
                "min": 0.24238656464278702,
                "max": 1.0,
                "stdv": 0.21730904940852216,
                "counts": 200000
            },
            "processed": {
                "avg": 0.6102932462313103,
                "med": 0.6730229959895853,
                "quart_1": 0.34038126179698514,
                "quart_3": 0.7977258090357262,
                "min": 0.25142317908272843,
                "max": 1.0,
                "stdv": 0.21721243455793737,
                "counts": 199900
            }
        },
        "monitors": {
            "BTC": {
                "gain": {
                    "raw": {
                        "avg": 1.007092865817262,
                        "med": 1.0087313772400885,
                        "quart_1": 1.0,
                        "quart_3": 1.0102655986573101,
                        "min": 1.0,
                        "max": 1.025827426951989,
                        "stdv": 0.007047902617536396,
                        "counts": 41
                    },
                    "processed": {
                        "avg": 1.007092865817262,
                        "med": 1.0087313772400885,
                        "quart_1": 1.0,
                        "quart_3": 1.0102655986573101,
                        "min": 1.0,
                        "max": 1.025827426951989,
                        "stdv": 0.007047902617536396,
                        "counts": 41
                    }
                },
                "loss": {
                    "raw": {
                        "avg": 0.6367812362614711,
                        "med": 0.7041758390450347,
                        "quart_1": 0.3682508165317734,
                        "quart_3": 0.8171552095055518,
                        "min": 0.28066175751267497,