{
    "capital efficiency": {
        "better": {
            "raw": {
                "avg": 0.7746492630582341,
                "med": 0.8889298183365933,
                "quart_1": 0.6390341384415588,
                "quart_3": 0.9636157546769493,
                "min": 0.0004885295922842895,
                "max": 0.9999980799121693,
                "stdv": 0.2481462797170891,
                "counts": 54217
            },
            "processed": {
                "avg": 0.7750339220109548,
                "med": 0.8890991302151703,
                "quart_1": 0.6395558895623403,
                "quart_3": 0.9636348000219963,
                "min": 0.004327294600668622,
                "max": 0.9999980799121693,
                "stdv": 0.2476088480553252,
                "counts": 54190
            }
        },
        "worse": {
            "raw": {
                "avg": 12678.107220380552,
                "med": 1.167143540899556,
                "quart_1": 1.0418844274742214,
                "quart_3": 2.201978094463792,
                "min": 1.0000078778752939,
                "max": 78197443.12382872,
                "stdv": 416629.1786483975,
                "counts": 77830
            },
            "processed": {
                "avg": 6126.694358125384,
                "med": 1.1668760130727942,
                "quart_1": 1.041868759602491,
                "quart_3": 2.1964454459836005,
                "min": 1.0000078778752939,
                "max": 6736380.960549172,
                "stdv": 134390.94179489402,
                "counts": 77792
            }
        },
        "monitors": {
            "BTC, ETH": {
                "better": {
                    "raw": {
                        "avg": 0.8153273204329594,
                        "med": 0.9069988286797566,
                        "quart_1": 0.6958235645863087,
                        "quart_3": 0.9675196617938082,
                        "min": 0.044962250877023414,
                        "max": 0.9999473230638721,
                        "stdv": 0.20070688761141292,
                        "counts": 1762
                    },
                    "processed": {
                        "avg": 0.8153273204329594,
                        "med": 0.9069988286797566,
                        "quart_1": 0.6958235645863087,
                        "quart_3": 0.9675196617938082,
                        "min": 0.044962250877023414,
                        "max": 0.9999473230638721,
                        "stdv": 0.20070688761141292,
                        "counts": 1762
                    }
                },
                "worse": {
                    "raw": {
                        "avg": 2.716024607379302,
                        "med": 1.1378288093726099,
                        "quart_1": 1.0384071954310874,
                        "quart_3": 1.7186671556617101,
                        "min": 1.0000199627914554,
                        "max": 69.43648535368028,
                        "stdv": 5.424118029390339,
                        "counts": 2572
                    },
                    "processed": {
                        "avg": 2.690073436338345,
                        "med": 1.1370609418165685,
                        "quart_1": 1.0384071954310874,
                        "quart_3": 1.714302579366079,
                        "min": 1.0000199627914554,
                        "max": 59.70308765147494,
                        "stdv": 5.263112413191503,
                        "counts": 2571
                    }
                }
            }
        }
    },
    "impermanent gain, loss": {
        "gain": {
            "raw": {
                "avg": 46.536454852857275,
                "med": 1.4365461500945098,
                "quart_1": 1.1038512560937621,
                "quart_3": 4.0681756289902635,
                "min": 1.0,
                "max": 6154.456574084627,
                "stdv": 200.26628878320398,
                "counts": 8972284
            },
            "processed": {
                "avg": 44.62635268825508,
                "med": 1.436098506718957,
                "quart_1": 1.1037715184097086,
                "quart_3": 3.9994699804244975,
                "min": 1.0,
                "max": 3117.3978041065066,
                "stdv": 180.37020694128262,
                "counts": 8967798
            }
        },
        "loss": {
            "raw": {
                "avg": 0.4179740480213603,
                "med": 0.3318034603501024,
                "quart_1": 0.015948573277839415,
                "quart_3": 0.7874902450408353,
                "min": 1.2477770786769266e-05,
                "max": 0.9999999999999997,
                "stdv": 0.3776468246247071,
                "counts": 9025556
            },
            "processed": {
                "avg": 0.41768293984753324,
                "med": 0.3312104729028691,
                "quart_1": 0.015886012744892444,
                "quart_3": 0.7868544371750846,
                "min": 1.2477770786769266e-05,
                "max": 0.9999981302402496,
                "stdv": 0.37751680613595234,
                "counts": 9021044
            }
        },
        "averages": {
            "raw": {
                "avg": 23.40896115701007,
                "med": 10.048427797272609,
                "quart_1": 4.853312767864888,
                "quart_3": 27.788650623492394,
                "min": 1.0010653845965023,
                "max": 219.20917064179122,
                "stdv": 31.19132312244483,
                "counts": 199976
            },
            "processed": {
                "avg": 23.31744068222383,
                "med": 10.043431773767047,
                "quart_1": 4.85051768695836,
                "quart_3": 27.76587839888899,
                "min": 1.0010653845965023,
                "max": 201.1963504483348,
                "stdv": 30.926386797437598,
                "counts": 199877
            }
        },
        "median": {
            "raw": {
                "avg": 0.9757387506310934,
                "med": 0.9990211817958234,
                "quart_1": 0.9676979449711854,
                "quart_3": 1.0015925301513084,
                "min": 0.5908222269054932,
                "max": 1.0678168876907357,
                "stdv": 0.04985860437411545,
                "counts": 199976
            },
            "processed": {
                "avg": 0.9759058575573542,
                "med": 0.9990248465601534,
                "quart_1": 0.9677908528624772,
                "quart_3": 1.0015970502685791,
                "min": 0.6668092788557625,
                "max": 1.0678168876907357,
                "stdv": 0.049300478957217904,
                "counts": 199877
            }
        },
        "monitors": {
            "BTC, ETH": {
                "gain": {
                    "raw": {
                        "avg": 1.4224587476780712,
                        "med": 1.2889186149284924,
                        "quart_1": 1.0187677050968993,
                        "quart_3": 1.6374873589224181,
                        "min": 1.0,
                        "max": 4.260185203536814,
                        "stdv": 0.4693232898023392,
                        "counts": 205886
                    },
                    "processed": {
                        "avg": 1.4211258079711415,
                        "med": 1.2886909076730666,
                        "quart_1": 1.0187677050968993,
                        "quart_3": 1.6363853509753663,
                        "min": 1.0,
                        "max": 3.8904694132804263,
                        "stdv": 0.4655968550914531,
                        "counts": 205784
                    }
                },
                "loss": {
                    "raw": {
                        "avg": 0.6363465503061577,
                        "med": 0.6872129795248816,