{
    "capital efficiency": {
        "better": {
            "raw": {
                "avg": 0.6884096669791172,
                "med": 0.7428486317710454,
                "quart_1": 0.5354193634025244,
                "quart_3": 0.8776147975005559,
                "min": 0.0006297996925884393,
                "max": 0.999971314010144,
                "stdv": 0.2334781112301215,
                "counts": 52581
            },
            "processed": {
                "avg": 0.6887489033538188,
                "med": 0.7429992593942806,
                "quart_1": 0.5357109450920973,
                "quart_3": 0.8776609529225071,
                "min": 0.004448116991171832,
                "max": 0.999971314010144,
                "stdv": 0.23303703932510106,
                "counts": 52555
            }
        },
        "worse": {
            "raw": {
                "avg": 2477.5900189095037,
                "med": 1.4512471398195081,
                "quart_1": 1.1565848837047312,
                "quart_3": 2.603258987335618,
                "min": 1.0000047969741217,
                "max": 15780805.839381337,
                "stdv": 82838.99531402902,
                "counts": 79481
            },
            "processed": {
                "avg": 1175.3752689027706,
                "med": 1.4505360129503773,
                "quart_1": 1.156438730619547,
                "quart_3": 2.597190987946767,
                "min": 1.0000047969741217,
                "max": 1337811.2831613307,
                "stdv": 26093.0789485005,
                "counts": 79442
            }
        },
        "monitors": {
            "BTC, ETH": {
                "better": {
                    "raw": {
                        "avg": 0.7154378727528428,
                        "med": 0.7603759294768484,
                        "quart_1": 0.5606399743016692,
                        "quart_3": 0.8834383486428946,
                        "min": 0.1044892176283116,
                        "max": 0.999351561456493,
                        "stdv": 0.20034390571112026,
                        "counts": 1683
                    },
                    "processed": {
                        "avg": 0.7154378727528428,
                        "med": 0.7603759294768484,
                        "quart_1": 0.5606399743016692,
                        "quart_3": 0.8834383486428946,
                        "min": 0.1044892176283116,
                        "max": 0.999351561456493,
                        "stdv": 0.20034390571112026,
                        "counts": 1683
                    }
                },
                "worse": {
                    "raw": {
                        "avg": 2.2162573166054584,
                        "med": 1.392918747921059,
                        "quart_1": 1.1458430109810172,
                        "quart_3": 2.280232819381322,
                        "min": 1.0001989221362613,
                        "max": 22.336497091248784,
                        "stdv": 2.1693104198106012,
                        "counts": 2663
                    },
                    "processed": {
                        "avg": 2.2086989996352693,
                        "med": 1.391940602726499,
                        "quart_1": 1.1453654323390106,
                        "quart_3": 2.278710084832909,
                        "min": 1.0001989221362613,
                        "max": 19.882321443630545,
                        "stdv": 2.134371858103191,
                        "counts": 2662
                    }
                }
            }
        }
    },
    "impermanent gain, loss": {
        "gain": {
            "raw": {
                "avg": 46.77982292869723,
                "med": 1.4159099069487153,
                "quart_1": 1.0961829089629858,
                "quart_3": 4.391224017646766,
                "min": 1.0,
                "max": 6154.439219739771,
                "stdv": 200.68995169321025,
                "counts": 8936920
            },
            "processed": {
                "avg": 44.868476092647086,
                "med": 1.4154201631057461,
                "quart_1": 1.096020656244143,
                "quart_3": 4.301721617545354,
                "min": 1.0,
                "max": 3117.397928944008,
                "stdv": 180.81286225504704,
                "counts": 8932452
            }
        },
        "loss": {
            "raw": {
                "avg": 0.46114082933915096,
                "med": 0.44931231467711774,
                "quart_1": 0.05972612968132981,
                "quart_3": 0.8170054803022548,
                "min": 6.219680005184148e-05,
                "max": 0.9999999999999999,
                "stdv": 0.3712568100578573,
                "counts": 9061010
            },
            "processed": {
                "avg": 0.46087129672009625,
                "med": 0.44899574433824957,
                "quart_1": 0.05945880484013206,
                "quart_3": 0.8165046559232941,
                "min": 6.219680005184148e-05,
                "max": 0.999989053797156,
                "stdv": 0.3711539434609012,
                "counts": 9056480
            }
        },
        "averages": {
            "raw": {
                "avg": 23.460805592307572,
                "med": 10.084660448914338,
                "quart_1": 4.885391537655842,
                "quart_3": 27.865159234654634,
                "min": 1.00247735113707,
                "max": 219.2163846063345,
                "stdv": 31.213246416680082,
                "counts": 199977
            },
            "processed": {
                "avg": 23.36930526702046,
                "med": 10.079996463453469,
                "quart_1": 4.88418061146845,
                "quart_3": 27.831499930537824,
                "min": 1.00247735113707,
                "max": 201.21598734099598,
                "stdv": 30.948627952322678,
                "counts": 199878
            }
        },
        "median": {
            "raw": {
                "avg": 0.980981822491672,
                "med": 0.999166173377187,
                "quart_1": 0.9768077815166192,
                "quart_3": 1.001003677760011,
                "min": 0.6445203537042052,
                "max": 1.0508791504837038,
                "stdv": 0.04040052838331029,
                "counts": 199977
            },
            "processed": {
                "avg": 0.9811192689718566,
                "med": 0.9991737544192812,
                "quart_1": 0.9768279199101779,
                "quart_3": 1.001003677760011,
                "min": 0.7181843727463246,
                "max": 1.0508791504837038,
                "stdv": 0.039934217341501474,
                "counts": 199878
            }
        },
        "monitors": {
            "BTC, ETH": {
                "gain": {
                    "raw": {
                        "avg": 1.4141272723899094,
                        "med": 1.2725680715107122,
                        "quart_1": 1.0198571613675824,
                        "quart_3": 1.6162791987678726,
                        "min": 1.0,
                        "max": 4.302814127889233,
                        "stdv": 0.4674364174651539,
                        "counts": 201749
                    },
                    "processed": {
                        "avg": 1.4127517788545072,
                        "med": 1.2725680715107122,
                        "quart_1": 1.0198571613675824,
                        "quart_3": 1.6162230098861792,
                        "min": 1.0,
                        "max": 4.088874130123055,
                        "stdv": 0.46345055079277664,
                        "counts": 201649
                    }
                },
                "loss": {
                    "raw": {
                        "avg": 0.7001315250836773,
                        "med": 0.7387088599046353,
                        "quart_1": 0.48807865489809327,