{
    "capital efficiency": {
        "better": {
            "raw": {
                "avg": 0.6081489576327417,
                "med": 0.624639985514454,
                "quart_1": 0.4484576894421592,
                "quart_3": 0.7797015152735108,
                "min": 0.0006411808857176944,
                "max": 0.9999996973374109,
                "stdv": 0.2244025863809312,
                "counts": 51287
            },
            "processed": {
                "avg": 0.6084441600173305,
                "med": 0.6248753617784641,
                "quart_1": 0.4488216088224396,
                "quart_3": 0.7797472491348588,
                "min": 0.004427015037684743,
                "max": 0.9999996973374109,
                "stdv": 0.22405870548395876,
                "counts": 51262
            }
        },
        "worse": {
            "raw": {
                "avg": 792.9715766717751,
                "med": 1.842788651920088,
                "quart_1": 1.3399347743056904,
                "quart_3": 3.245780454399428,
                "min": 1.000005953042954,
                "max": 4270871.893264344,
                "stdv": 24888.071767312777,
                "counts": 80783
            },
            "processed": {
                "avg": 377.8734525511235,
                "med": 1.842110252899529,
                "quart_1": 1.3397566610985985,
                "quart_3": 3.2407780544628144,
                "min": 1.000005953042954,
                "max": 440366.25361698505,
                "stdv": 8380.07154382996,
                "counts": 80743
            }
        },
        "monitors": {
            "BTC, ETH": {
                "better": {
                    "raw": {
                        "avg": 0.6279685375739225,
                        "med": 0.6334305457272233,
                        "quart_1": 0.4697502752200418,
                        "quart_3": 0.7855079320973473,
                        "min": 0.12248441350708242,
                        "max": 0.9999996973374109,
                        "stdv": 0.19831604154716861,
                        "counts": 1643
                    },
                    "processed": {
                        "avg": 0.6279685375739225,
                        "med": 0.6334305457272233,
                        "quart_1": 0.4697502752200418,
                        "quart_3": 0.7855079320973473,
                        "min": 0.12248441350708242,
                        "max": 0.9999996973374109,
                        "stdv": 0.19831604154716861,
                        "counts": 1643
                    }
                },
                "worse": {
                    "raw": {
                        "avg": 2.436611454675513,
                        "med": 1.753683963366283,
                        "quart_1": 1.3221428753814553,
                        "quart_3": 2.895690568005335,
                        "min": 1.0008676720146739,
                        "max": 16.59303019351275,
                        "stdv": 1.7496724309035694,
                        "counts": 2720
                    },
                    "processed": {
                        "avg": 2.4314049748156976,
                        "med": 1.7520398849741157,
                        "quart_1": 1.3221428753814553,
                        "quart_3": 2.8913633598114474,
                        "min": 1.0008676720146739,
                        "max": 14.170236754719156,
                        "stdv": 1.7287993841309175,
                        "counts": 2719
                    }
                }
            }
        }
    },
    "impermanent gain, loss": {
        "gain": {
            "raw": {
                "avg": 46.8210906402959,
                "med": 1.4008087833311162,
                "quart_1": 1.0864964461339357,
                "quart_3": 4.488269532057385,
                "min": 1.0,
                "max": 6154.427303521773,
                "stdv": 200.64148313928712,
                "counts": 8954313
            },
            "processed": {
                "avg": 44.910393815185074,
                "med": 1.4001556666762258,
                "quart_1": 1.0863122851073248,
                "quart_3": 4.390011218949309,
                "min": 1.0,
                "max": 3117.3982400114155,
                "stdv": 180.77418249511243,
                "counts": 8949836
            }
        },
        "loss": {
            "raw": {
                "avg": 0.50268962396774,
                "med": 0.5531617316534916,
                "quart_1": 0.10310895855058085,
                "quart_3": 0.8396125679330773,
                "min": 0.00018614983260204567,
                "max": 0.9999999999999999,
                "stdv": 0.3645842654236792,
                "counts": 9043527
            },
            "processed": {
                "avg": 0.5029408631152801,
                "med": 0.553497982068174,
                "quart_1": 0.10336342354250112,
                "quart_3": 0.8398057549141661,
                "min": 0.000505497794758003,
                "max": 0.9999999999999999,
                "stdv": 0.3645022714726633,
                "counts": 9039006
            }
        },
        "averages": {
            "raw": {
                "avg": 23.547091638858777,
                "med": 10.143685775859147,
                "quart_1": 4.937008318369816,
                "quart_3": 27.959712453956982,
                "min": 1.0037601079754097,
                "max": 219.22979728758236,
                "stdv": 31.26476410871313,
                "counts": 199976
            },
            "processed": {
                "avg": 23.455622845631623,
                "med": 10.136126787490117,
                "quart_1": 4.9356400152555295,
                "quart_3": 27.906244278597075,
                "min": 1.0037601079754097,
                "max": 201.23660447925155,
                "stdv": 31.00080074198083,
                "counts": 199877
            }
        },
        "median": {
            "raw": {
                "avg": 0.9839898416992077,
                "med": 0.9995111369124946,
                "quart_1": 0.9809768231094637,
                "quart_3": 1.0007771165899026,
                "min": 0.7038640999207406,
                "max": 1.0347885867281938,
                "stdv": 0.034570158353258655,
                "counts": 199976
            },
            "processed": {
                "avg": 0.9841108563225426,
                "med": 0.9995117082096558,
                "quart_1": 0.9810512900574813,
                "quart_3": 1.0007771165899026,
                "min": 0.7624752405790801,
                "max": 1.0347885867281938,
                "stdv": 0.03414553172347962,
                "counts": 199877
            }
        },
        "monitors": {
            "BTC, ETH": {
                "gain": {
                    "raw": {
                        "avg": 1.4049404310585378,
                        "med": 1.256618550431648,
                        "quart_1": 1.0172955052886032,
                        "quart_3": 1.609497686767538,
                        "min": 1.0,
                        "max": 4.563139519413517,
                        "stdv": 0.4646329349471592,
                        "counts": 203571
                    },
                    "processed": {
                        "avg": 1.4035919721753807,
                        "med": 1.2563582111687148,
                        "quart_1": 1.01724826096533,
                        "quart_3": 1.609027518615349,
                        "min": 1.0,
                        "max": 3.915512186204498,
                        "stdv": 0.46075193870349573,
                        "counts": 203470
                    }
                },
                "loss": {
                    "raw": {
                        "avg": 0.7542731842685154,
                        "med": 0.776177322983358,
                        "quart_1": 0.5942150062146404,