{
    "capital efficiency": {
        "better": {
            "raw": {
                "avg": 0.6390175078554748,
                "med": 0.6687937569778781,
                "quart_1": 0.48262379629184815,
                "quart_3": 0.819055818240109,
                "min": 0.0006352633529462116,
                "max": 0.9999913210567755,
                "stdv": 0.2271982647161069,
                "counts": 51746
            },
            "processed": {
                "avg": 0.6393250644469675,
                "med": 0.6689592915240441,
                "quart_1": 0.4828855394518712,
                "quart_3": 0.8191364441763155,
                "min": 0.004424095654564474,
                "max": 0.9999913210567755,
                "stdv": 0.22682198588940736,
                "counts": 51721
            }
        },
        "worse": {
            "raw": {
                "avg": 1226.1947505538922,
                "med": 1.6683104191078626,
                "quart_1": 1.2581041027724784,
                "quart_3": 2.961917222553455,
                "min": 1.0000180013574043,
                "max": 8005929.473899421,
                "stdv": 41530.64665339174,
                "counts": 80326
            },
            "processed": {
                "avg": 570.6429431416296,
                "med": 1.6674857828669651,
                "quart_1": 1.257909640277968,
                "quart_3": 2.9573386505189605,
                "min": 1.0000180013574043,
                "max": 660334.1728735681,
                "stdv": 12626.920567987356,
                "counts": 80286
            }
        },
        "monitors": {
            "BTC, ETH": {
                "better": {
                    "raw": {
                        "avg": 0.6598873035170872,
                        "med": 0.6759983551483472,
                        "quart_1": 0.5088344914890331,
                        "quart_3": 0.8198438086529172,
                        "min": 0.12324161097653195,
                        "max": 0.999844490809111,
                        "stdv": 0.19741476973040023,
                        "counts": 1658
                    },
                    "processed": {
                        "avg": 0.6598873035170872,
                        "med": 0.6759983551483472,
                        "quart_1": 0.5088344914890331,
                        "quart_3": 0.8198438086529172,
                        "min": 0.12324161097653195,
                        "max": 0.999844490809111,
                        "stdv": 0.19741476973040023,
                        "counts": 1658
                    }
                },
                "worse": {
                    "raw": {
                        "avg": 2.289122007365007,
                        "med": 1.590150306810378,
                        "quart_1": 1.248661982000484,
                        "quart_3": 2.637232938041931,
                        "min": 1.0008569413149133,
                        "max": 15.708664751527571,
                        "stdv": 1.759419848420479,
                        "counts": 2696
                    },
                    "processed": {
                        "avg": 2.2841425851964865,
                        "med": 1.5896114562083365,
                        "quart_1": 1.248661982000484,
                        "quart_3": 2.6304046998243686,
                        "min": 1.0008569413149133,
                        "max": 15.42010457704814,
                        "stdv": 1.7406494391088942,
                        "counts": 2695
                    }
                }
            }
        }
    },
    "impermanent gain, loss": {
        "gain": {
            "raw": {
                "avg": 46.89551753030492,
                "med": 1.4072750492982076,
                "quart_1": 1.091823727040638,
                "quart_3": 4.5427162326448665,
                "min": 1.0,
                "max": 6154.432108907054,
                "stdv": 200.85018499472847,
                "counts": 8927861
            },
            "processed": {
                "avg": 44.98401245019176,
                "med": 1.4069391193118899,
                "quart_1": 1.0916894024186545,
                "quart_3": 4.461346356845784,
                "min": 1.0,
                "max": 3117.3980845854867,
                "stdv": 180.98534444493808,
                "counts": 8923398
            }
        },
        "loss": {
            "raw": {
                "avg": 0.4871108673438944,
                "med": 0.5148420261837079,
                "quart_1": 0.08846297342939784,
                "quart_3": 0.8319261992869796,
                "min": 0.00012420481299518142,
                "max": 0.9999999999999999,
                "stdv": 0.3676996914423945,
                "counts": 9070069
            },
            "processed": {
                "avg": 0.48735441651211814,
                "med": 0.515297049219116,
                "quart_1": 0.08881774583383666,
                "quart_3": 0.8321510705952421,
                "min": 0.0003373551803319655,
                "max": 0.9999999999999999,
                "stdv": 0.3676303369172701,
                "counts": 9065534
            }
        },
        "averages": {
            "raw": {
                "avg": 23.50796959490562,
                "med": 10.118592670362782,
                "quart_1": 4.915229724715687,
                "quart_3": 27.918989481770993,
                "min": 1.003267800610883,
                "max": 219.22505506099478,
                "stdv": 31.238625224104016,
                "counts": 199977
            },
            "processed": {
                "avg": 23.416486521604455,
                "med": 10.11259981506101,
                "quart_1": 4.914031227385927,
                "quart_3": 27.884259605907634,
                "min": 1.003267800610883,
                "max": 201.22432876165684,
                "stdv": 30.97433927450907,
                "counts": 199878
            }
        },
        "median": {
            "raw": {
                "avg": 0.9830270816375086,
                "med": 0.9992337967916721,
                "quart_1": 0.979695827445949,
                "quart_3": 1.0008499025138644,
                "min": 0.6763357701609547,
                "max": 1.0401233836165718,
                "stdv": 0.036521960810261385,
                "counts": 199977
            },
            "processed": {
                "avg": 0.9831583059637455,
                "med": 0.9992361581180556,
                "quart_1": 0.9797409816303897,
                "quart_3": 1.0008515285755912,
                "min": 0.7406292642228904,
                "max": 1.0401233836165718,
                "stdv": 0.036050048297871694,
                "counts": 199878
            }
        },
        "monitors": {
            "BTC, ETH": {
                "gain": {
                    "raw": {
                        "avg": 1.4069531298119606,
                        "med": 1.2560423230235132,
                        "quart_1": 1.0179340172209903,
                        "quart_3": 1.6118386919404148,
                        "min": 1.0,
                        "max": 4.562235481776137,
                        "stdv": 0.464257705756763,
                        "counts": 204379
                    },
                    "processed": {
                        "avg": 1.40558058835626,
                        "med": 1.2560423230235132,
                        "quart_1": 1.0178557560685688,
                        "quart_3": 1.6117463272595332,
                        "min": 1.0,
                        "max": 3.9164960793807366,
                        "stdv": 0.4602610125832518,
                        "counts": 204277
                    }
                },
                "loss": {
                    "raw": {
                        "avg": 0.7318598977957311,
                        "med": 0.7591967579188803,
                        "quart_1": 0.5506880449594782,