{
    "cap_eff": {
        "avg": 0.0050517065679261414,
        "med": 0.004467057464062174,
        "quart_1": 0.0026910861465784253,
        "quart_3": 0.006619206732893956,
        "min": 7.921228073470843e-08,
        "max": 0.04028372236703337,
        "stdv": 0.0034402911606124004
    },
    "imp_gain": {
        "avg": 0.01861511411386731,
        "med": 0.014249124267260216,
        "quart_1": 0.006893434792219599,
        "quart_3": 0.02661250270662574,
        "min": 2.220446049250313e-16,
        "max": 0.09337301493172556,
        "stdv": 0.015509038897111636
    },
    "imp_loss": {
        "avg": 0.012889756147872954,
        "med": 0.00820339640060952,
        "quart_1": 0.0,
        "quart_3": 0.019926431070944717,
        "min": 0.0,
        "max": 0.08539904831797684,
        "stdv": 0.014854852453232877
    },
    "price_imp": {
        "avg": 0.00790442799017034,
        "med": 0.007518243548888049,
        "quart_1": 0.00519824266232172,
        "quart_3": 0.010033060894972714,
        "min": 1.7463531545869212e-07,
        "max": 0.04408081793317134,
        "stdv": 0.003983923517606502
    },
    "proc_cap_eff": {
        "avg": 0.005039898612026116,
        "med": 0.004464735426139788,
        "quart_1": 0.002690625962317006,
        "quart_3": 0.006614055923271467,
        "min": 7.921228073470843e-08,
        "max": 0.025692300684306835,
        "stdv": 0.0033989190896203682
    },
    "proc_imp_gain": {
        "avg": 0.01858207708171867,
        "med": 0.014241849627633751,
        "quart_1": 0.006887870643364824,
        "quart_3": 0.02657790256857706,
        "min": 2.220446049250313e-16,
        "max": 0.08247238575130922,
        "stdv": 0.015442238310964456
    },
    "proc_imp_loss": {
        "avg": 0.012857443691552402,
        "med": 0.00819562258612827,
        "quart_1": 0.0,
        "quart_3": 0.01989882533322973,
        "min": 0.0,
        "max": 0.07556531610998896,
        "stdv": 0.014788065610722363
    },
    "proc_price_imp": {
        "avg": 0.007892058281990822,
        "med": 0.0075151108213987235,
        "quart_1": 0.0051967058632308135,
        "quart_3": 0.010028593405306655,
        "min": 1.7463531545869212e-07,
        "max": 0.029509145536903442,
        "stdv": 0.003944863172885201
    }
}