{
    "cap_eff": {
        "avg": 9.343099728454004e-05,
        "med": 7.066325982285626e-05,
        "quart_1": 3.781689281168177e-05,
        "quart_3": 0.00011511244510531426,
        "min": 1.7690860998342828e-09,
        "max": 0.3647544002336175,
        "stdv": 0.0014175292117098363
    },
    "imp_gain": {
        "avg": 0.0008112016143487704,
        "med": 0.0004814855055177425,
        "quart_1": 0.0001392818122301076,
        "quart_3": 0.0012013489324880222,
        "min": 2.731148640577885e-14,
        "max": 0.009364190732429334,
        "stdv": 0.0009069760114444043
    },
    "imp_loss": {
        "avg": 0.0008839646336448179,
        "med": 0.0005899309325843038,
        "quart_1": 0.00018703849594758903,
        "quart_3": 0.0012956007334394837,
        "min": 0.0,
        "max": 0.009428930778896394,
        "stdv": 0.0009196115156600077
    },
    "price_imp": {
        "avg": 0.00013492362433440612,
        "med": 0.0001166898213022861,
        "quart_1": 7.625745015948372e-05,
        "quart_3": 0.00016082482593371322,
        "min": 0.0,
        "max": 0.6,
        "stdv": 0.002171502265877386
    },
    "proc_cap_eff": {
        "avg": 8.50664685643349e-05,
        "med": 7.062594650986131e-05,
        "quart_1": 3.779089650857159e-05,
        "quart_3": 0.00011501864589275046,
        "min": 1.7690860998342828e-09,
        "max": 0.0005589226873983222,
        "stdv": 6.64469816559746e-05
    },
    "proc_imp_gain": {
        "avg": 0.0008080034319121403,
        "med": 0.00048087903918858643,
        "quart_1": 0.00013912121371761899,
        "quart_3": 0.0012003043410937497,
        "min": 2.731148640577885e-14,
        "max": 0.0066009201183496735,
        "stdv": 0.0008956905885642138
    },
    "proc_imp_loss": {
        "avg": 0.0008807634786936534,
        "med": 0.0005891802559180315,
        "quart_1": 0.00018689118530823556,
        "quart_3": 0.0012944131755220356,
        "min": 0.0,
        "max": 0.006587483228906121,
        "stdv": 0.0009085017387705218
    },
    "proc_price_imp": {
        "avg": 0.00012517717583878513,
        "med": 0.00011665892277813879,
        "quart_1": 7.623151226918655e-05,
        "quart_3": 0.0001607357580389232,
        "min": 0.0,
        "max": 0.000599663817505097,
        "stdv": 7.273132132283773e-05
    }
}