{
    "cap_eff": {
        "avg": 0.0012240793261340459,
        "med": 0.0010607038482290942,
        "quart_1": 0.0006775563840426546,
        "quart_3": 0.0015648794636941021,
        "min": 2.191368442261421e-08,
        "max": 0.010143620870886272,
        "stdv": 0.0008222851178740097
    },
    "imp_gain": {
        "avg": 0.0014548452834881127,
        "med": 0.000458492979334979,
        "quart_1": 9.850611410411325e-05,
        "quart_3": 0.002462634308294742,
        "min": 2.220446049250313e-16,
        "max": 0.021091591730014514,
        "stdv": 0.001822717885369387
    },
    "imp_loss": {
        "avg": 0.0011158307648861505,
        "med": 8.974526047300646e-05,
        "quart_1": 0.0,
        "quart_3": 0.0019318692802078319,
        "min": 0.0,
        "max": 0.021775713541452246,
        "stdv": 0.0017170222454855322
    },
    "price_imp": {
        "avg": 0.001959291798871831,
        "med": 0.0018731971097406062,
        "quart_1": 0.001297539059215086,
        "quart_3": 0.0024912910251069648,
        "min": 4.16871819458932e-08,
        "max": 0.010943843415145961,
        "stdv": 0.0009757707794373718
    },
    "proc_cap_eff": {
        "avg": 0.0012211778051022942,
        "med": 0.0010603490769288682,
        "quart_1": 0.0006773177497247929,
        "quart_3": 0.001563661699903962,
        "min": 2.191368442261421e-08,
        "max": 0.0062684781958866065,
        "stdv": 0.000811761455402927
    },
    "proc_imp_gain": {
        "avg": 0.0014489018276536362,
        "med": 0.0004560318781348105,
        "quart_1": 9.842741590082582e-05,
        "quart_3": 0.002459842178421656,
        "min": 2.220446049250313e-16,
        "max": 0.011914696270697966,
        "stdv": 0.001803339802157905
    },
    "proc_imp_loss": {
        "avg": 0.001109933141118382,
        "med": 8.938830035576384e-05,
        "quart_1": 0.0,
        "quart_3": 0.0019286065163562904,
        "min": 0.0,
        "max": 0.011428184870807545,
        "stdv": 0.0016967218112576938
    },
    "proc_price_imp": {
        "avg": 0.0019563008603079007,
        "med": 0.0018725999856616209,
        "quart_1": 0.0012971663839429384,
        "quart_3": 0.0024902304999086865,
        "min": 4.16871819458932e-08,
        "max": 0.007210104369170623,
        "stdv": 0.0009663953288634515
    }
}