{
    "cap_eff": {
        "avg": 0.0024421910739553946,
        "med": 0.002117068364058783,
        "quart_1": 0.0013532378329919048,
        "quart_3": 0.0031219589847925056,
        "min": 2.0021007074433328e-08,
        "max": 0.020178866150924568,
        "stdv": 0.0016385941617357528
    },
    "imp_gain": {
        "avg": 0.0014529485096551062,
        "med": 0.00045423856724458034,
        "quart_1": 9.9545280050517e-05,
        "quart_3": 0.002459962594451248,
        "min": 2.220446049250313e-16,
        "max": 0.021088109984193748,
        "stdv": 0.001821197667363679
    },
    "imp_loss": {
        "avg": 0.0011146777037004342,
        "med": 8.678639773240793e-05,
        "quart_1": 0.0,
        "quart_3": 0.001931848922698265,
        "min": 0.0,
        "max": 0.021650833661370883,
        "stdv": 0.001714046315413497
    },
    "price_imp": {
        "avg": 0.003908066926226718,
        "med": 0.0037368425935526204,
        "quart_1": 0.0025899074838149636,
        "quart_3": 0.004968639378118096,
        "min": 8.635960149743149e-08,
        "max": 0.021763475665709197,
        "stdv": 0.0019450303384084995
    },
    "proc_cap_eff": {
        "avg": 0.0024364146825557173,
        "med": 0.002115966446446904,
        "quart_1": 0.0013525315657159087,
        "quart_3": 0.0031201738911948995,
        "min": 2.0021007074433328e-08,
        "max": 0.01248507300842161,
        "stdv": 0.0016176654808389389
    },
    "proc_imp_gain": {
        "avg": 0.0014470010674726027,
        "med": 0.0004524624963497814,
        "quart_1": 9.931660133988274e-05,
        "quart_3": 0.0024580073088520393,
        "min": 2.220446049250313e-16,
        "max": 0.011911796980270228,
        "stdv": 0.0018017912361961473
    },
    "proc_imp_loss": {
        "avg": 0.0011087986599411287,
        "med": 8.658706600173094e-05,
        "quart_1": 0.0,
        "quart_3": 0.0019291628861060062,
        "min": 0.0,
        "max": 0.011397762241488807,
        "stdv": 0.0016938506242585001
    },
    "proc_price_imp": {
        "avg": 0.0039021122189766486,
        "med": 0.0037355756366028677,
        "quart_1": 0.0025892248038902146,
        "quart_3": 0.004966825634052765,
        "min": 8.635960149743149e-08,
        "max": 0.014368141169954588,
        "stdv": 0.0019263923024018664
    }
}