{
    "capital efficiency": {
        "better": {
            "raw": {
                "avg": 0.9999999999999998,
                "med": 0.9999999999999999,
                "quart_1": 0.9999999999999998,
                "quart_3": 1.0,
                "min": 0.9999999999979465,
                "max": 1.0,
                "stdv": 1.0492378290279253e-14,
                "counts": 60818
            },
            "processed": {
                "avg": 0.9999999999999999,
                "med": 0.9999999999999999,
                "quart_1": 0.9999999999999998,
                "quart_3": 1.0,
                "min": 0.999999999999967,
                "max": 1.0,
                "stdv": 7.902555701529598e-16,
                "counts": 60788
            }
        },
        "worse": {
            "raw": {
                "avg": 1.0000000000000004,
                "med": 1.0000000000000002,
                "quart_1": 1.0000000000000002,
                "quart_3": 1.0000000000000004,
                "min": 1.0000000000000002,
                "max": 1.0000000000043712,
                "stdv": 3.301140402058256e-14,
                "counts": 33606
            },
            "processed": {
                "avg": 1.0000000000000002,
                "med": 1.0000000000000002,
                "quart_1": 1.0000000000000002,
                "quart_3": 1.0000000000000004,
                "min": 1.0000000000000002,
                "max": 1.0000000000000975,
                "stdv": 1.810502101042967e-15,
                "counts": 33590
            }
        },
        "monitors": {
            "BTC, ETH": {
                "better": {
                    "raw": {
                        "avg": 0.9999999999999996,
                        "med": 0.9999999999999999,
                        "quart_1": 0.9999999999999998,
                        "quart_3": 1.0,
                        "min": 0.9999999999997459,
                        "max": 1.0,
                        "stdv": 6.9171237635995605e-15,
                        "counts": 1703
                    },
                    "processed": {
                        "avg": 0.9999999999999996,
                        "med": 0.9999999999999999,
                        "quart_1": 0.9999999999999998,
                        "quart_3": 1.0,
                        "min": 0.9999999999997459,
                        "max": 1.0,
                        "stdv": 6.9171237635995605e-15,
                        "counts": 1703
                    }
                },
                "worse": {
                    "raw": {
                        "avg": 1.0000000000000004,
                        "med": 1.0000000000000002,
                        "quart_1": 1.0000000000000002,
                        "quart_3": 1.0000000000000004,
                        "min": 1.0000000000000002,
                        "max": 1.000000000000202,
                        "stdv": 7.33089526733727e-15,
                        "counts": 844
                    },
                    "processed": {
                        "avg": 1.0000000000000004,
                        "med": 1.0000000000000002,
                        "quart_1": 1.0000000000000002,
                        "quart_3": 1.0000000000000004,
                        "min": 1.0000000000000002,
                        "max": 1.000000000000202,
                        "stdv": 7.33089526733727e-15,
                        "counts": 844
                    }
                }
            }
        }
    },
    "impermanent gain, loss": {
        "gain": {
            "raw": {
                "avg": 2.3223520405414977,
                "med": 1.5849731571519248,
                "quart_1": 1.2916892626401895,
                "quart_3": 1.8832431388688922,
                "min": 1.0,
                "max": 52.07599181772548,
                "stdv": 3.2920514463940873,
                "counts": 7884160
            },
            "processed": {
                "avg": 2.3061273736957872,
                "med": 1.5846018705958398,
                "quart_1": 1.2915597793959308,
                "quart_3": 1.8826334901742037,
                "min": 1.0,
                "max": 32.153337518869684,
                "stdv": 3.20842376728618,
                "counts": 7880218
            }
        },
        "loss": {
            "raw": {
                "avg": 0.4186651550419174,
                "med": 0.38412266461731487,
                "quart_1": 0.11779344236075509,
                "quart_3": 0.6929216848687157,
                "min": 6.883931393417706e-06,
                "max": 0.9999996155689457,
                "stdv": 0.31232128832225153,
                "counts": 8312060
            },
            "processed": {
                "avg": 0.418374474640926,
                "med": 0.383993396078485,
                "quart_1": 0.11769470150086396,
                "quart_3": 0.692585241467695,
                "min": 6.883931393417706e-06,
                "max": 0.9994394963831941,
                "stdv": 0.31212880683250427,
                "counts": 8307904
            }
        },
        "averages": {
            "raw": {
                "avg": 1.3453611368899026,
                "med": 1.100680018148188,
                "quart_1": 1.000935678528309,
                "quart_3": 1.5731713591908485,
                "min": 0.8855294057165526,
                "max": 2.699429455980788,
                "stdv": 0.4716999649320159,
                "counts": 179958
            },
            "processed": {
                "avg": 1.3446922220288078,
                "med": 1.10044337341518,
                "quart_1": 1.000933975607263,
                "quart_3": 1.572793818382583,
                "min": 0.8855294057165526,
                "max": 2.696063590936849,
                "stdv": 0.47085689222325844,
                "counts": 179869
            }
        },
        "median": {
            "raw": {
                "avg": 0.9627882450094685,
                "med": 0.9749477896845972,
                "quart_1": 0.9405540122282071,
                "quart_3": 0.9967178162737711,
                "min": 0.6353727872984443,
                "max": 1.0667574345168622,
                "stdv": 0.04640860544680891,
                "counts": 179958
            },
            "processed": {
                "avg": 0.9629279788609721,
                "med": 0.9749778934238953,
                "quart_1": 0.9406473287028672,
                "quart_3": 0.9967178162737711,
                "min": 0.7150729331849799,
                "max": 1.0667574345168622,
                "stdv": 0.045990748054211564,
                "counts": 179869
            }
        },
        "monitors": {
            "BTC, ETH": {
                "gain": {
                    "raw": {
                        "avg": 1.4902901612946846,
                        "med": 1.478584453597687,
                        "quart_1": 1.2411650527618965,
                        "quart_3": 1.7183938454871859,
                        "min": 1.0,
                        "max": 2.2616456725665466,
                        "stdv": 0.29656818146027886,
                        "counts": 177316
                    },
                    "processed": {
                        "avg": 1.4899095914191736,
                        "med": 1.478273263485385,
                        "quart_1": 1.2408692013724545,
                        "quart_3": 1.7183938454871859,
                        "min": 1.0,
                        "max": 2.255203178641767,
                        "stdv": 0.2961494915849356,
                        "counts": 177228
                    }
                },
                "loss": {
                    "raw": {
                        "avg": 0.5034465588676426,
                        "med": 0.5143761140347028,
                        "quart_1": 0.2562675937732665,
                        "quart_3": 0.7553706069595248,