{
    "capital efficiency": {
        "better": {
            "raw": {
                "avg": 0.9999999999999987,
                "med": 0.9999999999999993,
                "quart_1": 0.9999999999999986,
                "quart_3": 0.9999999999999998,
                "min": 0.9999999999859497,
                "max": 1.0,
                "stdv": 7.892164092272197e-14,
                "counts": 63762
            },
            "processed": {
                "avg": 0.9999999999999996,
                "med": 0.9999999999999993,
                "quart_1": 0.9999999999999986,
                "quart_3": 0.9999999999999998,
                "min": 0.9999999999997233,
                "max": 1.0,
                "stdv": 6.343646697185064e-15,
                "counts": 63731
            }
        },
        "worse": {
            "raw": {
                "avg": 1.000000000000002,
                "med": 1.0000000000000009,
                "quart_1": 1.0000000000000004,
                "quart_3": 1.0000000000000018,
                "min": 1.0000000000000002,
                "max": 1.0000000000867644,
                "stdv": 3.7683273756896243e-13,
                "counts": 54080
            },
            "processed": {
                "avg": 1.0000000000000002,
                "med": 1.0000000000000009,
                "quart_1": 1.0000000000000004,
                "quart_3": 1.0000000000000018,
                "min": 1.0000000000000002,
                "max": 1.000000000000398,
                "stdv": 8.473736498763434e-15,
                "counts": 54053
            }
        },
        "monitors": {
            "BTC": {
                "better": {
                    "raw": {
                        "avg": 0.9999999999999989,
                        "med": 0.9999999999999994,
                        "quart_1": 0.9999999999999987,
                        "quart_3": 0.9999999999999998,
                        "min": 0.9999999999947137,
                        "max": 1.0,
                        "stdv": 4.7197716310505016e-14,
                        "counts": 13405
                    },
                    "processed": {
                        "avg": 0.9999999999999994,
                        "med": 0.9999999999999994,
                        "quart_1": 0.9999999999999987,
                        "quart_3": 0.9999999999999998,
                        "min": 0.999999999999735,
                        "max": 1.0,
                        "stdv": 6.49226576646544e-15,
                        "counts": 13399
                    }
                },
                "worse": {
                    "raw": {
                        "avg": 1.0000000000000007,
                        "med": 1.0000000000000009,
                        "quart_1": 1.0000000000000004,
                        "quart_3": 1.0000000000000016,
                        "min": 1.0000000000000002,
                        "max": 1.0000000000031488,
                        "stdv": 3.47820973788641e-14,
                        "counts": 11428
                    },
                    "processed": {
                        "avg": 1.0000000000000002,
                        "med": 1.0000000000000009,
                        "quart_1": 1.0000000000000004,
                        "quart_3": 1.0000000000000016,
                        "min": 1.0000000000000002,
                        "max": 1.000000000000465,
                        "stdv": 1.0748334360903793e-14,
                        "counts": 11423
                    }
                }
            }
        }
    },
    "impermanent gain, loss": {
        "gain": {
            "raw": {
                "avg": 1.0024283755435606,
                "med": 1.0008589820178226,
                "quart_1": 1.0,
                "quart_3": 1.0076946566826472,
                "min": 1.0,
                "max": 1.0084778168026132,
                "stdv": 0.003321714759544647,
                "counts": 101
            },
            "processed": {
                "avg": 1.0024283755435606,
                "med": 1.0008589820178226,
                "quart_1": 1.0,
                "quart_3": 1.0076946566826472,
                "min": 1.0,
                "max": 1.0084778168026132,
                "stdv": 0.003321714759544647,
                "counts": 101
            }
        },
        "loss": {
            "raw": {
                "avg": 0.10824934908664567,
                "med": 0.06560731978996827,
                "quart_1": 0.0066757883514099985,
                "quart_3": 0.16501817053907947,
                "min": 1.7489509091709712e-08,
                "max": 0.9983131461823405,
                "stdv": 0.12677821127598934,
                "counts": 1619521
            },
            "processed": {
                "avg": 0.1078221982955069,
                "med": 0.06552150403416407,
                "quart_1": 0.006666347123169397,
                "quart_3": 0.16477180884306755,
                "min": 1.7489509091709712e-08,
                "max": 0.9283350508688845,
                "stdv": 0.12536054170708108,
                "counts": 1618712
            }
        },
        "averages": {
            "raw": {
                "avg": 0.10830511029615514,
                "med": 0.13749433147044224,
                "quart_1": 0.0617187081395615,
                "quart_3": 0.14578246433147735,
                "min": 0.0003960997474323449,
                "max": 0.9985808045875729,
                "stdv": 0.072145361240927,
                "counts": 179958
            },
            "processed": {
                "avg": 0.10788049632435555,
                "med": 0.13748580339879252,
                "quart_1": 0.060295461342345966,
                "quart_3": 0.14577337304768123,
                "min": 0.0003960997474323449,
                "max": 0.9314984126594619,
                "stdv": 0.06959022067170989,
                "counts": 179869
            }
        },
        "median": {
            "raw": {
                "avg": 0.0831002418949723,
                "med": 0.09240298817147255,
                "quart_1": 0.03437607723128494,
                "quart_3": 0.11965643109426063,
                "min": 0.0002167880662888387,
                "max": 1.0,
                "stdv": 0.06752242902493807,
                "counts": 179958
            },
            "processed": {
                "avg": 0.08265988821983206,
                "med": 0.09237263416764743,
                "quart_1": 0.03430123723474701,
                "quart_3": 0.11961422073292662,
                "min": 0.0002167880662888387,
                "max": 0.934256821695442,
                "stdv": 0.06457016091567004,
                "counts": 179869
            }
        },
        "monitors": {
            "BTC": {
                "gain": {
                    "raw": {
                        "avg": 1.0,
                        "med": 1.0,
                        "quart_1": 1.0,
                        "quart_3": 1.0,
                        "min": 1.0,
                        "max": 1.0,
                        "stdv": 0.0,
                        "counts": 7
                    },
                    "processed": {
                        "avg": 1.0,
                        "med": 1.0,
                        "quart_1": 1.0,
                        "quart_3": 1.0,
                        "min": 1.0,
                        "max": 1.0,
                        "stdv": 0.0,
                        "counts": 7
                    }
                },
                "loss": {
                    "raw": {
                        "avg": 0.1093558044807459,
                        "med": 0.07308187300821288,
                        "quart_1": 0.0070771187115033635,
                        "quart_3": 0.16869627113917315,
                        "min": 1.7489509091709712e-08,
                        "max": 0.9970862532907184,
                        "stdv": 0.1223993628057794,