{
    "capital efficiency": {
        "better": {
            "raw": {
                "avg": 0.966355769037313,
                "med": 0.9900591222749027,
                "quart_1": 0.9832948322477042,
                "quart_3": 0.9949434018740864,
                "min": 0.006683060795086049,
                "max": 0.9999995027927783,
                "stdv": 0.13532135458747685,
                "counts": 69569
            },
            "processed": {
                "avg": 0.9668138782308644,
                "med": 0.9900661439168784,
                "quart_1": 0.9833106389467611,
                "quart_3": 0.9949459176099859,
                "min": 0.032299505228089255,
                "max": 0.9999995027927783,
                "stdv": 0.13375870602128312,
                "counts": 69535
            }
        },
        "worse": {
            "raw": {
                "avg": 1.2155393416137228,
                "med": 1.0109964078842597,
                "quart_1": 1.0054748359812986,
                "quart_3": 1.0192425060969836,
                "min": 1.000000876475791,
                "max": 1243.6421277835088,
                "stdv": 10.416970680879086,
                "counts": 84256
            },
            "processed": {
                "avg": 1.0511125073981482,
                "med": 1.0109910326169922,
                "quart_1": 1.0054716850854688,
                "quart_3": 1.0192280581103186,
                "min": 1.000000876475791,
                "max": 71.0860292545278,
                "stdv": 0.9286509482121437,
                "counts": 84214
            }
        },
        "monitors": {
            "BTC": {
                "better": {
                    "raw": {
                        "avg": 0.9754703595155914,
                        "med": 0.9904497154858527,
                        "quart_1": 0.9843062087155284,
                        "quart_3": 0.9952481179008734,
                        "min": 0.012951890570171659,
                        "max": 0.9999979149132434,
                        "stdv": 0.1045390705865683,
                        "counts": 14180
                    },
                    "processed": {
                        "avg": 0.9759375265683191,
                        "med": 0.9904577854220885,
                        "quart_1": 0.9843196847019564,
                        "quart_3": 0.9952483188955198,
                        "min": 0.032708426006561,
                        "max": 0.9999979149132434,
                        "stdv": 0.10242895030768738,
                        "counts": 14173
                    }
                },
                "worse": {
                    "raw": {
                        "avg": 1.2417883004174708,
                        "med": 1.0110996562760177,
                        "quart_1": 1.005568351062138,
                        "quart_3": 1.019393497957101,
                        "min": 1.0000016487497876,
                        "max": 1076.8558575931477,
                        "stdv": 12.685169208484997,
                        "counts": 18607
                    },
                    "processed": {
                        "avg": 1.0334327333850577,
                        "med": 1.0110877533539155,
                        "quart_1": 1.0055644519835092,
                        "quart_3": 1.019378600114548,
                        "min": 1.0000016487497876,
                        "max": 45.43328789624607,
                        "stdv": 0.5907043958968218,
                        "counts": 18598
                    }
                }
            }
        }
    },
    "impermanent gain, loss": {
        "gain": {
            "raw": {
                "avg": 1.011705878978207,
                "med": 1.0080305724486438,
                "quart_1": 1.0032800753705062,
                "quart_3": 1.0162727768055997,
                "min": 1.0,
                "max": 1.0917033548286816,
                "stdv": 0.011729543752110725,
                "counts": 14095
            },
            "processed": {
                "avg": 1.0116661300904335,
                "med": 1.0080305724486438,
                "quart_1": 1.0032800753705062,
                "quart_3": 1.0162727768055997,
                "min": 1.0,
                "max": 1.0844339731553583,
                "stdv": 0.011596084139353023,
                "counts": 14088
            }
        },
        "loss": {
            "raw": {
                "avg": 0.8345552882935949,
                "med": 0.8712394969567367,
                "quart_1": 0.7206615108229573,
                "quart_3": 0.9487852844372775,
                "min": 0.5278708892951165,
                "max": 0.9999979710601336,
                "stdv": 0.12442548515010754,
                "counts": 1785905
            },
            "processed": {
                "avg": 0.834685009800212,
                "med": 0.8714568334025422,
                "quart_1": 0.7210054174216676,
                "quart_3": 0.9487966405136142,
                "min": 0.582421182258421,
                "max": 0.9999979710601336,
                "stdv": 0.12432098840982117,
                "counts": 1785013
            }
        },
        "averages": {
            "raw": {
                "avg": 0.8359424758355873,
                "med": 0.8760627156501077,
                "quart_1": 0.7295079602226816,
                "quart_3": 0.9502081716482399,
                "min": 0.6079178698698429,
                "max": 0.9985898677382237,
                "stdv": 0.12362933088104233,
                "counts": 200000
            },
            "processed": {
                "avg": 0.8360562590261614,
                "med": 0.8766307958086181,
                "quart_1": 0.7295896273983571,
                "quart_3": 0.9502140488124073,
                "min": 0.6087580177517481,
                "max": 0.9985898677382237,
                "stdv": 0.12355551034054645,
                "counts": 199900
            }
        },
        "median": {
            "raw": {
                "avg": 0.8358914685648872,
                "med": 0.8768706923723759,
                "quart_1": 0.7287066062230523,
                "quart_3": 0.9502935971307306,
                "min": 0.5967305978653646,
                "max": 1.0,
                "stdv": 0.1235980271359981,
                "counts": 200000
            },
            "processed": {
                "avg": 0.8360068341181568,
                "med": 0.8770596677825186,
                "quart_1": 0.7289135131525506,
                "quart_3": 0.9502954781162574,
                "min": 0.6067809669108378,
                "max": 1.0,
                "stdv": 0.12352122857166908,
                "counts": 199900
            }
        },
        "monitors": {
            "BTC": {
                "gain": {
                    "raw": {
                        "avg": 1.0120026944711122,
                        "med": 1.00823407626311,
                        "quart_1": 1.0035530235281187,
                        "quart_3": 1.0164711022141533,
                        "min": 1.0,
                        "max": 1.072454920535838,
                        "stdv": 0.011551890905850445,
                        "counts": 3047
                    },
                    "processed": {
                        "avg": 1.011982848041019,
                        "med": 1.00823407626311,
                        "quart_1": 1.0035530235281187,
                        "quart_3": 1.0164389449042488,
                        "min": 1.0,
                        "max": 1.0715688271191919,
                        "stdv": 0.01150173200194123,
                        "counts": 3046
                    }
                },
                "loss": {
                    "raw": {
                        "avg": 0.8399443893767875,
                        "med": 0.8721506645607121,
                        "quart_1": 0.7234224749937601,