{
    "capital efficiency": {
        "better": {
            "raw": {
                "avg": 0.9776434827942094,
                "med": 0.9984761283216864,
                "quart_1": 0.9972350598105078,
                "quart_3": 0.9992493612833167,
                "min": 0.027215701739030103,
                "max": 0.9999999250961454,
                "stdv": 0.12819189983727583,
                "counts": 71991
            },
            "processed": {
                "avg": 0.9781047085485226,
                "med": 0.9984768606523653,
                "quart_1": 0.9972375305943741,
                "quart_3": 0.9992495894430159,
                "min": 0.030680693551967893,
                "max": 0.9999999250961454,
                "stdv": 0.12650532159268582,
                "counts": 71956
            }
        },
        "worse": {
            "raw": {
                "avg": 2.209732900983048,
                "med": 1.001503564799607,
                "quart_1": 1.000739054444723,
                "quart_3": 1.0026450137547966,
                "min": 1.0000000102601745,
                "max": 66299.80212583907,
                "stdv": 240.89186091895021,
                "counts": 81940
            },
            "processed": {
                "avg": 1.0039878599122853,
                "med": 1.0015026550154835,
                "quart_1": 1.0007387226556301,
                "quart_3": 1.002642573456434,
                "min": 1.0000000102601745,
                "max": 3.597320560773031,
                "stdv": 0.04294346071479112,
                "counts": 81900
            }
        },
        "monitors": {
            "BTC": {
                "better": {
                    "raw": {
                        "avg": 0.9869195859527572,
                        "med": 0.9985854987804483,
                        "quart_1": 0.9976603732819835,
                        "quart_3": 0.9993055970581097,
                        "min": 0.029313479480439338,
                        "max": 0.9999999250961454,
                        "stdv": 0.09653392075064968,
                        "counts": 14442
                    },
                    "processed": {
                        "avg": 0.9873832455959206,
                        "med": 0.9985865799272762,
                        "quart_1": 0.9976621806252978,
                        "quart_3": 0.9993058775468794,
                        "min": 0.03171922292952022,
                        "max": 0.9999999250961454,
                        "stdv": 0.0942325926776906,
                        "counts": 14435
                    }
                },
                "worse": {
                    "raw": {
                        "avg": 1.2459720729684631,
                        "med": 1.0015213887923644,
                        "quart_1": 1.000754049378053,
                        "quart_3": 1.002700651489044,
                        "min": 1.0000000102601745,
                        "max": 3131.885421822048,
                        "stdv": 24.048184813773787,
                        "counts": 18310
                    },
                    "processed": {
                        "avg": 1.0030433171499096,
                        "med": 1.0015196375325865,
                        "quart_1": 1.0007530792137818,
                        "quart_3": 1.002697837910846,
                        "min": 1.0000000102601745,
                        "max": 2.8213507811987624,
                        "stdv": 0.02693522199288047,
                        "counts": 18301
                    }
                }
            }
        }
    },
    "impermanent gain, loss": {
        "gain": {
            "raw": {
                "avg": 1.002774711241453,
                "med": 1.0,
                "quart_1": 1.0,
                "quart_3": 1.0076946566826472,
                "min": 1.0,
                "max": 1.0084778168026132,
                "stdv": 0.0035729329805871853,
                "counts": 83
            },
            "processed": {
                "avg": 1.002774711241453,
                "med": 1.0,
                "quart_1": 1.0,
                "quart_3": 1.0076946566826472,
                "min": 1.0,
                "max": 1.0084778168026132,
                "stdv": 0.0035729329805871853,
                "counts": 83
            }
        },
        "loss": {
            "raw": {
                "avg": 0.6113368991729198,
                "med": 0.6546436934226668,
                "quart_1": 0.5217963215724392,
                "quart_3": 0.7291345035287111,
                "min": 0.21565994587355622,
                "max": 0.9983256190007178,
                "stdv": 0.15375120599898368,
                "counts": 1799917
            },
            "processed": {
                "avg": 0.6115089731452727,
                "med": 0.6547184863617297,
                "quart_1": 0.5237111761466836,
                "quart_3": 0.7291690245078076,
                "min": 0.2747143063237211,
                "max": 0.9983256190007178,
                "stdv": 0.1535966324887204,
                "counts": 1799018
            }
        },
        "averages": {
            "raw": {
                "avg": 0.611354948805373,
                "med": 0.6481697577656667,
                "quart_1": 0.5238295330722542,
                "quart_3": 0.7332173712163961,
                "min": 0.31487850871841566,
                "max": 0.998581721472448,
                "stdv": 0.1514467466859485,
                "counts": 200000
            },
            "processed": {
                "avg": 0.6114355460053389,
                "med": 0.648208270269318,
                "quart_1": 0.5251596191475159,
                "quart_3": 0.7332192947515446,
                "min": 0.3156151471033939,
                "max": 0.9806804009839494,
                "stdv": 0.15132151109357628,
                "counts": 199900
            }
        },
        "median": {
            "raw": {
                "avg": 0.6108537379252295,
                "med": 0.6480069652560586,
                "quart_1": 0.5254510226260477,
                "quart_3": 0.7317040872123218,
                "min": 0.3025428679451651,
                "max": 1.0,
                "stdv": 0.15080058822742032,
                "counts": 200000
            },
            "processed": {
                "avg": 0.6109455915852746,
                "med": 0.6480934623268486,
                "quart_1": 0.5281072369270862,
                "quart_3": 0.7317040872123218,
                "min": 0.3133126584865776,
                "max": 0.9822747432016198,
                "stdv": 0.15067336135580026,
                "counts": 199900
            }
        },
        "monitors": {
            "BTC": {
                "gain": {
                    "raw": {
                        "avg": 1.0,
                        "med": 1.0,
                        "quart_1": 1.0,
                        "quart_3": 1.0,
                        "min": 1.0,
                        "max": 1.0,
                        "stdv": 0.0,
                        "counts": 7
                    },
                    "processed": {
                        "avg": 1.0,
                        "med": 1.0,
                        "quart_1": 1.0,
                        "quart_3": 1.0,
                        "min": 1.0,
                        "max": 1.0,
                        "stdv": 0.0,
                        "counts": 7
                    }
                },
                "loss": {
                    "raw": {
                        "avg": 0.6346643112176991,
                        "med": 0.6692162345508532,
                        "quart_1": 0.5235061762737502,
                        "quart_3": 0.7691535908182028,
                        "min": 0.25554082759975205,
                        "max": 0.9910601522549287,
                        "stdv": 0.16126001804102044,