{
    "capital efficiency": {
        "better": {
            "raw": {
                "avg": 0.6840411379806554,
                "med": 0.7282260338300006,
                "quart_1": 0.5290932872786833,
                "quart_3": 0.8721993874075868,
                "min": 9.711947605081796e-05,
                "max": 0.9999920996580604,
                "stdv": 0.22831963414739478,
                "counts": 57216
            },
            "processed": {
                "avg": 0.6843746246081948,
                "med": 0.7285107784574607,
                "quart_1": 0.529373692637342,
                "quart_3": 0.872264022934058,
                "min": 0.004497166989706761,
                "max": 0.9999920996580604,
                "stdv": 0.22787742652843518,
                "counts": 57188
            }
        },
        "worse": {
            "raw": {
                "avg": 3849.1796841575388,
                "med": 1.4712838661616905,
                "quart_1": 1.161775227594227,
                "quart_3": 2.641265450163173,
                "min": 1.000017202679203,
                "max": 12079314.449956572,
                "stdv": 93425.60572424698,
                "counts": 88010
            },
            "processed": {
                "avg": 2263.873364006463,
                "med": 1.4708627215742203,
                "quart_1": 1.161698129061322,
                "quart_3": 2.6374269759228524,
                "min": 1.000017202679203,
                "max": 1777822.165449461,
                "stdv": 42637.0389414277,
                "counts": 87966
            }
        },
        "monitors": {
            "BTC, ETH": {
                "better": {
                    "raw": {
                        "avg": 0.7171530947868011,
                        "med": 0.7426459771055327,
                        "quart_1": 0.5715531390778384,
                        "quart_3": 0.8858861010362579,
                        "min": 0.09861727291773241,
                        "max": 0.9997442873394634,
                        "stdv": 0.1955763698797383,
                        "counts": 1396
                    },
                    "processed": {
                        "avg": 0.7171530947868011,
                        "med": 0.7426459771055327,
                        "quart_1": 0.5715531390778384,
                        "quart_3": 0.8858861010362579,
                        "min": 0.09861727291773241,
                        "max": 0.9997442873394634,
                        "stdv": 0.1955763698797383,
                        "counts": 1396
                    }
                },
                "worse": {
                    "raw": {
                        "avg": 2.15733483448391,
                        "med": 1.3896435396613351,
                        "quart_1": 1.1372844232104145,
                        "quart_3": 2.168315664132452,
                        "min": 1.000044511189395,
                        "max": 42.356207180282,
                        "stdv": 2.2979743100691326,
                        "counts": 2204
                    },
                    "processed": {
                        "avg": 2.139087502506698,
                        "med": 1.3894209040850731,
                        "quart_1": 1.1372844232104145,
                        "quart_3": 2.1675364446346905,
                        "min": 1.000044511189395,
                        "max": 32.94397595696128,
                        "stdv": 2.132891895737145,
                        "counts": 2203
                    }
                }
            }
        }
    },
    "impermanent gain, loss": {
        "gain": {
            "raw": {
                "avg": 22.62942122413772,
                "med": 1.375160682789798,
                "quart_1": 1.1186812898298224,
                "quart_3": 1.8854289514947737,
                "min": 1.0,
                "max": 5107.19203969963,
                "stdv": 143.06895381181693,
                "counts": 8816538
            },
            "processed": {
                "avg": 20.98108438779886,
                "med": 1.37485746629973,
                "quart_1": 1.1184821784972605,
                "quart_3": 1.8837949825787297,
                "min": 1.0,
                "max": 2660.601313914208,
                "stdv": 121.93240257635885,
                "counts": 8812130
            }
        },
        "loss": {
            "raw": {
                "avg": 0.5659992151982103,
                "med": 0.6074998560645816,
                "quart_1": 0.2998877629623941,
                "quart_3": 0.8624968587628626,
                "min": 0.00016285009068595012,
                "max": 0.9999999999999999,
                "stdv": 0.327644684061275,
                "counts": 9183462
            },
            "processed": {
                "avg": 0.5662820531694314,
                "med": 0.6077303125498441,
                "quart_1": 0.3002806500017539,
                "quart_3": 0.8625456554461052,
                "min": 0.0006494741017911146,
                "max": 0.9999999999999999,
                "stdv": 0.32748238531877444,
                "counts": 9178871
            }
        },
        "averages": {
            "raw": {
                "avg": 11.372832468079153,
                "med": 4.279028929154151,
                "quart_1": 2.291604003073682,
                "quart_3": 11.7465014454138,
                "min": 0.9476102620174726,
                "max": 131.33752832678266,
                "stdv": 16.44006939423909,
                "counts": 200000
            },
            "processed": {
                "avg": 11.320347848707708,
                "med": 4.276934601569616,
                "quart_1": 2.2907976237554415,
                "quart_3": 11.731678159020493,
                "min": 0.9476102620174726,
                "max": 110.6360622233137,
                "stdv": 16.275285521179438,
                "counts": 199900
            }
        },
        "median": {
            "raw": {
                "avg": 0.9865600281881461,
                "med": 0.9955420138449799,
                "quart_1": 0.9816296783952065,
                "quart_3": 1.0001315386795198,
                "min": 0.7073727942104227,
                "max": 1.0332849531795856,
                "stdv": 0.024726941838378078,
                "counts": 200000
            },
            "processed": {
                "avg": 0.9866706843110277,
                "med": 0.9955531530546147,
                "quart_1": 0.9816567920239871,
                "quart_3": 1.0001315386795198,
                "min": 0.8019109796154369,
                "max": 1.0332849531795856,
                "stdv": 0.02422612081435109,
                "counts": 199900
            }
        },
        "monitors": {
            "BTC, ETH": {
                "gain": {
                    "raw": {
                        "avg": 1.4678237395907585,
                        "med": 1.3454677968239628,
                        "quart_1": 1.1190437365473835,
                        "quart_3": 1.680176883326584,
                        "min": 1.0,
                        "max": 5.406693489556928,
                        "stdv": 0.45790386448198184,
                        "counts": 190014
                    },
                    "processed": {
                        "avg": 1.4664019327033233,
                        "med": 1.3442924718243006,
                        "quart_1": 1.1187668533076003,
                        "quart_3": 1.679449622282026,
                        "min": 1.0,
                        "max": 4.037996066098059,
                        "stdv": 0.4534709887218074,
                        "counts": 189919
                    }
                },
                "loss": {
                    "raw": {
                        "avg": 0.710884552614593,
                        "med": 0.7427887301597262,
                        "quart_1": 0.5169670350239033,