{
    "capital efficiency": {
        "better": {
            "raw": {
                "avg": 0.771047119551437,
                "med": 0.8766259166733598,
                "quart_1": 0.628162737370868,
                "quart_3": 0.9609572069832591,
                "min": 5.6092427830291604e-05,
                "max": 0.9999971284694021,
                "stdv": 0.24164142059018417,
                "counts": 58888
            },
            "processed": {
                "avg": 0.7714258158423992,
                "med": 0.8768546385643309,
                "quart_1": 0.6286165405683046,
                "quart_3": 0.9609993404131006,
                "min": 0.004262986214323914,
                "max": 0.9999971284694021,
                "stdv": 0.241097763654117,
                "counts": 58859
            }
        },
        "worse": {
            "raw": {
                "avg": 19023.904537739454,
                "med": 1.1763388718981411,
                "quart_1": 1.0437877639660065,
                "quart_3": 2.2029664627820567,
                "min": 1.000001793808055,
                "max": 56738180.51370045,
                "stdv": 454082.06779332034,
                "counts": 86361
            },
            "processed": {
                "avg": 11311.630515685885,
                "med": 1.1760088114202456,
                "quart_1": 1.0437665617593557,
                "quart_3": 2.198824656157427,
                "min": 1.000001793808055,
                "max": 9016187.714269148,
                "stdv": 211696.59145498034,
                "counts": 86318
            }
        },
        "monitors": {
            "BTC, ETH": {
                "better": {
                    "raw": {
                        "avg": 0.8152944142732564,
                        "med": 0.9010847183523204,
                        "quart_1": 0.7104613993475476,
                        "quart_3": 0.9666354528712042,
                        "min": 0.06624815560211356,
                        "max": 0.999986702840046,
                        "stdv": 0.19831097346549892,
                        "counts": 1441
                    },
                    "processed": {
                        "avg": 0.8152944142732564,
                        "med": 0.9010847183523204,
                        "quart_1": 0.7104613993475476,
                        "quart_3": 0.9666354528712042,
                        "min": 0.06624815560211356,
                        "max": 0.999986702840046,
                        "stdv": 0.19831097346549892,
                        "counts": 1441
                    }
                },
                "worse": {
                    "raw": {
                        "avg": 2.9095302252225785,
                        "med": 1.132114498676144,
                        "quart_1": 1.03661599794706,
                        "quart_3": 1.7342340457040757,
                        "min": 1.000015199405703,
                        "max": 174.28935680237117,
                        "stdv": 7.7623205378298525,
                        "counts": 2160
                    },
                    "processed": {
                        "avg": 2.830150963260027,
                        "med": 1.1320419730610702,
                        "quart_1": 1.03661599794706,
                        "quart_3": 1.7320375967092325,
                        "min": 1.000015199405703,
                        "max": 115.60593268252019,
                        "stdv": 6.83163399420303,
                        "counts": 2159
                    }
                }
            }
        }
    },
    "impermanent gain, loss": {
        "gain": {
            "raw": {
                "avg": 22.367509060560483,
                "med": 1.393630919713817,
                "quart_1": 1.1259755374148124,
                "quart_3": 1.9032486985046713,
                "min": 1.0,
                "max": 5107.236732422738,
                "stdv": 142.2790080171124,
                "counts": 8903288
            },
            "processed": {
                "avg": 20.722384999397566,
                "med": 1.3933573372330925,
                "quart_1": 1.1258623191425878,
                "quart_3": 1.9015423185126612,
                "min": 1.0,
                "max": 2651.96172897932,
                "stdv": 121.08800786814268,
                "counts": 8898837
            }
        },
        "loss": {
            "raw": {
                "avg": 0.5105168413348672,
                "med": 0.5366251198470317,
                "quart_1": 0.16712149856703168,
                "quart_3": 0.8372454652180614,
                "min": 3.5058172723401535e-05,
                "max": 0.9999999999999999,
                "stdv": 0.34970858384954423,
                "counts": 9096712
            },
            "processed": {
                "avg": 0.5107721582558101,
                "med": 0.5370085658211229,
                "quart_1": 0.1676208316703692,
                "quart_3": 0.8373582164894666,
                "min": 0.00011841002165115416,
                "max": 0.9999999999999999,
                "stdv": 0.3496096162833848,
                "counts": 9092164
            }
        },
        "averages": {
            "raw": {
                "avg": 11.321577760310138,
                "med": 4.2420684808971245,
                "quart_1": 2.264626753332322,
                "quart_3": 11.693306444291975,
                "min": 0.923401463060785,
                "max": 131.32807907081886,
                "stdv": 16.416969510431095,
                "counts": 200000
            },
            "processed": {
                "avg": 11.269270759812613,
                "med": 4.238591681286025,
                "quart_1": 2.2640824556570025,
                "quart_3": 11.673500596888182,
                "min": 0.923401463060785,
                "max": 110.60902825984958,
                "stdv": 16.25304748284915,
                "counts": 199900
            }
        },
        "median": {
            "raw": {
                "avg": 0.9854953161104728,
                "med": 0.9966684558111634,
                "quart_1": 0.9815446527754242,
                "quart_3": 1.0008956602832404,
                "min": 0.6813384548241437,
                "max": 1.0523164971204304,
                "stdv": 0.03026579216458694,
                "counts": 200000
            },
            "processed": {
                "avg": 0.9856225907228199,
                "med": 0.9966788735079972,
                "quart_1": 0.981578892682117,
                "quart_3": 1.0008987614880462,
                "min": 0.7607161422196314,
                "max": 1.0523164971204304,
                "stdv": 0.02972672207465292,
                "counts": 199900
            }
        },
        "monitors": {
            "BTC, ETH": {
                "gain": {
                    "raw": {
                        "avg": 1.4907611194378707,
                        "med": 1.3602496663971575,
                        "quart_1": 1.118436779905164,
                        "quart_3": 1.72512323544416,
                        "min": 1.0,
                        "max": 5.636047814688113,
                        "stdv": 0.47901007603343965,
                        "counts": 192592
                    },
                    "processed": {
                        "avg": 1.4892754007078572,
                        "med": 1.3602496663971575,
                        "quart_1": 1.118436779905164,
                        "quart_3": 1.72512323544416,
                        "min": 1.0,
                        "max": 4.207884403181608,
                        "stdv": 0.4743646431263854,
                        "counts": 192496
                    }
                },
                "loss": {
                    "raw": {
                        "avg": 0.6550843856092762,
                        "med": 0.7181118116852412,
                        "quart_1": 0.41409140091316365,