{
    "capital efficiency": {
        "better": {
            "raw": {
                "avg": 0.6342017560609087,
                "med": 0.6518140488436099,
                "quart_1": 0.4751856970705583,
                "quart_3": 0.8139578351500764,
                "min": 0.00015256914754291552,
                "max": 0.9999913600081684,
                "stdv": 0.22363621686074642,
                "counts": 56299
            },
            "processed": {
                "avg": 0.6345157420022943,
                "med": 0.6519785963328125,
                "quart_1": 0.4754250123917434,
                "quart_3": 0.8140019912764707,
                "min": 0.005031548815811445,
                "max": 0.9999913600081684,
                "stdv": 0.22324832728802368,
                "counts": 56271
            }
        },
        "worse": {
            "raw": {
                "avg": 1936.6830035839032,
                "med": 1.7057307211121988,
                "quart_1": 1.2672723989747356,
                "quart_3": 3.00310293332596,
                "min": 1.0000125652995762,
                "max": 6071429.466665945,
                "stdv": 47397.89035722622,
                "counts": 88908
            },
            "processed": {
                "avg": 1136.055391590614,
                "med": 1.7050209068010251,
                "quart_1": 1.2670766916375509,
                "quart_3": 2.9983054753091127,
                "min": 1.0000125652995762,
                "max": 895438.270624515,
                "stdv": 21572.5065550384,
                "counts": 88864
            }
        },
        "monitors": {
            "BTC, ETH": {
                "better": {
                    "raw": {
                        "avg": 0.6588162284253197,
                        "med": 0.6657386270714624,
                        "quart_1": 0.49951257181882147,
                        "quart_3": 0.8228575580158739,
                        "min": 0.10129364003132561,
                        "max": 0.999722368318047,
                        "stdv": 0.19966123920314263,
                        "counts": 1355
                    },
                    "processed": {
                        "avg": 0.6588162284253197,
                        "med": 0.6657386270714624,
                        "quart_1": 0.49951257181882147,
                        "quart_3": 0.8228575580158739,
                        "min": 0.10129364003132561,
                        "max": 0.999722368318047,
                        "stdv": 0.19966123920314263,
                        "counts": 1355
                    }
                },
                "worse": {
                    "raw": {
                        "avg": 2.2835729280846366,
                        "med": 1.596805407564069,
                        "quart_1": 1.2223992216786659,
                        "quart_3": 2.5646016297617846,
                        "min": 1.0001059519488003,
                        "max": 27.346738516304505,
                        "stdv": 1.8959784534462871,
                        "counts": 2242
                    },
                    "processed": {
                        "avg": 2.2723890076972113,
                        "med": 1.5955291770986069,
                        "quart_1": 1.2223992216786659,
                        "quart_3": 2.56154037371114,
                        "min": 1.0001059519488003,
                        "max": 23.605466298399765,
                        "stdv": 1.8209637127776275,
                        "counts": 2241
                    }
                }
            }
        }
    },
    "impermanent gain, loss": {
        "gain": {
            "raw": {
                "avg": 22.723336708291754,
                "med": 1.3670883060350603,
                "quart_1": 1.1146740939958406,
                "quart_3": 1.8780611269205443,
                "min": 1.0,
                "max": 5107.162238559833,
                "stdv": 143.3311399241258,
                "counts": 8801387
            },
            "processed": {
                "avg": 21.0745921501653,
                "med": 1.366851598492611,
                "quart_1": 1.1144827266543351,
                "quart_3": 1.8766263504630978,
                "min": 1.0,
                "max": 2660.6052372903446,
                "stdv": 122.2273735770282,
                "counts": 8796987
            }
        },
        "loss": {
            "raw": {
                "avg": 0.5974792131813719,
                "med": 0.6479645884046118,
                "quart_1": 0.3750004825708927,
                "quart_3": 0.8729204950832672,
                "min": 0.00032087590068869136,
                "max": 0.9999999999999999,
                "stdv": 0.31522585292682725,
                "counts": 9198613
            },
            "processed": {
                "avg": 0.5977775719804999,
                "med": 0.6482582328587965,
                "quart_1": 0.37529890689766865,
                "quart_3": 0.8730097012322491,
                "min": 0.0013215549057518311,
                "max": 0.9999999999999999,
                "stdv": 0.3150222146575067,
                "counts": 9194014
            }
        },
        "averages": {
            "raw": {
                "avg": 11.416270019920594,
                "med": 4.30294361707032,
                "quart_1": 2.3136733996519396,
                "quart_3": 11.79235658521905,
                "min": 0.9574871506903196,
                "max": 131.35732844869176,
                "stdv": 16.47124686635606,
                "counts": 200000
            },
            "processed": {
                "avg": 11.363500644082803,
                "med": 4.299680476999354,
                "quart_1": 2.312521872906619,
                "quart_3": 11.762577178952005,
                "min": 0.9574871506903196,
                "max": 110.63818699878954,
                "stdv": 16.30499717697919,
                "counts": 199900
            }
        },
        "median": {
            "raw": {
                "avg": 0.9877553522658823,
                "med": 0.9960270774828864,
                "quart_1": 0.9847087880547153,
                "quart_3": 1.000041113674864,
                "min": 0.7607232113988041,
                "max": 1.0346696232023977,
                "stdv": 0.022925131696013564,
                "counts": 200000
            },
            "processed": {
                "avg": 0.9878532249358647,
                "med": 0.9960342420074879,
                "quart_1": 0.9847314391011894,
                "quart_3": 1.0000411136748641,
                "min": 0.815007214086168,
                "max": 1.0346696232023977,
                "stdv": 0.02250578684853736,
                "counts": 199900
            }
        },
        "monitors": {
            "BTC, ETH": {
                "gain": {
                    "raw": {
                        "avg": 1.462050377938714,
                        "med": 1.334668563480934,
                        "quart_1": 1.1251532665342736,
                        "quart_3": 1.6716679291341816,
                        "min": 1.0,
                        "max": 5.318161743457139,
                        "stdv": 0.4510707996080239,
                        "counts": 189482
                    },
                    "processed": {
                        "avg": 1.4606664179415167,
                        "med": 1.334592002017835,
                        "quart_1": 1.1251532665342736,
                        "quart_3": 1.671651852186486,
                        "min": 1.0,
                        "max": 3.9000666047541146,
                        "stdv": 0.4467715378768177,
                        "counts": 189388
                    }
                },
                "loss": {
                    "raw": {
                        "avg": 0.7413035896986222,
                        "med": 0.766789595374954,
                        "quart_1": 0.5682836469906282,