{
    "capital efficiency": {
        "better": {
            "raw": {
                "avg": 0.6040185184604735,
                "med": 0.6089472868394921,
                "quart_1": 0.44135908303735266,
                "quart_3": 0.7772667283824259,
                "min": 0.00021078041232563507,
                "max": 0.9999860335757188,
                "stdv": 0.22164364517557802,
                "counts": 55764
            },
            "processed": {
                "avg": 0.6043095336018808,
                "med": 0.6091740897636214,
                "quart_1": 0.44165366812356227,
                "quart_3": 0.7773592370777782,
                "min": 0.005207191348218907,
                "max": 0.9999860335757188,
                "stdv": 0.2213024840094771,
                "counts": 55737
            }
        },
        "worse": {
            "raw": {
                "avg": 1281.221206205747,
                "med": 1.8880699806236014,
                "quart_1": 1.3479680760841561,
                "quart_3": 3.2792272917670413,
                "min": 1.0000085473821967,
                "max": 4038298.3692980623,
                "stdv": 31395.968142732618,
                "counts": 89430
            },
            "processed": {
                "avg": 755.0106306760022,
                "med": 1.8872615477302848,
                "quart_1": 1.3477660734058636,
                "quart_3": 3.275960479730829,
                "min": 1.0000085473821967,
                "max": 608431.9212419373,
                "stdv": 14350.82127305567,
                "counts": 89386
            }
        },
        "monitors": {
            "BTC, ETH": {
                "better": {
                    "raw": {
                        "avg": 0.6269544631110507,
                        "med": 0.6212003828349306,
                        "quart_1": 0.4670813794204902,
                        "quart_3": 0.7806697175434325,
                        "min": 0.12539332070652334,
                        "max": 0.9991348022092457,
                        "stdv": 0.20211101946407575,
                        "counts": 1350
                    },
                    "processed": {
                        "avg": 0.6269544631110507,
                        "med": 0.6212003828349306,
                        "quart_1": 0.4670813794204902,
                        "quart_3": 0.7806697175434325,
                        "min": 0.12539332070652334,
                        "max": 0.9991348022092457,
                        "stdv": 0.20211101946407575,
                        "counts": 1350
                    }
                },
                "worse": {
                    "raw": {
                        "avg": 2.407828034507277,
                        "med": 1.7676961656996253,
                        "quart_1": 1.3081956701007011,
                        "quart_3": 2.843731374308202,
                        "min": 1.0000577222451643,
                        "max": 22.72534041814764,
                        "stdv": 1.7815553737526495,
                        "counts": 2253
                    },
                    "processed": {
                        "avg": 2.398806048546513,
                        "med": 1.7673503808090398,
                        "quart_1": 1.3081939404064862,
                        "quart_3": 2.8425980728646167,
                        "min": 1.0000577222451643,
                        "max": 20.804045416868135,
                        "stdv": 1.729729235760571,
                        "counts": 2252
                    }
                }
            }
        }
    },
    "impermanent gain, loss": {
        "gain": {
            "raw": {
                "avg": 22.61119855171848,
                "med": 1.3576736105479543,
                "quart_1": 1.108572640059497,
                "quart_3": 1.8685004026218421,
                "min": 1.0,
                "max": 5107.148453830933,
                "stdv": 142.96228708549486,
                "counts": 8866789
            },
            "processed": {
                "avg": 20.964725107300172,
                "med": 1.3573044536276155,
                "quart_1": 1.1084362650450463,
                "quart_3": 1.8670174060051574,
                "min": 1.0,
                "max": 2651.9157767845745,
                "stdv": 121.85617612932958,
                "counts": 8862356
            }
        },
        "loss": {
            "raw": {
                "avg": 0.6151711625686597,
                "med": 0.6713335710823913,
                "quart_1": 0.41999437370659964,
                "quart_3": 0.8731119680005793,
                "min": 0.00047892756932496443,
                "max": 0.9999999999999999,
                "stdv": 0.306543646040268,
                "counts": 9133211
            },
            "processed": {
                "avg": 0.6154781056292542,
                "med": 0.6714920920175027,
                "quart_1": 0.4203889697806296,
                "quart_3": 0.8732038879628321,
                "min": 0.00196536937732595,
                "max": 0.9999999999999999,
                "stdv": 0.3063128393885809,
                "counts": 9128645
            }
        },
        "averages": {
            "raw": {
                "avg": 11.450400812447075,
                "med": 4.322324334089709,
                "quart_1": 2.327989820312846,
                "quart_3": 11.827337510441986,
                "min": 0.9680642331100068,
                "max": 131.3668481262794,
                "stdv": 16.503447965293752,
                "counts": 200000
            },
            "processed": {
                "avg": 11.39723046137257,
                "med": 4.319095015289125,
                "quart_1": 2.327426762133133,
                "quart_3": 11.799138084552053,
                "min": 0.9680642331100068,
                "max": 111.94795467844935,
                "stdv": 16.335006966796954,
                "counts": 199900
            }
        },
        "median": {
            "raw": {
                "avg": 0.9891577815674931,
                "med": 0.9971994929903161,
                "quart_1": 0.986809972158543,
                "quart_3": 1.000366085493865,
                "min": 0.7699439944631291,
                "max": 1.0283790666154933,
                "stdv": 0.0219279873623652,
                "counts": 200000
            },
            "processed": {
                "avg": 0.9892477575982875,
                "med": 0.9972086562071095,
                "quart_1": 0.9868347844614326,
                "quart_3": 1.0003667877021853,
                "min": 0.8256482673013171,
                "max": 1.0283790666154933,
                "stdv": 0.02155873905541595,
                "counts": 199900
            }
        },
        "monitors": {
            "BTC, ETH": {
                "gain": {
                    "raw": {
                        "avg": 1.457745974396222,
                        "med": 1.3342957244187266,
                        "quart_1": 1.108849281683937,
                        "quart_3": 1.6691288172207184,
                        "min": 1.0,
                        "max": 5.27364165223812,
                        "stdv": 0.4501744972956536,
                        "counts": 190785
                    },
                    "processed": {
                        "avg": 1.4563786119156326,
                        "med": 1.3342502167900858,
                        "quart_1": 1.108849281683937,
                        "quart_3": 1.6691288172207184,
                        "min": 1.0,
                        "max": 3.821527944912991,
                        "stdv": 0.4459831480297864,
                        "counts": 190690
                    }
                },
                "loss": {
                    "raw": {
                        "avg": 0.7590660832158164,
                        "med": 0.7737732307040841,
                        "quart_1": 0.6017079043568999,