{
    "cap_eff": {
        "avg": 0.025606301983588865,
        "med": 0.0035984838048621626,
        "quart_1": 0.001683111020845951,
        "quart_3": 0.006204398906555331,
        "min": 1.113950712783307e-07,
        "max": 0.9783115927238357,
        "stdv": 0.11264797705035218
    },
    "imp_gain": {
        "avg": 6.003056153020524,
        "med": 1.7386628567446825,
        "quart_1": 0.05598260593814852,
        "quart_3": 10.430624689419322,
        "min": 7.528782282051338e-07,
        "max": 61.53958030405634,
        "stdv": 7.779253238100699
    },
    "imp_loss": {
        "avg": 0.35475462836929217,
        "med": 0.06558080836481994,
        "quart_1": 0.0,
        "quart_3": 0.8771675426904129,
        "min": 0.0,
        "max": 0.984010126145104,
        "stdv": 0.4136493780588886
    },
    "price_imp": {
        "avg": 0.012413291702339223,
        "med": 0.0063356517933354835,
        "quart_1": 0.0035233923431609708,
        "quart_3": 0.009359744420570556,
        "min": 2.2278365414711714e-07,
        "max": 0.8123745896615301,
        "stdv": 0.028862941196763917
    },
    "proc_cap_eff": {
        "avg": 0.025139507224890275,
        "med": 0.003596633786973835,
        "quart_1": 0.0016823265704881685,
        "quart_3": 0.006195556984750938,
        "min": 1.113950712783307e-07,
        "max": 0.9667001994512114,
        "stdv": 0.11070027278372842
    },
    "proc_imp_gain": {
        "avg": 5.980730517446406,
        "med": 1.7333273974686068,
        "quart_1": 0.0559591096046923,
        "quart_3": 10.411557712847031,
        "min": 7.528782282051338e-07,
        "max": 48.18614323609165,
        "stdv": 7.716667779781019
    },
    "proc_imp_loss": {
        "avg": 0.3544418543970212,
        "med": 0.06547152654539179,
        "quart_1": 0.0,
        "quart_3": 0.8769532469727054,
        "min": 0.0,
        "max": 0.9791349290673652,
        "stdv": 0.4135161741706383
    },
    "proc_price_imp": {
        "avg": 0.012196170167926297,
        "med": 0.006332259659002292,
        "quart_1": 0.0035223110449510804,
        "quart_3": 0.009352121182363147,
        "min": 2.2278365414711714e-07,
        "max": 0.376092127996247,
        "stdv": 0.027095714245337986
    }
}