{
    "cap_eff": {
        "avg": 0.026146043114116373,
        "med": 0.005450152194878544,
        "quart_1": 0.0019748728567385854,
        "quart_3": 0.011357456640810781,
        "min": 2.704486277149698e-07,
        "max": 0.9508541285699943,
        "stdv": 0.11190609047975983
    },
    "imp_gain": {
        "avg": 0.00010557507824437984,
        "med": 0.00010557507824437984,
        "quart_1": 0.00010557507824437984,
        "quart_3": 0.00010557507824437984,
        "min": 0.00010557507824437984,
        "max": 0.00010557507824437984,
        "stdv": 0.0
    },
    "imp_loss": {
        "avg": 0.7382102059306499,
        "med": 0.7832383081352268,
        "quart_1": 0.7235877678468529,
        "quart_3": 0.8332306365933712,
        "min": 0.0,
        "max": 0.9095142388788581,
        "stdv": 0.15504543598384438
    },
    "price_imp": {
        "avg": 0.010477518717455874,
        "med": 0.008979127127560457,
        "quart_1": 0.004183622543668974,
        "quart_3": 0.014411713845836744,
        "min": 6.379031163599231e-07,
        "max": 0.12551347080317002,
        "stdv": 0.008694810892144092
    },
    "proc_cap_eff": {
        "avg": 0.0256875172471607,
        "med": 0.005445391065461935,
        "quart_1": 0.0019727449899125116,
        "quart_3": 0.011345251289931024,
        "min": 2.704486277149698e-07,
        "max": 0.9453070563552408,
        "stdv": 0.11002916020812951
    },
    "proc_imp_gain": {
        "avg": 0.00010557507824437984,
        "med": 0.00010557507824437984,
        "quart_1": 0.00010557507824437984,
        "quart_3": 0.00010557507824437984,
        "min": 0.00010557507824437984,
        "max": 0.00010557507824437984,
        "stdv": 0.0
    },
    "proc_imp_loss": {
        "avg": 0.7385754781921684,
        "med": 0.7832774217784217,
        "quart_1": 0.7237109082801432,
        "quart_3": 0.8332611530412636,
        "min": 0.010259794255861543,
        "max": 0.9095142388788581,
        "stdv": 0.154217920485077
    },
    "proc_price_imp": {
        "avg": 0.010436852266126381,
        "med": 0.008973441143991063,
        "quart_1": 0.004180754074600785,
        "quart_3": 0.014401562496101276,
        "min": 6.379031163599231e-07,
        "max": 0.07721458241422333,
        "stdv": 0.008497777829321514
    }
}