{
    "cap_eff": {
        "avg": 0.022108774211132404,
        "med": 0.0020602913782359344,
        "quart_1": 0.0010289880527452056,
        "quart_3": 0.004291252501698706,
        "min": 5.620054026600485e-07,
        "max": 29.91697315884853,
        "stdv": 0.1659127630932296
    },
    "imp_gain": {
        "avg": 0.000517832139704133,
        "med": 0.000517832139704133,
        "quart_1": 0.000517832139704133,
        "quart_3": 0.000517832139704133,
        "min": 0.000517832139704133,
        "max": 0.000517832139704133,
        "stdv": 0.0
    },
    "imp_loss": {
        "avg": 0.7089174742401735,
        "med": 0.7421393934387649,
        "quart_1": 0.6360923748793932,
        "quart_3": 0.7963037911941079,
        "min": 0.0,
        "max": 0.9194991091135698,
        "stdv": 0.1332891482381142
    },
    "price_imp": {
        "avg": 0.009652502546041972,
        "med": 0.0015612022383337059,
        "quart_1": 0.0008048873959433846,
        "quart_3": 0.0025697846582159976,
        "min": 1.5273693818610662e-07,
        "max": 11.78834516077027,
        "stdv": 0.14310352911562776
    },
    "proc_cap_eff": {
        "avg": 0.020902906962857105,
        "med": 0.0020590428510553482,
        "quart_1": 0.0010284799989588311,
        "quart_3": 0.004285691182743578,
        "min": 5.620054026600485e-07,
        "max": 0.9629751025245742,
        "stdv": 0.11089965353865155
    },
    "proc_imp_gain": {
        "avg": 0.000517832139704133,
        "med": 0.000517832139704133,
        "quart_1": 0.000517832139704133,
        "quart_3": 0.000517832139704133,
        "min": 0.000517832139704133,
        "max": 0.000517832139704133,
        "stdv": 0.0
    },
    "proc_imp_loss": {
        "avg": 0.7092686572220439,
        "med": 0.7422138540255074,
        "quart_1": 0.6362089755873984,
        "quart_3": 0.7963300331310503,
        "min": 0.008086957088118463,
        "max": 0.9194991091135698,
        "stdv": 0.13238935524366177
    },
    "proc_price_imp": {
        "avg": 0.007153316904377005,
        "med": 0.0015600562047624604,
        "quart_1": 0.0008045528657588129,
        "quart_3": 0.0025674140880052746,
        "min": 1.5273693818610662e-07,
        "max": 2.3275755003426313,
        "stdv": 0.07162583083485562
    }
}