{
    "cap_eff": {
        "avg": 0.030084471415435826,
        "med": 0.0019331803748139365,
        "quart_1": 0.0012177709837816186,
        "quart_3": 0.0031426413554282995,
        "min": 1.2378008840130406e-07,
        "max": 91.99398990182215,
        "stdv": 0.415161145252432
    },
    "imp_gain": {
        "avg": 2.713398358190144,
        "med": 0.4793341627063874,
        "quart_1": 0.0002362484492339778,
        "quart_3": 3.411656179284695,
        "min": 2.220446049250313e-16,
        "max": 41.2444170035532,
        "stdv": 4.441437470570819
    },
    "imp_loss": {
        "avg": 0.3272224662746164,
        "med": 0.001405712128582648,
        "quart_1": 0.0,
        "quart_3": 0.8171430345918296,
        "min": 0.0,
        "max": 0.9748365161040133,
        "stdv": 0.4084951057424805
    },
    "price_imp": {
        "avg": 0.029863975109080537,
        "med": 0.0034685117143879495,
        "quart_1": 0.0023234114645272375,
        "quart_3": 0.004887339107327308,
        "min": 2.802187058024251e-07,
        "max": 35.07132849915384,
        "stdv": 0.44372578983069666
    },
    "proc_cap_eff": {
        "avg": 0.02633838000464759,
        "med": 0.0019325021981416723,
        "quart_1": 0.001217428025079459,
        "quart_3": 0.0031391834171342614,
        "min": 1.2378008840130406e-07,
        "max": 2.0279075661135946,
        "stdv": 0.12564450553812737
    },
    "proc_imp_gain": {
        "avg": 2.6978513767368755,
        "med": 0.4772804675307234,
        "quart_1": 0.00023597837026967383,
        "quart_3": 3.4026516260406936,
        "min": 2.220446049250313e-16,
        "max": 30.21423618925933,
        "stdv": 4.3874660743248715
    },
    "proc_imp_loss": {
        "avg": 0.3268999574719343,
        "med": 0.0013912528675172897,
        "quart_1": 0.0,
        "quart_3": 0.816908026050526,
        "min": 0.0,
        "max": 0.9710486829446078,
        "stdv": 0.408342296477589
    },
    "proc_price_imp": {
        "avg": 0.02208207317334057,
        "med": 0.003467437234059738,
        "quart_1": 0.002322658676773127,
        "quart_3": 0.004884331677461017,
        "min": 2.802187058024251e-07,
        "max": 9.243470933459092,
        "stdv": 0.24259731189516845
    }
}