{
    "cap_eff": {
        "avg": 0.027442481742970336,
        "med": 0.0009668022190276737,
        "quart_1": 0.0006088357860828397,
        "quart_3": 0.0015726358206291646,
        "min": 1.6968176863585427e-08,
        "max": 155.68268800250067,
        "stdv": 0.6616916855291961
    },
    "imp_gain": {
        "avg": 2.48408842822506,
        "med": 0.5807531218642858,
        "quart_1": 0.00024932322759529946,
        "quart_3": 3.5053349091198154,
        "min": 2.220446049250313e-16,
        "max": 43.60552951726291,
        "stdv": 3.923158302014386
    },
    "imp_loss": {
        "avg": 0.34363737077517914,
        "med": 0.0012788518861956977,
        "quart_1": 0.0,
        "quart_3": 0.8673156157052158,
        "min": 0.0,
        "max": 0.9872049935568423,
        "stdv": 0.42734284742441514
    },
    "price_imp": {
        "avg": 0.03346080614470597,
        "med": 0.0017395861471139393,
        "quart_1": 0.0011643241032178995,
        "quart_3": 0.0024550419303930927,
        "min": 1.410969470352996e-07,
        "max": 67.26850637278021,
        "stdv": 0.6758004471952223
    },
    "proc_cap_eff": {
        "avg": 0.022558317579990855,
        "med": 0.0009665052545346775,
        "quart_1": 0.0006084574892328831,
        "quart_3": 0.0015711914309022856,
        "min": 1.6968176863585427e-08,
        "max": 1.744645358058503,
        "stdv": 0.11795994999934352
    },
    "proc_imp_gain": {
        "avg": 2.4672422923362762,
        "med": 0.5784123759956972,
        "quart_1": 0.0002489277384896127,
        "quart_3": 3.4987831766284945,
        "min": 2.220446049250313e-16,
        "max": 32.479340788636456,
        "stdv": 3.850749040389841
    },
    "proc_imp_loss": {
        "avg": 0.34331660042532397,
        "med": 0.001267399293286009,
        "quart_1": 0.0,
        "quart_3": 0.8668491449841538,
        "min": 0.0,
        "max": 0.9845372282550824,
        "stdv": 0.4272086574110903
    },
    "proc_price_imp": {
        "avg": 0.021259618341665485,
        "med": 0.001739295033869572,
        "quart_1": 0.001163836833047508,
        "quart_3": 0.002453513740196657,
        "min": 1.410969470352996e-07,
        "max": 14.005545421853073,
        "stdv": 0.31204987827171987
    }
}