{
    "cap_eff": {
        "avg": 0.032990978693217723,
        "med": 0.000193192704178613,
        "quart_1": 0.00012156361732706955,
        "quart_3": 0.0003143573578039405,
        "min": 1.4112138124744433e-08,
        "max": 663.1248231697492,
        "stdv": 2.731299930136759
    },
    "imp_gain": {
        "avg": 2.0279725072761816,
        "med": 0.6779188251007804,
        "quart_1": 0.00023499715741914784,
        "quart_3": 3.178874520516258,
        "min": 2.220446049250313e-16,
        "max": 35.275178533165196,
        "stdv": 3.088502990593723
    },
    "imp_loss": {
        "avg": 0.36915360432650296,
        "med": 0.0013161114780200212,
        "quart_1": 0.0,
        "quart_3": 0.9378004357574075,
        "min": 0.0,
        "max": 0.9975316098943582,
        "stdv": 0.45467052473542596
    },
    "price_imp": {
        "avg": 0.09265696388658855,
        "med": 0.00034880164174690663,
        "quart_1": 0.00023358125696728134,
        "quart_3": 0.0004930348868893005,
        "min": 2.9110434392060105e-08,
        "max": 321.906599632995,
        "stdv": 2.7807284922177766
    },
    "proc_cap_eff": {
        "avg": 0.017897895585856326,
        "med": 0.000193138845408114,
        "quart_1": 0.0001215364720641432,
        "quart_3": 0.0003140514105028913,
        "min": 1.4112138124744433e-08,
        "max": 1.4143003960134641,
        "stdv": 0.10970172665231796
    },
    "proc_imp_gain": {
        "avg": 2.013694829167349,
        "med": 0.6730176117421656,
        "quart_1": 0.00023439948831471824,
        "quart_3": 3.173113546018853,
        "min": 2.220446049250313e-16,
        "max": 27.607093767139023,
        "stdv": 3.0222999600760554
    },
    "proc_imp_loss": {
        "avg": 0.3688396417755588,
        "med": 0.0013027782823780143,
        "quart_1": 0.0,
        "quart_3": 0.9376493647712743,
        "min": 0.0,
        "max": 0.9964431620394597,
        "stdv": 0.45456741214085994
    },
    "proc_price_imp": {
        "avg": 0.041088101913520754,
        "med": 0.0003486800440352549,
        "quart_1": 0.0002335078438645028,
        "quart_3": 0.0004926809746977749,
        "min": 2.9110434392060105e-08,
        "max": 48.01512992347004,
        "stdv": 0.9353528199436033
    }
}