{
    "cap_eff": {
        "avg": 0.0018499356957149807,
        "med": 0.0015333944609776662,
        "quart_1": 0.000815898670575077,
        "quart_3": 0.002502789637445435,
        "min": 4.5950885985135415e-08,
        "max": 0.0167417376574297,
        "stdv": 0.001448263627151325
    },
    "imp_gain": {
        "avg": 0.019814469815362744,
        "med": 0.01770832649976284,
        "quart_1": 0.009042089510862494,
        "quart_3": 0.02853669430513861,
        "min": 2.220446049250313e-16,
        "max": 0.06595526649400951,
        "stdv": 0.013337382615573188
    },
    "imp_loss": {
        "avg": 0.027940656298674395,
        "med": 0.020738504816522063,
        "quart_1": 0.007916014099775492,
        "quart_3": 0.042201989057126243,
        "min": 0.0,
        "max": 0.10724520826322836,
        "stdv": 0.02477089343022055
    },
    "price_imp": {
        "avg": 0.002616952591868081,
        "med": 0.002390698682245351,
        "quart_1": 0.001584237030445676,
        "quart_3": 0.003294430672081821,
        "min": 5.2954772047708654e-08,
        "max": 0.018749892264931758,
        "stdv": 0.0015746008116731807
    },
    "proc_cap_eff": {
        "avg": 0.001844696629125862,
        "med": 0.001532191522943649,
        "quart_1": 0.0008156738963969734,
        "quart_3": 0.0025007281405975412,
        "min": 4.5950885985135415e-08,
        "max": 0.011046992778517062,
        "stdv": 0.0014288298635973375
    },
    "proc_imp_gain": {
        "avg": 0.019793371254969383,
        "med": 0.017699728208986798,
        "quart_1": 0.009036461785030925,
        "quart_3": 0.02852376436468851,
        "min": 2.220446049250313e-16,
        "max": 0.06101762325792581,
        "stdv": 0.013307207644969453
    },
    "proc_imp_loss": {
        "avg": 0.027902670917645835,
        "med": 0.020728395360004703,
        "quart_1": 0.007910651405195979,
        "quart_3": 0.042172207118408744,
        "min": 0.0,
        "max": 0.10331170876874307,
        "stdv": 0.02471846973680358
    },
    "proc_price_imp": {
        "avg": 0.0026111154494995836,
        "med": 0.002389954403096181,
        "quart_1": 0.0015835960477370444,
        "quart_3": 0.0032924198005802093,
        "min": 5.2954772047708654e-08,
        "max": 0.012734539102279072,
        "stdv": 0.0015524048515636053
    }
}