{
    "cap_eff": {
        "avg": 1.4903432853487493e-13,
        "med": 4.163336342344337e-14,
        "quart_1": 1.9095836023552692e-14,
        "quart_3": 7.749356711883593e-14,
        "min": 0.0,
        "max": 1.8794465983518194e-09,
        "stdv": 9.879197918219032e-12
    },
    "imp_gain": {
        "avg": 0.09733404342640085,
        "med": 0.08482269874038773,
        "quart_1": 0.04644201212417265,
        "quart_3": 0.14398665409463152,
        "min": 4.03860268760603e-06,
        "max": 0.288893706124852,
        "stdv": 0.06534241678230164
    },
    "imp_loss": {
        "avg": 0.11757492472924061,
        "med": 0.07017389182391431,
        "quart_1": 0.032747928539355264,
        "quart_3": 0.2203309598129387,
        "min": 0.0,
        "max": 0.3860136632155591,
        "stdv": 0.10805969016500684
    },
    "price_imp": {
        "avg": 1.490341787195338e-13,
        "med": 4.161361941327533e-14,
        "quart_1": 1.9017793433024555e-14,
        "quart_3": 7.750059833153873e-14,
        "min": 0.0,
        "max": 1.8794466286317604e-09,
        "stdv": 9.879198165473759e-12
    },
    "proc_cap_eff": {
        "avg": 7.941020261968392e-14,
        "med": 4.1522341120980855e-14,
        "quart_1": 1.8984813721090177e-14,
        "quart_3": 7.749356711883593e-14,
        "min": 0.0,
        "max": 1.189681686497579e-11,
        "stdv": 2.735882046821126e-13
    },
    "proc_imp_gain": {
        "avg": 0.0972410615878089,
        "med": 0.08476806519903013,
        "quart_1": 0.04643008760895162,
        "quart_3": 0.1439392428327786,
        "min": 4.03860268760603e-06,
        "max": 0.28075346045908445,
        "stdv": 0.06522559984763222
    },
    "proc_imp_loss": {
        "avg": 0.11744337489604935,
        "med": 0.0701132420589915,
        "quart_1": 0.03274296923016673,
        "quart_3": 0.22009598499323946,
        "min": 0.0,
        "max": 0.37894292935697704,
        "stdv": 0.1079251921104533
    },
    "proc_price_imp": {
        "avg": 7.941004902726289e-14,
        "med": 4.1576787934371905e-14,
        "quart_1": 1.900857510077239e-14,
        "quart_3": 7.744074502570394e-14,
        "min": 0.0,
        "max": 1.1896815796681372e-11,
        "stdv": 2.7358832470314514e-13
    }
}