{
    "cap_eff": {
        "avg": 0.0004395499877233766,
        "med": 0.0003532333451594649,
        "quart_1": 0.00018906247188388292,
        "quart_3": 0.0005745235642405921,
        "min": 6.438837685251997e-09,
        "max": 0.7651380723303915,
        "stdv": 0.002993186180806894
    },
    "imp_gain": {
        "avg": 0.0008121379852312591,
        "med": 0.00048319791029527437,
        "quart_1": 0.0001372957969170141,
        "quart_3": 0.001204498374495211,
        "min": 4.6629367034256575e-15,
        "max": 0.009359582593542415,
        "stdv": 0.0009080082160240926
    },
    "imp_loss": {
        "avg": 0.0008814428525913017,
        "med": 0.0005870859012695462,
        "quart_1": 0.0001850282127778824,
        "quart_3": 0.0012944569648041249,
        "min": 0.0,
        "max": 0.009625483479808516,
        "stdv": 0.0009189636809383072
    },
    "price_imp": {
        "avg": 0.0006263918392938903,
        "med": 0.0005828667677014995,
        "quart_1": 0.00038106654877988243,
        "quart_3": 0.0008034225880935045,
        "min": 0.0,
        "max": 0.004281055163115751,
        "stdv": 0.0003677245185381728
    },
    "proc_cap_eff": {
        "avg": 0.00042486270028286216,
        "med": 0.00035310058718029946,
        "quart_1": 0.00018898760579577623,
        "quart_3": 0.0005741481208925148,
        "min": 6.438837685251997e-09,
        "max": 0.002687266650636788,
        "stdv": 0.0003315718373049753
    },
    "proc_imp_gain": {
        "avg": 0.0008089454250007828,
        "med": 0.00048236824982872406,
        "quart_1": 0.0001372451838064226,
        "quart_3": 0.0012027751246810325,
        "min": 4.6629367034256575e-15,
        "max": 0.006579228797272352,
        "stdv": 0.0008967627157430155
    },
    "proc_imp_loss": {
        "avg": 0.0008782392973821459,
        "med": 0.0005866316063189991,
        "quart_1": 0.00018490693124795232,
        "quart_3": 0.001293398517034583,
        "min": 0.0,
        "max": 0.0065828646837092775,
        "stdv": 0.0009078351468630583
    },
    "proc_price_imp": {
        "avg": 0.000625094374636046,
        "med": 0.0005827135643144536,
        "quart_1": 0.0003809576409971657,
        "quart_3": 0.0008029401553448076,
        "min": 0.0,
        "max": 0.0029613953754792023,
        "stdv": 0.00036305680120801855
    }
}