{
    "cap_eff": {
        "avg": 0.00024529051858769606,
        "med": 0.00021251019132240145,
        "quart_1": 0.0001356152671347921,
        "quart_3": 0.00031368039340406995,
        "min": 5.388687274177073e-10,
        "max": 0.0020375602267634907,
        "stdv": 0.00016490687814057372
    },
    "imp_gain": {
        "avg": 0.001458989045780938,
        "med": 0.0004680930697686936,
        "quart_1": 9.506670529879635e-05,
        "quart_3": 0.0024675961197326846,
        "min": 2.220446049250313e-16,
        "max": 0.021106645233932575,
        "stdv": 0.001823969009231417
    },
    "imp_loss": {
        "avg": 0.0011150903695924664,
        "med": 9.520238346472087e-05,
        "quart_1": 0.0,
        "quart_3": 0.0019269954715985804,
        "min": 0.0,
        "max": 0.02187827969188616,
        "stdv": 0.0017178172301308312
    },
    "price_imp": {
        "avg": 0.00039270796957722087,
        "med": 0.0003754156897722518,
        "quart_1": 0.0002599138817616039,
        "quart_3": 0.0004994314563699516,
        "min": 1.9320557866021712e-10,
        "max": 0.0021989406882618454,
        "stdv": 0.00019571930256330328
    },
    "proc_cap_eff": {
        "avg": 0.00024470803377936483,
        "med": 0.00021237936931739476,
        "quart_1": 0.0001355764164743256,
        "quart_3": 0.00031345498368717806,
        "min": 5.388687274177073e-10,
        "max": 0.0012569410538889603,
        "stdv": 0.00016279190492337014
    },
    "proc_imp_gain": {
        "avg": 0.0014530422440006442,
        "med": 0.0004669176664169328,
        "quart_1": 9.503519666531623e-05,
        "quart_3": 0.002465179195725975,
        "min": 2.220446049250313e-16,
        "max": 0.011915524878928663,
        "stdv": 0.0018045895132067615
    },
    "proc_imp_loss": {
        "avg": 0.0011091757987304017,
        "med": 9.50677023320301e-05,
        "quart_1": 0.0,
        "quart_3": 0.0019238679170932027,
        "min": 0.0,
        "max": 0.011450007373675963,
        "stdv": 0.0016973996399884232
    },
    "proc_price_imp": {
        "avg": 0.00039210744867968384,
        "med": 0.0003752816903262675,
        "quart_1": 0.0002598543751567577,
        "quart_3": 0.0004992048781786415,
        "min": 1.9320557866021712e-10,
        "max": 0.0014474311459188015,
        "stdv": 0.0001938346987550279
    }
}