{
    "cap_eff": {
        "avg": 0.0036561286359637337,
        "med": 0.0031701102720432806,
        "quart_1": 0.0020268522723795313,
        "quart_3": 0.004672492162135833,
        "min": 3.02476526048423e-08,
        "max": 0.03010899952676027,
        "stdv": 0.0024516267230149285
    },
    "imp_gain": {
        "avg": 0.001454800092172859,
        "med": 0.0004646763561586553,
        "quart_1": 9.701049828048092e-05,
        "quart_3": 0.0024645181246540915,
        "min": 2.220446049250313e-16,
        "max": 0.0210650993919399,
        "stdv": 0.0018223956801049477
    },
    "imp_loss": {
        "avg": 0.0011126788678359454,
        "med": 9.136833036615943e-05,
        "quart_1": 0.0,
        "quart_3": 0.0019275038856487736,
        "min": 0.0,
        "max": 0.021527226429827517,
        "stdv": 0.0017111080103691153
    },
    "price_imp": {
        "avg": 0.005846908111907168,
        "med": 0.005590349118901262,
        "quart_1": 0.0038769994967105446,
        "quart_3": 0.0074326372462771104,
        "min": 1.3103202583865255e-07,
        "max": 0.03246410579237318,
        "stdv": 0.002909084192923717
    },
    "proc_cap_eff": {
        "avg": 0.0036475031773853515,
        "med": 0.0031689541137909227,
        "quart_1": 0.0020262858155248864,
        "quart_3": 0.0046689186395952875,
        "min": 3.02476526048423e-08,
        "max": 0.018563642608554254,
        "stdv": 0.0024204418969683565
    },
    "proc_imp_gain": {
        "avg": 0.0014488552990149543,
        "med": 0.00046408803683006816,
        "quart_1": 9.690932555539433e-05,
        "quart_3": 0.00246166892193167,
        "min": 2.220446049250313e-16,
        "max": 0.011925053701608679,
        "stdv": 0.0018030056896189898
    },
    "proc_imp_loss": {
        "avg": 0.0011068207689528462,
        "med": 9.127136253517243e-05,
        "quart_1": 0.0,
        "quart_3": 0.0019237028726751815,
        "min": 0.0,
        "max": 0.011370760020264714,
        "stdv": 0.0016910179874829315
    },
    "proc_price_imp": {
        "avg": 0.0058380161389058665,
        "med": 0.005588356720457177,
        "quart_1": 0.0038761916012558344,
        "quart_3": 0.007427919128876784,
        "min": 1.3103202583865255e-07,
        "max": 0.02147565570405398,
        "stdv": 0.00288130466784184
    }
}