{
    "cap_eff": {
        "avg": 0.047221309997166075,
        "med": 0.0020948555157471738,
        "quart_1": 0.00131448983247906,
        "quart_3": 0.0034295726866544474,
        "min": 6.015033759965149e-08,
        "max": 281.9497722051403,
        "stdv": 1.3359624137254311
    },
    "imp_gain": {
        "avg": 5.679704478260479,
        "med": 0.4010693942685617,
        "quart_1": 0.0001716125553585801,
        "quart_3": 5.310383807649245,
        "min": 2.220446049250313e-16,
        "max": 197.91819663290656,
        "stdv": 13.659690774091464
    },
    "imp_loss": {
        "avg": 0.35078532922423195,
        "med": 0.0027318381383950596,
        "quart_1": 0.0,
        "quart_3": 0.8400221126742513,
        "min": 0.0,
        "max": 0.9890018269558476,
        "stdv": 0.41566060322673687
    },
    "price_imp": {
        "avg": 0.19735795160139477,
        "med": 0.003756695518797999,
        "quart_1": 0.0025025614757053674,
        "quart_3": 0.00525314287355821,
        "min": 6.215807423456765e-07,
        "max": 384.1022159785067,
        "stdv": 4.763066358837572
    },
    "proc_cap_eff": {
        "avg": 0.03223179134443549,
        "med": 0.0020938178158111387,
        "quart_1": 0.001314012023655886,
        "quart_3": 0.003425512909924988,
        "min": 6.015033759965149e-08,
        "max": 9.35015552171429,
        "stdv": 0.24064776882895408
    },
    "proc_imp_gain": {
        "avg": 5.595415951451213,
        "med": 0.39716916233882205,
        "quart_1": 0.00017141660968578165,
        "quart_3": 5.296074756000217,
        "min": 2.220446049250313e-16,
        "max": 164.11513288514905,
        "stdv": 13.13063575785277
    },
    "proc_imp_loss": {
        "avg": 0.35046823442719716,
        "med": 0.0027208601904921137,
        "quart_1": 0.0,
        "quart_3": 0.8399083413270625,
        "min": 0.0,
        "max": 0.9825998884178782,
        "stdv": 0.4155225659409617
    },
    "proc_price_imp": {
        "avg": 0.10864571899365802,
        "med": 0.003755303301267981,
        "quart_1": 0.0025018165235620553,
        "quart_3": 0.005250750795791244,
        "min": 6.215807423456765e-07,
        "max": 74.00680011998877,
        "stdv": 1.768344188842514
    }
}