{
    "cap_eff": {
        "avg": 8.834633843748862e-05,
        "med": 6.945330746632727e-05,
        "quart_1": 3.6879166777081807e-05,
        "quart_3": 0.0001128890429713536,
        "min": 2.7386475309754132e-09,
        "max": 0.33910715628364796,
        "stdv": 0.0010758130574618717
    },
    "imp_gain": {
        "avg": 0.0008231542228421092,
        "med": 0.0005075818031801127,
        "quart_1": 0.00014853517297552798,
        "quart_3": 0.0012164728845032169,
        "min": 2.864375403532904e-14,
        "max": 0.00989100800707643,
        "stdv": 0.0009046120023306198
    },
    "imp_loss": {
        "avg": 0.0008354744982573484,
        "med": 0.000526604074055026,
        "quart_1": 0.00016068423368409412,
        "quart_3": 0.001235130561287212,
        "min": 0.0,
        "max": 0.014160087259729282,
        "stdv": 0.0009056348232408628
    },
    "price_imp": {
        "avg": 0.00012582235946143204,
        "med": 0.0001147342465823904,
        "quart_1": 7.440118443660733e-05,
        "quart_3": 0.00015931076281427896,
        "min": 0.0,
        "max": 0.15789473684210523,
        "stdv": 0.0005090052688669534
    },
    "proc_cap_eff": {
        "avg": 8.409192622487001e-05,
        "med": 6.941652007774746e-05,
        "quart_1": 3.686622734622169e-05,
        "quart_3": 0.00011282564843589915,
        "min": 2.7386475309754132e-09,
        "max": 0.0006426076368146738,
        "stdv": 6.719504836198752e-05
    },
    "proc_imp_gain": {
        "avg": 0.0008197110782821554,
        "med": 0.0005072098872305197,
        "quart_1": 0.0001483422715793381,
        "quart_3": 0.0012151517532499323,
        "min": 2.864375403532904e-14,
        "max": 0.006906773738530658,
        "stdv": 0.0008914362599241145
    },
    "proc_imp_loss": {
        "avg": 0.000832068726703897,
        "med": 0.0005257521406125121,
        "quart_1": 0.00016059031082993336,
        "quart_3": 0.0012340577679500475,
        "min": 0.0,
        "max": 0.006669362243531096,
        "stdv": 0.0008924708155729069
    },
    "proc_price_imp": {
        "avg": 0.00012357352792569272,
        "med": 0.00011468934287123318,
        "quart_1": 7.436478818484605e-05,
        "quart_3": 0.00015923907332425613,
        "min": 0.0,
        "max": 0.0006103422148066308,
        "stdv": 7.278023622105138e-05
    }
}