{
    "cap_eff": {
        "avg": 0.0004236499533868702,
        "med": 0.000347063660963709,
        "quart_1": 0.0001846779314929048,
        "quart_3": 0.0005642999495889534,
        "min": 2.6588133916760626e-09,
        "max": 0.044225609623017914,
        "stdv": 0.000424454415387884
    },
    "imp_gain": {
        "avg": 0.0008211247187744317,
        "med": 0.0005060122710600634,
        "quart_1": 0.00014733313440440376,
        "quart_3": 0.001213335189089726,
        "min": 8.881784197001252e-16,
        "max": 0.00989433581191479,
        "stdv": 0.0009044616313700523
    },
    "imp_loss": {
        "avg": 0.0008382364401024782,
        "med": 0.0005316348743364951,
        "quart_1": 0.00016219228962421894,
        "quart_3": 0.0012397135685189298,
        "min": 0.0,
        "max": 0.014139656288102875,
        "stdv": 0.0009057032105146484
    },
    "price_imp": {
        "avg": 0.0006183151850421144,
        "med": 0.0005730892673508162,
        "quart_1": 0.0003716713125175571,
        "quart_3": 0.0007958714661763555,
        "min": 0.0,
        "max": 0.005543057913387435,
        "stdv": 0.00036775068824878383
    },
    "proc_cap_eff": {
        "avg": 0.0004200234472785631,
        "med": 0.00034690671774306736,
        "quart_1": 0.00018457916211067626,
        "quart_3": 0.000563773990002514,
        "min": 2.6588133916760626e-09,
        "max": 0.0030078495046526044,
        "stdv": 0.0003345741842987745
    },
    "proc_imp_gain": {
        "avg": 0.000817678466804368,
        "med": 0.0005054704407974064,
        "quart_1": 0.00014723687264295293,
        "quart_3": 0.0012121217767708803,
        "min": 8.881784197001252e-16,
        "max": 0.0069058518078024544,
        "stdv": 0.0008912634472098903
    },
    "proc_imp_loss": {
        "avg": 0.0008348317713463525,
        "med": 0.0005309511011633017,
        "quart_1": 0.00016209890604224064,
        "quart_3": 0.0012381444438108735,
        "min": 0.0,
        "max": 0.006672359711150322,
        "stdv": 0.0008925437332304702
    },
    "proc_price_imp": {
        "avg": 0.0006170041998621585,
        "med": 0.0005728798645841465,
        "quart_1": 0.0003715821991716853,
        "quart_3": 0.0007954110248478526,
        "min": 0.0,
        "max": 0.0029834535490131154,
        "stdv": 0.00036292700097931714
    }
}