{
    "cap_eff": {
        "avg": 0.003618082465284389,
        "med": 0.0031495923304405427,
        "quart_1": 0.0020109090345030722,
        "quart_3": 0.004620786513320874,
        "min": 7.543759295014496e-08,
        "max": 0.0338071556817674,
        "stdv": 0.0024327599825821567
    },
    "imp_gain": {
        "avg": 0.0014428057108911696,
        "med": 0.0004578143245861366,
        "quart_1": 0.00010574962060938553,
        "quart_3": 0.002430340587399993,
        "min": 2.220446049250313e-16,
        "max": 0.025516475449349985,
        "stdv": 0.0018054462451780578
    },
    "imp_loss": {
        "avg": 0.0011078451922172331,
        "med": 0.00016072446678960794,
        "quart_1": 0.0,
        "quart_3": 0.0018851299951752054,
        "min": 0.0,
        "max": 0.023859060103391005,
        "stdv": 0.0016800694253945642
    },
    "price_imp": {
        "avg": 0.005771221534514022,
        "med": 0.005512583236271885,
        "quart_1": 0.0038039935666882066,
        "quart_3": 0.007348301563976476,
        "min": 1.5500415690343907e-06,
        "max": 0.03769661294191735,
        "stdv": 0.0028830324558427856
    },
    "proc_cap_eff": {
        "avg": 0.0036089479130596495,
        "med": 0.0031482631319444954,
        "quart_1": 0.0020104986002367764,
        "quart_3": 0.0046177434421065255,
        "min": 7.543759295014496e-08,
        "max": 0.019285334105210383,
        "stdv": 0.0023972331173168875
    },
    "proc_imp_gain": {
        "avg": 0.0014366903970006247,
        "med": 0.00045619067103674915,
        "quart_1": 0.00010564006218793942,
        "quart_3": 0.002426688694628476,
        "min": 2.220446049250313e-16,
        "max": 0.012022150508079976,
        "stdv": 0.0017845166699748485
    },
    "proc_imp_loss": {
        "avg": 0.0011019367629820373,
        "med": 0.00016058933243101592,
        "quart_1": 0.0,
        "quart_3": 0.001881918731760135,
        "min": 0.0,
        "max": 0.011398204374502785,
        "stdv": 0.0016590352857855121
    },
    "proc_price_imp": {
        "avg": 0.005761922818873758,
        "med": 0.005511136079361953,
        "quart_1": 0.0038031369057133684,
        "quart_3": 0.007346049366031207,
        "min": 1.5500415690343907e-06,
        "max": 0.021826967139709143,
        "stdv": 0.0028521229665139803
    }
}