{
    "cap_eff": {
        "avg": 0.026292887231287893,
        "med": 0.0038264415833024756,
        "quart_1": 0.0018993923087302633,
        "quart_3": 0.006672428178840617,
        "min": 4.5927450065264e-08,
        "max": 1.1109063909030912,
        "stdv": 0.1062846823241188
    },
    "imp_gain": {
        "avg": 12.766698376949625,
        "med": 2.7502673332067293,
        "quart_1": 0.04803829745387356,
        "quart_3": 15.413940822466156,
        "min": 2.220446049250313e-16,
        "max": 174.03424528451248,
        "stdv": 20.70168142925981
    },
    "imp_loss": {
        "avg": 0.3685484035785209,
        "med": 0.05468372151157075,
        "quart_1": 0.0,
        "quart_3": 0.9084421786282718,
        "min": 0.0,
        "max": 0.9942868322803088,
        "stdv": 0.43247148485532344
    },
    "price_imp": {
        "avg": 0.02087397736695419,
        "med": 0.00648283726557537,
        "quart_1": 0.003860564333422874,
        "quart_3": 0.00947351400706357,
        "min": 8.758586990962966e-08,
        "max": 1.6082452797025444,
        "stdv": 0.07173036596165508
    },
    "proc_cap_eff": {
        "avg": 0.025823229754530393,
        "med": 0.0038254373793548124,
        "quart_1": 0.0018986491329313626,
        "quart_3": 0.006666965841618633,
        "min": 4.5927450065264e-08,
        "max": 0.9607696347595662,
        "stdv": 0.10419803908092003
    },
    "proc_imp_gain": {
        "avg": 12.70004776010556,
        "med": 2.7328479930541665,
        "quart_1": 0.048009006340403726,
        "quart_3": 15.399971667681342,
        "min": 2.220446049250313e-16,
        "max": 130.1198854367931,
        "stdv": 20.488236631838618
    },
    "proc_imp_loss": {
        "avg": 0.368236284026198,
        "med": 0.05462413613385775,
        "quart_1": 0.0,
        "quart_3": 0.908281712591321,
        "min": 0.0,
        "max": 0.9922060575923323,
        "stdv": 0.43235416270553406
    },
    "proc_price_imp": {
        "avg": 0.020342812554482555,
        "med": 0.006480982656685341,
        "quart_1": 0.0038595717954028746,
        "quart_3": 0.00946763751239186,
        "min": 8.758586990962966e-08,
        "max": 0.9256098779910555,
        "stdv": 0.06758933241880674
    }
}