{
    "cap_eff": {
        "avg": 0.025748525543699313,
        "med": 0.007844699167761426,
        "quart_1": 0.002879589413622985,
        "quart_3": 0.0174012612283031,
        "min": 2.3787248115691995e-07,
        "max": 0.9350368940790434,
        "stdv": 0.0943789268072572
    },
    "imp_gain": {
        "avg": 0.0005484811298065809,
        "med": 0.0007858246187402163,
        "quart_1": 4.762894695242714e-05,
        "quart_3": 0.0008119898237270995,
        "min": 4.762894695242714e-05,
        "max": 0.0008119898237270995,
        "stdv": 0.00035431702968794247
    },
    "imp_loss": {
        "avg": 0.7829496047443492,
        "med": 0.8215404523023402,
        "quart_1": 0.7596568070084668,
        "quart_3": 0.893154843626381,
        "min": 0.0,
        "max": 0.9483479891477326,
        "stdv": 0.1699431731321762
    },
    "price_imp": {
        "avg": 0.016258672117942418,
        "med": 0.012313615715111774,
        "quart_1": 0.005907168456107861,
        "quart_3": 0.021758744820683594,
        "min": 4.757634373859716e-07,
        "max": 0.21488181171244447,
        "stdv": 0.015232653859851288
    },
    "proc_cap_eff": {
        "avg": 0.025301342115029136,
        "med": 0.007838254521599253,
        "quart_1": 0.0028774371346103056,
        "quart_3": 0.01738135685128861,
        "min": 2.3787248115691995e-07,
        "max": 0.9289614192109417,
        "stdv": 0.09223038030283648
    },
    "proc_imp_gain": {
        "avg": 0.0005484811298065809,
        "med": 0.0007858246187402163,
        "quart_1": 4.762894695242714e-05,
        "quart_3": 0.0008119898237270995,
        "min": 4.762894695242714e-05,
        "max": 0.0008119898237270995,
        "stdv": 0.00035431702968794247
    },
    "proc_imp_loss": {
        "avg": 0.7833382887731101,
        "med": 0.8215879226005973,
        "quart_1": 0.7597389651851117,
        "quart_3": 0.8932081815280674,
        "min": 0.004805723269055151,
        "max": 0.9483479891477326,
        "stdv": 0.1690908555016705
    },
    "proc_price_imp": {
        "avg": 0.016189484864395906,
        "med": 0.012306132585719977,
        "quart_1": 0.0059021618963092486,
        "quart_3": 0.021742180340617475,
        "min": 4.757634373859716e-07,
        "max": 0.13575843804625373,
        "stdv": 0.01490798464523205
    }
}