{
    "cap_eff": {
        "avg": 0.02952084900878711,
        "med": 0.0021464065482079686,
        "quart_1": 0.0010828353112862787,
        "quart_3": 0.004321745736283522,
        "min": 9.724626726104191e-08,
        "max": 99.94031455939678,
        "stdv": 0.6134719415534633
    },
    "imp_gain": {
        "avg": 0.000411293900832721,
        "med": 0.0004165928898012261,
        "quart_1": 1.3322676295501878e-15,
        "quart_3": 0.0008119898237270995,
        "min": 1.3322676295501878e-15,
        "max": 0.0008119898237270995,
        "stdv": 0.00038814912334042876
    },
    "imp_loss": {
        "avg": 0.7119465197793193,
        "med": 0.7176040382700655,
        "quart_1": 0.6797852648983553,
        "quart_3": 0.7813028085151996,
        "min": 0.0,
        "max": 0.9357256777269176,
        "stdv": 0.12183079169175311
    },
    "price_imp": {
        "avg": 0.07243254732200646,
        "med": 0.0015965612718885397,
        "quart_1": 0.0008744267100523418,
        "quart_3": 0.002532385810329281,
        "min": 9.221182708632683e-08,
        "max": 85.43032195605801,
        "stdv": 1.3323691465281418
    },
    "proc_cap_eff": {
        "avg": 0.020165119110515682,
        "med": 0.0021451551204402786,
        "quart_1": 0.0010824486396598942,
        "quart_3": 0.004317999464305444,
        "min": 9.724626726104191e-08,
        "max": 4.139890291421363,
        "stdv": 0.12206093432976928
    },
    "proc_imp_gain": {
        "avg": 0.000411293900832721,
        "med": 0.0004165928898012261,
        "quart_1": 1.3322676295501878e-15,
        "quart_3": 0.0008119898237270995,
        "min": 1.3322676295501878e-15,
        "max": 0.0008119898237270995,
        "stdv": 0.00038814912334042876
    },
    "proc_imp_loss": {
        "avg": 0.712299386552755,
        "med": 0.7176513500486251,
        "quart_1": 0.6798377797766781,
        "quart_3": 0.7813190378323096,
        "min": 0.00528686919321264,
        "max": 0.9357256777269176,
        "stdv": 0.12082985929955205
    },
    "proc_price_imp": {
        "avg": 0.049691292911800834,
        "med": 0.001595745991804007,
        "quart_1": 0.0008740408578337726,
        "quart_3": 0.0025309311982733575,
        "min": 9.221182708632683e-08,
        "max": 30.656757606965847,
        "stdv": 0.782118214247219
    }
}