{
    "cap_eff": {
        "avg": 0.023809433207049605,
        "med": 0.000575505424751821,
        "quart_1": 0.0002730939736346194,
        "quart_3": 0.0010631313470210735,
        "min": 5.5818166755372545e-08,
        "max": 101.2434617401889,
        "stdv": 0.7042513221792069
    },
    "imp_gain": {
        "avg": 0.0003289276583464229,
        "med": 4.713683269930158e-05,
        "quart_1": 3.1086244689504383e-15,
        "quart_3": 0.0007987507295132978,
        "min": 3.1086244689504383e-15,
        "max": 0.0008119898237270995,
        "stdv": 0.0003840861522882259
    },
    "imp_loss": {
        "avg": 0.5158311795605636,
        "med": 0.507479663372258,
        "quart_1": 0.4835249032561544,
        "quart_3": 0.5538544282989162,
        "min": 0.0,
        "max": 0.793247634544415,
        "stdv": 0.08972270851182393
    },
    "price_imp": {
        "avg": 0.10008475076124251,
        "med": 0.0007907931412475869,
        "quart_1": 0.00046373229248690943,
        "quart_3": 0.001152150932711013,
        "min": 1.4444981947890656e-07,
        "max": 214.23114368300966,
        "stdv": 2.5347315099133247
    },
    "proc_cap_eff": {
        "avg": 0.013756623912048564,
        "med": 0.0005752136904911276,
        "quart_1": 0.0002729692427437813,
        "quart_3": 0.0010617441143589978,
        "min": 5.5818166755372545e-08,
        "max": 3.125541069426877,
        "stdv": 0.08878770712337038
    },
    "proc_imp_gain": {
        "avg": 0.0003289276583464229,
        "med": 4.713683269930158e-05,
        "quart_1": 3.1086244689504383e-15,
        "quart_3": 0.0007987507295132978,
        "min": 3.1086244689504383e-15,
        "max": 0.0008119898237270995,
        "stdv": 0.0003840861522882259
    },
    "proc_imp_loss": {
        "avg": 0.5160863568861414,
        "med": 0.5075020350996473,
        "quart_1": 0.4835932076246864,
        "quart_3": 0.5538748567681029,
        "min": 0.005434549533287036,
        "max": 0.793247634544415,
        "stdv": 0.08901286726495641
    },
    "proc_price_imp": {
        "avg": 0.053457087446110066,
        "med": 0.0007905673912176408,
        "quart_1": 0.0004636130214237284,
        "quart_3": 0.0011516156647608355,
        "min": 1.4444981947890656e-07,
        "max": 51.830851891450756,
        "stdv": 1.1097680043481037
    }
}