{
    "cap_eff": {
        "avg": 0.07993570585465691,
        "med": 0.0029267510170487565,
        "quart_1": 0.001822728603614876,
        "quart_3": 0.004840893251973122,
        "min": 4.0719263405541994e-08,
        "max": 904.8814510012949,
        "stdv": 4.048875332145346
    },
    "imp_gain": {
        "avg": 6.556701604996372,
        "med": 0.224452894410476,
        "quart_1": 0.0001449845206999978,
        "quart_3": 5.7661827617210175,
        "min": 2.220446049250313e-16,
        "max": 181.5088011317321,
        "stdv": 15.199157210523216
    },
    "imp_loss": {
        "avg": 0.3471382650020403,
        "med": 0.00300020113480004,
        "quart_1": 0.0,
        "quart_3": 0.8171289413567852,
        "min": 0.0,
        "max": 0.9925374815741383,
        "stdv": 0.4052828663285708
    },
    "price_imp": {
        "avg": 0.25294373561497774,
        "med": 0.00515805897341799,
        "quart_1": 0.0034488008063574046,
        "quart_3": 0.007249354058960944,
        "min": 8.224021915351149e-07,
        "max": 401.0322683040002,
        "stdv": 4.727522784804324
    },
    "proc_cap_eff": {
        "avg": 0.04202926311126437,
        "med": 0.0029252041140244156,
        "quart_1": 0.001822267813601508,
        "quart_3": 0.004835563883086369,
        "min": 4.0719263405541994e-08,
        "max": 12.110382445804593,
        "stdv": 0.35486007196596386
    },
    "proc_imp_gain": {
        "avg": 6.48018470089659,
        "med": 0.2208525589608883,
        "quart_1": 0.000144826183311908,
        "quart_3": 5.752351425698498,
        "min": 2.220446049250313e-16,
        "max": 147.767006599759,
        "stdv": 14.810925891957865
    },
    "proc_imp_loss": {
        "avg": 0.3468158602119797,
        "med": 0.002988389586088047,
        "quart_1": 0.0,
        "quart_3": 0.8170408681517775,
        "min": 0.0,
        "max": 0.9909457883292997,
        "stdv": 0.40512766669499944
    },
    "proc_price_imp": {
        "avg": 0.1704174040718643,
        "med": 0.005155278353370041,
        "quart_1": 0.0034476941350576546,
        "quart_3": 0.0072451943497858495,
        "min": 8.224021915351149e-07,
        "max": 88.23243524201997,
        "stdv": 2.354455748690573
    }
}