{
    "cap_eff": {
        "avg": 0.08745705623023212,
        "med": 0.0019529081793194236,
        "quart_1": 0.0012158827987347465,
        "quart_3": 0.0032328189462025314,
        "min": 6.92752850639522e-08,
        "max": 1303.2104710893477,
        "stdv": 5.703772923727867
    },
    "imp_gain": {
        "avg": 6.544827446115219,
        "med": 0.22738858974105391,
        "quart_1": 0.00014914149696898527,
        "quart_3": 5.611079837075466,
        "min": 2.220446049250313e-16,
        "max": 184.13959270791804,
        "stdv": 15.583683634146187
    },
    "imp_loss": {
        "avg": 0.3623916323562751,
        "med": 0.0030293164908945514,
        "quart_1": 0.0,
        "quart_3": 0.8503068809786571,
        "min": 0.0,
        "max": 0.995188510034523,
        "stdv": 0.4209379637977681
    },
    "price_imp": {
        "avg": 0.32097067432372317,
        "med": 0.0034483959969506994,
        "quart_1": 0.0023051666545286656,
        "quart_3": 0.0048585334466618585,
        "min": 5.470571652993321e-07,
        "max": 576.4418656443779,
        "stdv": 6.66132566166185
    },
    "proc_cap_eff": {
        "avg": 0.03751289935846485,
        "med": 0.0019521152187972346,
        "quart_1": 0.0012155676368098556,
        "quart_3": 0.0032290263259998064,
        "min": 6.92752850639522e-08,
        "max": 11.76225803995299,
        "stdv": 0.3261978347202202
    },
    "proc_imp_gain": {
        "avg": 6.466524961404701,
        "med": 0.22493259775636631,
        "quart_1": 0.0001488714299420213,
        "quart_3": 5.589045310917813,
        "min": 2.220446049250313e-16,
        "max": 150.35695001266384,
        "stdv": 15.187418907126231
    },
    "proc_imp_loss": {
        "avg": 0.362075552437807,
        "med": 0.0030190006101508127,
        "quart_1": 0.0,
        "quart_3": 0.8502508623195378,
        "min": 0.0,
        "max": 0.994000372015337,
        "stdv": 0.4208056914886757
    },
    "proc_price_imp": {
        "avg": 0.20315405633595846,
        "med": 0.003447228491322528,
        "quart_1": 0.0023045560140318557,
        "quart_3": 0.00485557092561659,
        "min": 5.470571652993321e-07,
        "max": 114.34882208332903,
        "stdv": 3.0262792295007097
    }
}