{
    "cap_eff": {
        "avg": 0.11888541368537996,
        "med": 0.000976917234218555,
        "quart_1": 0.0006083427631652927,
        "quart_3": 0.0016178542387503825,
        "min": 1.308916586229003e-07,
        "max": 2503.8995073797237,
        "stdv": 10.70672705258588
    },
    "imp_gain": {
        "avg": 6.456822330266708,
        "med": 0.24542778771934093,
        "quart_1": 0.00015033824633636783,
        "quart_3": 5.33605938776115,
        "min": 2.220446049250313e-16,
        "max": 185.8433690106722,
        "stdv": 15.943388122438881
    },
    "imp_loss": {
        "avg": 0.38212968377945034,
        "med": 0.0030883671780265742,
        "quart_1": 0.0,
        "quart_3": 0.8950998015573172,
        "min": 0.0,
        "max": 0.9975938574475787,
        "stdv": 0.4412638736567915
    },
    "price_imp": {
        "avg": 0.5277787609515848,
        "med": 0.001728929975535445,
        "quart_1": 0.0011557800079042366,
        "quart_3": 0.002440285354954157,
        "min": 2.732567655921784e-07,
        "max": 1348.4615455929136,
        "stdv": 12.189018034228539
    },
    "proc_cap_eff": {
        "avg": 0.03253059192038044,
        "med": 0.000976622839688135,
        "quart_1": 0.0006081843779114915,
        "quart_3": 0.001615980832742392,
        "min": 1.308916586229003e-07,
        "max": 11.37597008587318,
        "stdv": 0.3018837873851047
    },
    "proc_imp_gain": {
        "avg": 6.377498491262055,
        "med": 0.24410401090476364,
        "quart_1": 0.0001502853653023717,
        "quart_3": 5.3119553405745545,
        "min": 2.220446049250313e-16,
        "max": 152.06072631541798,
        "stdv": 15.545966536438113
    },
    "proc_imp_loss": {
        "avg": 0.38182199490359403,
        "med": 0.00307738950575398,
        "quart_1": 0.0,
        "quart_3": 0.8950711351746692,
        "min": 0.0,
        "max": 0.9972084210291139,
        "stdv": 0.44115957098454156
    },
    "proc_price_imp": {
        "avg": 0.31675137271828685,
        "med": 0.001728294570001954,
        "quart_1": 0.001155543823167677,
        "quart_3": 0.002439160484677747,
        "min": 2.732567655921784e-07,
        "max": 210.6324950071997,
        "stdv": 5.217140096541538
    }
}