{
    "cap_eff": {
        "avg": 0.38895690180886394,
        "med": 0.00019578376511875106,
        "quart_1": 0.0001219799365594354,
        "quart_3": 0.0003245545626267554,
        "min": 9.704309800184774e-09,
        "max": 12361.581871501874,
        "stdv": 51.086343427329865
    },
    "imp_gain": {
        "avg": 5.35617516294793,
        "med": 0.2518011578314181,
        "quart_1": 0.00014186532561955012,
        "quart_3": 4.1132862834181365,
        "min": 2.220446049250313e-16,
        "max": 142.40555851666633,
        "stdv": 13.115709257583815
    },
    "imp_loss": {
        "avg": 0.4086163803346229,
        "med": 0.0031818510458383464,
        "quart_1": 0.0,
        "quart_3": 0.958512168361243,
        "min": 0.0,
        "max": 0.9995726426457218,
        "stdv": 0.46832256270366485
    },
    "price_imp": {
        "avg": 2.4108775684762387,
        "med": 0.0003466913915038367,
        "quart_1": 0.0002318857338237763,
        "quart_3": 0.0004899643492890714,
        "min": 5.241643760785443e-08,
        "max": 5061.824049368918,
        "stdv": 52.68742936038223
    },
    "proc_cap_eff": {
        "avg": 0.03020792986589716,
        "med": 0.0001957049817307155,
        "quart_1": 0.0001219533857311772,
        "quart_3": 0.000324096164576515,
        "min": 9.704309800184774e-09,
        "max": 11.89053606714555,
        "stdv": 0.32278164059282344
    },
    "proc_imp_gain": {
        "avg": 5.293982803559788,
        "med": 0.250008367786293,
        "quart_1": 0.0001415655774201774,
        "quart_3": 4.105975909765799,
        "min": 2.220446049250313e-16,
        "max": 114.1220708559755,
        "stdv": 12.819792250052958
    },
    "proc_imp_loss": {
        "avg": 0.4083208931397414,
        "med": 0.0031704615007236425,
        "quart_1": 0.0,
        "quart_3": 0.958459753560091,
        "min": 0.0,
        "max": 0.999529476411885,
        "stdv": 0.46825312830557925
    },
    "proc_price_imp": {
        "avg": 1.4873714122805906,
        "med": 0.00034664286340896637,
        "quart_1": 0.0002318226782481771,
        "quart_3": 0.000489648160220015,
        "min": 5.241643760785443e-08,
        "max": 962.5808864942658,
        "stdv": 25.475973149982607
    }
}