{
    "cap_eff": {
        "avg": 8.117490615049867e-14,
        "med": 1.9317880628477724e-14,
        "quart_1": 9.103828801926284e-15,
        "quart_3": 3.6193270602780103e-14,
        "min": 0.0,
        "max": 1.906439006660321e-09,
        "stdv": 7.683948077908772e-12
    },
    "imp_gain": {
        "avg": 0.13275129016846654,
        "med": 0.09603267816219863,
        "quart_1": 0.042696078607942445,
        "quart_3": 0.1956669096108623,
        "min": 2.1142135737672874e-06,
        "max": 0.5320593689372644,
        "stdv": 0.11849864942464222
    },
    "imp_loss": {
        "avg": 0.09900783024273238,
        "med": 0.05380129527544508,
        "quart_1": 0.0,
        "quart_3": 0.13962929141756775,
        "min": 0.0,
        "max": 0.6958336115493353,
        "stdv": 0.12549790046155576
    },
    "price_imp": {
        "avg": 8.117470564565722e-14,
        "med": 1.93930371852539e-14,
        "quart_1": 9.03311701005901e-15,
        "quart_3": 3.625215091513856e-14,
        "min": 0.0,
        "max": 1.906439104566169e-09,
        "stdv": 7.683948305794183e-12
    },
    "proc_cap_eff": {
        "avg": 3.592072236331769e-14,
        "med": 1.9317880628477724e-14,
        "quart_1": 9.103828801926284e-15,
        "quart_3": 3.6193270602780103e-14,
        "min": 0.0,
        "max": 4.714451051768265e-12,
        "stdv": 1.0698102648232766e-13
    },
    "proc_imp_gain": {
        "avg": 0.13255443608624334,
        "med": 0.09595522685769642,
        "quart_1": 0.04268830448503724,
        "quart_3": 0.19547118624221493,
        "min": 2.1142135737672874e-06,
        "max": 0.5229398801484157,
        "stdv": 0.11820049220611453
    },
    "proc_imp_loss": {
        "avg": 0.09871904090160134,
        "med": 0.053722961258003576,
        "quart_1": 0.0,
        "quart_3": 0.1395051589052656,
        "min": 0.0,
        "max": 0.669041959801093,
        "stdv": 0.12486271221621256
    },
    "proc_price_imp": {
        "avg": 3.5920516131052126e-14,
        "med": 1.9385093342484186e-14,
        "quart_1": 9.029410433159875e-15,
        "quart_3": 3.6212543168554484e-14,
        "min": 0.0,
        "max": 4.7144858517283814e-12,
        "stdv": 1.0698127876618003e-13
    }
}