{
    "cap_eff": {
        "avg": 0.0036387717021029646,
        "med": 0.0025907906113275536,
        "quart_1": 0.0011988698348809335,
        "quart_3": 0.005093391792028168,
        "min": 3.153663330479617e-09,
        "max": 0.03616213472342644,
        "stdv": 0.003367396333939998
    },
    "imp_gain": {
        "avg": 0.3529937956074319,
        "med": 0.21396227761895825,
        "quart_1": 0.08005004423394435,
        "quart_3": 0.40927574671243994,
        "min": 1.1914382505029408e-06,
        "max": 1.5767690650614465,
        "stdv": 0.3883761922424737
    },
    "imp_loss": {
        "avg": 0.19609962924492924,
        "med": 0.1823704220593224,
        "quart_1": 0.09308561620653566,
        "quart_3": 0.3019518803320925,
        "min": 0.0,
        "max": 0.4759834961025894,
        "stdv": 0.12217778811853028
    },
    "price_imp": {
        "avg": 0.003622346937111035,
        "med": 0.0022138658157985205,
        "quart_1": 0.0014618113984654763,
        "quart_3": 0.003449614997762764,
        "min": 4.84166693357636e-08,
        "max": 0.03860283446673225,
        "stdv": 0.004075027770595205
    },
    "proc_cap_eff": {
        "avg": 0.00362764546692778,
        "med": 0.0025892636391758317,
        "quart_1": 0.0011979953380166775,
        "quart_3": 0.0050885308469146295,
        "min": 3.153663330479617e-09,
        "max": 0.02329393576795824,
        "stdv": 0.003330794514243748
    },
    "proc_imp_gain": {
        "avg": 0.35239547845471597,
        "med": 0.21390602994869723,
        "quart_1": 0.0799755578390069,
        "quart_3": 0.40849293968892697,
        "min": 1.1914382505029408e-06,
        "max": 1.5432662357590599,
        "stdv": 0.3875461310905006
    },
    "proc_imp_loss": {
        "avg": 0.19596152803983927,
        "med": 0.18222297651167918,
        "quart_1": 0.09304330922383997,
        "quart_3": 0.30166569731273696,
        "min": 0.0,
        "max": 0.4716081054861746,
        "stdv": 0.12205173156462854
    },
    "proc_price_imp": {
        "avg": 0.0036088610030361227,
        "med": 0.0022129756635437467,
        "quart_1": 0.0014614938547050963,
        "quart_3": 0.0034456392129729135,
        "min": 4.84166693357636e-08,
        "max": 0.028120708152381848,
        "stdv": 0.004030838905397523
    }
}