{
    "cap_eff": {
        "avg": 9.433730906040273e-05,
        "med": 6.21606694344301e-05,
        "quart_1": 3.250834547774417e-05,
        "quart_3": 0.00010690587995076939,
        "min": 7.68331620548679e-10,
        "max": 0.3057434121240816,
        "stdv": 0.0010960207838932928
    },
    "imp_gain": {
        "avg": 0.0007726234503699853,
        "med": 0.0004533434363498401,
        "quart_1": 0.00014831497356349033,
        "quart_3": 0.0010764413745939505,
        "min": 3.048999808186181e-08,
        "max": 0.01697946817409668,
        "stdv": 0.000921271235475407
    },
    "imp_loss": {
        "avg": 0.0008851285807365845,
        "med": 0.0005853879681668728,
        "quart_1": 0.0002208498029344641,
        "quart_3": 0.0012342414945988311,
        "min": 0.0,
        "max": 0.018097006184921494,
        "stdv": 0.0009423068736759967
    },
    "price_imp": {
        "avg": 0.00012485134077556924,
        "med": 9.892727670257498e-05,
        "quart_1": 5.935715780187519e-05,
        "quart_3": 0.00015307173696952364,
        "min": 0.0,
        "max": 0.391304347826087,
        "stdv": 0.0013203689207396832
    },
    "proc_cap_eff": {
        "avg": 8.593709752633091e-05,
        "med": 6.213226008422446e-05,
        "quart_1": 3.249812683681075e-05,
        "quart_3": 0.00010683964385777012,
        "min": 7.68331620548679e-10,
        "max": 0.0025862363102828745,
        "stdv": 0.00010460848258498956
    },
    "proc_imp_gain": {
        "avg": 0.0007678096915569308,
        "med": 0.0004527151692225173,
        "quart_1": 0.00014820559278616585,
        "quart_3": 0.0010757438747870385,
        "min": 3.048999808186181e-08,
        "max": 0.008489291431642565,
        "stdv": 0.0008950026669707434
    },
    "proc_imp_loss": {
        "avg": 0.0008806961240050025,
        "med": 0.000585081238889229,
        "quart_1": 0.00022081589069444796,
        "quart_3": 0.0012330388617545207,
        "min": 0.0,
        "max": 0.008063111769067377,
        "stdv": 0.0009205513773152508
    },
    "proc_price_imp": {
        "avg": 0.00011899372989181455,
        "med": 9.889268699313293e-05,
        "quart_1": 5.934377401071303e-05,
        "quart_3": 0.0001529506648987894,
        "min": 0.0,
        "max": 0.0008334002229673645,
        "stdv": 9.00985658293161e-05
    }
}