{
    "cap_eff": {
        "avg": 0.0010839403374622307,
        "med": 0.0009087613226501645,
        "quart_1": 0.0005532955822772911,
        "quart_3": 0.0014057899547870734,
        "min": 2.6733979474613534e-09,
        "max": 0.014618377227439971,
        "stdv": 0.0008014063467660368
    },
    "imp_gain": {
        "avg": 0.00174760863130103,
        "med": 0.0009700962924130696,
        "quart_1": 0.00038820473679335166,
        "quart_3": 0.0024141466179021798,
        "min": 2.220446049250313e-16,
        "max": 0.038506640729291775,
        "stdv": 0.002068823348037602
    },
    "imp_loss": {
        "avg": 0.0010829540029352323,
        "med": 0.00044343733106921857,
        "quart_1": 0.0,
        "quart_3": 0.0015991782393252052,
        "min": 0.0,
        "max": 0.030344063686686185,
        "stdv": 0.0015179657795146215
    },
    "price_imp": {
        "avg": 0.0017413224915579337,
        "med": 0.0015500665563695582,
        "quart_1": 0.0010171325999000127,
        "quart_3": 0.002244735312400012,
        "min": 2.2994565391891607e-08,
        "max": 0.012991521278388294,
        "stdv": 0.001053266555568563
    },
    "proc_cap_eff": {
        "avg": 0.0010802920270042802,
        "med": 0.0009083349505025762,
        "quart_1": 0.0005530986449125974,
        "quart_3": 0.0014048324996457362,
        "min": 2.6733979474613534e-09,
        "max": 0.007292427122598255,
        "stdv": 0.0007838423997464104
    },
    "proc_imp_gain": {
        "avg": 0.0017378005613419762,
        "med": 0.0009690261738626305,
        "quart_1": 0.0003879207272239338,
        "quart_3": 0.002410500706824026,
        "min": 2.220446049250313e-16,
        "max": 0.01799162727831094,
        "stdv": 0.0020206897715116384
    },
    "proc_imp_loss": {
        "avg": 0.0010759307112331148,
        "med": 0.000442862216333495,
        "quart_1": 0.0,
        "quart_3": 0.0015958286163358926,
        "min": 0.0,
        "max": 0.012676876894071931,
        "stdv": 0.001484296993848363
    },
    "proc_price_imp": {
        "avg": 0.0017376751228854051,
        "med": 0.0015494421265112859,
        "quart_1": 0.0010169163555298695,
        "quart_3": 0.0022433512386500383,
        "min": 2.2994565391891607e-08,
        "max": 0.00797155659347202,
        "stdv": 0.0010401864902281398
    }
}