{
    "cap_eff": {
        "avg": 0.002163645741134533,
        "med": 0.0018147669064464411,
        "quart_1": 0.001104944297412147,
        "quart_3": 0.0028062478721818662,
        "min": 1.7500751359200706e-07,
        "max": 0.029021948781111195,
        "stdv": 0.001597937278142874
    },
    "imp_gain": {
        "avg": 0.001740279256123241,
        "med": 0.0009569190525922089,
        "quart_1": 0.0003821398946874943,
        "quart_3": 0.002414561049386421,
        "min": 2.220446049250313e-16,
        "max": 0.03858184183447233,
        "stdv": 0.0020681474907254262
    },
    "imp_loss": {
        "avg": 0.0010814240338670386,
        "med": 0.0004387482775174978,
        "quart_1": 0.0,
        "quart_3": 0.001597403310135248,
        "min": 0.0,
        "max": 0.03014666035849134,
        "stdv": 0.0015169072461498332
    },
    "price_imp": {
        "avg": 0.0034740243914763466,
        "med": 0.0030942543963053877,
        "quart_1": 0.0020313382925971736,
        "quart_3": 0.004479398218463444,
        "min": 5.368230369228575e-08,
        "max": 0.025783516579517066,
        "stdv": 0.0020972878294028088
    },
    "proc_cap_eff": {
        "avg": 0.0021563898893711187,
        "med": 0.0018137945678884382,
        "quart_1": 0.0011047178160812354,
        "quart_3": 0.0028041956741343133,
        "min": 1.7500751359200706e-07,
        "max": 0.014529021721277013,
        "stdv": 0.0015631102872260974
    },
    "proc_imp_gain": {
        "avg": 0.001730461032563104,
        "med": 0.0009562133699396735,
        "quart_1": 0.00038198507591080677,
        "quart_3": 0.002409541656128278,
        "min": 2.220446049250313e-16,
        "max": 0.017976824911783762,
        "stdv": 0.002019877908992861
    },
    "proc_imp_loss": {
        "avg": 0.001074428869612084,
        "med": 0.0004381111511553293,
        "quart_1": 0.0,
        "quart_3": 0.0015951390698115686,
        "min": 0.0,
        "max": 0.012636385337168043,
        "stdv": 0.0014835148957600065
    },
    "proc_price_imp": {
        "avg": 0.0034667881878780375,
        "med": 0.003093239437702283,
        "quart_1": 0.0020302793296897,
        "quart_3": 0.004477068003776647,
        "min": 5.368230369228575e-08,
        "max": 0.015864336776557894,
        "stdv": 0.0020714395058194983
    }
}