{
    "cap_eff": {
        "avg": 0.02879202647856707,
        "med": 0.0037851801196915336,
        "quart_1": 0.0017996095266583079,
        "quart_3": 0.006531343629370245,
        "min": 5.35943948998252e-07,
        "max": 1.9471398626160163,
        "stdv": 0.11643777210929294
    },
    "imp_gain": {
        "avg": 15.013617152619563,
        "med": 2.349710205591366,
        "quart_1": 0.040574609910806636,
        "quart_3": 15.795668638650316,
        "min": 2.220446049250313e-16,
        "max": 336.0906357732367,
        "stdv": 28.037000043748996
    },
    "imp_loss": {
        "avg": 0.36712474623117847,
        "med": 0.04910544267490191,
        "quart_1": 0.0,
        "quart_3": 0.9087455086586346,
        "min": 0.0,
        "max": 0.9970334388028723,
        "stdv": 0.43106468595179415
    },
    "price_imp": {
        "avg": 0.02449150284730768,
        "med": 0.006538741101050452,
        "quart_1": 0.003710294822322006,
        "quart_3": 0.00962129235023896,
        "min": 7.805157003181746e-07,
        "max": 2.0068002284237543,
        "stdv": 0.09747448139383895
    },
    "proc_cap_eff": {
        "avg": 0.02830678779891134,
        "med": 0.0037831868049763573,
        "quart_1": 0.0017983261599519018,
        "quart_3": 0.006524748402555347,
        "min": 5.35943948998252e-07,
        "max": 0.9584048386621099,
        "stdv": 0.11428003051820253
    },
    "proc_imp_gain": {
        "avg": 14.890713836669688,
        "med": 2.337304862152233,
        "quart_1": 0.040548653675485546,
        "quart_3": 15.766489615479141,
        "min": 2.220446049250313e-16,
        "max": 218.6902963032427,
        "stdv": 27.487218140544442
    },
    "proc_imp_loss": {
        "avg": 0.36681035568894493,
        "med": 0.04901244727654075,
        "quart_1": 0.0,
        "quart_3": 0.9086645690578047,
        "min": 0.0,
        "max": 0.9953638505062496,
        "stdv": 0.4309430222041361
    },
    "proc_price_imp": {
        "avg": 0.023727498261212867,
        "med": 0.006535426437524184,
        "quart_1": 0.0037084664964263997,
        "quart_3": 0.009614440320506783,
        "min": 7.805157003181746e-07,
        "max": 1.41436513087377,
        "stdv": 0.09108867977603242
    }
}