{
    "cap_eff": {
        "avg": 4.0382573594937196e-14,
        "med": 1.532107773982716e-14,
        "quart_1": 5.551115123125783e-15,
        "quart_3": 3.008704396734174e-14,
        "min": 0.0,
        "max": 1.0539547012911044e-10,
        "stdv": 7.917932885731877e-13
    },
    "imp_gain": {
        "avg": 2.3479888453341764,
        "med": 0.4859445035679648,
        "quart_1": 0.06488981192528853,
        "quart_3": 1.3648592818952676,
        "min": 2.112577117907577e-06,
        "max": 93.70778812984254,
        "stdv": 6.094491737901887
    },
    "imp_loss": {
        "avg": 0.4241958187882477,
        "med": 0.16296786779577987,
        "quart_1": 0.0,
        "quart_3": 0.9921677964061072,
        "min": 0.0,
        "max": 0.9999999023725574,
        "stdv": 0.4482641732463912
    },
    "price_imp": {
        "avg": 4.0381693090673684e-14,
        "med": 1.5397076442389395e-14,
        "quart_1": 5.581334494298856e-15,
        "quart_3": 3.008790439800519e-14,
        "min": 0.0,
        "max": 1.0539544461810866e-10,
        "stdv": 7.91793279727964e-13
    },
    "proc_cap_eff": {
        "avg": 2.9188783240792494e-14,
        "med": 1.532107773982716e-14,
        "quart_1": 5.551115123125783e-15,
        "quart_3": 2.9976021664879227e-14,
        "min": 0.0,
        "max": 6.1803895334833214e-12,
        "stdv": 9.852970443579578e-14
    },
    "proc_imp_gain": {
        "avg": 2.307007988952864,
        "med": 0.484236126974108,
        "quart_1": 0.06481865454223357,
        "quart_3": 1.3647589181744118,
        "min": 2.112577117907577e-06,
        "max": 79.75314958847675,
        "stdv": 5.8130450728932574
    },
    "proc_imp_loss": {
        "avg": 0.42390782780609976,
        "med": 0.16184689573396593,
        "quart_1": 0.0,
        "quart_3": 0.9921198127512663,
        "min": 0.0,
        "max": 0.9999954967538199,
        "stdv": 0.44819121228405456
    },
    "proc_price_imp": {
        "avg": 2.9187906288144167e-14,
        "med": 1.5386260705121224e-14,
        "quart_1": 5.579048838531113e-15,
        "quart_3": 3.0055097268390106e-14,
        "min": 0.0,
        "max": 6.180349084504987e-12,
        "stdv": 9.852979162002016e-14
    }
}