{
    "cap_eff": {
        "avg": 0.028253111900501462,
        "med": 0.007978697282575498,
        "quart_1": 0.0026712539087472287,
        "quart_3": 0.019318975922324455,
        "min": 1.7087046422226138e-07,
        "max": 0.9393224891203731,
        "stdv": 0.10067580512307055
    },
    "imp_gain": {
        "avg": 0.0006819235521026146,
        "med": 0.0007037854914374586,
        "quart_1": 0.0002208574700039989,
        "quart_3": 0.0011867135128709183,
        "min": 4.5961955325246606e-05,
        "max": 0.0011867135128709183,
        "stdv": 0.0005076224688105798
    },
    "imp_loss": {
        "avg": 0.7757841496600051,
        "med": 0.8213086654409741,
        "quart_1": 0.7468558348059812,
        "quart_3": 0.8961612313452076,
        "min": 0.0,
        "max": 0.9615640651132068,
        "stdv": 0.1761000189469248
    },
    "price_imp": {
        "avg": 0.018251130846246494,
        "med": 0.012830507635787188,
        "quart_1": 0.005506455803639622,
        "quart_3": 0.024352254711178873,
        "min": 7.02166171721542e-07,
        "max": 0.27457266915263806,
        "stdv": 0.018786429151125134
    },
    "proc_cap_eff": {
        "avg": 0.027800680732277108,
        "med": 0.007967773167612824,
        "quart_1": 0.002670285340120926,
        "quart_3": 0.01928370409629343,
        "min": 1.7087046422226138e-07,
        "max": 0.9312943608336488,
        "stdv": 0.09864407453831728
    },
    "proc_imp_gain": {
        "avg": 0.0006819235521026146,
        "med": 0.0007037854914374586,
        "quart_1": 0.0002208574700039989,
        "quart_3": 0.0011867135128709183,
        "min": 4.5961955325246606e-05,
        "max": 0.0011867135128709183,
        "stdv": 0.0005076224688105798
    },
    "proc_imp_loss": {
        "avg": 0.7761687340644022,
        "med": 0.821353722728661,
        "quart_1": 0.7470351051977173,
        "quart_3": 0.8962427998417847,
        "min": 0.008451716201023585,
        "max": 0.9615640651132068,
        "stdv": 0.1752990839577175
    },
    "proc_price_imp": {
        "avg": 0.018165364868711124,
        "med": 0.012818699487409435,
        "quart_1": 0.005503188321864572,
        "quart_3": 0.02431638438205126,
        "min": 7.02166171721542e-07,
        "max": 0.16611886831735237,
        "stdv": 0.018386582936319163
    }
}