{
    "cap_eff": {
        "avg": 4.7014551983357375e-15,
        "med": 6.661338147750939e-16,
        "quart_1": 2.220446049250313e-16,
        "quart_3": 1.5543122344752192e-15,
        "min": 0.0,
        "max": 6.689315767971493e-12,
        "stdv": 6.689923438181516e-14
    },
    "imp_gain": {
        "avg": 0.0006478853358204725,
        "med": 0.00021682279418011596,
        "quart_1": 0.00021682279418011596,
        "quart_3": 0.0011867135128709183,
        "min": 0.00021682279418011596,
        "max": 0.0011867135128709183,
        "stdv": 0.00048194257283083557
    },
    "imp_loss": {
        "avg": 0.9559742398984945,
        "med": 0.9948195272668026,
        "quart_1": 0.9836352534318865,
        "quart_3": 0.9997281654851529,
        "min": 0.0,
        "max": 0.9999999781013104,
        "stdv": 0.1492053949823846
    },
    "price_imp": {
        "avg": 4.6973461740129816e-15,
        "med": 6.602099389075116e-16,
        "quart_1": 2.6641593835473177e-16,
        "quart_3": 1.5148680960112375e-15,
        "min": 0.0,
        "max": 6.689301244882257e-12,
        "stdv": 6.689955397010725e-14
    },
    "proc_cap_eff": {
        "avg": 3.504273829453782e-15,
        "med": 6.661338147750939e-16,
        "quart_1": 2.220446049250313e-16,
        "quart_3": 1.5543122344752192e-15,
        "min": 0.0,
        "max": 9.7577501634305e-13,
        "stdv": 2.1367725734587613e-14
    },
    "proc_imp_gain": {
        "avg": 0.0006478853358204725,
        "med": 0.00021682279418011596,
        "quart_1": 0.00021682279418011596,
        "quart_3": 0.0011867135128709183,
        "min": 0.00021682279418011596,
        "max": 0.0011867135128709183,
        "stdv": 0.00048194257283083557
    },
    "proc_imp_loss": {
        "avg": 0.9564502359845511,
        "med": 0.9948253973285289,
        "quart_1": 0.9836664018831898,
        "quart_3": 0.9997286530609674,
        "min": 0.00703802093959649,
        "max": 0.9999999781013104,
        "stdv": 0.14771523526530836
    },
    "proc_price_imp": {
        "avg": 3.500154931927123e-15,
        "med": 6.597297472505586e-16,
        "quart_1": 2.6635878708794065e-16,
        "quart_3": 1.510778881813276e-15,
        "min": 0.0,
        "max": 9.757825474677537e-13,
        "stdv": 2.1367812175565747e-14
    }
}