{
    "cap_eff": {
        "avg": 0.027633281147016416,
        "med": 0.002834445546792741,
        "quart_1": 0.0013704063576487902,
        "quart_3": 0.006757806501006214,
        "min": 9.646510499283778e-07,
        "max": 140.72564515124358,
        "stdv": 0.8778702652953215
    },
    "imp_gain": {
        "avg": 0.0006810055384237068,
        "med": 0.0007032857567513817,
        "quart_1": 0.00021985800063184513,
        "quart_3": 0.0011867135128709183,
        "min": 4.1616254010445886e-05,
        "max": 0.0011867135128709183,
        "stdv": 0.0005086442806047018
    },
    "imp_loss": {
        "avg": 0.7768703593504267,
        "med": 0.8151857743023582,
        "quart_1": 0.7581037665355247,
        "quart_3": 0.8626179153185165,
        "min": 0.0,
        "max": 0.9972412729690388,
        "stdv": 0.15240603894214813
    },
    "price_imp": {
        "avg": 0.07441308779267267,
        "med": 0.001602374578455037,
        "quart_1": 0.0008210346805354854,
        "quart_3": 0.002895818250003116,
        "min": 2.423799593454433e-07,
        "max": 257.96853393665157,
        "stdv": 2.571725514338391
    },
    "proc_cap_eff": {
        "avg": 0.017844732397497644,
        "med": 0.0028324525166867898,
        "quart_1": 0.0013698447911875689,
        "quart_3": 0.006749626586348034,
        "min": 9.646510499283778e-07,
        "max": 1.4557522190920573,
        "stdv": 0.08772314746305003
    },
    "proc_imp_gain": {
        "avg": 0.0006810055384237068,
        "med": 0.0007032857567513817,
        "quart_1": 0.00021985800063184513,
        "quart_3": 0.0011867135128709183,
        "min": 4.1616254010445886e-05,
        "max": 0.0011867135128709183,
        "stdv": 0.0005086442806047018
    },
    "proc_imp_loss": {
        "avg": 0.7772549192327133,
        "med": 0.8152351859821303,
        "quart_1": 0.7582263850971931,
        "quart_3": 0.8626538824655225,
        "min": 0.008068089220045205,
        "max": 0.9972412729690388,
        "stdv": 0.1514658607955593
    },
    "proc_price_imp": {
        "avg": 0.026194097675614612,
        "med": 0.001601355434964421,
        "quart_1": 0.0008206690416634639,
        "quart_3": 0.0028925664552121033,
        "min": 2.423799593454433e-07,
        "max": 42.66380664521589,
        "stdv": 0.6559981287348077
    }
}