{
    "cap_eff": {
        "avg": 0.011163178108264482,
        "med": 0.0005713639675786197,
        "quart_1": 0.0002687787922471818,
        "quart_3": 0.0010497763823493766,
        "min": 1.985964459549905e-08,
        "max": 7.58782220175625,
        "stdv": 0.08355825083178235
    },
    "imp_gain": {
        "avg": 0.000679779491892768,
        "med": 0.0007022749383406302,
        "quart_1": 0.000217836363810342,
        "quart_3": 0.0011867135128709183,
        "min": 3.787279222744466e-05,
        "max": 0.0011867135128709183,
        "stdv": 0.0005099199665539756
    },
    "imp_loss": {
        "avg": 0.5139738176015005,
        "med": 0.5062397887143625,
        "quart_1": 0.471679719314702,
        "quart_3": 0.553314332907969,
        "min": 0.0,
        "max": 0.7963533102062447,
        "stdv": 0.093507292743885
    },
    "price_imp": {
        "avg": 0.0035804573812956196,
        "med": 0.0007950175585306654,
        "quart_1": 0.00045482327836147323,
        "quart_3": 0.0011596060128870813,
        "min": 1.072070604248972e-07,
        "max": 55.837244303509465,
        "stdv": 0.2696815626219205
    },
    "proc_cap_eff": {
        "avg": 0.010327250748956587,
        "med": 0.0005709840987483394,
        "quart_1": 0.00026858475947910687,
        "quart_3": 0.0010481397747159615,
        "min": 1.985964459549905e-08,
        "max": 0.822952992535423,
        "stdv": 0.06520508349298797
    },
    "proc_imp_gain": {
        "avg": 0.000679779491892768,
        "med": 0.0007022749383406302,
        "quart_1": 0.000217836363810342,
        "quart_3": 0.0011867135128709183,
        "min": 3.787279222744466e-05,
        "max": 0.0011867135128709183,
        "stdv": 0.0005099199665539756
    },
    "proc_imp_loss": {
        "avg": 0.514227508673273,
        "med": 0.5062884919096547,
        "quart_1": 0.47170747870940255,
        "quart_3": 0.5533240515965185,
        "min": 0.008104447934621062,
        "max": 0.7963533102062447,
        "stdv": 0.09283642026053786
    },
    "proc_price_imp": {
        "avg": 0.001084181703176378,
        "med": 0.0007947416247360941,
        "quart_1": 0.00045470111487520577,
        "quart_3": 0.0011590194625941425,
        "min": 1.072070604248972e-07,
        "max": 0.46980513146275865,
        "stdv": 0.006891974607479378
    }
}