{
    "cap_eff": {
        "avg": 0.02079059845384262,
        "med": 0.0014313073028550116,
        "quart_1": 0.0006864706635297813,
        "quart_3": 0.002779730479735676,
        "min": 2.217879002675005e-07,
        "max": 186.73509586687442,
        "stdv": 0.9005967336132664
    },
    "imp_gain": {
        "avg": 0.0006803932930073142,
        "med": 0.000702780805216574,
        "quart_1": 0.00021884809756222978,
        "quart_3": 0.0011867135128709183,
        "min": 3.974799988815114e-05,
        "max": 0.0011867135128709183,
        "stdv": 0.0005092812280658369
    },
    "imp_loss": {
        "avg": 0.6411313905557662,
        "med": 0.6584967839773685,
        "quart_1": 0.6213255458629211,
        "quart_3": 0.7007084094593103,
        "min": 0.0,
        "max": 0.8203724269975776,
        "stdv": 0.11682099771201311
    },
    "price_imp": {
        "avg": 0.07367169529408116,
        "med": 0.0014275837531917779,
        "quart_1": 0.0008080576062149704,
        "quart_3": 0.002179708489797526,
        "min": 2.0210290275072888e-07,
        "max": 362.0588157761252,
        "stdv": 3.15449025204035
    },
    "proc_cap_eff": {
        "avg": 0.012578229094043701,
        "med": 0.0014302193304451816,
        "quart_1": 0.0006861344329049945,
        "quart_3": 0.0027766830588920044,
        "min": 2.217879002675005e-07,
        "max": 0.986826152904919,
        "stdv": 0.07224755707225744
    },
    "proc_imp_gain": {
        "avg": 0.0006803932930073142,
        "med": 0.000702780805216574,
        "quart_1": 0.00021884809756222978,
        "quart_3": 0.0011867135128709183,
        "min": 3.974799988815114e-05,
        "max": 0.0011867135128709183,
        "stdv": 0.0005092812280658369
    },
    "proc_imp_loss": {
        "avg": 0.6414483803437988,
        "med": 0.6585221015419136,
        "quart_1": 0.6214003553156051,
        "quart_3": 0.7007661182035074,
        "min": 0.008094970502658838,
        "max": 0.8203724269975776,
        "stdv": 0.11598260686446456
    },
    "proc_price_imp": {
        "avg": 0.016242569832875593,
        "med": 0.0014268897825075312,
        "quart_1": 0.0008078376044939288,
        "quart_3": 0.0021783530223976706,
        "min": 2.0210290275072888e-07,
        "max": 41.0444656231951,
        "stdv": 0.5134423060459312
    }
}