{
    "cap_eff": {
        "avg": 0.22035070405858667,
        "med": 0.0009872370544929954,
        "quart_1": 0.0006174302468935355,
        "quart_3": 0.0016080247534210335,
        "min": 1.4659256364346618e-08,
        "max": 3683.7527116977467,
        "stdv": 19.771290043866923
    },
    "imp_gain": {
        "avg": 10.077210085676475,
        "med": 0.9312660750310806,
        "quart_1": 0.0002992697475381334,
        "quart_3": 6.839397690628664,
        "min": 2.220446049250313e-16,
        "max": 368.33203759464607,
        "stdv": 27.772973862880153
    },
    "imp_loss": {
        "avg": 0.36311087238921674,
        "med": 0.0017308605274015676,
        "quart_1": 0.0,
        "quart_3": 0.9070353161330261,
        "min": 0.0,
        "max": 0.998668400869116,
        "stdv": 0.44171742336284786
    },
    "price_imp": {
        "avg": 1.3459009179422845,
        "med": 0.001772017999089358,
        "quart_1": 0.001179931942093686,
        "quart_3": 0.002493716270876173,
        "min": 3.112480276286473e-08,
        "max": 3238.284469854742,
        "stdv": 38.522750137202635
    },
    "proc_cap_eff": {
        "avg": 0.03654955174588066,
        "med": 0.0009869452042390314,
        "quart_1": 0.0006169040919306035,
        "quart_3": 0.0016061758837919715,
        "min": 1.4659256364346618e-08,
        "max": 16.50903321243142,
        "stdv": 0.37320839145331397
    },
    "proc_imp_gain": {
        "avg": 9.910405361657356,
        "med": 0.9275340710686797,
        "quart_1": 0.0002992290717096502,
        "quart_3": 6.82133769643714,
        "min": 2.220446049250313e-16,
        "max": 325.1958670049627,
        "stdv": 26.75761042273342
    },
    "proc_imp_loss": {
        "avg": 0.36279365391268453,
        "med": 0.001720303024153047,
        "quart_1": 0.0,
        "quart_3": 0.9068660592536709,
        "min": 0.0,
        "max": 0.9973877559695674,
        "stdv": 0.4415998054645317
    },
    "proc_price_imp": {
        "avg": 0.6190688044617957,
        "med": 0.0017713689274374135,
        "quart_1": 0.001179654865702912,
        "quart_3": 0.002492649866954593,
        "min": 3.112480276286473e-08,
        "max": 716.5250840866347,
        "stdv": 14.112717681055008
    }
}