{
    "cap_eff": {
        "avg": 1.8808905099800546,
        "med": 0.0001976178023199715,
        "quart_1": 0.0001235362558176245,
        "quart_3": 0.0003221299143721934,
        "min": 1.5737973146912054e-09,
        "max": 57323.86954395863,
        "stdv": 246.52646903755212
    },
    "imp_gain": {
        "avg": 7.913875369187963,
        "med": 0.9338089021822129,
        "quart_1": 0.0002841644587185943,
        "quart_3": 4.93509026280614,
        "min": 4.440892098500626e-16,
        "max": 300.0306330979096,
        "stdv": 20.846328351246104
    },
    "imp_loss": {
        "avg": 0.3870761689688414,
        "med": 0.001846355312131176,
        "quart_1": 0.0,
        "quart_3": 0.9606938705872933,
        "min": 0.0,
        "max": 0.9997607299862038,
        "stdv": 0.4656203749305978
    },
    "price_imp": {
        "avg": 7.085329060471284,
        "med": 0.0003553683775909945,
        "quart_1": 0.00023658584261935278,
        "quart_3": 0.0005008775157327466,
        "min": 3.770261897574882e-08,
        "max": 15828.779006054318,
        "stdv": 189.35658592847216
    },
    "proc_cap_eff": {
        "avg": 0.041038157607264,
        "med": 0.00019755015419431476,
        "quart_1": 0.00012349450168619436,
        "quart_3": 0.0003215743095011381,
        "min": 1.5737973146912054e-09,
        "max": 23.647968917204015,
        "stdv": 0.5438795517569155
    },
    "proc_imp_gain": {
        "avg": 7.794904629136722,
        "med": 0.9303190172951525,
        "quart_1": 0.0002823771127929975,
        "quart_3": 4.927491538107598,
        "min": 4.440892098500626e-16,
        "max": 208.4185037428899,
        "stdv": 20.148609830257776
    },
    "proc_imp_loss": {
        "avg": 0.38676986487641757,
        "med": 0.0018336453156232446,
        "quart_1": 0.0,
        "quart_3": 0.9605895051817104,
        "min": 0.0,
        "max": 0.999625576216518,
        "stdv": 0.4655351805774912
    },
    "proc_price_imp": {
        "avg": 3.623457469329192,
        "med": 0.0003552726803466061,
        "quart_1": 0.00023653779629101326,
        "quart_3": 0.0005004911776996083,
        "min": 3.770261897574882e-08,
        "max": 3600.063710457228,
        "stdv": 76.90556701719565
    }
}