{
    "cap_eff": {
        "avg": 0.017385463320499242,
        "med": 0.0001478788854047952,
        "quart_1": 7.285225988501454e-05,
        "quart_3": 0.00027618853142064026,
        "min": 6.483993342243366e-10,
        "max": 24.920871749611415,
        "stdv": 0.16357542726941687
    },
    "imp_gain": {},
    "imp_loss": {
        "avg": 0.57107559674486,
        "med": 0.5267190213103807,
        "quart_1": 0.45345274568147553,
        "quart_3": 0.7158680332102265,
        "min": 0.0,
        "max": 0.8760756434330353,
        "stdv": 0.15184953994837147
    },
    "price_imp": {
        "avg": 0.0005429116371503359,
        "med": 0.0002296473496596651,
        "quart_1": 0.00013945080591605454,
        "quart_3": 0.00034823287536390606,
        "min": 1.0318012165375875e-09,
        "max": 4.891883474090746,
        "stdv": 0.01822629458112301
    },
    "proc_cap_eff": {
        "avg": 0.015718059328164984,
        "med": 0.00014780572626121868,
        "quart_1": 7.282628210558695e-05,
        "quart_3": 0.00027587707049581134,
        "min": 6.483993342243366e-10,
        "max": 0.9378239313676764,
        "stdv": 0.09868263126249022
    },
    "proc_imp_gain": {},
    "proc_imp_loss": {
        "avg": 0.5713585124594185,
        "med": 0.5267433571556611,
        "quart_1": 0.4535682365227941,
        "quart_3": 0.7159773936902144,
        "min": 0.007744300893300138,
        "max": 0.8760756434330353,
        "stdv": 0.1513573386796469
    },
    "proc_price_imp": {
        "avg": 0.00039048720115794687,
        "med": 0.0002295488765976237,
        "quart_1": 0.00013942648340524257,
        "quart_3": 0.0003478395090559201,
        "min": 1.0318012165375875e-09,
        "max": 0.0427888042366405,
        "stdv": 0.001169947392529862
    }
}