{
    "cap_eff": {
        "avg": 0.027351386162023372,
        "med": 0.0019705268669578113,
        "quart_1": 0.0012539489627071965,
        "quart_3": 0.0030504532117429095,
        "min": 1.1053516857373324e-07,
        "max": 48.30350085053453,
        "stdv": 0.3131758440836056
    },
    "imp_gain": {
        "avg": 2.683409036370356,
        "med": 0.0017788395566019632,
        "quart_1": 5.750638671653263e-05,
        "quart_3": 1.7989174648349215,
        "min": 2.220446049250313e-16,
        "max": 102.28351909187042,
        "stdv": 7.080465538381437
    },
    "imp_loss": {
        "avg": 0.18492135199257984,
        "med": 9.052738704362628e-05,
        "quart_1": 0.0,
        "quart_3": 0.00504493819552565,
        "min": 0.0,
        "max": 0.9635520665683803,
        "stdv": 0.3383737885161972
    },
    "price_imp": {
        "avg": 0.061141284187937274,
        "med": 0.0035782011247184626,
        "quart_1": 0.0024239676161120936,
        "quart_3": 0.004973149434376937,
        "min": 5.892924196468784e-07,
        "max": 117.14569281914765,
        "stdv": 1.3237883776745167
    },
    "proc_cap_eff": {
        "avg": 0.0229421051808253,
        "med": 0.001969663864322402,
        "quart_1": 0.0012535180544495095,
        "quart_3": 0.0030471573050348533,
        "min": 1.1053516857373324e-07,
        "max": 3.7745178826492554,
        "stdv": 0.1251356254737378
    },
    "proc_imp_gain": {
        "avg": 2.6476723472313064,
        "med": 0.0017756781398066135,
        "quart_1": 5.745059934092467e-05,
        "quart_3": 1.7876814827490932,
        "min": 2.220446049250313e-16,
        "max": 66.74324124690965,
        "stdv": 6.896489062771055
    },
    "proc_imp_loss": {
        "avg": 0.18453503405611332,
        "med": 9.011672566006101e-05,
        "quart_1": 0.0,
        "quart_3": 0.005004846606720514,
        "min": 0.0,
        "max": 0.9561100661986035,
        "stdv": 0.33801712593086364
    },
    "proc_price_imp": {
        "avg": 0.03785890039710188,
        "med": 0.003577002981422134,
        "quart_1": 0.0024234084404114,
        "quart_3": 0.004970411324501487,
        "min": 5.892924196468784e-07,
        "max": 24.089490005538558,
        "stdv": 0.5740251139004755
    }
}