{
    "cap_eff": {
        "avg": 0.023901746766691243,
        "med": 0.000985684160495437,
        "quart_1": 0.0006273082966243848,
        "quart_3": 0.0015260109863015625,
        "min": 1.976669133929576e-07,
        "max": 78.31561175520513,
        "stdv": 0.3926772189864427
    },
    "imp_gain": {
        "avg": 2.7813552040842184,
        "med": 0.0017723905946722684,
        "quart_1": 5.685134522748214e-05,
        "quart_3": 1.8921367735397299,
        "min": 2.220446049250313e-16,
        "max": 107.20288469282595,
        "stdv": 7.666199700310659
    },
    "imp_loss": {
        "avg": 0.1968269320048328,
        "med": 9.463162602318942e-05,
        "quart_1": 0.0,
        "quart_3": 0.00508298853721012,
        "min": 0.0,
        "max": 0.9811829297223698,
        "stdv": 0.3594505915944951
    },
    "price_imp": {
        "avg": 0.07672549077540054,
        "med": 0.001794961228147744,
        "quart_1": 0.0012150849819706176,
        "quart_3": 0.0025001543914332544,
        "min": 2.953429653426126e-07,
        "max": 207.76389725522128,
        "stdv": 2.010630575917673
    },
    "proc_cap_eff": {
        "avg": 0.01926018639933471,
        "med": 0.0009853702773412465,
        "quart_1": 0.0006271744244744637,
        "quart_3": 0.001524369300151318,
        "min": 1.976669133929576e-07,
        "max": 3.2480565377145103,
        "stdv": 0.11314191853927802
    },
    "proc_imp_gain": {
        "avg": 2.742811027778801,
        "med": 0.0017679967432169263,
        "quart_1": 5.685134522748214e-05,
        "quart_3": 1.882818835862338,
        "min": 2.220446049250313e-16,
        "max": 72.79051402134483,
        "stdv": 7.469250618133458
    },
    "proc_imp_loss": {
        "avg": 0.19643738291528598,
        "med": 9.444513094047924e-05,
        "quart_1": 0.0,
        "quart_3": 0.00504604554531729,
        "min": 0.0,
        "max": 0.9748898367432954,
        "stdv": 0.359118014917363
    },
    "proc_price_imp": {
        "avg": 0.04057374165440015,
        "med": 0.0017944086026877271,
        "quart_1": 0.0012149036082855452,
        "quart_3": 0.0024987636574115408,
        "min": 2.953429653426126e-07,
        "max": 35.12623219662384,
        "stdv": 0.7791662900651131
    }
}