{
    "cap_eff": {
        "avg": 0.0038506828289073826,
        "med": 0.003263982448686864,
        "quart_1": 0.001949057435707835,
        "quart_3": 0.005016085737522158,
        "min": 1.0862068688943793e-07,
        "max": 0.04089711185188305,
        "stdv": 0.0028330589318086986
    },
    "imp_gain": {
        "avg": 0.002185979178202989,
        "med": 0.0012085925361258187,
        "quart_1": 0.00038923594342632484,
        "quart_3": 0.0030982420249110465,
        "min": 2.220446049250313e-16,
        "max": 0.05198002480521002,
        "stdv": 0.0026679682405011122
    },
    "imp_loss": {
        "avg": 0.0012588635820479275,
        "med": 0.0004899724112773507,
        "quart_1": 0.0,
        "quart_3": 0.0018992735493332802,
        "min": 0.0,
        "max": 0.03223384909512539,
        "stdv": 0.0017862360817180204
    },
    "price_imp": {
        "avg": 0.006208893860163922,
        "med": 0.005605014172461602,
        "quart_1": 0.0035098078683070003,
        "quart_3": 0.008110723911305594,
        "min": 4.6060910556360134e-08,
        "max": 0.044460248133591576,
        "stdv": 0.0037676357799147175
    },
    "proc_cap_eff": {
        "avg": 0.0038382668551991722,
        "med": 0.0032626409885294083,
        "quart_1": 0.001948356021871822,
        "quart_3": 0.005012395627163491,
        "min": 1.0862068688943793e-07,
        "max": 0.02423162528898093,
        "stdv": 0.0027756928475271593
    },
    "proc_imp_gain": {
        "avg": 0.0021745267091865137,
        "med": 0.0012070796881837875,
        "quart_1": 0.0003889649996864364,
        "quart_3": 0.0030927388606940553,
        "min": 2.220446049250313e-16,
        "max": 0.02179503739164601,
        "stdv": 0.0026174114873726423
    },
    "proc_imp_loss": {
        "avg": 0.001251040742018733,
        "med": 0.0004891899359296126,
        "quart_1": 0.0,
        "quart_3": 0.001895275117755002,
        "min": 0.0,
        "max": 0.014369084264445386,
        "stdv": 0.001751046042260348
    },
    "proc_price_imp": {
        "avg": 0.006196443262241671,
        "med": 0.005602804364628295,
        "quart_1": 0.003508807847521479,
        "quart_3": 0.008105887876281631,
        "min": 4.6060910556360134e-08,
        "max": 0.02747056363995368,
        "stdv": 0.003725394663068798
    }
}