{
    "cap_eff": {
        "avg": 0.000258489648848859,
        "med": 0.0002187178752589558,
        "quart_1": 0.00013040821178611495,
        "quart_3": 0.000336891277585627,
        "min": 3.982670460089821e-08,
        "max": 0.0027822882335388766,
        "stdv": 0.00019093114374652467
    },
    "imp_gain": {
        "avg": 0.002170880800198955,
        "med": 0.0011588318510784568,
        "quart_1": 0.0003751743311224409,
        "quart_3": 0.003096537309571712,
        "min": 2.220446049250313e-16,
        "max": 0.05191320893138052,
        "stdv": 0.002667575079841421
    },
    "imp_loss": {
        "avg": 0.0012594318224565056,
        "med": 0.0004790454250741538,
        "quart_1": 0.0,
        "quart_3": 0.0018889637206581655,
        "min": 0.0,
        "max": 0.03287681779913598,
        "stdv": 0.0017943446890869815
    },
    "price_imp": {
        "avg": 0.0004174481859572205,
        "med": 0.0003760973713683522,
        "quart_1": 0.00023523835470931615,
        "quart_3": 0.000545145661888643,
        "min": 1.2901623361510877e-08,
        "max": 0.003027238229365756,
        "stdv": 0.0002546420234705172
    },
    "proc_cap_eff": {
        "avg": 0.00025764274072868465,
        "med": 0.00021864097677692929,
        "quart_1": 0.00013034853029192384,
        "quart_3": 0.0003366934808182176,
        "min": 3.982670460089821e-08,
        "max": 0.0016503196348396365,
        "stdv": 0.0001869696544598399
    },
    "proc_imp_gain": {
        "avg": 0.002159448536646918,
        "med": 0.0011577867046510537,
        "quart_1": 0.0003748320948426809,
        "quart_3": 0.0030924653300186122,
        "min": 2.220446049250313e-16,
        "max": 0.021726641869759034,
        "stdv": 0.002617159680290506
    },
    "proc_imp_loss": {
        "avg": 0.0012515234979407388,
        "med": 0.0004784004973292788,
        "quart_1": 0.0,
        "quart_3": 0.0018852595609833989,
        "min": 0.0,
        "max": 0.014502224839974875,
        "stdv": 0.001758483188212967
    },
    "proc_price_imp": {
        "avg": 0.0004166019310099648,
        "med": 0.000375976616493038,
        "quart_1": 0.00023515607584278343,
        "quart_3": 0.0005448886060375,
        "min": 1.2901623361510877e-08,
        "max": 0.0018462494741756936,
        "stdv": 0.00025175095560091683
    }
}