{
    "cap_eff": {
        "avg": 3.1741274254160536e-14,
        "med": 1.3100631690576847e-14,
        "quart_1": 4.6629367034256575e-15,
        "quart_3": 2.6201263381153694e-14,
        "min": 0.0,
        "max": 3.3999025816910944e-11,
        "stdv": 3.785482201191949e-13
    },
    "imp_gain": {
        "avg": 1.6519619258961966,
        "med": 0.5467149789693149,
        "quart_1": 0.06861783016037681,
        "quart_3": 1.4533998780466626,
        "min": 6.588068732771291e-07,
        "max": 33.28549239860348,
        "stdv": 3.2046128801407385
    },
    "imp_loss": {
        "avg": 0.41055236231261266,
        "med": 0.10730409442515643,
        "quart_1": 0.0,
        "quart_3": 0.9891624488093302,
        "min": 0.0,
        "max": 0.9999996910159924,
        "stdv": 0.45338376325685287
    },
    "price_imp": {
        "avg": 3.174022980441527e-14,
        "med": 1.315795677712432e-14,
        "quart_1": 4.627881721763727e-15,
        "quart_3": 2.6252463407098177e-14,
        "min": 0.0,
        "max": 3.399909288714894e-11,
        "stdv": 3.785484126919958e-13
    },
    "proc_cap_eff": {
        "avg": 2.4986719657406856e-14,
        "med": 1.3100631690576847e-14,
        "quart_1": 4.6629367034256575e-15,
        "quart_3": 2.6201263381153694e-14,
        "min": 0.0,
        "max": 4.479749904362507e-12,
        "stdv": 8.797360867246367e-14
    },
    "proc_imp_gain": {
        "avg": 1.6371567909774787,
        "med": 0.5451148260638106,
        "quart_1": 0.06858504359298445,
        "quart_3": 1.4530713070370154,
        "min": 6.588068732771291e-07,
        "max": 30.0845914917887,
        "stdv": 3.1362060572313997
    },
    "proc_imp_loss": {
        "avg": 0.41025756554781495,
        "med": 0.10700082022508572,
        "quart_1": 0.0,
        "quart_3": 0.9891132692400239,
        "min": 0.0,
        "max": 0.9999978298097403,
        "stdv": 0.45330540177493384
    },
    "proc_price_imp": {
        "avg": 2.498567279792536e-14,
        "med": 1.3153574465637944e-14,
        "quart_1": 4.623706763929181e-15,
        "quart_3": 2.6234311346253236e-14,
        "min": 0.0,
        "max": 4.479738812505333e-12,
        "stdv": 8.797425504574146e-14
    }
}