{
    "cap_eff": {
        "avg": 0.025937507593108772,
        "med": 0.007502507034220285,
        "quart_1": 0.0027276646419817085,
        "quart_3": 0.01672697479647589,
        "min": 1.0669492178649875e-07,
        "max": 0.9381937919601337,
        "stdv": 0.09805360418901475
    },
    "imp_gain": {},
    "imp_loss": {
        "avg": 0.7721120324752212,
        "med": 0.8109017954494682,
        "quart_1": 0.7435770877224552,
        "quart_3": 0.8720117181079041,
        "min": 0.0,
        "max": 0.9481533298673231,
        "stdv": 0.16087862622623492
    },
    "price_imp": {
        "avg": 0.01590712364117476,
        "med": 0.01198975440375252,
        "quart_1": 0.005631552537717773,
        "quart_3": 0.02124074536668431,
        "min": 2.1380612095796262e-07,
        "max": 0.21799692840338664,
        "stdv": 0.015184818429999199
    },
    "proc_cap_eff": {
        "avg": 0.025485630764016304,
        "med": 0.007496378853792507,
        "quart_1": 0.0027254802028424674,
        "quart_3": 0.016705728680119325,
        "min": 1.0669492178649875e-07,
        "max": 0.9246097841148565,
        "stdv": 0.09597017336073656
    },
    "proc_imp_gain": {},
    "proc_imp_loss": {
        "avg": 0.7724954690347359,
        "med": 0.8109464893092884,
        "quart_1": 0.7437317394010741,
        "quart_3": 0.8720369407044548,
        "min": 0.006771764184669071,
        "max": 0.9481533298673231,
        "stdv": 0.15999919929889292
    },
    "proc_price_imp": {
        "avg": 0.015830695270970533,
        "med": 0.01198479940297971,
        "quart_1": 0.005627958299947608,
        "quart_3": 0.021216358415083104,
        "min": 2.1380612095796262e-07,
        "max": 0.14364364029500487,
        "stdv": 0.014790344718019205
    }
}