{
    "cap_eff": {
        "avg": 5.076379454562385e-15,
        "med": 8.881784197001252e-16,
        "quart_1": 3.3306690738754696e-16,
        "quart_3": 1.9984014443252818e-15,
        "min": 0.0,
        "max": 3.98860944272883e-11,
        "stdv": 2.0512003661626095e-13
    },
    "imp_gain": {
        "avg": 0.00034465813174344717,
        "med": 0.00034465813174344717,
        "quart_1": 0.00034465813174344717,
        "quart_3": 0.00034465813174344717,
        "min": 0.00034465813174344717,
        "max": 0.00034465813174344717,
        "stdv": 0.0
    },
    "imp_loss": {
        "avg": 0.9517789965452662,
        "med": 0.991833103780084,
        "quart_1": 0.9768438946899849,
        "quart_3": 0.9995781450036164,
        "min": 0.0,
        "max": 0.999999970613535,
        "stdv": 0.14948410954380492
    },
    "price_imp": {
        "avg": 5.072888061713504e-15,
        "med": 8.64262788718787e-16,
        "quart_1": 3.532627399670365e-16,
        "quart_3": 1.974331326649473e-15,
        "min": 0.0,
        "max": 3.988620182027385e-11,
        "stdv": 2.0512060102522426e-13
    },
    "proc_cap_eff": {
        "avg": 3.4396204326963857e-15,
        "med": 8.881784197001252e-16,
        "quart_1": 3.3306690738754696e-16,
        "quart_3": 1.9984014443252818e-15,
        "min": 0.0,
        "max": 6.195044477408373e-13,
        "stdv": 1.7098240134179963e-14
    },
    "proc_imp_gain": {
        "avg": 0.00034465813174344717,
        "med": 0.00034465813174344717,
        "quart_1": 0.00034465813174344717,
        "quart_3": 0.00034465813174344717,
        "min": 0.00034465813174344717,
        "max": 0.00034465813174344717,
        "stdv": 0.0
    },
    "proc_imp_loss": {
        "avg": 0.9522515952076566,
        "med": 0.9918440639587107,
        "quart_1": 0.9768816060924839,
        "quart_3": 0.9995790896015319,
        "min": 0.007584786827922296,
        "max": 0.999999970613535,
        "stdv": 0.14801497955464593
    },
    "proc_price_imp": {
        "avg": 3.4361255369107814e-15,
        "med": 8.63588635485669e-16,
        "quart_1": 3.529498497267103e-16,
        "quart_3": 1.970839341822382e-15,
        "min": 0.0,
        "max": 6.195253370450131e-13,
        "stdv": 1.7098721826524745e-14
    }
}