{
    "cap_eff": {
        "avg": 0.021490693324584392,
        "med": 0.0012822465157252827,
        "quart_1": 0.0006221642358053003,
        "quart_3": 0.0023998122444599534,
        "min": 5.882541531665453e-08,
        "max": 162.1671234346058,
        "stdv": 0.684979635666766
    },
    "imp_gain": {},
    "imp_loss": {
        "avg": 0.5637088709003782,
        "med": 0.5727988380360912,
        "quart_1": 0.5296786451784002,
        "quart_3": 0.6024526173922968,
        "min": 0.0,
        "max": 0.7471649561179887,
        "stdv": 0.08909579588411431
    },
    "price_imp": {
        "avg": 0.03929994248336459,
        "med": 0.0014560019226445634,
        "quart_1": 0.0008413742434839461,
        "quart_3": 0.0021426680558891574,
        "min": 3.156702870664666e-07,
        "max": 136.8511514577004,
        "stdv": 1.2571499549580223
    },
    "proc_cap_eff": {
        "avg": 0.014795822848202808,
        "med": 0.0012815607172765864,
        "quart_1": 0.0006220035239536958,
        "quart_3": 0.002397458600096991,
        "min": 5.882541531665453e-08,
        "max": 1.0453492612258293,
        "stdv": 0.08649966236430282
    },
    "proc_imp_gain": {},
    "proc_imp_loss": {
        "avg": 0.5639880802507141,
        "med": 0.5728280399513412,
        "quart_1": 0.5297091266035405,
        "quart_3": 0.6024659136132493,
        "min": 0.006935434479046765,
        "max": 0.7471649561179887,
        "stdv": 0.08823441725033103
    },
    "proc_price_imp": {
        "avg": 0.016280560256531348,
        "med": 0.001455496603989671,
        "quart_1": 0.0008411027727040234,
        "quart_3": 0.002141478935185335,
        "min": 3.156702870664666e-07,
        "max": 19.280180329723848,
        "stdv": 0.3537299033187562
    }
}