{
    "cap_eff": {
        "avg": 0.018207959899523986,
        "med": 0.00016802521214343002,
        "quart_1": 8.035730547750752e-05,
        "quart_3": 0.0003325138546093065,
        "min": 4.508271533865127e-10,
        "max": 87.5265003615085,
        "stdv": 0.3494714377039312
    },
    "imp_gain": {},
    "imp_loss": {
        "avg": 0.6319195650491896,
        "med": 0.5470491452444943,
        "quart_1": 0.4905464092325886,
        "quart_3": 0.8129126125263098,
        "min": 0.0,
        "max": 0.9887521077385817,
        "stdv": 0.1851754184922748
    },
    "price_imp": {
        "avg": 0.00284475540121149,
        "med": 0.00025415860986066754,
        "quart_1": 0.0001497423091639384,
        "quart_3": 0.0003981045537819534,
        "min": 1.1761459532877305e-08,
        "max": 116.60693308211042,
        "stdv": 0.44204499294497146
    },
    "proc_cap_eff": {
        "avg": 0.016095620456051625,
        "med": 0.00016791983401787114,
        "quart_1": 8.029675838006067e-05,
        "quart_3": 0.0003320023649686088,
        "min": 4.508271533865127e-10,
        "max": 0.9654229588177189,
        "stdv": 0.09517489225449208
    },
    "proc_imp_gain": {},
    "proc_imp_loss": {
        "avg": 0.632232722601034,
        "med": 0.5471489309862785,
        "quart_1": 0.4906419288707057,
        "quart_3": 0.8129768018185917,
        "min": 0.006965946797846234,
        "max": 0.9887521077385817,
        "stdv": 0.1846886090353495
    },
    "proc_price_imp": {
        "avg": 0.0005786388887066038,
        "med": 0.00025405180088241956,
        "quart_1": 0.00014967974124415875,
        "quart_3": 0.00039774026546239983,
        "min": 1.1761459532877305e-08,
        "max": 0.08044248610621961,
        "stdv": 0.0027729557801728635
    }
}