{
    "cap_eff": {
        "avg": 0.10081765188990019,
        "med": 0.00020997054090349243,
        "quart_1": 0.00013166032940636896,
        "quart_3": 0.0003436782000814098,
        "min": 2.6201940617198716e-10,
        "max": 2458.8610485912495,
        "stdv": 10.53935374349498
    },
    "imp_gain": {
        "avg": 4.767132369961521,
        "med": 0.5350501733683253,
        "quart_1": 0.0001821946300044619,
        "quart_3": 4.37315810431858,
        "min": 2.220446049250313e-16,
        "max": 175.81094324559703,
        "stdv": 11.516227420433733
    },
    "imp_loss": {
        "avg": 0.39346433522861696,
        "med": 0.002667647015328678,
        "quart_1": 0.0,
        "quart_3": 0.9504627103457151,
        "min": 0.0,
        "max": 0.9988724596007584,
        "stdv": 0.46391043799690074
    },
    "price_imp": {
        "avg": 1.534308761401074,
        "med": 0.0003781516365999543,
        "quart_1": 0.00025150160034417786,
        "quart_3": 0.0005302225314430743,
        "min": 5.785334216520378e-08,
        "max": 3572.6154311118544,
        "stdv": 43.440430365074725
    },
    "proc_cap_eff": {
        "avg": 0.024715533199561785,
        "med": 0.00020987160017760242,
        "quart_1": 0.0001315936788144345,
        "quart_3": 0.0003431845231436359,
        "min": 2.6201940617198716e-10,
        "max": 9.859824815048446,
        "stdv": 0.23993562860430234
    },
    "proc_imp_gain": {
        "avg": 4.700868019668559,
        "med": 0.5335895096601648,
        "quart_1": 0.00018183453988207532,
        "quart_3": 4.366381409881407,
        "min": 2.220446049250313e-16,
        "max": 124.2115442228017,
        "stdv": 11.127600511106946
    },
    "proc_imp_loss": {
        "avg": 0.39316177855815215,
        "med": 0.0026575201480909527,
        "quart_1": 0.0,
        "quart_3": 0.9503903019561657,
        "min": 0.0,
        "max": 0.9984068825030138,
        "stdv": 0.46382901477544675
    },
    "proc_price_imp": {
        "avg": 0.7321817008600864,
        "med": 0.0003779704393231523,
        "quart_1": 0.0002514073231369728,
        "quart_3": 0.000529898175014063,
        "min": 5.785334216520378e-08,
        "max": 724.8825188986173,
        "stdv": 15.891362757126902
    }
}