{
    "cap_eff": {
        "avg": 0.04883383495747389,
        "med": 0.0031396638752845263,
        "quart_1": 0.0019698460427460818,
        "quart_3": 0.0051397143466799244,
        "min": 4.153640031923089e-08,
        "max": 202.55369913860284,
        "stdv": 1.0221678550368545
    },
    "imp_gain": {
        "avg": 5.7189029480634455,
        "med": 0.43081044775624,
        "quart_1": 0.00018864118223582693,
        "quart_3": 5.349154181846025,
        "min": 2.220446049250313e-16,
        "max": 195.01912005128324,
        "stdv": 13.429336779865219
    },
    "imp_loss": {
        "avg": 0.33454806881267174,
        "med": 0.002648368195031392,
        "quart_1": 0.0,
        "quart_3": 0.8060091994583488,
        "min": 0.0,
        "max": 0.9836106366791225,
        "stdv": 0.39958115600438926
    },
    "price_imp": {
        "avg": 0.16415890303539152,
        "med": 0.005617678284802713,
        "quart_1": 0.00374326355447158,
        "quart_3": 0.007842372846539516,
        "min": 9.32284649940953e-07,
        "max": 269.44276805346175,
        "stdv": 3.600343104754695
    },
    "proc_cap_eff": {
        "avg": 0.03601680872983638,
        "med": 0.003138283797708308,
        "quart_1": 0.001969165078519408,
        "quart_3": 0.005131568319413082,
        "min": 4.153640031923089e-08,
        "max": 9.597454096097477,
        "stdv": 0.25723348126503265
    },
    "proc_imp_gain": {
        "avg": 5.636040936106584,
        "med": 0.42533771440813095,
        "quart_1": 0.00018816213003081117,
        "quart_3": 5.3313901150046314,
        "min": 2.220446049250313e-16,
        "max": 160.9585628021946,
        "stdv": 12.909263618704545
    },
    "proc_imp_loss": {
        "avg": 0.33422652646863454,
        "med": 0.0026343081338718877,
        "quart_1": 0.0,
        "quart_3": 0.8059359705033206,
        "min": 0.0,
        "max": 0.9746697275324945,
        "stdv": 0.3994221493515165
    },
    "proc_price_imp": {
        "avg": 0.09609561805196137,
        "med": 0.0056160058351386695,
        "quart_1": 0.0037421247849603635,
        "quart_3": 0.007838238657895213,
        "min": 9.32284649940953e-07,
        "max": 60.61564334903136,
        "stdv": 1.4115726481820927
    }
}