{
    "cap_eff": {
        "avg": 4.941921065868021e-14,
        "med": 1.432187701766452e-14,
        "quart_1": 6.5503158452884236e-15,
        "quart_3": 2.6645352591003757e-14,
        "min": 0.0,
        "max": 7.719255235016931e-10,
        "stdv": 3.2052762054489207e-12
    },
    "imp_gain": {
        "avg": 0.14861624696926,
        "med": 0.09916634134576441,
        "quart_1": 0.03779727684634482,
        "quart_3": 0.21646584386611756,
        "min": 7.023148351770203e-08,
        "max": 0.7205767809259545,
        "stdv": 0.14120738267337377
    },
    "imp_loss": {
        "avg": 0.10245933841220002,
        "med": 0.04832086198137808,
        "quart_1": 0.0,
        "quart_3": 0.137074053497948,
        "min": 0.0,
        "max": 0.7166061613845699,
        "stdv": 0.13879445404396842
    },
    "price_imp": {
        "avg": 4.9418995858455657e-14,
        "med": 1.4340785083579582e-14,
        "quart_1": 6.541665471133976e-15,
        "quart_3": 2.657983724023146e-14,
        "min": 0.0,
        "max": 7.7192550170757e-10,
        "stdv": 3.205276273153084e-12
    },
    "proc_cap_eff": {
        "avg": 2.6432992623725552e-14,
        "med": 1.432187701766452e-14,
        "quart_1": 6.5503158452884236e-15,
        "quart_3": 2.653433028854124e-14,
        "min": 0.0,
        "max": 3.729239139715901e-12,
        "stdv": 8.239568802183927e-14
    },
    "proc_imp_gain": {
        "avg": 0.14833598826949188,
        "med": 0.09906832222365991,
        "quart_1": 0.03777371213647274,
        "quart_3": 0.21604492502090888,
        "min": 7.023148351770203e-08,
        "max": 0.699884930487408,
        "stdv": 0.1406846684406022
    },
    "proc_imp_loss": {
        "avg": 0.10215895162052804,
        "med": 0.048245586964943965,
        "quart_1": 0.0,
        "quart_3": 0.13678168902933352,
        "min": 0.0,
        "max": 0.6955098767625115,
        "stdv": 0.13817671742694948
    },
    "proc_price_imp": {
        "avg": 2.6432774795250265e-14,
        "med": 1.4334178165075524e-14,
        "quart_1": 6.53824149365303e-15,
        "quart_3": 2.6557974051604057e-14,
        "min": 0.0,
        "max": 3.729216853828736e-12,
        "stdv": 8.239606241868222e-14
    }
}