{
    "cap_eff": {
        "avg": 0.004006760282869114,
        "med": 0.002988218894071859,
        "quart_1": 0.0014578137672851543,
        "quart_3": 0.00554194722453738,
        "min": 4.2850628823032366e-08,
        "max": 0.039784713149006556,
        "stdv": 0.003554190613640746
    },
    "imp_gain": {
        "avg": 0.3244612462938106,
        "med": 0.23931869034839282,
        "quart_1": 0.07810079217798904,
        "quart_3": 0.46303282150781877,
        "min": 2.220446049250313e-16,
        "max": 1.4862520621748736,
        "stdv": 0.30824180848427596
    },
    "imp_loss": {
        "avg": 0.18012483863980533,
        "med": 0.16267102431161395,
        "quart_1": 0.07734877490495551,
        "quart_3": 0.28316269365987456,
        "min": 0.0,
        "max": 0.46373137380421536,
        "stdv": 0.11932117928312307
    },
    "price_imp": {
        "avg": 0.004418770047574618,
        "med": 0.0031432104722989482,
        "quart_1": 0.0020574735695769847,
        "quart_3": 0.004756548167115636,
        "min": 1.1085215612913438e-07,
        "max": 0.04124709453475818,
        "stdv": 0.004176435744467963
    },
    "proc_cap_eff": {
        "avg": 0.003994248001823369,
        "med": 0.0029862477598884274,
        "quart_1": 0.001457364247223758,
        "quart_3": 0.005537193198696055,
        "min": 4.2850628823032366e-08,
        "max": 0.025955963241091506,
        "stdv": 0.003510012696395158
    },
    "proc_imp_gain": {
        "avg": 0.32389700803304355,
        "med": 0.23884665822038897,
        "quart_1": 0.07806435429345915,
        "quart_3": 0.4628501637368905,
        "min": 2.220446049250313e-16,
        "max": 1.4515298595988138,
        "stdv": 0.3072789992174943
    },
    "proc_imp_loss": {
        "avg": 0.17998525769116108,
        "med": 0.16259687964491887,
        "quart_1": 0.07731800253941573,
        "quart_3": 0.2830504072722273,
        "min": 0.0,
        "max": 0.4560272317613504,
        "stdv": 0.11918726771780724
    },
    "proc_price_imp": {
        "avg": 0.004403632118476758,
        "med": 0.0031422130931985804,
        "quart_1": 0.002056556939498787,
        "quart_3": 0.004752559861395696,
        "min": 1.1085215612913438e-07,
        "max": 0.03155633193147082,
        "stdv": 0.004121974156865804
    }
}