{
    "cap_eff": {
        "avg": 0.0013238550778052766,
        "med": 0.0008924462079903939,
        "quart_1": 0.00046548392516299053,
        "quart_3": 0.001533607145348892,
        "min": 6.98761049022778e-09,
        "max": 2.3055502910823877,
        "stdv": 0.009271579275361328
    },
    "imp_gain": {
        "avg": 0.0010991676674791497,
        "med": 0.0006541304356461053,
        "quart_1": 0.00021144747117163298,
        "quart_3": 0.0015407506734659293,
        "min": 1.3322676295501878e-15,
        "max": 0.02453921576587903,
        "stdv": 0.001294262239343014
    },
    "imp_loss": {
        "avg": 0.0013080753712247752,
        "med": 0.000873718134076662,
        "quart_1": 0.00033411494788482266,
        "quart_3": 0.0018336964928473698,
        "min": 0.0,
        "max": 0.023802222320599142,
        "stdv": 0.0013780320064364587
    },
    "price_imp": {
        "avg": 0.0017043041729162397,
        "med": 0.00140763230062649,
        "quart_1": 0.0008533304711343912,
        "quart_3": 0.002184797344321254,
        "min": 1.961896025167751e-08,
        "max": 0.02387018525224632,
        "stdv": 0.0013029343829614986
    },
    "proc_cap_eff": {
        "avg": 0.0012267670807597458,
        "med": 0.0008920041179074634,
        "quart_1": 0.0004651573144311416,
        "quart_3": 0.0015321712819797995,
        "min": 6.98761049022778e-09,
        "max": 0.040346866440898355,
        "stdv": 0.001489483838673836
    },
    "proc_imp_gain": {
        "avg": 0.0010930993082100045,
        "med": 0.0006530446223813602,
        "quart_1": 0.00021118219700388963,
        "quart_3": 0.001538949958816982,
        "min": 1.3322676295501878e-15,
        "max": 0.01121644821380774,
        "stdv": 0.0012646735756001789
    },
    "proc_imp_loss": {
        "avg": 0.0013020245900629255,
        "med": 0.0008728171846648092,
        "quart_1": 0.0003338516938110603,
        "quart_3": 0.0018318496205118606,
        "min": 0.0,
        "max": 0.011546802980751392,
        "stdv": 0.0013506116876150797
    },
    "proc_price_imp": {
        "avg": 0.0016982950141489332,
        "med": 0.0014070408561664765,
        "quart_1": 0.0008530072226082164,
        "quart_3": 0.002183262567143272,
        "min": 1.961896025167751e-08,
        "max": 0.011288282282917735,
        "stdv": 0.0012740324088462015
    }
}