{
    "cap_eff": {
        "avg": 0.0020749429602368347,
        "med": 0.001340202752190267,
        "quart_1": 0.0006990586314681302,
        "quart_3": 0.00229958024265553,
        "min": 2.2393873200243775e-08,
        "max": 12.252039795570454,
        "stdv": 0.03989912294370573
    },
    "imp_gain": {
        "avg": 0.0011117183886811472,
        "med": 0.0006657163412482348,
        "quart_1": 0.00021410822521361617,
        "quart_3": 0.001557130618969449,
        "min": 8.881784197001252e-16,
        "max": 0.02831355679163372,
        "stdv": 0.001307590489777307
    },
    "imp_loss": {
        "avg": 0.0013331578876928857,
        "med": 0.0009015818429131128,
        "quart_1": 0.00036076855222988424,
        "quart_3": 0.0018594430748656299,
        "min": 0.0,
        "max": 0.02353463561266711,
        "stdv": 0.001378944434086378
    },
    "price_imp": {
        "avg": 0.002565620506291956,
        "med": 0.002115002831062575,
        "quart_1": 0.0012855201055725998,
        "quart_3": 0.003276977011832694,
        "min": 2.532020787994491e-07,
        "max": 0.44009864720200537,
        "stdv": 0.0023958179053495594
    },
    "proc_cap_eff": {
        "avg": 0.0018445967684878686,
        "med": 0.0013392626389575613,
        "quart_1": 0.0006987899519628193,
        "quart_3": 0.0022978105157465123,
        "min": 2.2393873200243775e-08,
        "max": 0.06036880565939384,
        "stdv": 0.002250206493856102
    },
    "proc_imp_gain": {
        "avg": 0.001105393356197983,
        "med": 0.0006653360525497032,
        "quart_1": 0.00021396665137651816,
        "quart_3": 0.0015549293942536124,
        "min": 8.881784197001252e-16,
        "max": 0.011575409241094015,
        "stdv": 0.001274840700348525
    },
    "proc_imp_loss": {
        "avg": 0.0013272048139023967,
        "med": 0.0009008870220647003,
        "quart_1": 0.0003604634422588182,
        "quart_3": 0.0018571006217837915,
        "min": 0.0,
        "max": 0.011453065902257809,
        "stdv": 0.0013525508866505046
    },
    "proc_price_imp": {
        "avg": 0.0025522286057540777,
        "med": 0.0021140561073274763,
        "quart_1": 0.0012849950240495438,
        "quart_3": 0.0032739424769309203,
        "min": 2.532020787994491e-07,
        "max": 0.01705785604873223,
        "stdv": 0.0019114846259412981
    }
}