{
    "cap_eff": {
        "avg": 0.00031503346541610175,
        "med": 0.0002630795050184709,
        "quart_1": 0.00016126755880863097,
        "quart_3": 0.0004101838812076153,
        "min": 3.067405440759785e-09,
        "max": 0.0036266454344802135,
        "stdv": 0.00023172439814782563
    },
    "imp_gain": {
        "avg": 0.002434854609916397,
        "med": 0.0012764144530839072,
        "quart_1": 0.000501314235689998,
        "quart_3": 0.0032891595143107466,
        "min": 2.220446049250313e-16,
        "max": 0.06138094332829791,
        "stdv": 0.002972288011799498
    },
    "imp_loss": {
        "avg": 0.0014554327138481748,
        "med": 0.0004627438809065021,
        "quart_1": 0.0,
        "quart_3": 0.002242930705191215,
        "min": 0.0,
        "max": 0.039492032295587065,
        "stdv": 0.002153961546198554
    },
    "price_imp": {
        "avg": 0.0005057982415592511,
        "med": 0.0004484015804374324,
        "quart_1": 0.00029627054434123133,
        "quart_3": 0.0006462865882468809,
        "min": 2.3574581484324605e-08,
        "max": 0.004062909629243144,
        "stdv": 0.00030784607981377117
    },
    "proc_cap_eff": {
        "avg": 0.00031399364169690334,
        "med": 0.000262974349502787,
        "quart_1": 0.0001612049826067441,
        "quart_3": 0.0004098372049305965,
        "min": 3.067405440759785e-09,
        "max": 0.0020886625163896166,
        "stdv": 0.00022682260192502683
    },
    "proc_imp_gain": {
        "avg": 0.0024208353921403056,
        "med": 0.001275848323502693,
        "quart_1": 0.0005009528800627994,
        "quart_3": 0.0032831974292146793,
        "min": 2.220446049250313e-16,
        "max": 0.025897587256416443,
        "stdv": 0.002904777766985901
    },
    "proc_imp_loss": {
        "avg": 0.0014457259623175866,
        "med": 0.0004624177808703056,
        "quart_1": 0.0,
        "quart_3": 0.002240843040403062,
        "min": 0.0,
        "max": 0.017602330063436256,
        "stdv": 0.002108963644838188
    },
    "proc_price_imp": {
        "avg": 0.0005047452769016989,
        "med": 0.0004482984729506377,
        "quart_1": 0.0002961779932341156,
        "quart_3": 0.0006460074319407495,
        "min": 2.3574581484324605e-08,
        "max": 0.0023923168156468454,
        "stdv": 0.00030415424519244176
    }
}