{
    "cap_eff": {
        "avg": 3.3291421180213096e-14,
        "med": 1.4210854715202004e-14,
        "quart_1": 5.10702591327572e-15,
        "quart_3": 2.786659791809143e-14,
        "min": 0.0,
        "max": 1.222433265724021e-10,
        "stdv": 6.546751097352071e-13
    },
    "imp_gain": {
        "avg": 1.3429099800033346,
        "med": 0.5207295888474059,
        "quart_1": 0.07890796598281646,
        "quart_3": 1.1558952401774705,
        "min": 2.5184320455728937e-06,
        "max": 34.836890780186515,
        "stdv": 2.4669583540631046
    },
    "imp_loss": {
        "avg": 0.42521284156184874,
        "med": 0.17573219432709786,
        "quart_1": 0.0,
        "quart_3": 0.9889591636095689,
        "min": 0.0,
        "max": 0.9999995910590939,
        "stdv": 0.4479210341974522
    },
    "price_imp": {
        "avg": 3.329034255924161e-14,
        "med": 1.4185346454898704e-14,
        "quart_1": 5.037276478305848e-15,
        "quart_3": 2.788436911130494e-14,
        "min": 0.0,
        "max": 1.2224343348744145e-10,
        "stdv": 6.5467565428842e-13
    },
    "proc_cap_eff": {
        "avg": 2.6892273101804674e-14,
        "med": 1.4210854715202004e-14,
        "quart_1": 5.10702591327572e-15,
        "quart_3": 2.786659791809143e-14,
        "min": 0.0,
        "max": 3.4154901129568316e-12,
        "stdv": 8.191923231691216e-14
    },
    "proc_imp_gain": {
        "avg": 1.3313833770720338,
        "med": 0.5203658711677615,
        "quart_1": 0.07882855816391254,
        "quart_3": 1.1541008162656432,
        "min": 2.5184320455728937e-06,
        "max": 21.768580427880355,
        "stdv": 2.412101014022113
    },
    "proc_imp_loss": {
        "avg": 0.4249256536237718,
        "med": 0.17505886064258425,
        "quart_1": 0.0,
        "quart_3": 0.9888855315864619,
        "min": 0.0,
        "max": 0.9999971267997027,
        "stdv": 0.44784857325078054
    },
    "proc_price_imp": {
        "avg": 2.689117416150665e-14,
        "med": 1.4175931782834711e-14,
        "quart_1": 5.032545048513291e-15,
        "quart_3": 2.786523921182816e-14,
        "min": 0.0,
        "max": 3.415537351758808e-12,
        "stdv": 8.191939118546687e-14
    }
}