{
    "cap_eff": {
        "avg": 0.026478074679157363,
        "med": 0.006848567839904951,
        "quart_1": 0.0023717600385081417,
        "quart_3": 0.015059826191489711,
        "min": 2.645941947765351e-07,
        "max": 0.9529927420115333,
        "stdv": 0.10655216347832273
    },
    "imp_gain": {},
    "imp_loss": {
        "avg": 0.7603711598742339,
        "med": 0.8121347075820401,
        "quart_1": 0.7471329857970831,
        "quart_3": 0.8586965647881886,
        "min": 0.0,
        "max": 0.9402182588561857,
        "stdv": 0.16883966250661545
    },
    "price_imp": {
        "avg": 0.014245142693837264,
        "med": 0.011263651053170058,
        "quart_1": 0.004977698965955949,
        "quart_3": 0.019247400029700767,
        "min": 9.266397171698086e-07,
        "max": 0.21081370847782505,
        "stdv": 0.01323224680291627
    },
    "proc_cap_eff": {
        "avg": 0.02602181781328456,
        "med": 0.006842209150630829,
        "quart_1": 0.0023692331038048797,
        "quart_3": 0.01503302129540618,
        "min": 2.645941947765351e-07,
        "max": 0.9465168842589418,
        "stdv": 0.1045820660570863
    },
    "proc_imp_gain": {},
    "proc_imp_loss": {
        "avg": 0.760748127182219,
        "med": 0.8122099150147525,
        "quart_1": 0.7472084536311747,
        "quart_3": 0.8587329196422782,
        "min": 0.008086061853954218,
        "max": 0.9402182588561857,
        "stdv": 0.16803506703026494
    },
    "proc_price_imp": {
        "avg": 0.014180481493771132,
        "med": 0.011257606914870147,
        "quart_1": 0.004975833533955497,
        "quart_3": 0.01923104416102414,
        "min": 9.266397171698086e-07,
        "max": 0.11931936328639135,
        "stdv": 0.012903206457912526
    }
}