{
    "cap_eff": {
        "avg": 4.804501420843917e-15,
        "med": 6.661338147750939e-16,
        "quart_1": 2.220446049250313e-16,
        "quart_3": 1.6653345369377348e-15,
        "min": 0.0,
        "max": 1.601219157265632e-11,
        "stdv": 1.0533386019347053e-13
    },
    "imp_gain": {},
    "imp_loss": {
        "avg": 0.9545915301895702,
        "med": 0.9955262445410699,
        "quart_1": 0.9829313956677002,
        "quart_3": 0.999767593237439,
        "min": 0.0,
        "max": 0.9999999160921017,
        "stdv": 0.15255516965414104
    },
    "price_imp": {
        "avg": 4.798905494339082e-15,
        "med": 7.008734688854226e-16,
        "quart_1": 2.767851231387896e-16,
        "quart_3": 1.6374612837354175e-15,
        "min": 0.0,
        "max": 1.6012216771219826e-11,
        "stdv": 1.0533439909781103e-13
    },
    "proc_cap_eff": {
        "avg": 3.4602025649205822e-15,
        "med": 6.661338147750939e-16,
        "quart_1": 2.220446049250313e-16,
        "quart_3": 1.5543122344752192e-15,
        "min": 0.0,
        "max": 7.066569551739121e-13,
        "stdv": 1.7460027633840435e-14
    },
    "proc_imp_gain": {},
    "proc_imp_loss": {
        "avg": 0.9550669329761778,
        "med": 0.9955335889730011,
        "quart_1": 0.9829615397543661,
        "quart_3": 0.9997678434197261,
        "min": 0.007470739355910028,
        "max": 0.9999999160921017,
        "stdv": 0.15110370088036212
    },
    "proc_price_imp": {
        "avg": 3.4545934362859906e-15,
        "med": 7.005323559337e-16,
        "quart_1": 2.7663304423358984e-16,
        "quart_3": 1.632160939429123e-15,
        "min": 0.0,
        "max": 7.066565084891923e-13,
        "stdv": 1.7461093865840137e-14
    }
}