{
    "cap_eff": {
        "avg": 0.06180412974203938,
        "med": 0.000651946034697537,
        "quart_1": 0.00030765846684499554,
        "quart_3": 0.001226506434961916,
        "min": 3.844010776354878e-09,
        "max": 2030.4074907765619,
        "stdv": 8.097955922482882
    },
    "imp_gain": {},
    "imp_loss": {
        "avg": 0.5819219125892102,
        "med": 0.569235955686874,
        "quart_1": 0.5175040215219221,
        "quart_3": 0.6679103170935037,
        "min": 0.0,
        "max": 0.8179583798471095,
        "stdv": 0.11823758209412052
    },
    "price_imp": {
        "avg": 0.06489159854279528,
        "med": 0.0008713479275847029,
        "quart_1": 0.0004898014218098095,
        "quart_3": 0.001297134628354651,
        "min": 6.150346368667743e-07,
        "max": 669.2969036032011,
        "stdv": 4.573948108832879
    },
    "proc_cap_eff": {
        "avg": 0.01657134733429818,
        "med": 0.0006515770004128507,
        "quart_1": 0.0003075477658129877,
        "quart_3": 0.0012251386506145767,
        "min": 3.844010776354878e-09,
        "max": 0.8968573919288725,
        "stdv": 0.09629406000264247
    },
    "proc_imp_gain": {},
    "proc_imp_loss": {
        "avg": 0.5822111188920155,
        "med": 0.5693518343550161,
        "quart_1": 0.5175876442972973,
        "quart_3": 0.6679333980432656,
        "min": 0.008107324711004948,
        "max": 0.8179583798471095,
        "stdv": 0.11755780035091037
    },
    "proc_price_imp": {
        "avg": 0.0036166769365015778,
        "med": 0.0008709654858261517,
        "quart_1": 0.0004895838010397031,
        "quart_3": 0.0012964897435821393,
        "min": 6.150346368667743e-07,
        "max": 6.151777863811487,
        "stdv": 0.08377095365223411
    }
}