{
    "cap_eff": {
        "avg": 0.04169813160684593,
        "med": 0.00222646724257064,
        "quart_1": 0.0011091259638392748,
        "quart_3": 0.004520860277486882,
        "min": 1.9004194595773072e-07,
        "max": 791.4724071286214,
        "stdv": 3.2674231820411515
    },
    "imp_gain": {},
    "imp_loss": {
        "avg": 0.717780389160252,
        "med": 0.7353788108906008,
        "quart_1": 0.6929583711170746,
        "quart_3": 0.7840441766928719,
        "min": 0.0,
        "max": 0.9052617694807052,
        "stdv": 0.1241539045773561
    },
    "price_imp": {
        "avg": 0.042622313860173525,
        "med": 0.0015800726348317803,
        "quart_1": 0.0008243636121091403,
        "quart_3": 0.0025772207653617482,
        "min": 5.3487342448632765e-08,
        "max": 256.90424540533195,
        "stdv": 1.8864588492917134
    },
    "proc_cap_eff": {
        "avg": 0.020313086819284534,
        "med": 0.002224788706167269,
        "quart_1": 0.001108930382598905,
        "quart_3": 0.004514504912783823,
        "min": 1.9004194595773072e-07,
        "max": 1.0459209266678902,
        "stdv": 0.1105769324934351
    },
    "proc_imp_gain": {},
    "proc_imp_loss": {
        "avg": 0.7181375661717676,
        "med": 0.735415058232949,
        "quart_1": 0.692999120719147,
        "quart_3": 0.7840605887288455,
        "min": 0.008052047350626479,
        "max": 0.9052617694807052,
        "stdv": 0.12315335878724834
    },
    "proc_price_imp": {
        "avg": 0.013162286134903825,
        "med": 0.0015790952247693893,
        "quart_1": 0.0008239343973302483,
        "quart_3": 0.0025755635812876347,
        "min": 5.3487342448632765e-08,
        "max": 11.579596954239541,
        "stdv": 0.19385842091998098
    }
}