{
    "cap_eff": {
        "avg": 0.271778934930365,
        "med": 0.0012158015221370722,
        "quart_1": 0.0005844741641265472,
        "quart_3": 0.0022862165470904916,
        "min": 2.5854679841508243e-08,
        "max": 16088.758398511569,
        "stdv": 60.29286836633793
    },
    "imp_gain": {},
    "imp_loss": {
        "avg": 0.5865582726270988,
        "med": 0.5952075319459948,
        "quart_1": 0.5570550635395076,
        "quart_3": 0.6367168061823113,
        "min": 0.0,
        "max": 0.7855357389302305,
        "stdv": 0.10040361486569647
    },
    "price_imp": {
        "avg": 0.06028126910888464,
        "med": 0.0013496291764459665,
        "quart_1": 0.0007560683103995275,
        "quart_3": 0.002035766090657932,
        "min": 5.251615873900549e-07,
        "max": 360.321999325246,
        "stdv": 2.874671031489163
    },
    "proc_cap_eff": {
        "avg": 0.016518092621714768,
        "med": 0.0012151956758154059,
        "quart_1": 0.0005841435940375228,
        "quart_3": 0.0022839964712347283,
        "min": 2.5854679841508243e-08,
        "max": 1.2398671774365146,
        "stdv": 0.09502703091390435
    },
    "proc_imp_gain": {},
    "proc_imp_loss": {
        "avg": 0.5868498020344037,
        "med": 0.5952360581001189,
        "quart_1": 0.5571111701195348,
        "quart_3": 0.6367662860088499,
        "min": 0.008079495747345566,
        "max": 0.7855357389302305,
        "stdv": 0.09957885157432597
    },
    "proc_price_imp": {
        "avg": 0.01174633640821503,
        "med": 0.0013489827711877238,
        "quart_1": 0.0007557374981140578,
        "quart_3": 0.002034543535716079,
        "min": 5.251615873900549e-07,
        "max": 18.239085902339987,
        "stdv": 0.22504933808399225
    }
}