{
    "capital efficiency": {
        "better": {
            "raw": {
                "avg": 0.6085852691201299,
                "med": 0.5722799938648516,
                "quart_1": 0.4461784737962707,
                "quart_3": 0.7701079811065146,
                "min": 0.11338874971444085,
                "max": 0.9999986075371253,
                "stdv": 0.19430524961443263,
                "counts": 75299
            },
            "processed": {
                "avg": 0.6085429603681684,
                "med": 0.5722162841966321,
                "quart_1": 0.4461947062215925,
                "quart_3": 0.769990559037592,
                "min": 0.14550749666865964,
                "max": 0.9996088658026178,
                "stdv": 0.19412606756414807,
                "counts": 75262
            }
        },
        "worse": {
            "raw": {
                "avg": 2.36412053232131,
                "med": 1.8940561250525636,
                "quart_1": 1.3963898401233275,
                "quart_3": 2.980420637592122,
                "min": 1.0000018361222518,
                "max": 15.112313211814907,
                "stdv": 1.3291602001685086,
                "counts": 124701
            },
            "processed": {
                "avg": 2.35938819461911,
                "med": 1.8929428652330225,
                "quart_1": 1.3962842980623589,
                "quart_3": 2.978435159836523,
                "min": 1.0000018361222518,
                "max": 10.542106324809307,
                "stdv": 1.3121852597015,
                "counts": 124639
            }
        },
        "monitors": {
            "BTC, ETH": {
                "better": {
                    "raw": {
                        "avg": 0.6214840639868379,
                        "med": 0.5880538930301191,
                        "quart_1": 0.45523890707957426,
                        "quart_3": 0.7909238035731416,
                        "min": 0.1923227327682068,
                        "max": 0.9996164160923643,
                        "stdv": 0.19392949777849605,
                        "counts": 1674
                    },
                    "processed": {
                        "avg": 0.6214840639868379,
                        "med": 0.5880538930301191,
                        "quart_1": 0.45523890707957426,
                        "quart_3": 0.7909238035731416,
                        "min": 0.1923227327682068,
                        "max": 0.9996164160923643,
                        "stdv": 0.19392949777849605,
                        "counts": 1674
                    }
                },
                "worse": {
                    "raw": {
                        "avg": 2.284261750799481,
                        "med": 1.8419740831108107,
                        "quart_1": 1.3650133706806045,
                        "quart_3": 2.9059957911155165,
                        "min": 1.0004660176710218,
                        "max": 11.069070340333997,
                        "stdv": 1.23649203869507,
                        "counts": 2780
                    },
                    "processed": {
                        "avg": 2.2811006106089327,
                        "med": 1.8415894301996765,
                        "quart_1": 1.3650133706806045,
                        "quart_3": 2.905990494364505,
                        "min": 1.0004660176710218,
                        "max": 10.000058334898267,
                        "stdv": 1.2254316479915668,
                        "counts": 2779
                    }
                }
            }
        }
    },
    "impermanent gain, loss": {
        "gain": {
            "raw": {
                "avg": 1.4267552470629046,
                "med": 1.3539391667215859,
                "quart_1": 1.1222688284760085,
                "quart_3": 1.6448928595447472,
                "min": 1.0,
                "max": 4.4290171089114105,
                "stdv": 0.36028256904377354,
                "counts": 9002221
            },
            "processed": {
                "avg": 1.425777842099396,
                "med": 1.3536676936818168,
                "quart_1": 1.12219550921051,
                "quart_3": 1.6442403831755878,
                "min": 1.0,
                "max": 3.1717218625060197,
                "stdv": 0.3576817286939662,
                "counts": 8997720
            }
        },
        "loss": {
            "raw": {
                "avg": 0.7412495747721694,
                "med": 0.7384212836470349,
                "quart_1": 0.6079094120914128,
                "quart_3": 0.8908682275747373,
                "min": 0.2257837293037199,
                "max": 0.9999991405557309,
                "stdv": 0.16604339309507224,
                "counts": 8997779
            },
            "processed": {
                "avg": 0.7414718597791446,
                "med": 0.738586600452843,
                "quart_1": 0.6081141549143508,
                "quart_3": 0.8909656922896463,
                "min": 0.3152861579135726,
                "max": 0.9999991405557309,
                "stdv": 0.16578666081758836,
                "counts": 8993281
            }
        },
        "averages": {
            "raw": {
                "avg": 1.084086994700407,
                "med": 1.082130013446314,
                "quart_1": 1.0679807919093807,
                "quart_3": 1.0980762099785237,
                "min": 1.0004186341637127,
                "max": 1.192887593386774,
                "stdv": 0.022399125116419824,
                "counts": 200000
            },
            "processed": {
                "avg": 1.0840389302583482,
                "med": 1.0821170507206563,
                "quart_1": 1.0679709550846896,
                "quart_3": 1.0980467510963354,
                "min": 1.0004186341637127,
                "max": 1.1727795456291346,
                "stdv": 0.022301048760951195,
                "counts": 199900
            }
        },
        "median": {
            "raw": {
                "avg": 1.0000509747597144,
                "med": 1.000007568196824,
                "quart_1": 1.0000011380521836,
                "quart_3": 1.000037094441921,
                "min": 1.0,
                "max": 1.005032902394163,
                "stdv": 0.00015244230866534892,
                "counts": 200000
            },
            "processed": {
                "avg": 1.0000493192941307,
                "med": 1.000007568196824,
                "quart_1": 1.0000011380521836,
                "quart_3": 1.0000370471080964,
                "min": 1.0,
                "max": 1.0023835998138717,
                "stdv": 0.00013232106572895534,
                "counts": 199900
            }
        },
        "monitors": {
            "BTC, ETH": {
                "gain": {
                    "raw": {
                        "avg": 1.4045555358203632,
                        "med": 1.3268265487685542,
                        "quart_1": 1.1216281507869121,
                        "quart_3": 1.6240400446018401,
                        "min": 1.0,
                        "max": 3.721595849195844,
                        "stdv": 0.34358284181245086,
                        "counts": 200087
                    },
                    "processed": {
                        "avg": 1.4036116688240567,
                        "med": 1.3268265487685542,
                        "quart_1": 1.1216281507869121,
                        "quart_3": 1.6240400446018401,
                        "min": 1.0,
                        "max": 2.992596046947188,
                        "stdv": 0.34102613442892427,
                        "counts": 199987
                    }
                },
                "loss": {
                    "raw": {
                        "avg": 0.7504124774998496,
                        "med": 0.7534187590814581,
                        "quart_1": 0.6157483636711432,