{
    "capital efficiency": {
        "better": {
            "raw": {
                "avg": 0.9999999999999999,
                "med": 0.9999999999999999,
                "quart_1": 0.9999999999999998,
                "quart_3": 1.0,
                "min": 0.9999999999948433,
                "max": 1.0,
                "stdv": 1.9574811167119647e-14,
                "counts": 90402
            },
            "processed": {
                "avg": 1.0,
                "med": 0.9999999999999999,
                "quart_1": 0.9999999999999998,
                "quart_3": 1.0,
                "min": 0.999999999999972,
                "max": 1.0,
                "stdv": 7.385702922169811e-16,
                "counts": 90357
            }
        },
        "worse": {
            "raw": {
                "avg": 1.0000000000000002,
                "med": 1.0000000000000002,
                "quart_1": 1.0000000000000002,
                "quart_3": 1.0000000000000004,
                "min": 1.0000000000000002,
                "max": 1.0000000000017386,
                "stdv": 9.4455187064211e-15,
                "counts": 49368
            },
            "processed": {
                "avg": 1.0000000000000002,
                "med": 1.0000000000000002,
                "quart_1": 1.0000000000000002,
                "quart_3": 1.0000000000000004,
                "min": 1.0000000000000002,
                "max": 1.0000000000000544,
                "stdv": 1.4105013680734892e-15,
                "counts": 49344
            }
        },
        "monitors": {
            "BTC, ETH": {
                "better": {
                    "raw": {
                        "avg": 0.9999999999999999,
                        "med": 0.9999999999999999,
                        "quart_1": 0.9999999999999998,
                        "quart_3": 1.0,
                        "min": 0.9999999999999245,
                        "max": 1.0,
                        "stdv": 1.8982197244694863e-15,
                        "counts": 2037
                    },
                    "processed": {
                        "avg": 0.9999999999999999,
                        "med": 0.9999999999999999,
                        "quart_1": 0.9999999999999998,
                        "quart_3": 1.0,
                        "min": 0.9999999999999684,
                        "max": 1.0,
                        "stdv": 9.146433779402234e-16,
                        "counts": 2036
                    }
                },
                "worse": {
                    "raw": {
                        "avg": 1.0000000000000007,
                        "med": 1.0000000000000002,
                        "quart_1": 1.0000000000000002,
                        "quart_3": 1.0000000000000004,
                        "min": 1.0000000000000002,
                        "max": 1.000000000000413,
                        "stdv": 1.215720802614156e-14,
                        "counts": 1162
                    },
                    "processed": {
                        "avg": 1.0000000000000007,
                        "med": 1.0000000000000002,
                        "quart_1": 1.0000000000000002,
                        "quart_3": 1.0000000000000004,
                        "min": 1.0000000000000002,
                        "max": 1.000000000000413,
                        "stdv": 1.215720802614156e-14,
                        "counts": 1162
                    }
                }
            }
        }
    },
    "impermanent gain, loss": {
        "gain": {
            "raw": {
                "avg": 1.5079778719790906,
                "med": 1.5033975289162789,
                "quart_1": 1.2512509806748104,
                "quart_3": 1.753816990006953,
                "min": 1.0,
                "max": 2.391528214062565,
                "stdv": 0.3001151170254652,
                "counts": 8123158
            },
            "processed": {
                "avg": 1.5075681344140355,
                "med": 1.503160804687764,
                "quart_1": 1.251126587254225,
                "quart_3": 1.753491833873254,
                "min": 1.0,
                "max": 2.2973392213145196,
                "stdv": 0.29962975077816145,
                "counts": 8119097
            }
        },
        "loss": {
            "raw": {
                "avg": 0.4997097198502116,
                "med": 0.5003591520674365,
                "quart_1": 0.2506437793572269,
                "quart_3": 0.7486794583567984,
                "min": 5.724896886763129e-06,
                "max": 0.9999990956260303,
                "stdv": 0.2884557479067643,
                "counts": 8062172
            },
            "processed": {
                "avg": 0.4999595473683233,
                "med": 0.5005797488101484,
                "quart_1": 0.25097374002267125,
                "quart_3": 0.7488140967058796,
                "min": 0.0004453409148893948,
                "max": 0.9999990956260303,
                "stdv": 0.28831148353107444,
                "counts": 8058141
            }
        },
        "averages": {
            "raw": {
                "avg": 1.005743363038509,
                "med": 1.0043821314900538,
                "quart_1": 1.002023381585753,
                "quart_3": 1.0084291698158272,
                "min": 0.9912810259452619,
                "max": 1.0386896575401359,
                "stdv": 0.005510114341523837,
                "counts": 179837
            },
            "processed": {
                "avg": 1.0057294657588582,
                "med": 1.0043806383252,
                "quart_1": 1.0020217375991376,
                "quart_3": 1.008420885728404,
                "min": 0.9912810259452619,
                "max": 1.031647693472985,
                "stdv": 0.0054758417072431525,
                "counts": 179748
            }
        },
        "median": {
            "raw": {
                "avg": 1.0031867883909138,
                "med": 1.0026544085203222,
                "quart_1": 0.992221940001208,
                "quart_3": 1.014475003456389,
                "min": 0.9310495501081497,
                "max": 1.0885197838887937,
                "stdv": 0.01775360105648666,
                "counts": 179837
            },
            "processed": {
                "avg": 1.0031584107115799,
                "med": 1.0026355746001174,
                "quart_1": 0.9922053477395323,
                "quart_3": 1.0144551876969699,
                "min": 0.9315380912121138,
                "max": 1.0740143165520437,
                "stdv": 0.01767529409736155,
                "counts": 179748
            }
        },
        "monitors": {
            "BTC, ETH": {
                "gain": {
                    "raw": {
                        "avg": 1.523639754265164,
                        "med": 1.5124380175457093,
                        "quart_1": 1.27572861692865,
                        "quart_3": 1.770970286295061,
                        "min": 1.0,
                        "max": 2.285038551123946,
                        "stdv": 0.3044771070607548,
                        "counts": 183141
                    },
                    "processed": {
                        "avg": 1.5232669583313447,
                        "med": 1.512159247732829,
                        "quart_1": 1.27572861692865,
                        "quart_3": 1.768608721395697,
                        "min": 1.0,
                        "max": 2.264509240732396,
                        "stdv": 0.3040931571154579,
                        "counts": 183050
                    }
                },
                "loss": {
                    "raw": {
                        "avg": 0.5042142646998035,
                        "med": 0.5133035882325026,
                        "quart_1": 0.27133358440170674,
                        "quart_3": 0.7401571231845255,
                        "min": 9.351992560927726e-06,