{
    "capital efficiency": {
        "better": {
            "raw": {
                "avg": 0.9787951927777339,
                "med": 0.9817851123000725,
                "quart_1": 0.9699010619195723,
                "quart_3": 0.9915786481533254,
                "min": 0.8370505491760222,
                "max": 0.9999999297756886,
                "stdv": 0.016350944662751592,
                "counts": 81546
            },
            "processed": {
                "avg": 0.9788450556149366,
                "med": 0.981795482135362,
                "quart_1": 0.9699213692587669,
                "quart_3": 0.9915835782380069,
                "min": 0.8886201938235736,
                "max": 0.9999999297756886,
                "stdv": 0.016197143458764593,
                "counts": 81506
            }
        },
        "worse": {
            "raw": {
                "avg": 1.0252321359663636,
                "med": 1.020476459840403,
                "quart_1": 1.010080067372829,
                "quart_3": 1.035162089063503,
                "min": 1.0000000098250277,
                "max": 1.2286888594523346,
                "stdv": 0.020326122904272326,
                "counts": 118454
            },
            "processed": {
                "avg": 1.0251668385968284,
                "med": 1.0204664794103788,
                "quart_1": 1.0100768345857902,
                "quart_3": 1.0351309521389067,
                "min": 1.0000000098250277,
                "max": 1.1411740967654727,
                "stdv": 0.020116056084278553,
                "counts": 118395
            }
        },
        "monitors": {
            "BTC": {
                "better": {
                    "raw": {
                        "avg": 0.9787689439356332,
                        "med": 0.9817501286696325,
                        "quart_1": 0.969857545779138,
                        "quart_3": 0.9915840300360197,
                        "min": 0.8502652260585728,
                        "max": 0.9999988954996272,
                        "stdv": 0.01638345693401977,
                        "counts": 16231
                    },
                    "processed": {
                        "avg": 0.9788214996327009,
                        "med": 0.9817575398907602,
                        "quart_1": 0.9698900450936951,
                        "quart_3": 0.991587446053242,
                        "min": 0.8828527588962146,
                        "max": 0.9999988954996272,
                        "stdv": 0.01621416630879743,
                        "counts": 16223
                    }
                },
                "worse": {
                    "raw": {
                        "avg": 1.0252619686748203,
                        "med": 1.0205701509461635,
                        "quart_1": 1.0101590940300338,
                        "quart_3": 1.0353448906352565,
                        "min": 1.000000230487119,
                        "max": 1.1656990088925434,
                        "stdv": 0.020171545278433577,
                        "counts": 23699
                    },
                    "processed": {
                        "avg": 1.0252040829623517,
                        "med": 1.020564916429311,
                        "quart_1": 1.0101554686454206,
                        "quart_3": 1.035324789941452,
                        "min": 1.000000230487119,
                        "max": 1.1382860660691152,
                        "stdv": 0.019995352573559128,
                        "counts": 23688
                    }
                }
            }
        }
    },
    "impermanent gain, loss": {
        "gain": {
            "raw": {
                "avg": 1.0525930188599844,
                "med": 1.038739306569538,
                "quart_1": 1.0161052702615967,
                "quart_3": 1.0775333486915666,
                "min": 1.0,
                "max": 1.2766834080529141,
                "stdv": 0.04591671877129132,
                "counts": 971759
            },
            "processed": {
                "avg": 1.0524998047684737,
                "med": 1.0387136829357195,
                "quart_1": 1.0160982409313584,
                "quart_3": 1.077452955096247,
                "min": 1.0,
                "max": 1.2265966948829585,
                "stdv": 0.04573744447853354,
                "counts": 971274
            }
        },
        "loss": {
            "raw": {
                "avg": 0.9543108350180157,
                "med": 0.9631062337660925,
                "quart_1": 0.935638731457246,
                "quart_3": 0.9832956274812513,
                "min": 0.7791715980537973,
                "max": 0.9999998783548688,
                "stdv": 0.03755418513888442,
                "counts": 1028241
            },
            "processed": {
                "avg": 0.9543864338198321,
                "med": 0.9631342414205762,
                "quart_1": 0.9356954151794039,
                "quart_3": 0.9833043999545819,
                "min": 0.8098448931852777,
                "max": 0.9999998783548688,
                "stdv": 0.037410816401976084,
                "counts": 1027727
            }
        },
        "averages": {
            "raw": {
                "avg": 1.0020641333620333,
                "med": 1.0010996651127697,
                "quart_1": 1.0005443420686067,
                "quart_3": 1.0036514754039254,
                "min": 1.0000016871920507,
                "max": 1.0104547222393159,
                "stdv": 0.0019171961969876529,
                "counts": 200000
            },
            "processed": {
                "avg": 1.0020609004561778,
                "med": 1.0010989727644115,
                "quart_1": 1.0005440704305364,
                "quart_3": 1.003645966453198,
                "min": 1.0000016871920507,
                "max": 1.0081162778841335,
                "stdv": 0.0019121889256042913,
                "counts": 199900
            }
        },
        "median": {
            "raw": {
                "avg": 0.9953489681530397,
                "med": 0.9970252936662636,
                "quart_1": 0.9890610341930098,
                "quart_3": 1.0027540267618682,
                "min": 0.9385964501904744,
                "max": 1.0444221678555616,
                "stdv": 0.01128660814854734,
                "counts": 200000
            },
            "processed": {
                "avg": 0.9953721192281568,
                "med": 0.9970315996284869,
                "quart_1": 0.9890769970456117,
                "quart_3": 1.0027572804823475,
                "min": 0.9508151732063196,
                "max": 1.0430786020561293,
                "stdv": 0.011237568072762034,
                "counts": 199900
            }
        },
        "monitors": {
            "BTC": {
                "gain": {
                    "raw": {
                        "avg": 1.0367051830430056,
                        "med": 1.0320737821695931,
                        "quart_1": 1.0137129866929708,
                        "quart_3": 1.056977434857973,
                        "min": 1.0000036449820178,
                        "max": 1.1603398928507724,
                        "stdv": 0.026515087123261196,
                        "counts": 41961
                    },
                    "processed": {
                        "avg": 1.0366500809672872,
                        "med": 1.0320722797355564,
                        "quart_1": 1.013702301011894,
                        "quart_3": 1.0569410736929759,
                        "min": 1.0000036449820178,
                        "max": 1.1448150345370303,
                        "stdv": 0.026400580748368787,
                        "counts": 41941
                    }
                },
                "loss": {
                    "raw": {
                        "avg": 0.9455436526374412,
                        "med": 0.9445585461782476,