{
    "capital efficiency": {
        "better": {
            "raw": {
                "avg": 0.9999999999999925,
                "med": 0.9999999999999949,
                "quart_1": 0.9999999999999895,
                "quart_3": 0.9999999999999979,
                "min": 0.9999999997931596,
                "max": 1.0,
                "stdv": 7.343636517467687e-13,
                "counts": 90311
            },
            "processed": {
                "avg": 0.9999999999999972,
                "med": 0.9999999999999949,
                "quart_1": 0.9999999999999895,
                "quart_3": 0.9999999999999979,
                "min": 0.999999999998565,
                "max": 1.0,
                "stdv": 3.5563201937534914e-14,
                "counts": 90266
            }
        },
        "worse": {
            "raw": {
                "avg": 1.000000000000002,
                "med": 1.0000000000000053,
                "quart_1": 1.0000000000000022,
                "quart_3": 1.0000000000000109,
                "min": 1.0000000000000002,
                "max": 1.0000000000330649,
                "stdv": 1.8067049811692032e-13,
                "counts": 88791
            },
            "processed": {
                "avg": 1.0000000000000002,
                "med": 1.0000000000000053,
                "quart_1": 1.0000000000000022,
                "quart_3": 1.0000000000000107,
                "min": 1.0000000000000002,
                "max": 1.000000000001434,
                "stdv": 3.417274131950064e-14,
                "counts": 88747
            }
        },
        "monitors": {
            "BTC": {
                "better": {
                    "raw": {
                        "avg": 0.9999999999999907,
                        "med": 0.9999999999999948,
                        "quart_1": 0.9999999999999899,
                        "quart_3": 0.9999999999999977,
                        "min": 0.9999999999356562,
                        "max": 1.0,
                        "stdv": 4.924523196499442e-13,
                        "counts": 17918
                    },
                    "processed": {
                        "avg": 0.9999999999999961,
                        "med": 0.9999999999999948,
                        "quart_1": 0.9999999999999899,
                        "quart_3": 0.9999999999999977,
                        "min": 0.9999999999983045,
                        "max": 1.0,
                        "stdv": 3.8386562554394684e-14,
                        "counts": 17910
                    }
                },
                "worse": {
                    "raw": {
                        "avg": 1.0000000000000024,
                        "med": 1.0000000000000053,
                        "quart_1": 1.0000000000000024,
                        "quart_3": 1.0000000000000102,
                        "min": 1.0000000000000002,
                        "max": 1.0000000000126148,
                        "stdv": 1.4106251900379965e-13,
                        "counts": 17841
                    },
                    "processed": {
                        "avg": 1.0000000000000002,
                        "med": 1.0000000000000053,
                        "quart_1": 1.0000000000000024,
                        "quart_3": 1.0000000000000102,
                        "min": 1.0000000000000002,
                        "max": 1.0000000000011713,
                        "stdv": 3.038667011953813e-14,
                        "counts": 17833
                    }
                }
            }
        }
    },
    "impermanent gain, loss": {
        "gain": {
            "raw": {
                "avg": 1.6398023115418718,
                "med": 1.4634158599806375,
                "quart_1": 1.1929491363826357,
                "quart_3": 1.9304692059874518,
                "min": 1.0,
                "max": 4.419729521214365,
                "stdv": 0.5946228840058572,
                "counts": 754815
            },
            "processed": {
                "avg": 1.6384381694121786,
                "med": 1.463184618666202,
                "quart_1": 1.1928350710163598,
                "quart_3": 1.9295290423517324,
                "min": 1.0,
                "max": 4.338416230879183,
                "stdv": 0.5916307459612958,
                "counts": 754438
            }
        },
        "loss": {
            "raw": {
                "avg": 0.5258147630793866,
                "med": 0.5355514402613017,
                "quart_1": 0.29802572056351356,
                "quart_3": 0.7622001614406163,
                "min": 9.635717445565703e-06,
                "max": 0.9999997598996129,
                "stdv": 0.27817526890623434,
                "counts": 1043555
            },
            "processed": {
                "avg": 0.5260772142407046,
                "med": 0.5357779163399397,
                "quart_1": 0.2983978689142548,
                "quart_3": 0.7622931127424631,
                "min": 0.0008441820538470177,
                "max": 0.9999997598996129,
                "stdv": 0.2779967010214809,
                "counts": 1043034
            }
        },
        "averages": {
            "raw": {
                "avg": 0.9933795642007097,
                "med": 0.9941317444567627,
                "quart_1": 0.9867872718473514,
                "quart_3": 0.9978924199071353,
                "min": 0.9723094828041632,
                "max": 1.0335816432768872,
                "stdv": 0.01041500021808769,
                "counts": 179837
            },
            "processed": {
                "avg": 0.993359970029994,
                "med": 0.994125291042924,
                "quart_1": 0.9867830159275023,
                "quart_3": 0.9978872024795546,
                "min": 0.9723094828041632,
                "max": 1.032647356757356,
                "stdv": 0.01038027558656958,
                "counts": 179748
            }
        },
        "median": {
            "raw": {
                "avg": 0.8299255816464681,
                "med": 0.8103187237477241,
                "quart_1": 0.720045731791655,
                "quart_3": 0.9727870167018464,
                "min": 0.39670675780495024,
                "max": 1.3427170848588141,
                "stdv": 0.16682898234620253,
                "counts": 179837
            },
            "processed": {
                "avg": 0.8296802562317407,
                "med": 0.8102367270222055,
                "quart_1": 0.7200032020382376,
                "quart_3": 0.9725884157919891,
                "min": 0.39670675780495024,
                "max": 1.3094593943407562,
                "stdv": 0.16650535789442567,
                "counts": 179748
            }
        },
        "monitors": {
            "BTC": {
                "gain": {
                    "raw": {
                        "avg": 1.3471759430066035,
                        "med": 1.325637087948507,
                        "quart_1": 1.163810462924704,
                        "quart_3": 1.4963378457126335,
                        "min": 1.0000540222260055,
                        "max": 1.977702305600731,
                        "stdv": 0.22036317795588978,
                        "counts": 81092
                    },
                    "processed": {
                        "avg": 1.3468707313140635,
                        "med": 1.3253599478861955,
                        "quart_1": 1.1637948217463192,
                        "quart_3": 1.496091749962162,
                        "min": 1.0000540222260055,
                        "max": 1.9533001284514488,
                        "stdv": 0.2199886692791069,
                        "counts": 81052
                    }
                },
                "loss": {
                    "raw": {
                        "avg": 0.6372386392265219,
                        "med": 0.6768820936261596,
                        "quart_1": 0.5042564356969333,