{
    "capital efficiency": {
        "better": {
            "raw": {
                "avg": 0.9888555786860569,
                "med": 0.9906451129742581,
                "quart_1": 0.9844445278557924,
                "quart_3": 0.995654116935476,
                "min": 0.07042459414790748,
                "max": 0.9999995076609015,
                "stdv": 0.01158075697158076,
                "counts": 81909
            },
            "processed": {
                "avg": 0.9889919307913045,
                "med": 0.9906502338270996,
                "quart_1": 0.9844577301668054,
                "quart_3": 0.995655361749466,
                "min": 0.88658423031171,
                "max": 0.9999995076609015,
                "stdv": 0.008767103788741858,
                "counts": 81869
            }
        },
        "worse": {
            "raw": {
                "avg": 1.0131026486738754,
                "med": 1.0103259527081843,
                "quart_1": 1.0051013784749256,
                "quart_3": 1.0177763699810218,
                "min": 1.0000001829752854,
                "max": 3.15206261340628,
                "stdv": 0.014933343401874173,
                "counts": 118088
            },
            "processed": {
                "avg": 1.0129536629760438,
                "med": 1.010321883483219,
                "quart_1": 1.0050998035087537,
                "quart_3": 1.0177618013765315,
                "min": 1.0000001829752854,
                "max": 1.1248893113547902,
                "stdv": 0.010985910472148435,
                "counts": 118029
            }
        },
        "monitors": {
            "BTC": {
                "better": {
                    "raw": {
                        "avg": 0.9888524402903139,
                        "med": 0.9906827213969109,
                        "quart_1": 0.9845391280013323,
                        "quart_3": 0.9956314052939843,
                        "min": 0.14445299912080312,
                        "max": 0.9999983651329085,
                        "stdv": 0.012702230054241688,
                        "counts": 16193
                    },
                    "processed": {
                        "avg": 0.9890166610809115,
                        "med": 0.9906887603458855,
                        "quart_1": 0.9845536454257893,
                        "quart_3": 0.9956325900534309,
                        "min": 0.864974521151498,
                        "max": 0.9999983651329085,
                        "stdv": 0.008849974614385723,
                        "counts": 16185
                    }
                },
                "worse": {
                    "raw": {
                        "avg": 1.0129154082580838,
                        "med": 1.0102522947511343,
                        "quart_1": 1.0051019258903342,
                        "quart_3": 1.0176389837349569,
                        "min": 1.0000011519618233,
                        "max": 2.047890439257124,
                        "stdv": 0.013246099744205929,
                        "counts": 23609
                    },
                    "processed": {
                        "avg": 1.0127997522699606,
                        "med": 1.0102488396931835,
                        "quart_1": 1.0051005466807479,
                        "quart_3": 1.0176273260723026,
                        "min": 1.0000011519618233,
                        "max": 1.1135266313620469,
                        "stdv": 0.010698125571270822,
                        "counts": 23598
                    }
                }
            }
        }
    },
    "impermanent gain, loss": {
        "gain": {
            "raw": {
                "avg": 1.0156872920802404,
                "med": 1.0123727760282593,
                "quart_1": 1.0058655862832473,
                "quart_3": 1.0219915369322297,
                "min": 1.0,
                "max": 1.1539249562364127,
                "stdv": 0.01315666989147676,
                "counts": 1242651
            },
            "processed": {
                "avg": 1.0156411975948703,
                "med": 1.0123643992503746,
                "quart_1": 1.0058618455408503,
                "quart_3": 1.0219695128791113,
                "min": 1.0,
                "max": 1.0928307803084962,
                "stdv": 0.012993682482534909,
                "counts": 1242030
            }
        },
        "loss": {
            "raw": {
                "avg": 0.9865234264134743,
                "med": 0.989867314222987,
                "quart_1": 0.9810894345160625,
                "quart_3": 0.995519168394368,
                "min": 0.8611705784757944,
                "max": 0.9999999286654602,
                "stdv": 0.01216234692735992,
                "counts": 757349
            },
            "processed": {
                "avg": 0.9865650373668399,
                "med": 0.9898761338074821,
                "quart_1": 0.9811116059210435,
                "quart_3": 0.9955212888004343,
                "min": 0.9143551223233353,
                "max": 0.9999999286654602,
                "stdv": 0.012018891958324228,
                "counts": 756971
            }
        },
        "averages": {
            "raw": {
                "avg": 1.004643679830808,
                "med": 1.0048620237747174,
                "quart_1": 1.003081827308311,
                "quart_3": 1.006368984216362,
                "min": 0.9989772929630518,
                "max": 1.0086742886889202,
                "stdv": 0.001923684806675334,
                "counts": 200000
            },
            "processed": {
                "avg": 1.0046460596364042,
                "med": 1.0048641561482192,
                "quart_1": 1.0030845667382589,
                "quart_3": 1.0063694547155708,
                "min": 1.000065116526951,
                "max": 1.0086742886889202,
                "stdv": 0.0019212121668296112,
                "counts": 199900
            }
        },
        "median": {
            "raw": {
                "avg": 1.0046803510057483,
                "med": 1.0046893387170073,
                "quart_1": 1.002026745262229,
                "quart_3": 1.0072641180438986,
                "min": 0.9792045622051009,
                "max": 1.0381359868054076,
                "stdv": 0.004288973929236745,
                "counts": 200000
            },
            "processed": {
                "avg": 1.0046763885759766,
                "med": 1.0046884941774175,
                "quart_1": 1.002027413328429,
                "quart_3": 1.0072628721608488,
                "min": 0.9844500691464917,
                "max": 1.0247967776090723,
                "stdv": 0.004256416387785749,
                "counts": 199900
            }
        },
        "monitors": {
            "BTC": {
                "gain": {
                    "raw": {
                        "avg": 1.015270890567971,
                        "med": 1.012175981052751,
                        "quart_1": 1.0058815341848788,
                        "quart_3": 1.0214976187834155,
                        "min": 1.0000036713895422,
                        "max": 1.112440443169333,
                        "stdv": 0.012507403879567733,
                        "counts": 126449
                    },
                    "processed": {
                        "avg": 1.0152330972245511,
                        "med": 1.0121682546081952,
                        "quart_1": 1.005878857059684,
                        "quart_3": 1.021487587109322,
                        "min": 1.0000036713895422,
                        "max": 1.0807770768349956,
                        "stdv": 0.012393234082630438,
                        "counts": 126386
                    }
                },
                "loss": {
                    "raw": {
                        "avg": 0.986795428238665,
                        "med": 0.9899488235538934,