{
    "capital efficiency": {
        "better": {
            "raw": {
                "avg": 0.9943571449755824,
                "med": 0.9952942973102838,
                "quart_1": 0.9921214876240728,
                "quart_3": 0.9978425295631994,
                "min": 0.15834938391927358,
                "max": 0.9999999295257949,
                "stdv": 0.00721084125892017,
                "counts": 81827
            },
            "processed": {
                "avg": 0.9944430542262621,
                "med": 0.9952962535259736,
                "quart_1": 0.9921270003424046,
                "quart_3": 0.9978439396227374,
                "min": 0.9484321428541422,
                "max": 0.9999999295257949,
                "stdv": 0.004441522806641463,
                "counts": 81787
            }
        },
        "worse": {
            "raw": {
                "avg": 1.0066284295426606,
                "med": 1.00518620125154,
                "quart_1": 1.002541632615496,
                "quart_3": 1.0089400026232753,
                "min": 1.0000002184620316,
                "max": 2.8565358542689423,
                "stdv": 0.011574352370994799,
                "counts": 118171
            },
            "processed": {
                "avg": 1.0065094499416216,
                "med": 1.0051835362907457,
                "quart_1": 1.0025402705359854,
                "quart_3": 1.0089322375775247,
                "min": 1.0000002184620316,
                "max": 1.0674739345055122,
                "stdv": 0.005557967831517457,
                "counts": 118112
            }
        },
        "monitors": {
            "BTC": {
                "better": {
                    "raw": {
                        "avg": 0.9943518972465103,
                        "med": 0.9952834218707322,
                        "quart_1": 0.9921942604615952,
                        "quart_3": 0.9978107979396442,
                        "min": 0.2733056517554711,
                        "max": 0.9999996953467682,
                        "stdv": 0.00800565238147322,
                        "counts": 16241
                    },
                    "processed": {
                        "avg": 0.9944571569789283,
                        "med": 0.9952858365273459,
                        "quart_1": 0.9922043400690465,
                        "quart_3": 0.9978121795477415,
                        "min": 0.9366148667333528,
                        "max": 0.9999996953467682,
                        "stdv": 0.004520757305368947,
                        "counts": 16233
                    }
                },
                "worse": {
                    "raw": {
                        "avg": 1.0065175391195087,
                        "med": 1.0051800022273119,
                        "quart_1": 1.0025396091637098,
                        "quart_3": 1.0088309716904893,
                        "min": 1.0000016153374696,
                        "max": 1.228223819538599,
                        "stdv": 0.006293831167988817,
                        "counts": 23579
                    },
                    "processed": {
                        "avg": 1.0064560842482781,
                        "med": 1.0051748259422117,
                        "quart_1": 1.0025386706060155,
                        "quart_3": 1.0088277939156285,
                        "min": 1.0000016153374696,
                        "max": 1.0631910622001222,
                        "stdv": 0.005465347238453559,
                        "counts": 23568
                    }
                }
            }
        }
    },
    "impermanent gain, loss": {
        "gain": {
            "raw": {
                "avg": 1.0163175122830788,
                "med": 1.013007339252604,
                "quart_1": 1.006374241884822,
                "quart_3": 1.022826126756574,
                "min": 1.0,
                "max": 1.156787216521421,
                "stdv": 0.013358663084892248,
                "counts": 1299247
            },
            "processed": {
                "avg": 1.0162712158158744,
                "med": 1.0129992413369673,
                "quart_1": 1.0063716546077595,
                "quart_3": 1.0228095200900824,
                "min": 1.0,
                "max": 1.094884085389513,
                "stdv": 0.013196616838807972,
                "counts": 1298598
            }
        },
        "loss": {
            "raw": {
                "avg": 0.9866083567431374,
                "med": 0.989974153193372,
                "quart_1": 0.9811919315570657,
                "quart_3": 0.9955804364871464,
                "min": 0.8595230354135944,
                "max": 0.9999998945062097,
                "stdv": 0.01213171619726604,
                "counts": 700753
            },
            "processed": {
                "avg": 0.9866517428997508,
                "med": 0.9899806497351353,
                "quart_1": 0.9812102163881627,
                "quart_3": 0.9955842794974342,
                "min": 0.9118756560749811,
                "max": 0.9999998945062097,
                "stdv": 0.011975647707212097,
                "counts": 700403
            }
        },
        "averages": {
            "raw": {
                "avg": 1.0059081223470916,
                "med": 1.0062067537129407,
                "quart_1": 1.0045194736155003,
                "quart_3": 1.0077648920161018,
                "min": 1.0000005337672515,
                "max": 1.0105866957291831,
                "stdv": 0.0021784179314259934,
                "counts": 200000
            },
            "processed": {
                "avg": 1.005911057847037,
                "med": 1.0062085062891575,
                "quart_1": 1.0045219977745645,
                "quart_3": 1.0077653957394368,
                "min": 1.0000549111426362,
                "max": 1.0105866957291831,
                "stdv": 0.0021750044165450276,
                "counts": 199900
            }
        },
        "median": {
            "raw": {
                "avg": 1.005940868501328,
                "med": 1.0059998606086074,
                "quart_1": 1.0032124507727247,
                "quart_3": 1.0086471653754758,
                "min": 0.9806942527328619,
                "max": 1.0468602150193531,
                "stdv": 0.004424250260344053,
                "counts": 200000
            },
            "processed": {
                "avg": 1.0059339801207146,
                "med": 1.0059992574295795,
                "quart_1": 1.0032126642038899,
                "quart_3": 1.0086450670084885,
                "min": 0.9849012876648142,
                "max": 1.0270013662854494,
                "stdv": 0.004386123996757887,
                "counts": 199900
            }
        },
        "monitors": {
            "BTC": {
                "gain": {
                    "raw": {
                        "avg": 1.0159826918841055,
                        "med": 1.01302068010518,
                        "quart_1": 1.0063102765386955,
                        "quart_3": 1.0223977735298573,
                        "min": 1.0000009518876656,
                        "max": 1.115003136194382,
                        "stdv": 0.012827761190446702,
                        "counts": 132584
                    },
                    "processed": {
                        "avg": 1.0159433038993932,
                        "med": 1.0130119753060187,
                        "quart_1": 1.006307832264754,
                        "quart_3": 1.0223805733382383,
                        "min": 1.0000009518876656,
                        "max": 1.0860895640058696,
                        "stdv": 0.012707123670521375,
                        "counts": 132518
                    }
                },
                "loss": {
                    "raw": {
                        "avg": 0.986787780504678,
                        "med": 0.9899128984399566,