{
    "capital efficiency": {
        "better": {
            "raw": {
                "avg": 0.7262598417210885,
                "med": 0.7274040255047848,
                "quart_1": 0.5887848289330498,
                "quart_3": 0.8826287236324759,
                "min": 0.10445507825330257,
                "max": 0.9999983762821651,
                "stdv": 0.1736708840155951,
                "counts": 77262
            },
            "processed": {
                "avg": 0.7265435672420801,
                "med": 0.7275999001593058,
                "quart_1": 0.5889222667425863,
                "quart_3": 0.8827254122217839,
                "min": 0.17507288915990893,
                "max": 0.9999983762821651,
                "stdv": 0.17324121888999092,
                "counts": 77224
            }
        },
        "worse": {
            "raw": {
                "avg": 1.8635186756979372,
                "med": 1.3684097673420335,
                "quart_1": 1.1446328538932096,
                "quart_3": 2.0590092701752,
                "min": 1.0000033671694382,
                "max": 27.061481844541063,
                "stdv": 1.2961782323213356,
                "counts": 122738
            },
            "processed": {
                "avg": 1.8557543707286637,
                "med": 1.368030759247665,
                "quart_1": 1.1445257737055528,
                "quart_3": 2.0570893235657017,
                "min": 1.0000033671694382,
                "max": 14.720016113567901,
                "stdv": 1.2472007984332492,
                "counts": 122677
            }
        },
        "monitors": {
            "BTC, ETH": {
                "better": {
                    "raw": {
                        "avg": 0.73544669951768,
                        "med": 0.7411387236314876,
                        "quart_1": 0.602090988269623,
                        "quart_3": 0.8876559899363426,
                        "min": 0.20208565039640386,
                        "max": 0.9996358364924839,
                        "stdv": 0.17089531473124872,
                        "counts": 1691
                    },
                    "processed": {
                        "avg": 0.73544669951768,
                        "med": 0.7411387236314876,
                        "quart_1": 0.602090988269623,
                        "quart_3": 0.8876559899363426,
                        "min": 0.20208565039640386,
                        "max": 0.9996358364924839,
                        "stdv": 0.17089531473124872,
                        "counts": 1691
                    }
                },
                "worse": {
                    "raw": {
                        "avg": 1.7843849425717866,
                        "med": 1.343532407813169,
                        "quart_1": 1.133028036559536,
                        "quart_3": 1.9768529985623617,
                        "min": 1.0000193282766952,
                        "max": 15.378368851819701,
                        "stdv": 1.1615598942834262,
                        "counts": 2733
                    },
                    "processed": {
                        "avg": 1.7794091065874351,
                        "med": 1.3435160972761695,
                        "quart_1": 1.1329017424436685,
                        "quart_3": 1.9758635934005924,
                        "min": 1.0000193282766952,
                        "max": 13.57038738398442,
                        "stdv": 1.1322760499300557,
                        "counts": 2732
                    }
                }
            }
        }
    },
    "impermanent gain, loss": {
        "gain": {
            "raw": {
                "avg": 1.4273340390966633,
                "med": 1.3572183811945129,
                "quart_1": 1.1208550063369738,
                "quart_3": 1.647702419554374,
                "min": 1.0,
                "max": 4.435805974453451,
                "stdv": 0.3640046436162473,
                "counts": 9041329
            },
            "processed": {
                "avg": 1.4263600067930133,
                "med": 1.3569885128311345,
                "quart_1": 1.1207523421661285,
                "quart_3": 1.6470024757636417,
                "min": 1.0,
                "max": 3.1743465325769105,
                "stdv": 0.3614532230685183,
                "counts": 9036809
            }
        },
        "loss": {
            "raw": {
                "avg": 0.6747022871032343,
                "med": 0.681192377805367,
                "quart_1": 0.4893164792121141,
                "quart_3": 0.8803658415578591,
                "min": 0.08829301290605991,
                "max": 0.9999999999999999,
                "stdv": 0.2259602171799047,
                "counts": 8958671
            },
            "processed": {
                "avg": 0.6749744364688123,
                "med": 0.6813686328658869,
                "quart_1": 0.489529328745336,
                "quart_3": 0.8805257940981739,
                "min": 0.14344652113502243,
                "max": 0.9999999999999999,
                "stdv": 0.2256886498713528,
                "counts": 8954192
            }
        },
        "averages": {
            "raw": {
                "avg": 1.0527462474140261,
                "med": 1.0505767893321045,
                "quart_1": 1.0397777408694058,
                "quart_3": 1.0631386129874738,
                "min": 1.0001407536951183,
                "max": 1.1444196856145445,
                "stdv": 0.017743933392016874,
                "counts": 200000
            },
            "processed": {
                "avg": 1.0527068235508446,
                "med": 1.0505665110737974,
                "quart_1": 1.0397698190597366,
                "quart_3": 1.0631165644953229,
                "min": 1.0001407536951183,
                "max": 1.1258211239865203,
                "stdv": 0.017660269788316224,
                "counts": 199900
            }
        },
        "median": {
            "raw": {
                "avg": 1.0009281173052735,
                "med": 1.0006261455375256,
                "quart_1": 0.9966306184402798,
                "quart_3": 1.004720641494877,
                "min": 0.9614691692334217,
                "max": 1.0437144363524768,
                "stdv": 0.007167761143642322,
                "counts": 200000
            },
            "processed": {
                "avg": 1.000916955016206,
                "med": 1.000624519091401,
                "quart_1": 0.9966306184402798,
                "quart_3": 1.004716150665542,
                "min": 0.9667690909915823,
                "max": 1.0350502568686308,
                "stdv": 0.0071205927736641556,
                "counts": 199900
            }
        },
        "monitors": {
            "BTC, ETH": {
                "gain": {
                    "raw": {
                        "avg": 1.4031755653183189,
                        "med": 1.3235113966542271,
                        "quart_1": 1.0903144708994255,
                        "quart_3": 1.6214217591735385,
                        "min": 1.0,
                        "max": 3.832733814583496,
                        "stdv": 0.3541957730631505,
                        "counts": 212497
                    },
                    "processed": {
                        "avg": 1.402210060451595,
                        "med": 1.3229664119888356,
                        "quart_1": 1.0902960842437182,
                        "quart_3": 1.6214217591735385,
                        "min": 1.0,
                        "max": 3.0709240167482124,
                        "stdv": 0.3516069984229508,
                        "counts": 212391
                    }
                },
                "loss": {
                    "raw": {
                        "avg": 0.6714776125373813,
                        "med": 0.6807639296735578,
                        "quart_1": 0.49525989267360226,