{
    "capital efficiency": {
        "better": {
            "raw": {
                "avg": 0.8296838260341047,
                "med": 0.8850043742549156,
                "quart_1": 0.7230940815182065,
                "quart_3": 0.965590873971937,
                "min": 0.06642941101136585,
                "max": 0.9999999683160358,
                "stdv": 0.16088195013290907,
                "counts": 79354
            },
            "processed": {
                "avg": 0.8300346430082998,
                "med": 0.8851309405410074,
                "quart_1": 0.7233808089480274,
                "quart_3": 0.9656186387861099,
                "min": 0.1481630672020653,
                "max": 0.9999999683160358,
                "stdv": 0.16014073351109503,
                "counts": 79315
            }
        },
        "worse": {
            "raw": {
                "avg": 1.8570860669612381,
                "med": 1.1167883801616227,
                "quart_1": 1.0361480131475571,
                "quart_3": 1.5268153056433602,
                "min": 1.0000003068268326,
                "max": 92.50015414904252,
                "stdv": 2.6839125671106903,
                "counts": 120646
            },
            "processed": {
                "avg": 1.8319916672492897,
                "med": 1.1165797075844464,
                "quart_1": 1.036123392037629,
                "quart_3": 1.525691229016016,
                "min": 1.0000003068268326,
                "max": 40.54598513704335,
                "stdv": 2.4244635860996713,
                "counts": 120586
            }
        },
        "monitors": {
            "BTC, ETH": {
                "better": {
                    "raw": {
                        "avg": 0.8378439944918747,
                        "med": 0.8926898734659432,
                        "quart_1": 0.7425930497323004,
                        "quart_3": 0.9672836982822492,
                        "min": 0.20574682713133594,
                        "max": 0.9999478755205777,
                        "stdv": 0.15666465382663847,
                        "counts": 1764
                    },
                    "processed": {
                        "avg": 0.8378439944918747,
                        "med": 0.8926898734659432,
                        "quart_1": 0.7425930497323004,
                        "quart_3": 0.9672836982822492,
                        "min": 0.20574682713133594,
                        "max": 0.9999478755205777,
                        "stdv": 0.15666465382663847,
                        "counts": 1764
                    }
                },
                "worse": {
                    "raw": {
                        "avg": 1.748915976392985,
                        "med": 1.1114694726223562,
                        "quart_1": 1.034392085796199,
                        "quart_3": 1.4542021738387838,
                        "min": 1.0001384485671079,
                        "max": 47.78852110083444,
                        "stdv": 2.415506813022727,
                        "counts": 2652
                    },
                    "processed": {
                        "avg": 1.7315490940374807,
                        "med": 1.1112644501603308,
                        "quart_1": 1.034392085796199,
                        "quart_3": 1.4533504892581834,
                        "min": 1.0001384485671079,
                        "max": 41.73586943500289,
                        "stdv": 2.244327980083063,
                        "counts": 2651
                    }
                }
            }
        }
    },
    "impermanent gain, loss": {
        "gain": {
            "raw": {
                "avg": 1.4409743929576229,
                "med": 1.3740410290913843,
                "quart_1": 1.1330436671102693,
                "quart_3": 1.6608514591995716,
                "min": 1.0,
                "max": 4.4646023267429085,
                "stdv": 0.36713253315891553,
                "counts": 9034703
            },
            "processed": {
                "avg": 1.439979456149058,
                "med": 1.373829189622769,
                "quart_1": 1.1329630667261152,
                "quart_3": 1.660294497871287,
                "min": 1.0,
                "max": 3.2028064344456446,
                "stdv": 0.36448282589513953,
                "counts": 9030186
            }
        },
        "loss": {
            "raw": {
                "avg": 0.6148722973554743,
                "med": 0.6374551963498963,
                "quart_1": 0.39189482992757385,
                "quart_3": 0.8643927869252384,
                "min": 0.019832045793025735,
                "max": 0.9999999999999999,
                "stdv": 0.2754382241739859,
                "counts": 8965297
            },
            "processed": {
                "avg": 0.6151629698126415,
                "med": 0.6377574492250723,
                "quart_1": 0.39229726420371036,
                "quart_3": 0.8645740043699709,
                "min": 0.038545948189155355,
                "max": 0.9999999999999999,
                "stdv": 0.2752001993367413,
                "counts": 8960815
            }
        },
        "averages": {
            "raw": {
                "avg": 1.029516024103006,
                "med": 1.0269950918591615,
                "quart_1": 1.0192022828312879,
                "quart_3": 1.0372319234124148,
                "min": 1.0000313598595694,
                "max": 1.1247243607851016,
                "stdv": 0.013913039967498339,
                "counts": 200000
            },
            "processed": {
                "avg": 1.0294792761920588,
                "med": 1.026987342201919,
                "quart_1": 1.0191978386311964,
                "quart_3": 1.0372123718614918,
                "min": 1.0000313598595694,
                "max": 1.0947642791789662,
                "stdv": 0.01381794476590201,
                "counts": 199900
            }
        },
        "median": {
            "raw": {
                "avg": 1.0009574921439717,
                "med": 1.0008172499548953,
                "quart_1": 0.9953182668305924,
                "quart_3": 1.00649305520461,
                "min": 0.9511659787894347,
                "max": 1.046907157155337,
                "stdv": 0.009311426511154101,
                "counts": 200000
            },
            "processed": {
                "avg": 1.0009571538686306,
                "med": 1.0008172499548953,
                "quart_1": 0.9953190813006592,
                "quart_3": 1.006493026812331,
                "min": 0.9604437427631658,
                "max": 1.0411946094568885,
                "stdv": 0.00926088988895576,
                "counts": 199900
            }
        },
        "monitors": {
            "BTC, ETH": {
                "gain": {
                    "raw": {
                        "avg": 1.415649043365162,
                        "med": 1.3515207104255833,
                        "quart_1": 1.0862371660428622,
                        "quart_3": 1.6327328481249685,
                        "min": 1.0,
                        "max": 3.7261462311700777,
                        "stdv": 0.3643448705659505,
                        "counts": 220655
                    },
                    "processed": {
                        "avg": 1.414665474593603,
                        "med": 1.3508641379640318,
                        "quart_1": 1.0855925881673698,
                        "quart_3": 1.6320979377396554,
                        "min": 1.0,
                        "max": 3.0808689849376045,
                        "stdv": 0.3617291516229324,
                        "counts": 220545
                    }
                },
                "loss": {
                    "raw": {
                        "avg": 0.5904996951696316,
                        "med": 0.6088642296359227,
                        "quart_1": 0.39315609736435,