{
    "cap_eff": {
        "avg": 0.009037236593881542,
        "med": 0.008103348380719577,
        "quart_1": 0.004611356115883369,
        "quart_3": 0.012141472779628959,
        "min": 2.2754535033975287e-07,
        "max": 0.0663596004490774,
        "stdv": 0.00618168556139398
    },
    "imp_gain": {
        "avg": 0.27639942277567436,
        "med": 0.22348164548577198,
        "quart_1": 0.07238738413497758,
        "quart_3": 0.40450326079989063,
        "min": 2.220446049250313e-16,
        "max": 1.0225405684007294,
        "stdv": 0.2375440447445647
    },
    "imp_loss": {
        "avg": 0.13696864959027966,
        "med": 0.08305785739920668,
        "quart_1": 0.0,
        "quart_3": 0.24182951871889713,
        "min": 0.0,
        "max": 0.5055723402419947,
        "stdv": 0.14320423364183626
    },
    "price_imp": {
        "avg": 0.011685997526036872,
        "med": 0.009840072848145556,
        "quart_1": 0.006138966765483,
        "quart_3": 0.015691257880908128,
        "min": 1.2882120953830285e-06,
        "max": 0.07377505679720238,
        "stdv": 0.0076670116493365295
    },
    "proc_cap_eff": {
        "avg": 0.009017161721826334,
        "med": 0.008100132388947079,
        "quart_1": 0.0046089206724327925,
        "quart_3": 0.012130575128177445,
        "min": 2.2754535033975287e-07,
        "max": 0.04524956468242747,
        "stdv": 0.006115429017298592
    },
    "proc_imp_gain": {
        "avg": 0.27604074487789615,
        "med": 0.2233620419962712,
        "quart_1": 0.07232480986177703,
        "quart_3": 0.4039599934729219,
        "min": 2.220446049250313e-16,
        "max": 0.9840754292685188,
        "stdv": 0.2370606146179921
    },
    "proc_imp_loss": {
        "avg": 0.13678828307418234,
        "med": 0.0828737944984459,
        "quart_1": 0.0,
        "quart_3": 0.24165720050523454,
        "min": 0.0,
        "max": 0.49412816279227156,
        "stdv": 0.14301271498834386
    },
    "proc_price_imp": {
        "avg": 0.011662908343548141,
        "med": 0.009836923057184883,
        "quart_1": 0.006137364131555782,
        "quart_3": 0.015679677564089917,
        "min": 1.2882120953830285e-06,
        "max": 0.05271021051672555,
        "stdv": 0.007596820147786782
    }
}