{
    "cap_eff": {
        "avg": 0.0015546025655776119,
        "med": 0.0008877984254143101,
        "quart_1": 0.00045554887681276135,
        "quart_3": 0.0015551578499766183,
        "min": 3.4975062845887805e-08,
        "max": 22.46954213832077,
        "stdv": 0.0711413521324983
    },
    "imp_gain": {
        "avg": 0.0010708555305205254,
        "med": 0.0006100924348519943,
        "quart_1": 0.00019713461643289243,
        "quart_3": 0.0014785888043221673,
        "min": 2.6148128107195134e-09,
        "max": 0.01770304442848447,
        "stdv": 0.001294312937587909
    },
    "imp_loss": {
        "avg": 0.0014606407834786693,
        "med": 0.0010320255766520514,
        "quart_1": 0.0004603406114402908,
        "quart_3": 0.0019991196628068586,
        "min": 0.0,
        "max": 0.022422834908032874,
        "stdv": 0.0014473365673121333
    },
    "price_imp": {
        "avg": 0.001755972230427521,
        "med": 0.0013949028617739254,
        "quart_1": 0.0008214608402372698,
        "quart_3": 0.0023055104451236773,
        "min": 0.0,
        "max": 0.01650632524601344,
        "stdv": 0.0013858420299469073
    },
    "proc_cap_eff": {
        "avg": 0.0012801563669098672,
        "med": 0.0008872056306698517,
        "quart_1": 0.0004553742284990614,
        "quart_3": 0.0015538287654309202,
        "min": 3.4975062845887805e-08,
        "max": 0.03845775941096374,
        "stdv": 0.0016636052471273326
    },
    "proc_imp_gain": {
        "avg": 0.0010648999589123178,
        "med": 0.0006095360027162933,
        "quart_1": 0.00019687922610023278,
        "quart_3": 0.001476613043151831,
        "min": 2.6148128107195134e-09,
        "max": 0.01129525903885753,
        "stdv": 0.0012662116808032848
    },
    "proc_imp_loss": {
        "avg": 0.0014544713922819829,
        "med": 0.0010314031349581976,
        "quart_1": 0.00046017550662125206,
        "quart_3": 0.001997268682231157,
        "min": 0.0,
        "max": 0.012231953859497269,
        "stdv": 0.0014207832394420477
    },
    "proc_price_imp": {
        "avg": 0.0017504035948728693,
        "med": 0.0013942984178937075,
        "quart_1": 0.0008211124331479084,
        "quart_3": 0.002303678662393058,
        "min": 0.0,
        "max": 0.01126036812679567,
        "stdv": 0.001362812408589891
    }
}