{
    "cap_eff": {
        "avg": 0.00201741082526047,
        "med": 0.0013288343954735993,
        "quart_1": 0.0006767044073165973,
        "quart_3": 0.002330208269919365,
        "min": 7.020030690085832e-08,
        "max": 0.8670546066333022,
        "stdv": 0.006292419517772803
    },
    "imp_gain": {
        "avg": 0.0010794188270895836,
        "med": 0.000616625707839269,
        "quart_1": 0.00020055569144683538,
        "quart_3": 0.0014900598203435589,
        "min": 8.390553363213371e-09,
        "max": 0.01973748048219548,
        "stdv": 0.0013072748505658376
    },
    "imp_loss": {
        "avg": 0.0014572498361625746,
        "med": 0.0010259868967318342,
        "quart_1": 0.0004616986346123175,
        "quart_3": 0.0019919700009238817,
        "min": 0.0,
        "max": 0.022995678918849793,
        "stdv": 0.0014433918748272888
    },
    "price_imp": {
        "avg": 0.0026356785611195447,
        "med": 0.002094528744875433,
        "quart_1": 0.0012352071963737889,
        "quart_3": 0.0034585192507148796,
        "min": 0.0,
        "max": 0.026414061880986273,
        "stdv": 0.0020802687626921617
    },
    "proc_cap_eff": {
        "avg": 0.0019274838857780833,
        "med": 0.001327531800738857,
        "quart_1": 0.0006762791945699176,
        "quart_3": 0.0023281437288289464,
        "min": 7.020030690085832e-08,
        "max": 0.060720579862443946,
        "stdv": 0.002573752907517348
    },
    "proc_imp_gain": {
        "avg": 0.0010732750097893486,
        "med": 0.0006161503064572305,
        "quart_1": 0.00020043689344761972,
        "quart_3": 0.0014883395504676766,
        "min": 8.390553363213371e-09,
        "max": 0.011545257232337347,
        "stdv": 0.001277581094374115
    },
    "proc_imp_loss": {
        "avg": 0.001451066504449427,
        "med": 0.0010256104103192887,
        "quart_1": 0.0004616322191866029,
        "quart_3": 0.0019902345860816073,
        "min": 0.0,
        "max": 0.01239314991899565,
        "stdv": 0.0014165992035757849
    },
    "proc_price_imp": {
        "avg": 0.0026272231577682405,
        "med": 0.0020939686266851464,
        "quart_1": 0.001234964241396658,
        "quart_3": 0.003456038089430488,
        "min": 0.0,
        "max": 0.0174276329956884,
        "stdv": 0.0020448371345994213
    }
}