{
    "cap_eff": {
        "avg": 0.003088820140534979,
        "med": 0.0025717665474096485,
        "quart_1": 0.001536990808631289,
        "quart_3": 0.004048942457107685,
        "min": 3.2505378388947292e-09,
        "max": 0.0355197109432821,
        "stdv": 0.0023223310912343295
    },
    "imp_gain": {
        "avg": 0.002571205472388503,
        "med": 0.0013862890680784723,
        "quart_1": 0.00048457544192870294,
        "quart_3": 0.003365723428121692,
        "min": 2.220446049250313e-16,
        "max": 0.04792059612894084,
        "stdv": 0.003261697380782701
    },
    "imp_loss": {
        "avg": 0.0015214782612793013,
        "med": 0.0005850680832191202,
        "quart_1": 0.0,
        "quart_3": 0.0023231530645314025,
        "min": 0.0,
        "max": 0.03676472332041758,
        "stdv": 0.0021717102840336146
    },
    "price_imp": {
        "avg": 0.0049857367391395215,
        "med": 0.0043162613284025925,
        "quart_1": 0.0027536116778939922,
        "quart_3": 0.0065228063180149155,
        "min": 7.2800497078231e-07,
        "max": 0.03160005673009062,
        "stdv": 0.003161571476577146
    },
    "proc_cap_eff": {
        "avg": 0.0030785512253772252,
        "med": 0.0025706630776753947,
        "quart_1": 0.001536578998616589,
        "quart_3": 0.004045820028549252,
        "min": 3.2505378388947292e-09,
        "max": 0.020716342496309936,
        "stdv": 0.002274731890320693
    },
    "proc_imp_gain": {
        "avg": 0.002556939552940118,
        "med": 0.0013849964513055202,
        "quart_1": 0.00048407747397738454,
        "quart_3": 0.003360433561711229,
        "min": 2.220446049250313e-16,
        "max": 0.0271486936522356,
        "stdv": 0.0031984392815372488
    },
    "proc_imp_loss": {
        "avg": 0.0015117082283130666,
        "med": 0.0005845061128052498,
        "quart_1": 0.0,
        "quart_3": 0.002320091881113595,
        "min": 0.0,
        "max": 0.017974827332730037,
        "stdv": 0.002126896203365535
    },
    "proc_price_imp": {
        "avg": 0.004975454945366129,
        "med": 0.004314710802522773,
        "quart_1": 0.0027529571888645597,
        "quart_3": 0.006518062055062798,
        "min": 7.2800497078231e-07,
        "max": 0.023008941883253278,
        "stdv": 0.0031276258365126944
    }
}