{
    "cap_eff": {
        "avg": 0.0015488462953899373,
        "med": 0.0012881071670768351,
        "quart_1": 0.0007695685515255457,
        "quart_3": 0.002029581038460848,
        "min": 5.8560854609979174e-08,
        "max": 0.017918108113470277,
        "stdv": 0.0011668912679988245
    },
    "imp_gain": {
        "avg": 0.0025565497143335025,
        "med": 0.0013786636019852416,
        "quart_1": 0.00047256563426456566,
        "quart_3": 0.0033450707215763043,
        "min": 2.220446049250313e-16,
        "max": 0.047942599136937325,
        "stdv": 0.0032563364612750957
    },
    "imp_loss": {
        "avg": 0.0015202373900722317,
        "med": 0.0005904364109715621,
        "quart_1": 0.0,
        "quart_3": 0.002336519838193718,
        "min": 0.0,
        "max": 0.037139073570192194,
        "stdv": 0.0021707856815644665
    },
    "price_imp": {
        "avg": 0.0025021159670278207,
        "med": 0.002164126019782299,
        "quart_1": 0.0013795808215220588,
        "quart_3": 0.0032721273099563354,
        "min": 3.6452938545771303e-07,
        "max": 0.015939520922552793,
        "stdv": 0.0015909892241144279
    },
    "proc_cap_eff": {
        "avg": 0.001543674792628878,
        "med": 0.0012876282642566572,
        "quart_1": 0.0007693268894156668,
        "quart_3": 0.0020281269251382072,
        "min": 5.8560854609979174e-08,
        "max": 0.010419897239120068,
        "stdv": 0.0011428480448748826
    },
    "proc_imp_gain": {
        "avg": 0.002542296565846424,
        "med": 0.0013775368019783851,
        "quart_1": 0.0004720991548128328,
        "quart_3": 0.003337804637046027,
        "min": 2.220446049250313e-16,
        "max": 0.027123298140879104,
        "stdv": 0.003193037207469829
    },
    "proc_imp_loss": {
        "avg": 0.0015104246745696885,
        "med": 0.0005896337312064626,
        "quart_1": 0.0,
        "quart_3": 0.002333220472993558,
        "min": 0.0,
        "max": 0.01801634059217405,
        "stdv": 0.002125518291877602
    },
    "proc_price_imp": {
        "avg": 0.002496930801894576,
        "med": 0.00216295754980801,
        "quart_1": 0.0013791822830257709,
        "quart_3": 0.0032699812786635913,
        "min": 3.6452938545771303e-07,
        "max": 0.011573503264082142,
        "stdv": 0.0015738303778549108
    }
}