{
    "cap_eff": {
        "avg": 0.0004122896422962377,
        "med": 0.0003379623936373699,
        "quart_1": 0.00018042824661423928,
        "quart_3": 0.0005493739295836519,
        "min": 3.469690090796007e-09,
        "max": 0.03198498096696856,
        "stdv": 0.0003645538062744852
    },
    "imp_gain": {
        "avg": 0.0008311418212335101,
        "med": 0.0005419770346160036,
        "quart_1": 0.00016620047957149886,
        "quart_3": 0.0012178419873922763,
        "min": 2.8813680330586067e-09,
        "max": 0.014451086220319764,
        "stdv": 0.0008894668388764454
    },
    "imp_loss": {
        "avg": 0.0008016811709579132,
        "med": 0.0004924691048097118,
        "quart_1": 0.0001461722384054065,
        "quart_3": 0.0011828178095408814,
        "min": 0.0,
        "max": 0.012379564587206127,
        "stdv": 0.0008871446861396167
    },
    "price_imp": {
        "avg": 0.0005995052125635373,
        "med": 0.0005555934689722621,
        "quart_1": 0.000363066981665098,
        "quart_3": 0.0007676716545040948,
        "min": 0.0,
        "max": 0.006521310734547077,
        "stdv": 0.00035604922283351904
    },
    "proc_cap_eff": {
        "avg": 0.00040972866642810854,
        "med": 0.0003377906079204962,
        "quart_1": 0.0001803955900186449,
        "quart_3": 0.0005489784287460164,
        "min": 3.469690090796007e-09,
        "max": 0.0030226571535062474,
        "stdv": 0.0003281753501860558
    },
    "proc_imp_gain": {
        "avg": 0.0008276356428564676,
        "med": 0.0005415350529429652,
        "quart_1": 0.00016604824438692933,
        "quart_3": 0.0012164273465535835,
        "min": 2.8813680330586067e-09,
        "max": 0.006590562322174698,
        "stdv": 0.0008747807470892802
    },
    "proc_imp_loss": {
        "avg": 0.000798227310884505,
        "med": 0.0004918465963312246,
        "quart_1": 0.00014609482443539434,
        "quart_3": 0.0011813413167220954,
        "min": 0.0,
        "max": 0.006723997143584959,
        "stdv": 0.0008735735552115004
    },
    "proc_price_imp": {
        "avg": 0.0005981371065268045,
        "med": 0.0005554540954522563,
        "quart_1": 0.00036294992470602453,
        "quart_3": 0.0007672987243942748,
        "min": 0.0,
        "max": 0.0029088452815498014,
        "stdv": 0.0003506175930876703
    }
}