{
    "cap_eff": {
        "avg": 8.420492180075538e-05,
        "med": 6.76796198379459e-05,
        "quart_1": 3.626088619557155e-05,
        "quart_3": 0.00011002433448203952,
        "min": 4.173307366350798e-09,
        "max": 0.14326954162302075,
        "stdv": 0.00045929156691883427
    },
    "imp_gain": {
        "avg": 0.0008316309009819384,
        "med": 0.0005435454151851982,
        "quart_1": 0.00016647741674269412,
        "quart_3": 0.0012167417080752863,
        "min": 8.938503937017117e-09,
        "max": 0.014448426785500512,
        "stdv": 0.0008895101454145078
    },
    "imp_loss": {
        "avg": 0.0008022984180229081,
        "med": 0.0004916103445294917,
        "quart_1": 0.00014764911675912984,
        "quart_3": 0.0011843920358959314,
        "min": 0.0,
        "max": 0.012408150444412014,
        "stdv": 0.0008874215504607053
    },
    "price_imp": {
        "avg": 0.00012247589973471583,
        "med": 0.00011124077299362242,
        "quart_1": 7.270664122327694e-05,
        "quart_3": 0.00015374545328058708,
        "min": 0.0,
        "max": 0.2121212121212123,
        "stdv": 0.0006777615886688853
    },
    "proc_cap_eff": {
        "avg": 8.214152802437041e-05,
        "med": 6.765072222680857e-05,
        "quart_1": 3.624554129366686e-05,
        "quart_3": 0.00010996669928042824,
        "min": 4.173307366350798e-09,
        "max": 0.0006229117830194308,
        "stdv": 6.590353844223976e-05
    },
    "proc_imp_gain": {
        "avg": 0.0008281174255961232,
        "med": 0.0005430445835272746,
        "quart_1": 0.00016636934642155765,
        "quart_3": 0.0012152372003448875,
        "min": 8.938503937017117e-09,
        "max": 0.006574874777244499,
        "stdv": 0.000874799104707144
    },
    "proc_imp_loss": {
        "avg": 0.0007988510257816009,
        "med": 0.0004912470051928741,
        "quart_1": 0.00014762143052704513,
        "quart_3": 0.001183097499662722,
        "min": 0.0,
        "max": 0.006713721680420615,
        "stdv": 0.0008738702103508896
    },
    "proc_price_imp": {
        "avg": 0.00011981101862801272,
        "med": 0.00011121389372262333,
        "quart_1": 7.26883718285183e-05,
        "quart_3": 0.00015364931026967844,
        "min": 0.0,
        "max": 0.0005935516492469971,
        "stdv": 7.030378754298526e-05
    }
}