{
    "cap_eff": {
        "avg": 0.001234934113654375,
        "med": 0.0010116212943370728,
        "quart_1": 0.0005408759483942482,
        "quart_3": 0.001647985878239222,
        "min": 9.033669146063517e-09,
        "max": 0.10003056827245205,
        "stdv": 0.0010924158766748564
    },
    "imp_gain": {
        "avg": 0.0008317201294396983,
        "med": 0.0005433964942480607,
        "quart_1": 0.0001671663037385862,
        "quart_3": 0.0012168885426531162,
        "min": 1.3834532852641246e-08,
        "max": 0.0144500415124591,
        "stdv": 0.0008891850224480775
    },
    "imp_loss": {
        "avg": 0.0008007522828257774,
        "med": 0.0004920157039088879,
        "quart_1": 0.00014696963539184704,
        "quart_3": 0.0011829059333662295,
        "min": 0.0,
        "max": 0.012310870323449574,
        "stdv": 0.0008847223405143742
    },
    "price_imp": {
        "avg": 0.0017946183799204068,
        "med": 0.0016637923838906921,
        "quart_1": 0.0010866882638526651,
        "quart_3": 0.0022971953238078574,
        "min": 1.8142587521579146e-07,
        "max": 0.019627241193855102,
        "stdv": 0.0010660606682128262
    },
    "proc_cap_eff": {
        "avg": 0.0012272370994198542,
        "med": 0.0010109100899388102,
        "quart_1": 0.0005406612202851768,
        "quart_3": 0.001646508570347316,
        "min": 9.033669146063517e-09,
        "max": 0.008975481648337835,
        "stdv": 0.0009807766391926474
    },
    "proc_imp_gain": {
        "avg": 0.0008282055176882118,
        "med": 0.0005430113242201884,
        "quart_1": 0.0001670389726529109,
        "quart_3": 0.0012156790113042604,
        "min": 1.3834532852641246e-08,
        "max": 0.0065682375745999,
        "stdv": 0.0008744741895908133
    },
    "proc_imp_loss": {
        "avg": 0.000797339233020505,
        "med": 0.000491519994646028,
        "quart_1": 0.00014688198977536038,
        "quart_3": 0.0011819034980324883,
        "min": 0.0,
        "max": 0.006708861705469693,
        "stdv": 0.0008713836563249291
    },
    "proc_price_imp": {
        "avg": 0.0017905322560782923,
        "med": 0.0016633475655840765,
        "quart_1": 0.0010863902370377297,
        "quart_3": 0.0022962153757745737,
        "min": 1.8142587521579146e-07,
        "max": 0.00869894015877606,
        "stdv": 0.0010498544316722245
    }
}