{
    "cap_eff": {
        "avg": 0.02500582177279983,
        "med": 0.003952114405605722,
        "quart_1": 0.0021179348450190982,
        "quart_3": 0.006406367874812302,
        "min": 1.7599785750999075e-07,
        "max": 0.9737838204646354,
        "stdv": 0.10758218298844328
    },
    "imp_gain": {
        "avg": 5.04861310702649,
        "med": 0.04729637914780649,
        "quart_1": 0.01804776673365871,
        "quart_3": 4.3267508883737795,
        "min": 1.82192512854229e-07,
        "max": 94.97553687432092,
        "stdv": 11.23484645071709
    },
    "imp_loss": {
        "avg": 0.21929303361004748,
        "med": 0.02172932479154943,
        "quart_1": 0.0,
        "quart_3": 0.09584731036501726,
        "min": 0.0,
        "max": 0.9895806782377318,
        "stdv": 0.3652163993659204
    },
    "price_imp": {
        "avg": 0.015821596535249796,
        "med": 0.006940997651397093,
        "quart_1": 0.004348061816489627,
        "quart_3": 0.009895576806225737,
        "min": 2.991864942339708e-06,
        "max": 1.2327607699737728,
        "stdv": 0.0477016934658252
    },
    "proc_cap_eff": {
        "avg": 0.02454089152690284,
        "med": 0.0039495741886190205,
        "quart_1": 0.002117295388663898,
        "quart_3": 0.006400642541433688,
        "min": 1.7599785750999075e-07,
        "max": 0.9627103178340227,
        "stdv": 0.10555353580539889
    },
    "proc_imp_gain": {
        "avg": 5.011220694253629,
        "med": 0.04726599196693426,
        "quart_1": 0.018040322266718034,
        "quart_3": 4.303883095912016,
        "min": 1.82192512854229e-07,
        "max": 73.18144525704255,
        "stdv": 11.111559844686337
    },
    "proc_imp_loss": {
        "avg": 0.21890891587540962,
        "med": 0.02170441271875423,
        "quart_1": 0.0,
        "quart_3": 0.09530949997787941,
        "min": 0.0,
        "max": 0.9862013079623767,
        "stdv": 0.3649035635016597
    },
    "proc_price_imp": {
        "avg": 0.015474199019633308,
        "med": 0.006938313599199816,
        "quart_1": 0.00434717267807758,
        "quart_3": 0.009889084727134186,
        "min": 2.991864942339708e-06,
        "max": 0.6163865101110904,
        "stdv": 0.0449965278935288
    }
}