{
    "cap_eff": {
        "avg": 0.019679265871307854,
        "med": 0.0012429069385746505,
        "quart_1": 0.0006091393826324065,
        "quart_3": 0.0021908057250211166,
        "min": 6.857784451419491e-09,
        "max": 4.25888491715493,
        "stdv": 0.11369214100169625
    },
    "imp_gain": {
        "avg": 0.0005287820591525882,
        "med": 0.0004788323175768383,
        "quart_1": 0.0003413899673836429,
        "quart_3": 0.0007411490217094086,
        "min": 0.00020394761719044752,
        "max": 0.0008855432055212553,
        "stdv": 0.0002201845508933006
    },
    "imp_loss": {
        "avg": 0.35397871688864097,
        "med": 0.3385978451845716,
        "quart_1": 0.31956678876146616,
        "quart_3": 0.39549149646097326,
        "min": 0.0,
        "max": 0.5378992497085102,
        "stdv": 0.0778843899504473
    },
    "price_imp": {
        "avg": 0.0046785743303561595,
        "med": 0.0016334722761609261,
        "quart_1": 0.0009531619146994974,
        "quart_3": 0.0023427870693746283,
        "min": 8.112532285443462e-07,
        "max": 20.771393561427782,
        "stdv": 0.14356891536019442
    },
    "proc_cap_eff": {
        "avg": 0.019066181579246336,
        "med": 0.0012424566064259679,
        "quart_1": 0.0006088788977313131,
        "quart_3": 0.0021892160490413204,
        "min": 6.857784451419491e-09,
        "max": 0.9260936774034251,
        "stdv": 0.10856798282039079
    },
    "proc_imp_gain": {
        "avg": 0.0005287820591525882,
        "med": 0.0004788323175768383,
        "quart_1": 0.0003413899673836429,
        "quart_3": 0.0007411490217094086,
        "min": 0.00020394761719044752,
        "max": 0.0008855432055212553,
        "stdv": 0.0002201845508933006
    },
    "proc_imp_loss": {
        "avg": 0.3541540755082325,
        "med": 0.3386212062766357,
        "quart_1": 0.3196115296761691,
        "quart_3": 0.3955321087398763,
        "min": 0.004519449411150012,
        "max": 0.5378992497085102,
        "stdv": 0.07750646360710386
    },
    "proc_price_imp": {
        "avg": 0.002485106281306111,
        "med": 0.0016330609012143178,
        "quart_1": 0.0009527487161841899,
        "quart_3": 0.0023411638011271428,
        "min": 8.112532285443462e-07,
        "max": 0.9648299073280258,
        "stdv": 0.018489153554585677
    }
}