{
    "cap_eff": {
        "avg": 0.01702599267613463,
        "med": 0.0010055388056107173,
        "quart_1": 0.0004949775374365473,
        "quart_3": 0.0017797785848407965,
        "min": 4.827714150668072e-08,
        "max": 3.9510570070426736,
        "stdv": 0.10526707594608439
    },
    "imp_gain": {
        "avg": 0.0005200019356558005,
        "med": 0.00047666175743033,
        "quart_1": 0.0003331498041420078,
        "quart_3": 0.0007285241562823286,
        "min": 0.00018963785085368556,
        "max": 0.0008836168013051093,
        "stdv": 0.00022269605326306595
    },
    "imp_loss": {
        "avg": 0.4528136726101954,
        "med": 0.46594265659118816,
        "quart_1": 0.4380070626969219,
        "quart_3": 0.5082288408957835,
        "min": 0.0,
        "max": 0.6007021996949271,
        "stdv": 0.0866952574644889
    },
    "price_imp": {
        "avg": 0.005025565869967652,
        "med": 0.0012985695181597927,
        "quart_1": 0.0007651012837318775,
        "quart_3": 0.0018648850965424708,
        "min": 2.2858617469241516e-07,
        "max": 42.51389418544663,
        "stdv": 0.2616984313082291
    },
    "proc_cap_eff": {
        "avg": 0.016440412574102455,
        "med": 0.0010050495013300687,
        "quart_1": 0.0004946425481379135,
        "quart_3": 0.0017783161310503948,
        "min": 4.827714150668072e-08,
        "max": 0.9269567074574038,
        "stdv": 0.10054712975342386
    },
    "proc_imp_gain": {
        "avg": 0.0005200019356558005,
        "med": 0.00047666175743033,
        "quart_1": 0.0003331498041420078,
        "quart_3": 0.0007285241562823286,
        "min": 0.00018963785085368556,
        "max": 0.0008836168013051093,
        "stdv": 0.00022269605326306595
    },
    "proc_imp_loss": {
        "avg": 0.4530382750758529,
        "med": 0.4659604834860802,
        "quart_1": 0.43807570260064777,
        "quart_3": 0.5082393114468104,
        "min": 0.004543601255140084,
        "max": 0.6007021996949271,
        "stdv": 0.08613080074892941
    },
    "proc_price_imp": {
        "avg": 0.0019405525931991204,
        "med": 0.0012980560788064218,
        "quart_1": 0.0007649687327043336,
        "quart_3": 0.0018637632491023425,
        "min": 2.2858617469241516e-07,
        "max": 0.7066449129235645,
        "stdv": 0.013092025809608741
    }
}