{
    "cap_eff": {
        "avg": 0.018228790302556155,
        "med": 0.0005854320987068728,
        "quart_1": 0.0002878885040242807,
        "quart_3": 0.0010406670522070671,
        "min": 1.2471571553263061e-08,
        "max": 1.4195410956888663,
        "stdv": 0.10734000818375372
    },
    "imp_gain": {
        "avg": 0.0004685853865133094,
        "med": 0.00047468731105015927,
        "quart_1": 0.00025572413083763124,
        "quart_3": 0.0006783956799205626,
        "min": 0.00019833718815442936,
        "max": 0.0008821040487909659,
        "stdv": 0.00023163700124751764
    },
    "imp_loss": {
        "avg": 0.5037589672743582,
        "med": 0.49842043898181276,
        "quart_1": 0.46954806377067815,
        "quart_3": 0.5562446208042016,
        "min": 0.0,
        "max": 0.7072530098983886,
        "stdv": 0.10008313318010688
    },
    "price_imp": {
        "avg": 0.0019131146953161415,
        "med": 0.0008295507751418412,
        "quart_1": 0.0004927507052301957,
        "quart_3": 0.0011912995973004244,
        "min": 1.3778731411010395e-09,
        "max": 19.99644294920067,
        "stdv": 0.08866098233589471
    },
    "proc_cap_eff": {
        "avg": 0.01776760193344974,
        "med": 0.0005850552834171796,
        "quart_1": 0.00028775493757859927,
        "quart_3": 0.0010397579289427306,
        "min": 1.2471571553263061e-08,
        "max": 0.9285819722551696,
        "stdv": 0.10530767611866343
    },
    "proc_imp_gain": {
        "avg": 0.0004685853865133094,
        "med": 0.00047468731105015927,
        "quart_1": 0.00025572413083763124,
        "quart_3": 0.0006783956799205626,
        "min": 0.00019833718815442936,
        "max": 0.0008821040487909659,
        "stdv": 0.00023163700124751764
    },
    "proc_imp_loss": {
        "avg": 0.5040089517057034,
        "med": 0.4984585972012736,
        "quart_1": 0.46960393283750024,
        "quart_3": 0.5562775244722842,
        "min": 0.004556246158961663,
        "max": 0.7072530098983886,
        "stdv": 0.09947933577418805
    },
    "proc_price_imp": {
        "avg": 0.0010726872868502366,
        "med": 0.0008291782818312534,
        "quart_1": 0.0004925855608822374,
        "quart_3": 0.0011906755386398387,
        "min": 1.3778731411010395e-09,
        "max": 0.2501624175329932,
        "stdv": 0.00450831442578146
    }
}