{
    "cap_eff": {
        "avg": 0.03510778211475243,
        "med": 0.0009891184050478952,
        "quart_1": 0.0006335584208007061,
        "quart_3": 0.00153629345359646,
        "min": 5.2760757762726485e-08,
        "max": 312.31596730528366,
        "stdv": 1.6373474500676346
    },
    "imp_gain": {
        "avg": 2.9222793630401904,
        "med": 0.0013699189484952523,
        "quart_1": 3.876566249427782e-05,
        "quart_3": 1.078362509417055,
        "min": 2.220446049250313e-16,
        "max": 152.4398803028178,
        "stdv": 9.828354948905766
    },
    "imp_loss": {
        "avg": 0.20233431483500516,
        "med": 7.94206790871721e-05,
        "quart_1": 0.0,
        "quart_3": 0.0058795785085759,
        "min": 0.0,
        "max": 0.980467183887947,
        "stdv": 0.3633704099492253
    },
    "price_imp": {
        "avg": 0.10098475897709935,
        "med": 0.001808708575156994,
        "quart_1": 0.0012244669446999732,
        "quart_3": 0.002513545375469841,
        "min": 7.511990132177644e-07,
        "max": 150.29726735896068,
        "stdv": 2.311166184931047
    },
    "proc_cap_eff": {
        "avg": 0.020121783933755653,
        "med": 0.000988725713169436,
        "quart_1": 0.0006334316716503086,
        "quart_3": 0.0015348540519960485,
        "min": 5.2760757762726485e-08,
        "max": 4.591575686136123,
        "stdv": 0.1286228252575616
    },
    "proc_imp_gain": {
        "avg": 2.8619172833189412,
        "med": 0.001364667231056993,
        "quart_1": 3.8718069581333836e-05,
        "quart_3": 1.0722249504775365,
        "min": 2.220446049250313e-16,
        "max": 109.40554240361817,
        "stdv": 9.446898188609456
    },
    "proc_imp_loss": {
        "avg": 0.20194752658640774,
        "med": 7.928580164484611e-05,
        "quart_1": 0.0,
        "quart_3": 0.005800523760458809,
        "min": 0.0,
        "max": 0.9754154546796129,
        "stdv": 0.36304907692726524
    },
    "proc_price_imp": {
        "avg": 0.060176399905001496,
        "med": 0.0018081898756029129,
        "quart_1": 0.0012242341476440665,
        "quart_3": 0.0025122513270241943,
        "min": 7.511990132177644e-07,
        "max": 52.544634419715585,
        "stdv": 1.2607065000336541
    }
}