{
    "cap_eff": {
        "avg": 0.028888728870380735,
        "med": 0.0037902456903649018,
        "quart_1": 0.0018534509826353407,
        "quart_3": 0.006538599475904405,
        "min": 2.723430555517936e-07,
        "max": 1.980952762392485,
        "stdv": 0.1172672360239896
    },
    "imp_gain": {
        "avg": 14.322831081334984,
        "med": 2.5924528817768655,
        "quart_1": 0.05122491552100805,
        "quart_3": 15.564021752464907,
        "min": 2.2573009439419423e-07,
        "max": 334.760042059735,
        "stdv": 25.533018707522675
    },
    "imp_loss": {
        "avg": 0.37104700337549795,
        "med": 0.058241890968025345,
        "quart_1": 0.0,
        "quart_3": 0.9107326630633058,
        "min": 0.0,
        "max": 0.9970216825270052,
        "stdv": 0.4309651190704704
    },
    "price_imp": {
        "avg": 0.02472077344934854,
        "med": 0.006618476715181137,
        "quart_1": 0.003824944745229354,
        "quart_3": 0.009705308896670277,
        "min": 5.445349513950365e-07,
        "max": 3.462740777349959,
        "stdv": 0.0980568372558311
    },
    "proc_cap_eff": {
        "avg": 0.02840528318752745,
        "med": 0.0037873015842515567,
        "quart_1": 0.001852828090211034,
        "quart_3": 0.006531288938792623,
        "min": 2.723430555517936e-07,
        "max": 0.965293118198391,
        "stdv": 0.1151727751049808
    },
    "proc_imp_gain": {
        "avg": 14.207178223187597,
        "med": 2.5749712452717946,
        "quart_1": 0.051198407184147365,
        "quart_3": 15.53851383331467,
        "min": 2.2573009439419423e-07,
        "max": 216.7935077043741,
        "stdv": 25.003638569768068
    },
    "proc_imp_loss": {
        "avg": 0.37073467907689833,
        "med": 0.0581868340067756,
        "quart_1": 0.0,
        "quart_3": 0.9105354229780452,
        "min": 0.0,
        "max": 0.9951521765468151,
        "stdv": 0.430846382652492
    },
    "proc_price_imp": {
        "avg": 0.023828444526394644,
        "med": 0.006615852980825196,
        "quart_1": 0.0038228273522316505,
        "quart_3": 0.009698377347133117,
        "min": 5.445349513950365e-07,
        "max": 1.3967821636452447,
        "stdv": 0.0888378005977104
    }
}