{
    "cap_eff": {
        "avg": 3.997906074112757e-15,
        "med": 4.440892098500626e-16,
        "quart_1": 2.220446049250313e-16,
        "quart_3": 1.1102230246251565e-15,
        "min": 0.0,
        "max": 8.49154080384551e-12,
        "stdv": 7.901974120264577e-14
    },
    "imp_gain": {},
    "imp_loss": {
        "avg": 0.9579045633426988,
        "med": 0.9966177691863244,
        "quart_1": 0.9888222054200174,
        "quart_3": 0.9997344109114427,
        "min": 0.0,
        "max": 0.9999998607096757,
        "stdv": 0.15158051739347128
    },
    "price_imp": {
        "avg": 3.990766581518099e-15,
        "med": 4.604628471112603e-16,
        "quart_1": 1.8878372584115723e-16,
        "quart_3": 1.046097826411907e-15,
        "min": 0.0,
        "max": 8.491523175476357e-12,
        "stdv": 7.901941129439408e-14
    },
    "proc_cap_eff": {
        "avg": 2.8464367621180205e-15,
        "med": 4.440892098500626e-16,
        "quart_1": 2.220446049250313e-16,
        "quart_3": 1.1102230246251565e-15,
        "min": 0.0,
        "max": 5.819789095085071e-13,
        "stdv": 1.6619252770351863e-14
    },
    "proc_imp_gain": {},
    "proc_imp_loss": {
        "avg": 0.9583796410462391,
        "med": 0.9966250355615646,
        "quart_1": 0.9888437513735002,
        "quart_3": 0.9997349543202988,
        "min": 0.005480602318947203,
        "max": 0.9999998607096757,
        "stdv": 0.15011309418883714
    },
    "proc_price_imp": {
        "avg": 2.8393070451942283e-15,
        "med": 4.600465876190522e-16,
        "quart_1": 1.8869632423218133e-16,
        "quart_3": 1.0446615808348823e-15,
        "min": 0.0,
        "max": 5.820111030187406e-13,
        "stdv": 1.6620155559893914e-14
    }
}