{
    "cap_eff": {
        "avg": 0.07014536444990617,
        "med": 0.001238292012132547,
        "quart_1": 0.0006035443807262952,
        "quart_3": 0.0023261376878662143,
        "min": 2.57919623991576e-07,
        "max": 1044.483454446056,
        "stdv": 4.6092746356539145
    },
    "imp_gain": {
        "avg": 0.0006545742052230056,
        "med": 0.0009422881342922018,
        "quart_1": 7.914634708461321e-05,
        "quart_3": 0.0009422881342922018,
        "min": 7.914634708461321e-05,
        "max": 0.0009422881342922018,
        "stdv": 0.00040688894057330793
    },
    "imp_loss": {
        "avg": 0.5879446890655117,
        "med": 0.5988815686114477,
        "quart_1": 0.5524325708156785,
        "quart_3": 0.6557588814348615,
        "min": 0.0,
        "max": 0.7546193233873618,
        "stdv": 0.10079735350251975
    },
    "price_imp": {
        "avg": 0.15017084161644007,
        "med": 0.0013771666614162208,
        "quart_1": 0.0007958299252664327,
        "quart_3": 0.002054635791696013,
        "min": 1.7777856324188856e-08,
        "max": 318.0846605401159,
        "stdv": 3.8804816926257755
    },
    "proc_cap_eff": {
        "avg": 0.0175199301418553,
        "med": 0.0012374818273932497,
        "quart_1": 0.0006031762294332887,
        "quart_3": 0.002323628591999527,
        "min": 2.57919623991576e-07,
        "max": 9.602294246038852,
        "stdv": 0.14602243697574332
    },
    "proc_imp_gain": {
        "avg": 0.0006545742052230056,
        "med": 0.0009422881342922018,
        "quart_1": 7.914634708461321e-05,
        "quart_3": 0.0009422881342922018,
        "min": 7.914634708461321e-05,
        "max": 0.0009422881342922018,
        "stdv": 0.00040688894057330793
    },
    "proc_imp_loss": {
        "avg": 0.5882359351908556,
        "med": 0.5989109066266473,
        "quart_1": 0.5524618941039314,
        "quart_3": 0.6557971195855956,
        "min": 0.00601474521753409,
        "max": 0.7546193233873618,
        "stdv": 0.0999733072058889
    },
    "proc_price_imp": {
        "avg": 0.0760261791395046,
        "med": 0.0013766103764475688,
        "quart_1": 0.0007955319138751725,
        "quart_3": 0.0020532647531726345,
        "min": 1.7777856324188856e-08,
        "max": 71.91518166199268,
        "stdv": 1.4973664191506866
    }
}