{
    "cap_eff": {
        "avg": 0.042876801030777914,
        "med": 0.0021497427652759082,
        "quart_1": 0.001075755327820671,
        "quart_3": 0.00447441068503629,
        "min": 2.6386191009919457e-09,
        "max": 218.49700162321483,
        "stdv": 1.5052477333385466
    },
    "imp_gain": {
        "avg": 0.0006552116595634297,
        "med": 0.0009431980035792265,
        "quart_1": 7.923897153183646e-05,
        "quart_3": 0.0009431980035792265,
        "min": 7.923897153183646e-05,
        "max": 0.0009431980035792265,
        "stdv": 0.0004072741934853835
    },
    "imp_loss": {
        "avg": 0.7178194035153678,
        "med": 0.7358029632608758,
        "quart_1": 0.6705959227010312,
        "quart_3": 0.8063292718917783,
        "min": 0.0,
        "max": 0.9103110935373165,
        "stdv": 0.1291866986270474
    },
    "price_imp": {
        "avg": 0.10363172144485946,
        "med": 0.0016048916992199758,
        "quart_1": 0.000842704161284173,
        "quart_3": 0.0026357620383241622,
        "min": 9.672969128859397e-08,
        "max": 227.17720695872146,
        "stdv": 2.755962642572453
    },
    "proc_cap_eff": {
        "avg": 0.02122522983866981,
        "med": 0.0021482633639451354,
        "quart_1": 0.0010753695162648014,
        "quart_3": 0.004471223245840039,
        "min": 2.6386191009919457e-09,
        "max": 4.313562265638145,
        "stdv": 0.1261476144101775
    },
    "proc_imp_gain": {
        "avg": 0.0006552116595634297,
        "med": 0.0009431980035792265,
        "quart_1": 7.923897153183646e-05,
        "quart_3": 0.0009431980035792265,
        "min": 7.923897153183646e-05,
        "max": 0.0009431980035792265,
        "stdv": 0.0004072741934853835
    },
    "proc_imp_loss": {
        "avg": 0.7181752974345894,
        "med": 0.7358309700287904,
        "quart_1": 0.6706344854607124,
        "quart_3": 0.8063461264574785,
        "min": 0.005996164268701087,
        "max": 0.9103110935373165,
        "stdv": 0.12822993594477444
    },
    "proc_price_imp": {
        "avg": 0.05125867749812814,
        "med": 0.0016036552723979202,
        "quart_1": 0.0008424305157683744,
        "quart_3": 0.0026339837242178544,
        "min": 9.672969128859397e-08,
        "max": 46.891217213742785,
        "stdv": 0.9626932281094369
    }
}