{
    "cap_eff": {
        "avg": 0.1555261459119062,
        "med": 0.002964216471489145,
        "quart_1": 0.001869995636049282,
        "quart_3": 0.004803647395750454,
        "min": 2.7963524795726613e-07,
        "max": 2987.0205277924383,
        "stdv": 13.551277846629374
    },
    "imp_gain": {
        "avg": 9.091024230105328,
        "med": 1.2125175384480413,
        "quart_1": 0.0009837324183061824,
        "quart_3": 8.702642062096476,
        "min": 2.220446049250313e-16,
        "max": 397.6105476043959,
        "stdv": 23.8285898358601
    },
    "imp_loss": {
        "avg": 0.3228898450623343,
        "med": 0.0011016615591830092,
        "quart_1": 0.0,
        "quart_3": 0.8225501862060254,
        "min": 0.0,
        "max": 0.9927081911571671,
        "stdv": 0.4052995578135125
    },
    "price_imp": {
        "avg": 0.5762020196900278,
        "med": 0.005325074538769849,
        "quart_1": 0.0035614593392653843,
        "quart_3": 0.007481649189045532,
        "min": 2.682814453902047e-06,
        "max": 1693.346137952777,
        "stdv": 15.643424593429138
    },
    "proc_cap_eff": {
        "avg": 0.05062195776773639,
        "med": 0.002962428969456532,
        "quart_1": 0.0018694587298845877,
        "quart_3": 0.004798464863650986,
        "min": 2.7963524795726613e-07,
        "max": 20.649136824743145,
        "stdv": 0.4749477379180795
    },
    "proc_imp_gain": {
        "avg": 8.919745923803376,
        "med": 1.210191358127696,
        "quart_1": 0.000980043709104761,
        "quart_3": 8.685057477634775,
        "min": 2.220446049250313e-16,
        "max": 307.65573580542906,
        "stdv": 22.559934487366935
    },
    "proc_imp_loss": {
        "avg": 0.3225553010565811,
        "med": 0.0010846258594846558,
        "quart_1": 0.0,
        "quart_3": 0.8223541458048642,
        "min": 0.0,
        "max": 0.991207781447557,
        "stdv": 0.4051244277209462
    },
    "proc_price_imp": {
        "avg": 0.2980870113137153,
        "med": 0.005323274276716254,
        "quart_1": 0.0035610263889837845,
        "quart_3": 0.00747640445910994,
        "min": 2.682814453902047e-06,
        "max": 205.58239363757423,
        "stdv": 4.814380336676629
    }
}