{
    "cap_eff": {
        "avg": 1.2971851058035122,
        "med": 0.00019831007754378405,
        "quart_1": 0.00012496978216125498,
        "quart_3": 0.00032168631512685675,
        "min": 2.0055009875008523e-09,
        "max": 40087.17489006991,
        "stdv": 187.20579297994513
    },
    "imp_gain": {
        "avg": 6.937387897101917,
        "med": 1.4062673809115753,
        "quart_1": 0.0011422285657434195,
        "quart_3": 5.165457020436965,
        "min": 2.220446049250313e-16,
        "max": 261.70329176916823,
        "stdv": 16.38891989106055
    },
    "imp_loss": {
        "avg": 0.3718811296695337,
        "med": 0.0010235755806135005,
        "quart_1": 0.0,
        "quart_3": 0.9593853136335262,
        "min": 0.0,
        "max": 0.9996275245759667,
        "stdv": 0.4629188786547476
    },
    "price_imp": {
        "avg": 7.769553130356902,
        "med": 0.00035803497250657995,
        "quart_1": 0.00023895813243289074,
        "quart_3": 0.0005053575888512864,
        "min": 1.4682193808187418e-07,
        "max": 19062.208209263732,
        "stdv": 227.43920203576175
    },
    "proc_cap_eff": {
        "avg": 0.0423417718965704,
        "med": 0.00019824798978701486,
        "quart_1": 0.00012492219427923112,
        "quart_3": 0.0003213895890991081,
        "min": 2.0055009875008523e-09,
        "max": 20.71908872817811,
        "stdv": 0.4907991559671865
    },
    "proc_imp_gain": {
        "avg": 6.844768663106242,
        "med": 1.400163464376822,
        "quart_1": 0.0011376574808190654,
        "quart_3": 5.157290502430147,
        "min": 2.220446049250313e-16,
        "max": 172.36777413720554,
        "stdv": 15.855020448173383
    },
    "proc_imp_loss": {
        "avg": 0.3715673226904325,
        "med": 0.0010077238989880666,
        "quart_1": 0.0,
        "quart_3": 0.9593102340006128,
        "min": 0.0,
        "max": 0.9995501212468145,
        "stdv": 0.46282170979513376
    },
    "proc_price_imp": {
        "avg": 3.460447804624443,
        "med": 0.0003579360645524853,
        "quart_1": 0.0002389067225625432,
        "quart_3": 0.0005051016309487216,
        "min": 1.4682193808187418e-07,
        "max": 3063.9955114959116,
        "stdv": 65.46301981239846
    }
}