{
    "cap_eff": {
        "avg": 0.17892223626464057,
        "med": 0.0019773997453367276,
        "quart_1": 0.0012472658263379954,
        "quart_3": 0.0032039303977505207,
        "min": 5.692989046846009e-08,
        "max": 4390.135683895308,
        "stdv": 18.899510168138722
    },
    "imp_gain": {
        "avg": 9.134139237812935,
        "med": 1.358116817063154,
        "quart_1": 0.0012057844877597645,
        "quart_3": 8.40941147361069,
        "min": 2.220446049250313e-16,
        "max": 398.39782358801443,
        "stdv": 24.071150905664815
    },
    "imp_loss": {
        "avg": 0.33353359197432614,
        "med": 0.0009338357562764799,
        "quart_1": 0.0,
        "quart_3": 0.8550167902462757,
        "min": 0.0,
        "max": 0.9952937123878528,
        "stdv": 0.41933836241092615
    },
    "price_imp": {
        "avg": 0.7611744291978697,
        "med": 0.0035598738166004703,
        "quart_1": 0.0023798141951538302,
        "quart_3": 0.005011875373311663,
        "min": 1.7886197605299525e-06,
        "max": 2369.949241546422,
        "stdv": 22.00921952437198
    },
    "proc_cap_eff": {
        "avg": 0.04559532336545838,
        "med": 0.0019766616791776492,
        "quart_1": 0.0012468876568703102,
        "quart_3": 0.0032009446634241323,
        "min": 5.692989046846009e-08,
        "max": 20.111715139616482,
        "stdv": 0.43889403713519276
    },
    "proc_imp_gain": {
        "avg": 8.962917698540064,
        "med": 1.3548317774172354,
        "quart_1": 0.0012021787747376056,
        "quart_3": 8.388456739993787,
        "min": 2.220446049250313e-16,
        "max": 312.90838228508943,
        "stdv": 22.81668166285422
    },
    "proc_imp_loss": {
        "avg": 0.3332029202997457,
        "med": 0.0009196378526900029,
        "quart_1": 0.0,
        "quart_3": 0.8548895856697876,
        "min": 0.0,
        "max": 0.9943203455163934,
        "stdv": 0.41918223003995125
    },
    "proc_price_imp": {
        "avg": 0.37015143687736757,
        "med": 0.003558922429642037,
        "quart_1": 0.0023794588167966443,
        "quart_3": 0.00500881418026342,
        "min": 1.7886197605299525e-06,
        "max": 306.27890855724434,
        "stdv": 6.442499047821095
    }
}