{
    "cap_eff": {
        "avg": 0.29827630647442543,
        "med": 0.0009897117287980262,
        "quart_1": 0.0006241617185919757,
        "quart_3": 0.0016043908889902259,
        "min": 5.814954218141821e-08,
        "max": 8454.809125148751,
        "stdv": 38.88310554941561
    },
    "imp_gain": {
        "avg": 8.856492981189824,
        "med": 1.3902121631629982,
        "quart_1": 0.0011677202760966843,
        "quart_3": 7.363111212586151,
        "min": 2.220446049250313e-16,
        "max": 393.22052409654793,
        "stdv": 23.298182753186964
    },
    "imp_loss": {
        "avg": 0.3506420125731649,
        "med": 0.0009768243025111145,
        "quart_1": 0.0,
        "quart_3": 0.899797835761748,
        "min": 0.0,
        "max": 0.9977555208929545,
        "stdv": 0.4383761477682365
    },
    "price_imp": {
        "avg": 1.3270417309820992,
        "med": 0.0017852486030998029,
        "quart_1": 0.0011925310099476524,
        "quart_3": 0.002516379718018682,
        "min": 8.942925044030924e-07,
        "max": 4023.6258122827967,
        "stdv": 40.347450297811136
    },
    "proc_cap_eff": {
        "avg": 0.040449946413978415,
        "med": 0.0009893087276596768,
        "quart_1": 0.0006239412159823043,
        "quart_3": 0.0016032271499651918,
        "min": 5.814954218141821e-08,
        "max": 19.140593356503118,
        "stdv": 0.4086407603596413
    },
    "proc_imp_gain": {
        "avg": 8.692808937103948,
        "med": 1.386909230427631,
        "quart_1": 0.0011625133468868842,
        "quart_3": 7.35553318768188,
        "min": 2.220446049250313e-16,
        "max": 298.51549682899054,
        "stdv": 22.11434718109787
    },
    "proc_imp_loss": {
        "avg": 0.35031858888974127,
        "med": 0.000966908653667109,
        "quart_1": 0.0,
        "quart_3": 0.8994930445524111,
        "min": 0.0,
        "max": 0.9972893922694319,
        "stdv": 0.43824692726614445
    },
    "proc_price_imp": {
        "avg": 0.614305219582537,
        "med": 0.0017846823094842222,
        "quart_1": 0.0011919554911970524,
        "quart_3": 0.0025152321447145976,
        "min": 8.942925044030924e-07,
        "max": 549.2548962313303,
        "stdv": 11.687769837658774
    }
}