{
    "capital efficiency": {
        "better": {
            "raw": {
                "avg": 0.9412947144954896,
                "med": 0.9888613257814605,
                "quart_1": 0.9808794581009224,
                "quart_3": 0.9944425778606443,
                "min": 0.023638972010825043,
                "max": 0.9999999284399956,
                "stdv": 0.157854920540127,
                "counts": 68776
            },
            "processed": {
                "avg": 0.9417459259606396,
                "med": 0.9888676284882358,
                "quart_1": 0.9809022596277814,
                "quart_3": 0.9944439239702432,
                "min": 0.032270802081335016,
                "max": 0.9999999284399956,
                "stdv": 0.15658437961406876,
                "counts": 68742
            }
        },
        "worse": {
            "raw": {
                "avg": 1.0149421418745685,
                "med": 1.0098130250857649,
                "quart_1": 1.0047277150371055,
                "quart_3": 1.0180750848345288,
                "min": 1.000000825108596,
                "max": 2.0350539408785746,
                "stdv": 0.027251719676734208,
                "counts": 81494
            },
            "processed": {
                "avg": 1.0146278174392216,
                "med": 1.0098064778509408,
                "quart_1": 1.0047259619164695,
                "quart_3": 1.0180490361644956,
                "min": 1.000000825108596,
                "max": 1.5034607100063972,
                "stdv": 0.023024033760283,
                "counts": 81454
            }
        },
        "monitors": {
            "BTC, ETH": {
                "better": {
                    "raw": {
                        "avg": 0.9898425009944521,
                        "med": 0.9908289735460198,
                        "quart_1": 0.9858674370445089,
                        "quart_3": 0.9951393095418612,
                        "min": 0.9528532821794441,
                        "max": 0.9999879347476225,
                        "stdv": 0.007030157911373935,
                        "counts": 2030
                    },
                    "processed": {
                        "avg": 0.9898607312649376,
                        "med": 0.990833699800454,
                        "quart_1": 0.9858756972774718,
                        "quart_3": 0.9951393095418612,
                        "min": 0.9549536652399341,
                        "max": 0.9999879347476225,
                        "stdv": 0.006983754206435209,
                        "counts": 2029
                    }
                },
                "worse": {
                    "raw": {
                        "avg": 1.0116504489841203,
                        "med": 1.0091405404286715,
                        "quart_1": 1.0045581611194807,
                        "quart_3": 1.017057164254278,
                        "min": 1.000008331427307,
                        "max": 1.0673219162932737,
                        "stdv": 0.009166257940284054,
                        "counts": 2776
                    },
                    "processed": {
                        "avg": 1.011630387194099,
                        "med": 1.009135219883392,
                        "quart_1": 1.0045581611194807,
                        "quart_3": 1.0170419016996541,
                        "min": 1.000008331427307,
                        "max": 1.053212273280769,
                        "stdv": 0.009106771680739173,
                        "counts": 2775
                    }
                }
            }
        }
    },
    "impermanent gain, loss": {
        "gain": {
            "raw": {
                "avg": 3.858596099671863,
                "med": 1.062763657593487,
                "quart_1": 1.0232062421069394,
                "quart_3": 1.1761487057513174,
                "min": 1.0,
                "max": 97.80470321332974,
                "stdv": 7.8639473209126605,
                "counts": 7204159
            },
            "processed": {
                "avg": 3.8216909028557033,
                "med": 1.0627357480799415,
                "quart_1": 1.0231857078696303,
                "quart_3": 1.1754143243512678,
                "min": 1.0,
                "max": 71.24925759734161,
                "stdv": 7.6899163229391325,
                "counts": 7200557
            }
        },
        "loss": {
            "raw": {
                "avg": 0.7679116435324681,
                "med": 0.940844903623082,
                "quart_1": 0.8498470225974899,
                "quart_3": 0.9772294136541989,
                "min": 0.010224457179925341,
                "max": 0.9999998312731654,
                "stdv": 0.3420670614812863,
                "counts": 7195841
            },
            "processed": {
                "avg": 0.7682892249873577,
                "med": 0.9408909987033224,
                "quart_1": 0.8503403913936607,
                "quart_3": 0.9772485309236817,
                "min": 0.014035233962035038,
                "max": 0.9999998312731654,
                "stdv": 0.34173554830529496,
                "counts": 7192244
            }
        },
        "averages": {
            "raw": {
                "avg": 2.314146521369691,
                "med": 1.7922650830509819,
                "quart_1": 1.3759696220324278,
                "quart_3": 2.7766090707063453,
                "min": 1.0000002548828912,
                "max": 6.893781568835195,
                "stdv": 1.3094769993555748,
                "counts": 200000
            },
            "processed": {
                "avg": 2.3119479263971265,
                "med": 1.7920524203633934,
                "quart_1": 1.375899339636878,
                "quart_3": 2.7745441377701034,
                "min": 1.0000002548828912,
                "max": 6.514236713654956,
                "stdv": 1.3061055586815338,
                "counts": 199900
            }
        },
        "median": {
            "raw": {
                "avg": 1.0000050624343033,
                "med": 1.0000011604843737,
                "quart_1": 1.0000001931633722,
                "quart_3": 1.0000046285497157,
                "min": 1.0,
                "max": 1.0001650548035221,
                "stdv": 1.0962149505836747e-05,
                "counts": 200000
            },
            "processed": {
                "avg": 1.000005007922894,
                "med": 1.0000011604843737,
                "quart_1": 1.0000001931633722,
                "quart_3": 1.0000046181837174,
                "min": 1.0,
                "max": 1.0001124980257208,
                "stdv": 1.0689732959985688e-05,
                "counts": 199900
            }
        },
        "monitors": {
            "BTC, ETH": {
                "gain": {
                    "raw": {
                        "avg": 1.012660265019349,
                        "med": 1.0099361660881152,
                        "quart_1": 1.0042709024994785,
                        "quart_3": 1.0198945725653954,
                        "min": 1.0,
                        "max": 1.0594959613609236,
                        "stdv": 0.010098134195908548,
                        "counts": 200104
                    },
                    "processed": {
                        "avg": 1.0126428357762356,
                        "med": 1.0099361660881152,
                        "quart_1": 1.0042709024994785,
                        "quart_3": 1.0198945725653954,
                        "min": 1.0,
                        "max": 1.0439897545969417,
                        "stdv": 0.010070295313262846,
                        "counts": 200004
                    }
                },
                "loss": {
                    "raw": {
                        "avg": 0.9875825611846335,
                        "med": 0.9901607729582562,
                        "quart_1": 0.9804814753496803,