{
    "capital efficiency": {
        "better": {
            "raw": {
                "avg": 0.9999999999999896,
                "med": 0.9999999999999897,
                "quart_1": 0.9999999999999793,
                "quart_3": 0.9999999999999963,
                "min": 0.999999999898534,
                "max": 1.0,
                "stdv": 4.639219601175003e-13,
                "counts": 67140
            },
            "processed": {
                "avg": 0.9999999999999948,
                "med": 0.9999999999999897,
                "quart_1": 0.9999999999999793,
                "quart_3": 0.9999999999999963,
                "min": 0.9999999999973932,
                "max": 1.0,
                "stdv": 5.891320814697736e-14,
                "counts": 67107
            }
        },
        "worse": {
            "raw": {
                "avg": 1.0000000000000049,
                "med": 1.0000000000000109,
                "quart_1": 1.0000000000000042,
                "quart_3": 1.000000000000021,
                "min": 1.0000000000000002,
                "max": 1.000000000069235,
                "stdv": 3.6568939476908513e-13,
                "counts": 65232
            },
            "processed": {
                "avg": 1.0000000000000002,
                "med": 1.0000000000000109,
                "quart_1": 1.0000000000000042,
                "quart_3": 1.000000000000021,
                "min": 1.0000000000000002,
                "max": 1.0000000000025682,
                "stdv": 6.430831326000236e-14,
                "counts": 65200
            }
        },
        "monitors": {
            "BTC, ETH": {
                "better": {
                    "raw": {
                        "avg": 0.9999999999999867,
                        "med": 0.9999999999999878,
                        "quart_1": 0.9999999999999775,
                        "quart_3": 0.9999999999999943,
                        "min": 0.9999999999985494,
                        "max": 1.0,
                        "stdv": 5.235811132529751e-14,
                        "counts": 2154
                    },
                    "processed": {
                        "avg": 0.9999999999999873,
                        "med": 0.9999999999999878,
                        "quart_1": 0.9999999999999775,
                        "quart_3": 0.9999999999999943,
                        "min": 0.9999999999988175,
                        "max": 1.0,
                        "stdv": 4.234386276721204e-14,
                        "counts": 2153
                    }
                },
                "worse": {
                    "raw": {
                        "avg": 1.0000000000000075,
                        "med": 1.0000000000000127,
                        "quart_1": 1.0000000000000062,
                        "quart_3": 1.0000000000000226,
                        "min": 1.0000000000000002,
                        "max": 1.0000000000015965,
                        "stdv": 5.695674136717574e-14,
                        "counts": 2066
                    },
                    "processed": {
                        "avg": 1.0000000000000067,
                        "med": 1.0000000000000127,
                        "quart_1": 1.0000000000000062,
                        "quart_3": 1.0000000000000224,
                        "min": 1.0000000000000002,
                        "max": 1.0000000000011464,
                        "stdv": 4.522086376890862e-14,
                        "counts": 2065
                    }
                }
            }
        }
    },
    "impermanent gain, loss": {
        "gain": {
            "raw": {
                "avg": 1.8328634359815612,
                "med": 1.124328124475539,
                "quart_1": 1.043411421018163,
                "quart_3": 1.386537728093552,
                "min": 1.0,
                "max": 47.2140029718895,
                "stdv": 2.667413352119876,
                "counts": 6345126
            },
            "processed": {
                "avg": 1.8142679168284663,
                "med": 1.124256595481223,
                "quart_1": 1.0433925231248635,
                "quart_3": 1.385494489524466,
                "min": 1.0,
                "max": 35.66211963381729,
                "stdv": 2.534043715820543,
                "counts": 6341954
            }
        },
        "loss": {
            "raw": {
                "avg": 0.6741034927129158,
                "med": 0.8609013302843603,
                "quart_1": 0.46819226383297885,
                "quart_3": 0.9539887055905678,
                "min": 7.674882175661777e-07,
                "max": 0.9999989378999349,
                "stdv": 0.36975894868517123,
                "counts": 6620058
            },
            "processed": {
                "avg": 0.6744407089563358,
                "med": 0.8610852413385663,
                "quart_1": 0.47062977265339573,
                "quart_3": 0.9540207950112495,
                "min": 4.0589692076859605e-06,
                "max": 0.9999989378999349,
                "stdv": 0.369543830943751,
                "counts": 6616748
            }
        },
        "averages": {
            "raw": {
                "avg": 1.241197476398756,
                "med": 1.0062725192196744,
                "quart_1": 0.9947406685440315,
                "quart_3": 1.3929826834682686,
                "min": 0.910384342519718,
                "max": 3.027908492854376,
                "stdv": 0.3891349838431067,
                "counts": 180072
            },
            "processed": {
                "avg": 1.2403695536892259,
                "med": 1.0062663801498053,
                "quart_1": 0.9946788763036829,
                "quart_3": 1.3921699196470014,
                "min": 0.910384342519718,
                "max": 2.831240720954579,
                "stdv": 0.3874641423250485,
                "counts": 179982
            }
        },
        "median": {
            "raw": {
                "avg": 0.9938183136161703,
                "med": 0.9986197751650063,
                "quart_1": 0.9874658934176122,
                "quart_3": 1.000102918545973,
                "min": 0.944542616832837,
                "max": 1.0250638154187033,
                "stdv": 0.011620351284660047,
                "counts": 180072
            },
            "processed": {
                "avg": 0.9938416926388853,
                "med": 0.9986197751650063,
                "quart_1": 0.9874806109341931,
                "quart_3": 1.0001045321050661,
                "min": 0.9511834553804265,
                "max": 1.0250638154187033,
                "stdv": 0.011576058457961553,
                "counts": 179982
            }
        },
        "monitors": {
            "BTC, ETH": {
                "gain": {
                    "raw": {
                        "avg": 1.2414778915735507,
                        "med": 1.243312760092871,
                        "quart_1": 1.1460805215103251,
                        "quart_3": 1.3435067849877826,
                        "min": 1.0,
                        "max": 1.5495772121662343,
                        "stdv": 0.1308882882958913,
                        "counts": 179718
                    },
                    "processed": {
                        "avg": 1.2413259033554285,
                        "med": 1.243155697302118,
                        "quart_1": 1.1460805215103251,
                        "quart_3": 1.3433053280417744,
                        "min": 1.0,
                        "max": 1.546617027861466,
                        "stdv": 0.13074243843231234,
                        "counts": 179629
                    }
                },
                "loss": {
                    "raw": {
                        "avg": 0.7573863051587343,
                        "med": 0.7551901240157045,
                        "quart_1": 0.6543766377628726,