{
    "capital efficiency": {
        "better": {
            "raw": {
                "avg": 0.9820354520884885,
                "med": 0.9990752699312223,
                "quart_1": 0.9983485797490759,
                "quart_3": 0.9995774859617528,
                "min": 0.39565412190028587,
                "max": 0.9999999883806018,
                "stdv": 0.08524904085716407,
                "counts": 72382
            },
            "processed": {
                "avg": 0.9823263034879294,
                "med": 0.9990759042916334,
                "quart_1": 0.9983503236168259,
                "quart_3": 0.9995775495714372,
                "min": 0.3997941857263591,
                "max": 0.9999999883806018,
                "stdv": 0.08426700363039044,
                "counts": 72346
            }
        },
        "worse": {
            "raw": {
                "avg": 1.0011927383577126,
                "med": 1.0008643250043765,
                "quart_1": 1.0003892196989075,
                "quart_3": 1.001591612103093,
                "min": 1.0000000144315009,
                "max": 1.7143637542222785,
                "stdv": 0.0053739283191645264,
                "counts": 78175
            },
            "processed": {
                "avg": 1.0011338519880233,
                "med": 1.0008638617964056,
                "quart_1": 1.0003889276331224,
                "quart_3": 1.001590067831875,
                "min": 1.0000000144315009,
                "max": 1.0073963166946964,
                "stdv": 0.000995919076209184,
                "counts": 78136
            }
        },
        "monitors": {
            "BTC": {
                "better": {
                    "raw": {
                        "avg": 0.990785718697578,
                        "med": 0.9990813100484848,
                        "quart_1": 0.9983870947631519,
                        "quart_3": 0.9995768334941926,
                        "min": 0.39565412190028587,
                        "max": 0.9999999357253515,
                        "stdv": 0.06001282710498381,
                        "counts": 18737
                    },
                    "processed": {
                        "avg": 0.9910691152290515,
                        "med": 0.9990821647425976,
                        "quart_1": 0.9983881445868917,
                        "quart_3": 0.9995771012545677,
                        "min": 0.4060001678545565,
                        "max": 0.9999999357253515,
                        "stdv": 0.05861792331767494,
                        "counts": 18728
                    }
                },
                "worse": {
                    "raw": {
                        "avg": 1.1587591531013581,
                        "med": 1.0010958510461587,
                        "quart_1": 1.000464316436572,
                        "quart_3": 1.0026336633234014,
                        "min": 1.0000000144315009,
                        "max": 2.5285720177201005,
                        "stdv": 0.3789212187363088,
                        "counts": 23162
                    },
                    "processed": {
                        "avg": 1.158109761558611,
                        "med": 1.0010955281734113,
                        "quart_1": 1.0004642344683863,
                        "quart_3": 1.0026290079663942,
                        "min": 1.0000000144315009,
                        "max": 2.5223696655156536,
                        "stdv": 0.37783798565169413,
                        "counts": 23151
                    }
                }
            }
        }
    },
    "impermanent gain, loss": {
        "gain": {
            "raw": {
                "avg": 1.0014029817858108,
                "med": 1.0009800672183133,
                "quart_1": 1.0002926995909078,
                "quart_3": 1.0022273516752271,
                "min": 1.0,
                "max": 1.0054866927730346,
                "stdv": 0.0013042878962857348,
                "counts": 2082
            },
            "processed": {
                "avg": 1.0014010194066723,
                "med": 1.0009800672183133,
                "quart_1": 1.0002926995909078,
                "quart_3": 1.002226734549466,
                "min": 1.0,
                "max": 1.0054866927730346,
                "stdv": 0.0013015247795986088,
                "counts": 2081
            }
        },
        "loss": {
            "raw": {
                "avg": 0.6685597318110595,
                "med": 0.6705313305107439,
                "quart_1": 0.5431611360294997,
                "quart_3": 0.788285007670527,
                "min": 0.37525328016521176,
                "max": 0.9999988404675204,
                "stdv": 0.15190857662539473,
                "counts": 1597918
            },
            "processed": {
                "avg": 0.668394286320267,
                "med": 0.6704414376186318,
                "quart_1": 0.5431248362218533,
                "quart_3": 0.7880343843385023,
                "min": 0.37525328016521176,
                "max": 0.999357648897386,
                "stdv": 0.15176605496770493,
                "counts": 1597120
            }
        },
        "averages": {
            "raw": {
                "avg": 0.6689928440901022,
                "med": 0.6679438627891097,
                "quart_1": 0.5467712630483903,
                "quart_3": 0.7539766058071349,
                "min": 0.44553630163837926,
                "max": 0.9999850953237771,
                "stdv": 0.14000372512807438,
                "counts": 200000
            },
            "processed": {
                "avg": 0.6688275089802326,
                "med": 0.6676485609902428,
                "quart_1": 0.5467612985810583,
                "quart_3": 0.7539574312647708,
                "min": 0.44553630163837926,
                "max": 0.9989900436622976,
                "stdv": 0.13984340184458746,
                "counts": 199900
            }
        },
        "median": {
            "raw": {
                "avg": 0.6668672047564025,
                "med": 0.6681171157504878,
                "quart_1": 0.5347885981272237,
                "quart_3": 0.7555978888786228,
                "min": 0.43699749288910505,
                "max": 1.0003168813377594,
                "stdv": 0.14727869321657533,
                "counts": 200000
            },
            "processed": {
                "avg": 0.6667005094595335,
                "med": 0.6679641228526598,
                "quart_1": 0.5347549600102633,
                "quart_3": 0.7555370851716713,
                "min": 0.43699749288910505,
                "max": 0.9999090495228853,
                "stdv": 0.14712678123593712,
                "counts": 199900
            }
        },
        "monitors": {
            "BTC": {
                "gain": {
                    "raw": {
                        "avg": 1.000616066002916,
                        "med": 1.0004917609263702,
                        "quart_1": 1.0002089411533717,
                        "quart_3": 1.000826335184342,
                        "min": 1.0000160201802581,
                        "max": 1.002194448752039,
                        "stdv": 0.0005581696275461718,
                        "counts": 312
                    },
                    "processed": {
                        "avg": 1.000616066002916,
                        "med": 1.0004917609263702,
                        "quart_1": 1.0002089411533717,
                        "quart_3": 1.000826335184342,
                        "min": 1.0000160201802581,
                        "max": 1.002194448752039,
                        "stdv": 0.0005581696275461718,
                        "counts": 312
                    }
                },
                "loss": {
                    "raw": {
                        "avg": 0.6736541015203688,
                        "med": 0.6593722892673544,