{
    "capital efficiency": {
        "better": {
            "raw": {
                "avg": 0.9999999999997092,
                "med": 0.9999999999997938,
                "quart_1": 0.9999999999996093,
                "quart_3": 0.999999999999906,
                "min": 0.9999999992870161,
                "max": 1.0,
                "stdv": 5.2754917443850095e-12,
                "counts": 66764
            },
            "processed": {
                "avg": 0.9999999999997872,
                "med": 0.9999999999997938,
                "quart_1": 0.9999999999996098,
                "quart_3": 0.999999999999906,
                "min": 0.9999999999491854,
                "max": 1.0,
                "stdv": 1.1198348803725981e-12,
                "counts": 66731
            }
        },
        "worse": {
            "raw": {
                "avg": 1.0000000000001874,
                "med": 1.000000000000207,
                "quart_1": 1.000000000000094,
                "quart_3": 1.0000000000003926,
                "min": 1.0000000000000002,
                "max": 1.0000000019755946,
                "stdv": 9.537069868586177e-12,
                "counts": 66745
            },
            "processed": {
                "avg": 1.0000000000000695,
                "med": 1.000000000000207,
                "quart_1": 1.000000000000094,
                "quart_3": 1.0000000000003921,
                "min": 1.0000000000000002,
                "max": 1.000000000063801,
                "stdv": 1.3623440067715549e-12,
                "counts": 66712
            }
        },
        "monitors": {
            "BTC": {
                "better": {
                    "raw": {
                        "avg": 0.999999999999544,
                        "med": 0.999999999999769,
                        "quart_1": 0.999999999999551,
                        "quart_3": 0.999999999999899,
                        "min": 0.9999999993148418,
                        "max": 1.0,
                        "stdv": 7.304843803611044e-12,
                        "counts": 18901
                    },
                    "processed": {
                        "avg": 0.9999999999996659,
                        "med": 0.9999999999997691,
                        "quart_1": 0.9999999999995516,
                        "quart_3": 0.9999999999998991,
                        "min": 0.9999999999371872,
                        "max": 1.0,
                        "stdv": 1.5503096377849905e-12,
                        "counts": 18892
                    }
                },
                "worse": {
                    "raw": {
                        "avg": 1.0000000000002924,
                        "med": 1.0000000000002294,
                        "quart_1": 1.0000000000001037,
                        "quart_3": 1.0000000000004508,
                        "min": 1.0000000000000002,
                        "max": 1.0000000008501924,
                        "stdv": 7.872383600179111e-12,
                        "counts": 18433
                    },
                    "processed": {
                        "avg": 1.0000000000001743,
                        "med": 1.0000000000002294,
                        "quart_1": 1.0000000000001037,
                        "quart_3": 1.00000000000045,
                        "min": 1.0000000000000002,
                        "max": 1.0000000000538465,
                        "stdv": 1.5412279305126278e-12,
                        "counts": 18424
                    }
                }
            }
        }
    },
    "impermanent gain, loss": {
        "gain": {
            "raw": {
                "avg": 1.000056329953304,
                "med": 1.0000546480974977,
                "quart_1": 1.0,
                "quart_3": 1.000093483109933,
                "min": 1.0,
                "max": 1.000285895328476,
                "stdv": 6.135863004518645e-05,
                "counts": 256
            },
            "processed": {
                "avg": 1.000056329953304,
                "med": 1.0000546480974977,
                "quart_1": 1.0,
                "quart_3": 1.000093483109933,
                "min": 1.0,
                "max": 1.000285895328476,
                "stdv": 6.135863004518645e-05,
                "counts": 256
            }
        },
        "loss": {
            "raw": {
                "avg": 0.5889264400412927,
                "med": 0.5494079853877276,
                "quart_1": 0.5240531248501036,
                "quart_3": 0.5730536580526676,
                "min": 0.45789859654337983,
                "max": 0.9999964529350496,
                "stdv": 0.12337963351946483,
                "counts": 1440320
            },
            "processed": {
                "avg": 0.5887211226435306,
                "med": 0.549392383920283,
                "quart_1": 0.5240395756525289,
                "quart_3": 0.573021799666681,
                "min": 0.45789859654337983,
                "max": 0.9987969924128102,
                "stdv": 0.12306834716978306,
                "counts": 1439600
            }
        },
        "averages": {
            "raw": {
                "avg": 0.5889995005753467,
                "med": 0.5322215731067903,
                "quart_1": 0.531968868979574,
                "quart_3": 0.5332273885172205,
                "min": 0.5312706704902823,
                "max": 0.9999850935463701,
                "stdv": 0.12046022661117349,
                "counts": 180072
            },
            "processed": {
                "avg": 0.5887942260755596,
                "med": 0.5322211010299305,
                "quart_1": 0.5319687589764623,
                "quart_3": 0.5332192647358363,
                "min": 0.5312706704902823,
                "max": 0.999024625626122,
                "stdv": 0.12013997364814998,
                "counts": 179982
            }
        },
        "median": {
            "raw": {
                "avg": 0.5914763439505167,
                "med": 0.536485051987012,
                "quart_1": 0.5314863559927313,
                "quart_3": 0.5492505820149072,
                "min": 0.5240754837976225,
                "max": 1.0,
                "stdv": 0.11905402166607136,
                "counts": 180072
            },
            "processed": {
                "avg": 0.5912722977128871,
                "med": 0.536477059347423,
                "quart_1": 0.5314845132007995,
                "quart_3": 0.5492396805105806,
                "min": 0.5240754837976225,
                "max": 0.9988651946769262,
                "stdv": 0.118733502439406,
                "counts": 179982
            }
        },
        "monitors": {
            "BTC": {
                "gain": {
                    "raw": {},
                    "processed": {}
                },
                "loss": {
                    "raw": {
                        "avg": 0.5836924130271804,
                        "med": 0.5312382324700406,
                        "quart_1": 0.5198032345322555,
                        "quart_3": 0.5564271665795258,
                        "min": 0.5040471811430961,
                        "max": 0.9998807483709613,
                        "stdv": 0.12183471969978694,
                        "counts": 180072
                    },
                    "processed": {
                        "avg": 0.5834847593002908,
                        "med": 0.5312218630375867,
                        "quart_1": 0.5198001636482242,
                        "quart_3": 0.556410917140172,
                        "min": 0.5040471811430961,
                        "max": 0.998359028741593,
                        "stdv": 0.12151068605570615,
                        "counts": 179982
                    }
                }
            }
        }
    },
    "price impact": {
        "increase": {
            "raw": {
                "avg": 1.000000000000142,