{
    "capital efficiency": {
        "better": {
            "raw": {
                "avg": 0.9602026267207178,
                "med": 0.9993189577568903,
                "quart_1": 0.9986780391223736,
                "quart_3": 0.9996594489622327,
                "min": 0.0006524585426591949,
                "max": 0.9999999863769825,
                "stdv": 0.1451831124715854,
                "counts": 80195
            },
            "processed": {
                "avg": 0.9606664777992953,
                "med": 0.9993192660451218,
                "quart_1": 0.998680104912672,
                "quart_3": 0.9996596505840527,
                "min": 0.07268283067962245,
                "max": 0.9999999863769825,
                "stdv": 0.14372579414562311,
                "counts": 80155
            }
        },
        "worse": {
            "raw": {
                "avg": 1.001061693215995,
                "med": 1.0005974167304132,
                "quart_1": 1.0002844374435722,
                "quart_3": 1.001038829931086,
                "min": 1.000000013214948,
                "max": 2.3379918280151264,
                "stdv": 0.010910220008478246,
                "counts": 73241
            },
            "processed": {
                "avg": 1.000875733445407,
                "med": 1.0005970215759605,
                "quart_1": 1.000284349890845,
                "quart_3": 1.0010379692693454,
                "min": 1.000000013214948,
                "max": 1.174290031456277,
                "stdv": 0.003497557426100485,
                "counts": 73205
            }
        },
        "monitors": {
            "BTC": {
                "better": {
                    "raw": {
                        "avg": 0.963722611042513,
                        "med": 0.9993699462454332,
                        "quart_1": 0.998904168891113,
                        "quart_3": 0.999681735179718,
                        "min": 0.006761887612856827,
                        "max": 0.9999999863769825,
                        "stdv": 0.14971501891688999,
                        "counts": 18385
                    },
                    "processed": {
                        "avg": 0.9641875394412164,
                        "med": 0.9993704892077422,
                        "quart_1": 0.9989053730424652,
                        "quart_3": 0.9996817971179689,
                        "min": 0.02551774775633147,
                        "max": 0.9999999863769825,
                        "stdv": 0.14826997461489475,
                        "counts": 18376
                    }
                },
                "worse": {
                    "raw": {
                        "avg": 1.4595218065814712,
                        "med": 1.0008143154807914,
                        "quart_1": 1.000367068692841,
                        "quart_3": 1.0020238816480926,
                        "min": 1.0000001877924485,
                        "max": 5.479577123999363,
                        "stdv": 1.1268241827716217,
                        "counts": 23785
                    },
                    "processed": {
                        "avg": 1.4576633794328882,
                        "med": 1.0008138720238187,
                        "quart_1": 1.0003668095675589,
                        "quart_3": 1.0020181632844152,
                        "min": 1.0000001877924485,
                        "max": 5.466283803721698,
                        "stdv": 1.1237670024039979,
                        "counts": 23774
                    }
                }
            }
        }
    },
    "impermanent gain, loss": {
        "gain": {
            "raw": {
                "avg": 1.0000059625815383,
                "med": 1.0,
                "quart_1": 1.0,
                "quart_3": 1.0,
                "min": 1.0,
                "max": 1.0001850812949844,
                "stdv": 2.4502442585785607e-05,
                "counts": 120
            },
            "processed": {
                "avg": 1.0000059625815383,
                "med": 1.0,
                "quart_1": 1.0,
                "quart_3": 1.0,
                "min": 1.0,
                "max": 1.0001850812949844,
                "stdv": 2.4502442585785607e-05,
                "counts": 120
            }
        },
        "loss": {
            "raw": {
                "avg": 0.45722603484114943,
                "med": 0.43864019924274167,
                "quart_1": 0.4149656332723097,
                "quart_3": 0.4686680772330012,
                "min": 0.3011658275266059,
                "max": 0.9999852197441146,
                "stdv": 0.10371670280751018,
                "counts": 1599880
            },
            "processed": {
                "avg": 0.4569551514060081,
                "med": 0.4386286673427573,
                "quart_1": 0.41492689234339075,
                "quart_3": 0.46858784882706733,
                "min": 0.3011658275266059,
                "max": 0.9988661414451996,
                "stdv": 0.10303203877054812,
                "counts": 1599081
            }
        },
        "averages": {
            "raw": {
                "avg": 0.4572667433357007,
                "med": 0.4398883569403021,
                "quart_1": 0.43096833571526466,
                "quart_3": 0.44072640074101194,
                "min": 0.4029855091553203,
                "max": 0.9999850948795048,
                "stdv": 0.08916781732180952,
                "counts": 200000
            },
            "processed": {
                "avg": 0.45699549250403915,
                "med": 0.4398873138790793,
                "quart_1": 0.4309597691938175,
                "quart_3": 0.44072567697978066,
                "min": 0.4029855091553203,
                "max": 0.9989889832709531,
                "stdv": 0.08836132083442116,
                "counts": 199900
            }
        },
        "median": {
            "raw": {
                "avg": 0.459264514718911,
                "med": 0.4376675457238496,
                "quart_1": 0.43349464536188576,
                "quart_3": 0.4420129224577623,
                "min": 0.4101943007136376,
                "max": 1.0,
                "stdv": 0.08884524159774711,
                "counts": 200000
            },
            "processed": {
                "avg": 0.45899424956306367,
                "med": 0.4376661228266814,
                "quart_1": 0.4334922849484935,
                "quart_3": 0.4420045039425755,
                "min": 0.4101943007136376,
                "max": 0.9990168244064817,
                "stdv": 0.08804168965524795,
                "counts": 199900
            }
        },
        "monitors": {
            "BTC": {
                "gain": {
                    "raw": {},
                    "processed": {}
                },
                "loss": {
                    "raw": {
                        "avg": 0.4656537188095591,
                        "med": 0.442451006323163,
                        "quart_1": 0.43507635299854097,
                        "quart_3": 0.45749025561995793,
                        "min": 0.40535756471838075,
                        "max": 0.9999403672476452,
                        "stdv": 0.08828147598185881,
                        "counts": 200000
                    },
                    "processed": {
                        "avg": 0.4653866730380616,
                        "med": 0.4424444136702913,
                        "quart_1": 0.435069600113626,
                        "quart_3": 0.45746500639044974,
                        "min": 0.40535756471838075,
                        "max": 0.9989538022917686,
                        "stdv": 0.08749223307299797,
                        "counts": 199900
                    }
                }
            }
        }
    },
    "price impact": {
        "increase": {
            "raw": {
                "avg": 1.0091225296322295,