{
    "capital efficiency": {
        "better": {
            "raw": {
                "avg": 0.9878122093760259,
                "med": 0.9999638416788668,
                "quart_1": 0.9999211054679581,
                "quart_3": 0.9999837112494564,
                "min": 0.0009187469985588896,
                "max": 0.9999999995850988,
                "stdv": 0.05718236080831343,
                "counts": 80499
            },
            "processed": {
                "avg": 0.9882920509103795,
                "med": 0.9999638618348021,
                "quart_1": 0.9999212341047254,
                "quart_3": 0.9999837167832373,
                "min": 0.034989400024665995,
                "max": 0.9999999995850988,
                "stdv": 0.05299102053714789,
                "counts": 80459
            }
        },
        "worse": {
            "raw": {
                "avg": 1.000041401502077,
                "med": 1.000028863855408,
                "quart_1": 1.0000133459782055,
                "quart_3": 1.00005424751983,
                "min": 1.0000000010609407,
                "max": 1.015573956012145,
                "stdv": 9.236700303171112e-05,
                "counts": 72938
            },
            "processed": {
                "avg": 1.000040169944801,
                "med": 1.0000288466824345,
                "quart_1": 1.000013340059506,
                "quart_3": 1.0000541825651845,
                "min": 1.0000000010609407,
                "max": 1.0007482267116847,
                "stdv": 4.090826046001141e-05,
                "counts": 72902
            }
        },
        "monitors": {
            "BTC": {
                "better": {
                    "raw": {
                        "avg": 0.9926375219745839,
                        "med": 0.9999676543273592,
                        "quart_1": 0.9999386923583112,
                        "quart_3": 0.9999852252295336,
                        "min": 0.014952389432487638,
                        "max": 0.9999999995850988,
                        "stdv": 0.047299703418364404,
                        "counts": 18215
                    },
                    "processed": {
                        "avg": 0.9931155643362598,
                        "med": 0.9999676672729305,
                        "quart_1": 0.9999388019415445,
                        "quart_3": 0.9999852306726023,
                        "min": 0.04650417152569268,
                        "max": 0.9999999995850988,
                        "stdv": 0.042140692784632144,
                        "counts": 18206
                    }
                },
                "worse": {
                    "raw": {
                        "avg": 1.0451756601233395,
                        "med": 1.0000418282823706,
                        "quart_1": 1.0000178938548823,
                        "quart_3": 1.0001563926085704,
                        "min": 1.0000000086105503,
                        "max": 1.5594192016096777,
                        "stdv": 0.11805576678253345,
                        "counts": 24030
                    },
                    "processed": {
                        "avg": 1.0449194433430604,
                        "med": 1.000041808869555,
                        "quart_1": 1.0000178854987598,
                        "quart_3": 1.0001546211381123,
                        "min": 1.0000000086105503,
                        "max": 1.5566979634674718,
                        "stdv": 0.11752731180681258,
                        "counts": 24018
                    }
                }
            }
        }
    },
    "impermanent gain, loss": {
        "gain": {
            "raw": {
                "avg": 1.0000059623490576,
                "med": 1.0,
                "quart_1": 1.0,
                "quart_3": 1.0,
                "min": 1.0,
                "max": 1.0001850812949844,
                "stdv": 2.4502320997282046e-05,
                "counts": 120
            },
            "processed": {
                "avg": 1.0000059623490576,
                "med": 1.0,
                "quart_1": 1.0,
                "quart_3": 1.0,
                "min": 1.0,
                "max": 1.0001850812949844,
                "stdv": 2.4502320997282046e-05,
                "counts": 120
            }
        },
        "loss": {
            "raw": {
                "avg": 0.652663431023479,
                "med": 0.6181756112104035,
                "quart_1": 0.5972600950767427,
                "quart_3": 0.6832675994058283,
                "min": 0.5054429479904822,
                "max": 0.9999850163397487,
                "stdv": 0.10391295690077171,
                "counts": 1599880
            },
            "processed": {
                "avg": 0.6524902011090624,
                "med": 0.6181442171582064,
                "quart_1": 0.5972501359227999,
                "quart_3": 0.6829716727108556,
                "min": 0.5054429479904822,
                "max": 0.9988601562260276,
                "stdv": 0.10364945756437138,
                "counts": 1599081
            }
        },
        "averages": {
            "raw": {
                "avg": 0.6526894817132887,
                "med": 0.6039428722183151,
                "quart_1": 0.6034927956503239,
                "quart_3": 0.6283317786002433,
                "min": 0.6006081814643044,
                "max": 0.9999850936352607,
                "stdv": 0.09719887856421283,
                "counts": 200000
            },
            "processed": {
                "avg": 0.652515991693692,
                "med": 0.6039424702552598,
                "quart_1": 0.6034925340665374,
                "quart_3": 0.6283133155999722,
                "min": 0.6006081814643044,
                "max": 0.9989855929388083,
                "stdv": 0.0969131082808348,
                "counts": 199900
            }
        },
        "median": {
            "raw": {
                "avg": 0.6536568572128557,
                "med": 0.6054016692795386,
                "quart_1": 0.6020881692281395,
                "quart_3": 0.6307657586737087,
                "min": 0.5959461809161484,
                "max": 1.0,
                "stdv": 0.09774019666276629,
                "counts": 200000
            },
            "processed": {
                "avg": 0.6534838373992574,
                "med": 0.6053991789990115,
                "quart_1": 0.6020858636394415,
                "quart_3": 0.6307233598449404,
                "min": 0.5959461809161484,
                "max": 0.9990133180608647,
                "stdv": 0.09745795633513649,
                "counts": 199900
            }
        },
        "monitors": {
            "BTC": {
                "gain": {
                    "raw": {},
                    "processed": {}
                },
                "loss": {
                    "raw": {
                        "avg": 0.657561383806706,
                        "med": 0.6139284427330007,
                        "quart_1": 0.6050326937969228,
                        "quart_3": 0.6307602262734556,
                        "min": 0.5964235154709532,
                        "max": 0.9999403737234823,
                        "stdv": 0.09728798245856482,
                        "counts": 200000
                    },
                    "processed": {
                        "avg": 0.6573903402475099,
                        "med": 0.6139102462808994,
                        "quart_1": 0.6050317573666165,
                        "quart_3": 0.6306641070863075,
                        "min": 0.5964235154709532,
                        "max": 0.9989506806729851,
                        "stdv": 0.09701120838050308,
                        "counts": 199900
                    }
                }
            }
        }
    },
    "price impact": {
        "increase": {
            "raw": {
                "avg": 1.0006377281503795,