{
    "capital efficiency": {
        "better": {
            "raw": {
                "avg": 0.9534990521119928,
                "med": 0.9918634208840511,
                "quart_1": 0.9858518949024417,
                "quart_3": 0.9958023640700182,
                "min": 0.022810547530134583,
                "max": 0.9999995502305521,
                "stdv": 0.14333935653923427,
                "counts": 69321
            },
            "processed": {
                "avg": 0.953953082653007,
                "med": 0.9918680823930552,
                "quart_1": 0.9858699537051961,
                "quart_3": 0.9958048657662726,
                "min": 0.03127338092786055,
                "max": 0.9999995502305521,
                "stdv": 0.1419012130593501,
                "counts": 69287
            }
        },
        "worse": {
            "raw": {
                "avg": 1.0495305013697493,
                "med": 1.0063944124969988,
                "quart_1": 1.00319965367268,
                "quart_3": 1.0121589744740718,
                "min": 1.0000001732914574,
                "max": 219.55266966174418,
                "stdv": 1.5028264294560765,
                "counts": 82567
            },
            "processed": {
                "avg": 1.0265780709475694,
                "med": 1.0063910993612026,
                "quart_1": 1.00319892816762,
                "quart_3": 1.0121491086809464,
                "min": 1.0000001732914574,
                "max": 12.050738500815992,
                "stdv": 0.25815699016261406,
                "counts": 82526
            }
        },
        "monitors": {
            "BTC, ETH": {
                "better": {
                    "raw": {
                        "avg": 0.9929145755628737,
                        "med": 0.9935028562968781,
                        "quart_1": 0.9902335944909423,
                        "quart_3": 0.9966605431668374,
                        "min": 0.964102749225934,
                        "max": 0.9999995502305521,
                        "stdv": 0.004834700631224516,
                        "counts": 2002
                    },
                    "processed": {
                        "avg": 0.9929289742766854,
                        "med": 0.993503719163378,
                        "quart_1": 0.9902469545563194,
                        "quart_3": 0.9966605431668374,
                        "min": 0.9663987952405559,
                        "max": 0.9999995502305521,
                        "stdv": 0.004792801993951323,
                        "counts": 2001
                    }
                },
                "worse": {
                    "raw": {
                        "avg": 1.0079950652791347,
                        "med": 1.0060795073494373,
                        "quart_1": 1.0030799386402145,
                        "quart_3": 1.011664844132139,
                        "min": 1.0000196326265407,
                        "max": 1.0511715077375283,
                        "stdv": 0.006406094911779256,
                        "counts": 2881
                    },
                    "processed": {
                        "avg": 1.0079800734588367,
                        "med": 1.0060758936884244,
                        "quart_1": 1.0030798089181598,
                        "quart_3": 1.0116570194858854,
                        "min": 1.0000196326265407,
                        "max": 1.0409192719843037,
                        "stdv": 0.006356475683995056,
                        "counts": 2880
                    }
                }
            }
        }
    },
    "impermanent gain, loss": {
        "gain": {
            "raw": {
                "avg": 2.603302418878039,
                "med": 1.004594751935242,
                "quart_1": 1.0012737517492922,
                "quart_3": 1.0123987423477578,
                "min": 1.0,
                "max": 159.45276923407403,
                "stdv": 6.893537777280382,
                "counts": 7069980
            },
            "processed": {
                "avg": 2.544285691420655,
                "med": 1.0045916759628692,
                "quart_1": 1.0012730189421528,
                "quart_3": 1.0123719502722688,
                "min": 1.0,
                "max": 99.65987325008827,
                "stdv": 6.356458807208468,
                "counts": 7066446
            }
        },
        "loss": {
            "raw": {
                "avg": 0.8419047295757872,
                "med": 0.9954581712243986,
                "quart_1": 0.9878617985952962,
                "quart_3": 0.9988741101205483,
                "min": 0.052059301170604914,
                "max": 0.9999999999999998,
                "stdv": 0.29493825872012996,
                "counts": 7329948
            },
            "processed": {
                "avg": 0.8422928795056276,
                "med": 0.9954615396578912,
                "quart_1": 0.9878977453925918,
                "quart_3": 0.9988762034918137,
                "min": 0.06811411599073593,
                "max": 0.9999999999999998,
                "stdv": 0.2945007264778773,
                "counts": 7326284
            }
        },
        "averages": {
            "raw": {
                "avg": 1.706703944919847,
                "med": 1.4198726606642582,
                "quart_1": 1.063849700832584,
                "quart_3": 1.7868270916566533,
                "min": 0.9557370923042687,
                "max": 5.855439184598344,
                "stdv": 1.0069088093818768,
                "counts": 199999
            },
            "processed": {
                "avg": 1.7046750372402328,
                "med": 1.419524558106231,
                "quart_1": 1.0637942033993206,
                "quart_3": 1.786100347256122,
                "min": 0.9557370923042687,
                "max": 5.74536307235453,
                "stdv": 1.0030209207866425,
                "counts": 199900
            }
        },
        "median": {
            "raw": {
                "avg": 0.999936515390529,
                "med": 0.9999690064809332,
                "quart_1": 0.9998851914250606,
                "quart_3": 1.0000029982028562,
                "min": 0.9971821370907461,
                "max": 1.0004601764124577,
                "stdv": 0.00013272432992894086,
                "counts": 199999
            },
            "processed": {
                "avg": 0.9999374530780217,
                "med": 0.9999690512258976,
                "quart_1": 0.99988529575998,
                "quart_3": 1.0000030002466982,
                "min": 0.9984513868026359,
                "max": 1.0004601764124577,
                "stdv": 0.00012564034398206272,
                "counts": 199900
            }
        },
        "monitors": {
            "BTC, ETH": {
                "gain": {
                    "raw": {
                        "avg": 1.0039080893809675,
                        "med": 1.0030863392776566,
                        "quart_1": 1.0004055906216434,
                        "quart_3": 1.0059310663517018,
                        "min": 1.0,
                        "max": 1.0381699607316843,
                        "stdv": 0.0038754704681018774,
                        "counts": 204235
                    },
                    "processed": {
                        "avg": 1.003897067102106,
                        "med": 1.003086101284731,
                        "quart_1": 1.0004055906216434,
                        "quart_3": 1.00593075634612,
                        "min": 1.0,
                        "max": 1.0238655687087108,
                        "stdv": 0.0038444057463583245,
                        "counts": 204133
                    }
                },
                "loss": {
                    "raw": {
                        "avg": 0.9960814110684207,
                        "med": 0.9968380418334442,