{
    "capital efficiency": {
        "better": {
            "raw": {
                "avg": 0.9578394934263204,
                "med": 0.9945311971136123,
                "quart_1": 0.9904314750307961,
                "quart_3": 0.9972015140626977,
                "min": 0.019776985894442687,
                "max": 0.9999999784453092,
                "stdv": 0.1408097586669954,
                "counts": 69595
            },
            "processed": {
                "avg": 0.9582950349956443,
                "med": 0.9945346198354713,
                "quart_1": 0.9904436413861915,
                "quart_3": 0.997202781383193,
                "min": 0.02901492181981215,
                "max": 0.9999999784453092,
                "stdv": 0.13932804798709753,
                "counts": 69561
            }
        },
        "worse": {
            "raw": {
                "avg": 1.0486739208034184,
                "med": 1.0042431326409194,
                "quart_1": 1.0021294629710067,
                "quart_3": 1.008083944484622,
                "min": 1.0000000428550984,
                "max": 304.14330530153876,
                "stdv": 1.9559547540338056,
                "counts": 82444
            },
            "processed": {
                "avg": 1.02064036091733,
                "med": 1.0042394848740241,
                "quart_1": 1.0021286869827775,
                "quart_3": 1.008077333198985,
                "min": 1.0000000428550984,
                "max": 12.14393934094792,
                "stdv": 0.2319542135275656,
                "counts": 82403
            }
        },
        "monitors": {
            "BTC, ETH": {
                "better": {
                    "raw": {
                        "avg": 0.9952207286725864,
                        "med": 0.9956453374693066,
                        "quart_1": 0.9932844991671977,
                        "quart_3": 0.9977187137015477,
                        "min": 0.9771902577944479,
                        "max": 0.99999915215067,
                        "stdv": 0.003202359319710625,
                        "counts": 1997
                    },
                    "processed": {
                        "avg": 0.9952207286725864,
                        "med": 0.9956453374693066,
                        "quart_1": 0.9932844991671977,
                        "quart_3": 0.9977187137015477,
                        "min": 0.9771902577944479,
                        "max": 0.99999915215067,
                        "stdv": 0.003202359319710625,
                        "counts": 1997
                    }
                },
                "worse": {
                    "raw": {
                        "avg": 1.0053130544010365,
                        "med": 1.0041358348816591,
                        "quart_1": 1.002073652345823,
                        "quart_3": 1.007854308983672,
                        "min": 1.0000066739399287,
                        "max": 1.026967099859227,
                        "stdv": 0.004160113440830937,
                        "counts": 2872
                    },
                    "processed": {
                        "avg": 1.0053055120654537,
                        "med": 1.0041344826221954,
                        "quart_1": 1.002073652345823,
                        "quart_3": 1.0078399812390637,
                        "min": 1.0000066739399287,
                        "max": 1.0265616244683997,
                        "stdv": 0.00414115840441614,
                        "counts": 2871
                    }
                }
            }
        }
    },
    "impermanent gain, loss": {
        "gain": {
            "raw": {
                "avg": 2.692262366502733,
                "med": 1.0046374438451273,
                "quart_1": 1.0013450922265763,
                "quart_3": 1.012558322340706,
                "min": 1.0,
                "max": 167.21364263673408,
                "stdv": 7.369400186504619,
                "counts": 7015626
            },
            "processed": {
                "avg": 2.629915264535061,
                "med": 1.0046347120142596,
                "quart_1": 1.0013424921303866,
                "quart_3": 1.0125213945875025,
                "min": 1.0,
                "max": 103.98898960840353,
                "stdv": 6.809111863691177,
                "counts": 7012119
            }
        },
        "loss": {
            "raw": {
                "avg": 0.835195389313585,
                "med": 0.9955012159651241,
                "quart_1": 0.9880533058934514,
                "quart_3": 0.9989188734536719,
                "min": 0.0358446348116247,
                "max": 0.9999999999999999,
                "stdv": 0.3088044560894346,
                "counts": 7384302
            },
            "processed": {
                "avg": 0.8355892292202318,
                "med": 0.9955036048454451,
                "quart_1": 0.9880833254372298,
                "quart_3": 0.9989208404215771,
                "min": 0.05018059940501421,
                "max": 0.9999999999999999,
                "stdv": 0.30837908454663226,
                "counts": 7380610
            }
        },
        "averages": {
            "raw": {
                "avg": 1.7399559804011433,
                "med": 1.4018329342694829,
                "quart_1": 1.0723421909730286,
                "quart_3": 1.8048528024445045,
                "min": 0.9574177113659624,
                "max": 6.087394758879491,
                "stdv": 1.0860560213644133,
                "counts": 199999
            },
            "processed": {
                "avg": 1.7378285441535664,
                "med": 1.4013949036671765,
                "quart_1": 1.0719611833462257,
                "quart_3": 1.8036183665967047,
                "min": 0.9574177113659624,
                "max": 5.988583378160576,
                "stdv": 1.082108143472117,
                "counts": 199900
            }
        },
        "median": {
            "raw": {
                "avg": 0.9999304695219852,
                "med": 0.999964680696037,
                "quart_1": 0.9998725007818128,
                "quart_3": 0.9999991202595762,
                "min": 0.9973361687951197,
                "max": 1.000688265929082,
                "stdv": 0.0001405831915116426,
                "counts": 199999
            },
            "processed": {
                "avg": 0.9999313320925539,
                "med": 0.9999647034911642,
                "quart_1": 0.9998726606570262,
                "quart_3": 0.9999991495126055,
                "min": 0.9984656926282358,
                "max": 1.000688265929082,
                "stdv": 0.00013498731781862205,
                "counts": 199900
            }
        },
        "monitors": {
            "BTC, ETH": {
                "gain": {
                    "raw": {
                        "avg": 1.0040684681546492,
                        "med": 1.0032734596799182,
                        "quart_1": 1.000790824753916,
                        "quart_3": 1.006282466607876,
                        "min": 1.0,
                        "max": 1.029493155682462,
                        "stdv": 0.003819450043873251,
                        "counts": 192695
                    },
                    "processed": {
                        "avg": 1.0040582548202115,
                        "med": 1.0032690208628074,
                        "quart_1": 1.000790824753916,
                        "quart_3": 1.0062594371196747,
                        "min": 1.0,
                        "max": 1.0223396720779425,
                        "stdv": 0.003792719906077978,
                        "counts": 192599
                    }
                },
                "loss": {
                    "raw": {
                        "avg": 0.9961936118377078,
                        "med": 0.99698921867354,
                        "quart_1": 0.9939741679339176,