{
    "capital efficiency": {
        "better": {
            "raw": {
                "avg": 0.970282927024653,
                "med": 0.9994480895850756,
                "quart_1": 0.9989973440450798,
                "quart_3": 0.9997149020155282,
                "min": 0.007770240110005285,
                "max": 0.9999999940168389,
                "stdv": 0.1316895393167119,
                "counts": 70351
            },
            "processed": {
                "avg": 0.9707583255195136,
                "med": 0.9994482686453193,
                "quart_1": 0.9989991262477137,
                "quart_3": 0.9997150729878476,
                "min": 0.019593454538701163,
                "max": 0.9999999940168389,
                "stdv": 0.12998648822909245,
                "counts": 70316
            }
        },
        "worse": {
            "raw": {
                "avg": 1.1540898898794005,
                "med": 1.000418580276035,
                "quart_1": 1.0002116429405452,
                "quart_3": 1.0007940563498896,
                "min": 1.0000000097812052,
                "max": 2288.6292553271333,
                "stdv": 12.450800336623567,
                "counts": 82096
            },
            "processed": {
                "avg": 1.0087842708837114,
                "med": 1.0004183022801354,
                "quart_1": 1.0002115484525682,
                "quart_3": 1.0007932152401826,
                "min": 1.0000000097812052,
                "max": 9.532183204517393,
                "stdv": 0.15983926122776262,
                "counts": 82055
            }
        },
        "monitors": {
            "BTC, ETH": {
                "better": {
                    "raw": {
                        "avg": 0.9995258042514217,
                        "med": 0.9995724897691585,
                        "quart_1": 0.9993399797050496,
                        "quart_3": 0.9997817766115824,
                        "min": 0.9973117407340809,
                        "max": 0.9999993191676047,
                        "stdv": 0.0003355176160010845,
                        "counts": 2013
                    },
                    "processed": {
                        "avg": 0.9995269046806053,
                        "med": 0.9995725200480228,
                        "quart_1": 0.9993399827673283,
                        "quart_3": 0.9997818223052642,
                        "min": 0.9973833995411254,
                        "max": 0.9999993191676047,
                        "stdv": 0.00033194937856130145,
                        "counts": 2012
                    }
                },
                "worse": {
                    "raw": {
                        "avg": 1.0005275271471672,
                        "med": 1.000396679408148,
                        "quart_1": 1.0002049451936201,
                        "quart_3": 1.0007631351592252,
                        "min": 1.0000004994323233,
                        "max": 1.0034948528604852,
                        "stdv": 0.0004238283613012493,
                        "counts": 2867
                    },
                    "processed": {
                        "avg": 1.000526491792766,
                        "med": 1.0003965252768625,
                        "quart_1": 1.0002047411989727,
                        "quart_3": 1.0007626331330761,
                        "min": 1.0000004994323233,
                        "max": 1.0027638226487303,
                        "stdv": 0.00042026164531065713,
                        "counts": 2866
                    }
                }
            }
        }
    },
    "impermanent gain, loss": {
        "gain": {
            "raw": {
                "avg": 2.6307712379341344,
                "med": 1.0045742664714208,
                "quart_1": 1.0012495852612757,
                "quart_3": 1.0125235699325703,
                "min": 1.0,
                "max": 117.38004511064301,
                "stdv": 6.741074430818851,
                "counts": 7096631
            },
            "processed": {
                "avg": 2.5844117708124155,
                "med": 1.0045689301518543,
                "quart_1": 1.0012483103105858,
                "quart_3": 1.0124865145081021,
                "min": 1.0,
                "max": 87.31983639036261,
                "stdv": 6.414500434806427,
                "counts": 7093083
            }
        },
        "loss": {
            "raw": {
                "avg": 0.8011807499652104,
                "med": 0.9955161056922949,
                "quart_1": 0.987994812382338,
                "quart_3": 0.9989181203795964,
                "min": 0.003804893020113796,
                "max": 0.9999999999999997,
                "stdv": 0.3694796259546073,
                "counts": 7303297
            },
            "processed": {
                "avg": 0.8015781213067054,
                "med": 0.9955211844434878,
                "quart_1": 0.9880218616682639,
                "quart_3": 0.9989199003665687,
                "min": 0.007591658124952719,
                "max": 0.9999999999999997,
                "stdv": 0.3691444288008071,
                "counts": 7299646
            }
        },
        "averages": {
            "raw": {
                "avg": 1.7028469648392421,
                "med": 1.2281587876989402,
                "quart_1": 1.0643761276077064,
                "quart_3": 1.8436088600345453,
                "min": 0.9734530970927984,
                "max": 5.512825057143806,
                "stdv": 1.0341708042688185,
                "counts": 199999
            },
            "processed": {
                "avg": 1.7009931983393367,
                "med": 1.227873840778094,
                "quart_1": 1.0643249089288707,
                "quart_3": 1.842217861149781,
                "min": 0.9734530970927984,
                "max": 5.409780845764914,
                "stdv": 1.0310656005068624,
                "counts": 199900
            }
        },
        "median": {
            "raw": {
                "avg": 0.9999638382121446,
                "med": 0.9999844102789346,
                "quart_1": 0.9999114089774854,
                "quart_3": 1.0000178910035755,
                "min": 0.9976951468135702,
                "max": 1.0005416542945489,
                "stdv": 0.00012524077341952115,
                "counts": 199999
            },
            "processed": {
                "avg": 0.9999644554560964,
                "med": 0.9999844847511452,
                "quart_1": 0.999911477622295,
                "quart_3": 1.0000179032738474,
                "min": 0.9990266350703954,
                "max": 1.0005416542945489,
                "stdv": 0.00012200007763393488,
                "counts": 199900
            }
        },
        "monitors": {
            "BTC, ETH": {
                "gain": {
                    "raw": {
                        "avg": 1.0038113693288206,
                        "med": 1.0029488098271557,
                        "quart_1": 1.0005816907623397,
                        "quart_3": 1.005907322025515,
                        "min": 1.0,
                        "max": 1.0384869189086245,
                        "stdv": 0.003808706683534832,
                        "counts": 212480
                    },
                    "processed": {
                        "avg": 1.003800150749824,
                        "med": 1.0029420383419063,
                        "quart_1": 1.0005816907623397,
                        "quart_3": 1.005907322025515,
                        "min": 1.0,
                        "max": 1.023329223924887,
                        "stdv": 0.0037759920283014768,
                        "counts": 212374
                    }
                },
                "loss": {
                    "raw": {
                        "avg": 0.996092750067824,
                        "med": 0.9968533046622575,