{
    "cap_eff": {
        "avg": 0.0012688892669613712,
        "med": 0.0010447542687119782,
        "quart_1": 0.0005528116738218181,
        "quart_3": 0.0016937599324160502,
        "min": 1.1058941984387616e-08,
        "max": 0.3203701059894284,
        "stdv": 0.0015109090051009992
    },
    "imp_gain": {
        "avg": 0.0008198014250219968,
        "med": 0.0005034431156867303,
        "quart_1": 0.00014470402916200165,
        "quart_3": 0.0012157228395788255,
        "min": 1.6886662956849818e-08,
        "max": 0.009148104774113763,
        "stdv": 0.0009054147281687322
    },
    "imp_loss": {
        "avg": 0.0008527099448884793,
        "med": 0.0005503982598175083,
        "quart_1": 0.00017029869690654564,
        "quart_3": 0.0012544416692178428,
        "min": 0.0,
        "max": 0.01035826463338585,
        "stdv": 0.0009129527005652774
    },
    "price_imp": {
        "avg": 0.0018524870495221068,
        "med": 0.0017187436231403722,
        "quart_1": 0.0011152219681774096,
        "quart_3": 0.0023832813492495296,
        "min": 0.0,
        "max": 0.013983185450445246,
        "stdv": 0.001099436684851212
    },
    "proc_cap_eff": {
        "avg": 0.001258402688583964,
        "med": 0.0010442074875830487,
        "quart_1": 0.0005525097009349,
        "quart_3": 0.0016925536479419634,
        "min": 1.1058941984387616e-08,
        "max": 0.00925254084857996,
        "stdv": 0.000997315257592955
    },
    "proc_imp_gain": {
        "avg": 0.0008165253797155728,
        "med": 0.0005029406854959451,
        "quart_1": 0.00014456439203502924,
        "quart_3": 0.0012142593178150474,
        "min": 1.6886662956849818e-08,
        "max": 0.006626954956531872,
        "stdv": 0.0008935804437207352
    },
    "proc_imp_loss": {
        "avg": 0.0008492073589986263,
        "med": 0.0005495908076530442,
        "quart_1": 0.00017023948370864517,
        "quart_3": 0.001253284977211444,
        "min": 0.0,
        "max": 0.006795344623893307,
        "stdv": 0.000899442170484555
    },
    "proc_price_imp": {
        "avg": 0.001848416068681392,
        "med": 0.0017181693378684633,
        "quart_1": 0.0011148749200570124,
        "quart_3": 0.0023821512210674004,
        "min": 0.0,
        "max": 0.008815125873890503,
        "stdv": 0.001084154945260662
    }
}