{
    "cap_eff": {
        "avg": 0.00042382666716400224,
        "med": 0.00034823308800685515,
        "quart_1": 0.00018428918054436139,
        "quart_3": 0.0005658876447436345,
        "min": 3.83029874484464e-09,
        "max": 0.13176600160126017,
        "stdv": 0.0005584807518541599
    },
    "imp_gain": {
        "avg": 0.0008131422885550517,
        "med": 0.0004908626379608316,
        "quart_1": 0.00014110891881657928,
        "quart_3": 0.0012061347894113394,
        "min": 1.1902287821996538e-08,
        "max": 0.00916857124340198,
        "stdv": 0.0009041651356433675
    },
    "imp_loss": {
        "avg": 0.0008621072239402486,
        "med": 0.0005628922507435741,
        "quart_1": 0.0001760428532711078,
        "quart_3": 0.001262626400721778,
        "min": 0.0,
        "max": 0.010374243193197796,
        "stdv": 0.0009163779086596801
    },
    "price_imp": {
        "avg": 0.0006186969016900102,
        "med": 0.0005738474676142986,
        "quart_1": 0.00037231578028835115,
        "quart_3": 0.0007965181297393993,
        "min": 0.0,
        "max": 0.012658227848101333,
        "stdv": 0.00036912777576974474
    },
    "proc_cap_eff": {
        "avg": 0.00042008810971236364,
        "med": 0.00034807447485374343,
        "quart_1": 0.0001841896527168818,
        "quart_3": 0.0005655043762179401,
        "min": 3.83029874484464e-09,
        "max": 0.0031144650604411073,
        "stdv": 0.00033403045902822
    },
    "proc_imp_gain": {
        "avg": 0.0008098522709075124,
        "med": 0.0004905447945349195,
        "quart_1": 0.00014098470156298504,
        "quart_3": 0.0012047201468785573,
        "min": 1.1902287821996538e-08,
        "max": 0.0066383051206524435,
        "stdv": 0.000892216880814352
    },
    "proc_imp_loss": {
        "avg": 0.0008585823078470316,
        "med": 0.000562525102346112,
        "quart_1": 0.00017600837254594381,
        "quart_3": 0.0012611758333889167,
        "min": 0.0,
        "max": 0.006866025252166841,
        "stdv": 0.0009027475688794016
    },
    "proc_price_imp": {
        "avg": 0.0006172382933515644,
        "med": 0.0005736652080798065,
        "quart_1": 0.0003722232012050181,
        "quart_3": 0.0007961048519993942,
        "min": 0.0,
        "max": 0.0029532632613517734,
        "stdv": 0.0003621145276615126
    }
}