{
    "cap_eff": {
        "avg": 0.0008464621833261293,
        "med": 0.00069636711522858,
        "quart_1": 0.0003687769517271011,
        "quart_3": 0.0011300492823516084,
        "min": 2.634181095473309e-09,
        "max": 0.23600318028987244,
        "stdv": 0.0010544803567587929
    },
    "imp_gain": {
        "avg": 0.0008142912590745937,
        "med": 0.0004933593432483452,
        "quart_1": 0.00014175595999521562,
        "quart_3": 0.0012074785805979982,
        "min": 3.2452172060715156e-09,
        "max": 0.009154378406847963,
        "stdv": 0.0009042946139067301
    },
    "imp_loss": {
        "avg": 0.00085933355084947,
        "med": 0.0005615704010757394,
        "quart_1": 0.00017414230948342713,
        "quart_3": 0.0012596168828330478,
        "min": 0.0,
        "max": 0.010364285376904814,
        "stdv": 0.0009147166724376112
    },
    "price_imp": {
        "avg": 0.0012360806729184272,
        "med": 0.0011468127054933578,
        "quart_1": 0.0007441420004432493,
        "quart_3": 0.0015906933959614416,
        "min": 0.0,
        "max": 0.009353511610259489,
        "stdv": 0.0007336720568739438
    },
    "proc_cap_eff": {
        "avg": 0.0008392781736347364,
        "med": 0.0006959811784750247,
        "quart_1": 0.0003685838219362192,
        "quart_3": 0.0011291891749392602,
        "min": 2.634181095473309e-09,
        "max": 0.006226565676495044,
        "stdv": 0.0006664078989269675
    },
    "proc_imp_gain": {
        "avg": 0.0008110051623972401,
        "med": 0.0004929671031694838,
        "quart_1": 0.00014164107778680268,
        "quart_3": 0.0012065242988192892,
        "min": 3.2452172060715156e-09,
        "max": 0.006659858012656228,
        "stdv": 0.000892362005229464
    },
    "proc_imp_loss": {
        "avg": 0.0008558113402163909,
        "med": 0.0005611644826908346,
        "quart_1": 0.00017405033448725238,
        "quart_3": 0.001257958034194595,
        "min": 0.0,
        "max": 0.006897565623542823,
        "stdv": 0.0009011009247766186
    },
    "proc_price_imp": {
        "avg": 0.0012333612112004134,
        "med": 0.0011465393560967999,
        "quart_1": 0.000743985987960982,
        "quart_3": 0.0015898020017121352,
        "min": 0.0,
        "max": 0.005888026258924025,
        "stdv": 0.0007234531472673846
    }
}