{
    "cap_eff": {
        "avg": 0.0036230975231767086,
        "med": 0.0031301374449613784,
        "quart_1": 0.00199484415939033,
        "quart_3": 0.0046473485984595,
        "min": 4.9335254437288256e-08,
        "max": 0.03275454284334112,
        "stdv": 0.0024575343215003506
    },
    "imp_gain": {
        "avg": 0.0015294665746734557,
        "med": 0.0007116051050966021,
        "quart_1": 0.00010844792386621727,
        "quart_3": 0.0025526142306844246,
        "min": 2.220446049250313e-16,
        "max": 0.024780566918748193,
        "stdv": 0.0018420794385257755
    },
    "imp_loss": {
        "avg": 0.0010654059939785184,
        "med": 0.00012327092068686873,
        "quart_1": 0.0,
        "quart_3": 0.0017789279261193336,
        "min": 0.0,
        "max": 0.023572112722979544,
        "stdv": 0.001674806624209781
    },
    "price_imp": {
        "avg": 0.005784949995038548,
        "med": 0.005514419548394416,
        "quart_1": 0.003806435701499928,
        "quart_3": 0.007359127400656545,
        "min": 2.3020724336619285e-06,
        "max": 0.03657017434595933,
        "stdv": 0.00290766314019252
    },
    "proc_cap_eff": {
        "avg": 0.003614093463014195,
        "med": 0.0031288585451568762,
        "quart_1": 0.0019941760765909144,
        "quart_3": 0.004644130894736698,
        "min": 4.9335254437288256e-08,
        "max": 0.01930905050450593,
        "stdv": 0.002423450766209826
    },
    "proc_imp_gain": {
        "avg": 0.0015233323395159861,
        "med": 0.0007101235323105914,
        "quart_1": 0.0001084319951312196,
        "quart_3": 0.0025492363881673974,
        "min": 2.220446049250313e-16,
        "max": 0.012190939332307638,
        "stdv": 0.0018215208124109843
    },
    "proc_imp_loss": {
        "avg": 0.001059387207997314,
        "med": 0.0001230333140089801,
        "quart_1": 0.0,
        "quart_3": 0.001775055847475282,
        "min": 0.0,
        "max": 0.011615055634014548,
        "stdv": 0.0016530105435699732
    },
    "proc_price_imp": {
        "avg": 0.005775558266325474,
        "med": 0.005512702659361551,
        "quart_1": 0.003805107601226356,
        "quart_3": 0.00735636641277276,
        "min": 2.3020724336619285e-06,
        "max": 0.021916309667852955,
        "stdv": 0.002876733748985443
    }
}