{
    "capital efficiency": {
        "better": {
            "raw": {
                "avg": 0.9999999999999983,
                "med": 0.9999999999999999,
                "quart_1": 0.9999999999999998,
                "quart_3": 1.0,
                "min": 0.9999999999034046,
                "max": 1.0,
                "stdv": 3.9100650011608434e-13,
                "counts": 61044
            },
            "processed": {
                "avg": 0.9999999999999999,
                "med": 0.9999999999999999,
                "quart_1": 0.9999999999999998,
                "quart_3": 1.0,
                "min": 0.9999999999999702,
                "max": 1.0,
                "stdv": 7.212343848964051e-16,
                "counts": 61014
            }
        },
        "worse": {
            "raw": {
                "avg": 1.0000000000000009,
                "med": 1.0000000000000002,
                "quart_1": 1.0000000000000002,
                "quart_3": 1.0000000000000004,
                "min": 1.0000000000000002,
                "max": 1.0000000000195115,
                "stdv": 1.0704177264680914e-13,
                "counts": 33614
            },
            "processed": {
                "avg": 1.0000000000000002,
                "med": 1.0000000000000002,
                "quart_1": 1.0000000000000002,
                "quart_3": 1.0000000000000004,
                "min": 1.0000000000000002,
                "max": 1.0000000000000662,
                "stdv": 1.5159942554539707e-15,
                "counts": 33598
            }
        },
        "monitors": {
            "BTC, ETH": {
                "better": {
                    "raw": {
                        "avg": 0.9999999999999999,
                        "med": 0.9999999999999999,
                        "quart_1": 0.9999999999999998,
                        "quart_3": 1.0,
                        "min": 0.9999999999999565,
                        "max": 1.0,
                        "stdv": 1.5103115770401041e-15,
                        "counts": 1649
                    },
                    "processed": {
                        "avg": 0.9999999999999999,
                        "med": 0.9999999999999999,
                        "quart_1": 0.9999999999999998,
                        "quart_3": 1.0,
                        "min": 0.9999999999999565,
                        "max": 1.0,
                        "stdv": 1.5103115770401041e-15,
                        "counts": 1649
                    }
                },
                "worse": {
                    "raw": {
                        "avg": 1.0000000000000002,
                        "med": 1.0000000000000002,
                        "quart_1": 1.0000000000000002,
                        "quart_3": 1.0000000000000004,
                        "min": 1.0000000000000002,
                        "max": 1.0000000000000366,
                        "stdv": 1.631167469297496e-15,
                        "counts": 900
                    },
                    "processed": {
                        "avg": 1.0000000000000002,
                        "med": 1.0000000000000002,
                        "quart_1": 1.0000000000000002,
                        "quart_3": 1.0000000000000004,
                        "min": 1.0000000000000002,
                        "max": 1.0000000000000366,
                        "stdv": 1.631167469297496e-15,
                        "counts": 900
                    }
                }
            }
        }
    },
    "impermanent gain, loss": {
        "gain": {
            "raw": {
                "avg": 2.2901282601643342,
                "med": 1.5933973570425284,
                "quart_1": 1.297715115294592,
                "quart_3": 1.9038428294551843,
                "min": 1.0,
                "max": 63.373800864617536,
                "stdv": 3.21695251438527,
                "counts": 7961347
            },
            "processed": {
                "avg": 2.260989446014928,
                "med": 1.5930451630636644,
                "quart_1": 1.2975282625888644,
                "quart_3": 1.9027498614406948,
                "min": 1.0,
                "max": 58.607044256129335,
                "stdv": 2.941562126772807,
                "counts": 7957367
            }
        },
        "loss": {
            "raw": {
                "avg": 0.41888640196308563,
                "med": 0.38516750664541055,
                "quart_1": 0.11774655560457399,
                "quart_3": 0.6927717404066793,
                "min": 3.2848860987992987e-06,
                "max": 0.9999946644707512,
                "stdv": 0.31197031741927445,
                "counts": 8236493
            },
            "processed": {
                "avg": 0.4185958998030464,
                "med": 0.3849504737432983,
                "quart_1": 0.11765186146704344,
                "quart_3": 0.6922557424627493,
                "min": 3.2848860987992987e-06,
                "max": 0.9993002100955156,
                "stdv": 0.3117777573591665,
                "counts": 8232375
            }
        },
        "averages": {
            "raw": {
                "avg": 1.3386143258165124,
                "med": 1.1174247222857354,
                "quart_1": 1.003350335291175,
                "quart_3": 1.655040583776664,
                "min": 0.8982888764968291,
                "max": 3.5816766958276713,
                "stdv": 0.45015724452820927,
                "counts": 179976
            },
            "processed": {
                "avg": 1.3375070697696216,
                "med": 1.116875501937429,
                "quart_1": 1.0033412395025811,
                "quart_3": 1.653578398803396,
                "min": 0.8982888764968291,
                "max": 3.5730731600917656,
                "stdv": 0.44750703639647044,
                "counts": 179887
            }
        },
        "median": {
            "raw": {
                "avg": 0.9758055845490227,
                "med": 0.9879876772547531,
                "quart_1": 0.9567733756145583,
                "quart_3": 1.0053276829912927,
                "min": 0.6563838549896295,
                "max": 1.0900430765028444,
                "stdv": 0.046333254920022916,
                "counts": 179976
            },
            "processed": {
                "avg": 0.9759452198486883,
                "med": 0.988012733274814,
                "quart_1": 0.9568245644835932,
                "quart_3": 1.0053300245036938,
                "min": 0.7130332329358089,
                "max": 1.0900430765028444,
                "stdv": 0.04591622099917666,
                "counts": 179887
            }
        },
        "monitors": {
            "BTC, ETH": {
                "gain": {
                    "raw": {
                        "avg": 1.5453870793430498,
                        "med": 1.5458790756728382,
                        "quart_1": 1.2631174981514057,
                        "quart_3": 1.794298171585146,
                        "min": 1.0,
                        "max": 2.4951208511166127,
                        "stdv": 0.32756159533556656,
                        "counts": 186559
                    },
                    "processed": {
                        "avg": 1.5449133992041908,
                        "med": 1.5458790756728382,
                        "quart_1": 1.2631174981514057,
                        "quart_3": 1.794298171585146,
                        "min": 1.0,
                        "max": 2.4951208511166127,
                        "stdv": 0.32695568287934007,
                        "counts": 186466
                    }
                },
                "loss": {
                    "raw": {
                        "avg": 0.5015649283912675,
                        "med": 0.48332739465945396,
                        "quart_1": 0.26482264296080693,
                        "quart_3": 0.7578769045467649,