{
    "capital efficiency": {
        "better": {
            "raw": {
                "avg": 0.9497218856819157,
                "med": 0.9729689381944157,
                "quart_1": 0.9538319991268036,
                "quart_3": 0.9868494121020658,
                "min": 0.028620519075908932,
                "max": 0.9999994192256563,
                "stdv": 0.12968686649072436,
                "counts": 67519
            },
            "processed": {
                "avg": 0.9501714796881179,
                "med": 0.9729967894724363,
                "quart_1": 0.9538685504288145,
                "quart_3": 0.9868605742149803,
                "min": 0.031526266674435366,
                "max": 0.9999994192256563,
                "stdv": 0.12811453189057306,
                "counts": 67486
            }
        },
        "worse": {
            "raw": {
                "avg": 1.0371429908386405,
                "med": 1.029088475899488,
                "quart_1": 1.0144172476989182,
                "quart_3": 1.051054415108629,
                "min": 1.000000359254212,
                "max": 1.4047199164604756,
                "stdv": 0.031564825627649076,
                "counts": 86024
            },
            "processed": {
                "avg": 1.0370239537920627,
                "med": 1.0290717936733365,
                "quart_1": 1.0144071471592322,
                "quart_3": 1.0510030914814281,
                "min": 1.000000359254212,
                "max": 1.2438668793745322,
                "stdv": 0.031111715522800544,
                "counts": 85981
            }
        },
        "monitors": {
            "BTC": {
                "better": {
                    "raw": {
                        "avg": 0.9576408512694788,
                        "med": 0.9736228980141548,
                        "quart_1": 0.9552054701567267,
                        "quart_3": 0.9870508345062488,
                        "min": 0.02882795228116095,
                        "max": 0.9999994192256563,
                        "stdv": 0.10135705232046302,
                        "counts": 14018
                    },
                    "processed": {
                        "avg": 0.9581040451892383,
                        "med": 0.9736356173815287,
                        "quart_1": 0.9552775738295357,
                        "quart_3": 0.9870602116001419,
                        "min": 0.03185111581103832,
                        "max": 0.9999994192256563,
                        "stdv": 0.09924079472091872,
                        "counts": 14011
                    }
                },
                "worse": {
                    "raw": {
                        "avg": 1.0375023079386236,
                        "med": 1.0295036411968832,
                        "quart_1": 1.0146116985476668,
                        "quart_3": 1.0514532942039048,
                        "min": 1.000000359254212,
                        "max": 1.3435365501808432,
                        "stdv": 0.03189422232394717,
                        "counts": 18370
                    },
                    "processed": {
                        "avg": 1.0373776980201663,
                        "med": 1.0294766845675032,
                        "quart_1": 1.014602010676902,
                        "quart_3": 1.051399977451136,
                        "min": 1.000000359254212,
                        "max": 1.242113087323947,
                        "stdv": 0.031392029928347324,
                        "counts": 18361
                    }
                }
            }
        }
    },
    "impermanent gain, loss": {
        "gain": {
            "raw": {
                "avg": 1.0054790440555739,
                "med": 1.0017706985200219,
                "quart_1": 1.0,
                "quart_3": 1.01158351641382,
                "min": 1.0,
                "max": 1.0332138652244838,
                "stdv": 0.008323799729579182,
                "counts": 80
            },
            "processed": {
                "avg": 1.0054790440555739,
                "med": 1.0017706985200219,
                "quart_1": 1.0,
                "quart_3": 1.01158351641382,
                "min": 1.0,
                "max": 1.0332138652244838,
                "stdv": 0.008323799729579182,
                "counts": 80
            }
        },
        "loss": {
            "raw": {
                "avg": 0.6466627168827404,
                "med": 0.6514722530985001,
                "quart_1": 0.5747085398086618,
                "quart_3": 0.721963958770337,
                "min": 0.29693419969277396,
                "max": 0.999067785574881,
                "stdv": 0.10827134686389653,
                "counts": 1799920
            },
            "processed": {
                "avg": 0.6466348194145995,
                "med": 0.651453060290399,
                "quart_1": 0.5747300976049878,
                "quart_3": 0.7219009068645306,
                "min": 0.33325216233347454,
                "max": 0.9697391249778434,
                "stdv": 0.10804759827283046,
                "counts": 1799021
            }
        },
        "averages": {
            "raw": {
                "avg": 0.6466786642751555,
                "med": 0.6437721618843449,
                "quart_1": 0.5760004006232058,
                "quart_3": 0.7134840153151368,
                "min": 0.47268511505578176,
                "max": 0.9995862614669133,
                "stdv": 0.09196604379596143,
                "counts": 200000
            },
            "processed": {
                "avg": 0.6465144434367817,
                "med": 0.6437247154815108,
                "quart_1": 0.5759756128897867,
                "quart_3": 0.7133472042285705,
                "min": 0.47268511505578176,
                "max": 0.9519771287258414,
                "stdv": 0.09169487154341596,
                "counts": 199900
            }
        },
        "median": {
            "raw": {
                "avg": 0.648011734268116,
                "med": 0.6441321189821799,
                "quart_1": 0.5675173053543717,
                "quart_3": 0.7203985982456353,
                "min": 0.43441290028780577,
                "max": 1.0,
                "stdv": 0.09592985071748472,
                "counts": 200000
            },
            "processed": {
                "avg": 0.6478480264934993,
                "med": 0.6440913539347637,
                "quart_1": 0.56748221724383,
                "quart_3": 0.720342201737201,
                "min": 0.43441290028780577,
                "max": 0.9539385122340514,
                "stdv": 0.09567366641319583,
                "counts": 199900
            }
        },
        "monitors": {
            "BTC": {
                "gain": {
                    "raw": {
                        "avg": 1.007834316986545,
                        "med": 1.0017706985200219,
                        "quart_1": 1.0017706985200219,
                        "quart_3": 1.0151266168240622,
                        "min": 1.0,
                        "max": 1.023341307554065,
                        "stdv": 0.008993171681799875,
                        "counts": 31
                    },
                    "processed": {
                        "avg": 1.007834316986545,
                        "med": 1.0017706985200219,
                        "quart_1": 1.0017706985200219,
                        "quart_3": 1.0151266168240622,
                        "min": 1.0,
                        "max": 1.023341307554065,
                        "stdv": 0.008993171681799875,
                        "counts": 31
                    }
                },
                "loss": {
                    "raw": {
                        "avg": 0.6414436646199816,
                        "med": 0.6445398153159035,
                        "quart_1": 0.5539497774215713,
                        "quart_3": 0.7226272611570341,