{
    "capital efficiency": {
        "better": {
            "raw": {
                "avg": 0.9999999999999982,
                "med": 0.9999999999999993,
                "quart_1": 0.9999999999999986,
                "quart_3": 0.9999999999999998,
                "min": 0.9999999999380198,
                "max": 1.0,
                "stdv": 2.480344890993103e-13,
                "counts": 63577
            },
            "processed": {
                "avg": 0.9999999999999996,
                "med": 0.9999999999999993,
                "quart_1": 0.9999999999999986,
                "quart_3": 0.9999999999999998,
                "min": 0.9999999999997882,
                "max": 1.0,
                "stdv": 5.879094731685602e-15,
                "counts": 63546
            }
        },
        "worse": {
            "raw": {
                "avg": 1.0000000000000269,
                "med": 1.0000000000000009,
                "quart_1": 1.0000000000000004,
                "quart_3": 1.0000000000000018,
                "min": 1.0000000000000002,
                "max": 1.0000000014192836,
                "stdv": 6.120429957112904e-12,
                "counts": 53776
            },
            "processed": {
                "avg": 1.0000000000000002,
                "med": 1.0000000000000009,
                "quart_1": 1.0000000000000004,
                "quart_3": 1.0000000000000018,
                "min": 1.0000000000000002,
                "max": 1.0000000000002343,
                "stdv": 6.316823241983402e-15,
                "counts": 53750
            }
        },
        "monitors": {
            "BTC": {
                "better": {
                    "raw": {
                        "avg": 0.9999999999999992,
                        "med": 0.9999999999999994,
                        "quart_1": 0.9999999999999987,
                        "quart_3": 0.9999999999999998,
                        "min": 0.9999999999974111,
                        "max": 1.0,
                        "stdv": 2.7495803071929888e-14,
                        "counts": 13243
                    },
                    "processed": {
                        "avg": 0.9999999999999996,
                        "med": 0.9999999999999994,
                        "quart_1": 0.9999999999999987,
                        "quart_3": 0.9999999999999998,
                        "min": 0.9999999999998334,
                        "max": 1.0,
                        "stdv": 4.81221368058275e-15,
                        "counts": 13237
                    }
                },
                "worse": {
                    "raw": {
                        "avg": 1.0000000000000009,
                        "med": 1.0000000000000007,
                        "quart_1": 1.0000000000000004,
                        "quart_3": 1.0000000000000016,
                        "min": 1.0000000000000002,
                        "max": 1.0000000000077032,
                        "stdv": 7.314112582118972e-14,
                        "counts": 11225
                    },
                    "processed": {
                        "avg": 1.0000000000000002,
                        "med": 1.0000000000000007,
                        "quart_1": 1.0000000000000004,
                        "quart_3": 1.0000000000000016,
                        "min": 1.0000000000000002,
                        "max": 1.000000000000223,
                        "stdv": 5.916556528022118e-15,
                        "counts": 11220
                    }
                }
            }
        }
    },
    "impermanent gain, loss": {
        "gain": {
            "raw": {
                "avg": 1.0052422749580725,
                "med": 1.0,
                "quart_1": 1.0,
                "quart_3": 1.0111307051184304,
                "min": 1.0,
                "max": 1.0408750202095292,
                "stdv": 0.009853523634773756,
                "counts": 109
            },
            "processed": {
                "avg": 1.0052422749580725,
                "med": 1.0,
                "quart_1": 1.0,
                "quart_3": 1.0111307051184304,
                "min": 1.0,
                "max": 1.0408750202095292,
                "stdv": 0.009853523634773756,
                "counts": 109
            }
        },
        "loss": {
            "raw": {
                "avg": 0.10777442502455331,
                "med": 0.06216234418467864,
                "quart_1": 0.006559501169598813,
                "quart_3": 0.16206683462523294,
                "min": 4.574720603334965e-07,
                "max": 0.999541566839172,
                "stdv": 0.12874775306469352,
                "counts": 1619675
            },
            "processed": {
                "avg": 0.10734054465570718,
                "med": 0.06210529838137184,
                "quart_1": 0.006528176198392064,
                "quart_3": 0.16179564316724615,
                "min": 4.574720603334965e-07,
                "max": 0.9579383433476997,
                "stdv": 0.12730792928593332,
                "counts": 1618866
            }
        },
        "averages": {
            "raw": {
                "avg": 0.10783481825947638,
                "med": 0.1362630272932991,
                "quart_1": 0.057403614912644035,
                "quart_3": 0.14581891031312957,
                "min": 0.00040363353386262607,
                "max": 0.9995847150925976,
                "stdv": 0.07276893907035352,
                "counts": 179976
            },
            "processed": {
                "avg": 0.1074087473991291,
                "med": 0.13625309795435514,
                "quart_1": 0.05727231720390359,
                "quart_3": 0.14580366966314248,
                "min": 0.00040363353386262607,
                "max": 0.9374579984061262,
                "stdv": 0.07021874201435506,
                "counts": 179887
            }
        },
        "median": {
            "raw": {
                "avg": 0.08044926474170017,
                "med": 0.08809058518904868,
                "quart_1": 0.03098052448748684,
                "quart_3": 0.11733527359180337,
                "min": 0.00014083779417872918,
                "max": 1.0,
                "stdv": 0.06727056708952042,
                "counts": 179976
            },
            "processed": {
                "avg": 0.08001007683613556,
                "med": 0.08803192038042958,
                "quart_1": 0.030943579201929697,
                "quart_3": 0.11729688275255393,
                "min": 0.00014083779417872918,
                "max": 0.9370700747074827,
                "stdv": 0.06432206797969953,
                "counts": 179887
            }
        },
        "monitors": {
            "BTC": {
                "gain": {
                    "raw": {},
                    "processed": {}
                },
                "loss": {
                    "raw": {
                        "avg": 0.09249120713298223,
                        "med": 0.055016418668664926,
                        "quart_1": 0.0060895926655537514,
                        "quart_3": 0.13824199770242981,
                        "min": 6.541700644565908e-06,
                        "max": 0.9850876500214333,
                        "stdv": 0.11180435646403626,
                        "counts": 179974
                    },
                    "processed": {
                        "avg": 0.09205433149932518,
                        "med": 0.05492867757796486,
                        "quart_1": 0.0060850014068405504,
                        "quart_3": 0.1380229619407548,
                        "min": 6.541700644565908e-06,
                        "max": 0.9673915420375978,
                        "stdv": 0.11009280635850416,
                        "counts": 179885
                    }
                }
            }
        }
    },