{
    "capital efficiency": {
        "better": {
            "raw": {
                "avg": 0.9728011898531661,
                "med": 0.9941635527528105,
                "quart_1": 0.9898092470268542,
                "quart_3": 0.9970622248925238,
                "min": 0.027789635249508237,
                "max": 0.9999999719258107,
                "stdv": 0.1300639024382542,
                "counts": 70498
            },
            "processed": {
                "avg": 0.9732694590788016,
                "med": 0.9941674848701328,
                "quart_1": 0.9898189941289899,
                "quart_3": 0.9970636305863025,
                "min": 0.031576629566042146,
                "max": 0.9999999719258107,
                "stdv": 0.1283874949295202,
                "counts": 70463
            }
        },
        "worse": {
            "raw": {
                "avg": 1.2824321019626999,
                "med": 1.00602106993275,
                "quart_1": 1.0029779682054103,
                "quart_3": 1.0105866852813286,
                "min": 1.0000000083976928,
                "max": 18101.3676896558,
                "stdv": 62.90352449401395,
                "counts": 83193
            },
            "processed": {
                "avg": 1.0115581258804103,
                "med": 1.0060180111779191,
                "quart_1": 1.0029769688703123,
                "quart_3": 1.0105776645454192,
                "min": 1.0000000083976928,
                "max": 5.647164854742254,
                "stdv": 0.07423738492755262,
                "counts": 83152
            }
        },
        "monitors": {
            "BTC": {
                "better": {
                    "raw": {
                        "avg": 0.981564668734178,
                        "med": 0.9946943915355921,
                        "quart_1": 0.9911687620317063,
                        "quart_3": 0.9973725896671475,
                        "min": 0.028491366861803924,
                        "max": 0.9999974685845893,
                        "stdv": 0.10173797987703652,
                        "counts": 14243
                    },
                    "processed": {
                        "avg": 0.9820323660174691,
                        "med": 0.9946988255060578,
                        "quart_1": 0.9911819786987057,
                        "quart_3": 0.9973749246760659,
                        "min": 0.031887240725102024,
                        "max": 0.9999974685845893,
                        "stdv": 0.0995521499344589,
                        "counts": 14236
                    }
                },
                "worse": {
                    "raw": {
                        "avg": 2.077444320275542,
                        "med": 1.005944007553529,
                        "quart_1": 1.0029444401547716,
                        "quart_3": 1.0102695443614809,
                        "min": 1.0000000805180027,
                        "max": 18101.3676896558,
                        "stdv": 134.14762022668785,
                        "counts": 18233
                    },
                    "processed": {
                        "avg": 1.0093927977899868,
                        "med": 1.0059413098330294,
                        "quart_1": 1.0029441676636277,
                        "quart_3": 1.010263955959115,
                        "min": 1.0000000805180027,
                        "max": 5.473569924708678,
                        "stdv": 0.053597904435792626,
                        "counts": 18224
                    }
                }
            }
        }
    },
    "impermanent gain, loss": {
        "gain": {
            "raw": {
                "avg": 1.0109334196902722,
                "med": 1.006298323696265,
                "quart_1": 1.0023661837956244,
                "quart_3": 1.0167979420029165,
                "min": 1.0,
                "max": 1.0511636755787748,
                "stdv": 0.011797356293560388,
                "counts": 654
            },
            "processed": {
                "avg": 1.0109334196902722,
                "med": 1.006298323696265,
                "quart_1": 1.0023661837956244,
                "quart_3": 1.0167979420029165,
                "min": 1.0,
                "max": 1.0511636755787748,
                "stdv": 0.011797356293560388,
                "counts": 654
            }
        },
        "loss": {
            "raw": {
                "avg": 0.7667608676616203,
                "med": 0.7957720600422115,
                "quart_1": 0.6837498003495504,
                "quart_3": 0.8720290122253768,
                "min": 0.44187504164640223,
                "max": 0.9999649139976906,
                "stdv": 0.12846076463399675,
                "counts": 1799346
            },
            "processed": {
                "avg": 0.7669101649202432,
                "med": 0.7958882690275049,
                "quart_1": 0.6844434865883281,
                "quart_3": 0.87205355440426,
                "min": 0.4749367872517307,
                "max": 0.9999649139976906,
                "stdv": 0.12831904858574558,
                "counts": 1798447
            }
        },
        "averages": {
            "raw": {
                "avg": 0.7668495836889843,
                "med": 0.7947480159158886,
                "quart_1": 0.6982739447448981,
                "quart_3": 0.8767227547859374,
                "min": 0.5191515375487912,
                "max": 0.9995851038565898,
                "stdv": 0.12650101839675507,
                "counts": 200000
            },
            "processed": {
                "avg": 0.7669731973598677,
                "med": 0.7947966571934111,
                "quart_1": 0.6989599018173414,
                "quart_3": 0.8767332843191712,
                "min": 0.5202799846934405,
                "max": 0.9995851038565898,
                "stdv": 0.1264118355633951,
                "counts": 199900
            }
        },
        "median": {
            "raw": {
                "avg": 0.7674248171554026,
                "med": 0.796227619393753,
                "quart_1": 0.6985223317931355,
                "quart_3": 0.8758771375698303,
                "min": 0.5068813861732396,
                "max": 1.0,
                "stdv": 0.12638220750284443,
                "counts": 200000
            },
            "processed": {
                "avg": 0.767550664076339,
                "med": 0.796384431904799,
                "quart_1": 0.6994827514390338,
                "quart_3": 0.8758953549642512,
                "min": 0.5177705384093838,
                "max": 1.0,
                "stdv": 0.12628845637998365,
                "counts": 199900
            }
        },
        "monitors": {
            "BTC": {
                "gain": {
                    "raw": {
                        "avg": 1.0098897247760907,
                        "med": 1.0117395383429568,
                        "quart_1": 1.001180530883664,
                        "quart_3": 1.0194383479797717,
                        "min": 1.0,
                        "max": 1.0199542290729593,
                        "stdv": 0.007394758164621974,
                        "counts": 24
                    },
                    "processed": {
                        "avg": 1.0098897247760907,
                        "med": 1.0117395383429568,
                        "quart_1": 1.001180530883664,
                        "quart_3": 1.0194383479797717,
                        "min": 1.0,
                        "max": 1.0199542290729593,
                        "stdv": 0.007394758164621974,
                        "counts": 24
                    }
                },
                "loss": {
                    "raw": {
                        "avg": 0.7674760611579136,
                        "med": 0.7994703403467147,
                        "quart_1": 0.6914136801738894,