{
    "capital efficiency": {
        "better": {
            "raw": {
                "avg": 0.96716809648308,
                "med": 0.9897476182712708,
                "quart_1": 0.9826781406838379,
                "quart_3": 0.994821705766928,
                "min": 0.010090091321894378,
                "max": 0.9999997998784845,
                "stdv": 0.1326903953370983,
                "counts": 69652
            },
            "processed": {
                "avg": 0.9676263956367069,
                "med": 0.9897517060103272,
                "quart_1": 0.9826938030489707,
                "quart_3": 0.9948235275712026,
                "min": 0.031307375252488036,
                "max": 0.9999997998784845,
                "stdv": 0.1310917477840719,
                "counts": 69618
            }
        },
        "worse": {
            "raw": {
                "avg": 1.3077556399223675,
                "med": 1.0111670163857152,
                "quart_1": 1.0055162270438618,
                "quart_3": 1.0196881479487572,
                "min": 1.0000002516817637,
                "max": 9129.210325114258,
                "stdv": 33.6253432574222,
                "counts": 83976
            },
            "processed": {
                "avg": 1.0356129154359366,
                "med": 1.01115847768085,
                "quart_1": 1.0055131914827167,
                "quart_3": 1.0196671513340925,
                "min": 1.0000002516817637,
                "max": 57.85368052402108,
                "stdv": 0.564312759423417,
                "counts": 83935
            }
        },
        "monitors": {
            "BTC": {
                "better": {
                    "raw": {
                        "avg": 0.977111321014094,
                        "med": 0.990565745771666,
                        "quart_1": 0.9843815099455855,
                        "quart_3": 0.9952976890077168,
                        "min": 0.010160074592862445,
                        "max": 0.9999988282542489,
                        "stdv": 0.10156264182364447,
                        "counts": 14079
                    },
                    "processed": {
                        "avg": 0.9775836437537634,
                        "med": 0.9905696071772214,
                        "quart_1": 0.9844175197007672,
                        "quart_3": 0.9953000237465914,
                        "min": 0.03162722802887289,
                        "max": 0.9999988282542489,
                        "stdv": 0.09935482093310116,
                        "counts": 14072
                    }
                },
                "worse": {
                    "raw": {
                        "avg": 1.605918010811149,
                        "med": 1.0109325075906668,
                        "quart_1": 1.0054584297601352,
                        "quart_3": 1.0189588440433415,
                        "min": 1.0000002877135805,
                        "max": 9129.210325114258,
                        "stdv": 67.93376820768601,
                        "counts": 18302
                    },
                    "processed": {
                        "avg": 1.0214543962535572,
                        "med": 1.0109278050951933,
                        "quart_1": 1.0054569598159973,
                        "quart_3": 1.0189460214308486,
                        "min": 1.0000002877135805,
                        "max": 13.567460393491954,
                        "stdv": 0.2073350983150291,
                        "counts": 18293
                    }
                }
            }
        }
    },
    "impermanent gain, loss": {
        "gain": {
            "raw": {
                "avg": 1.0122065432579033,
                "med": 1.0084381699673715,
                "quart_1": 1.0033078678720986,
                "quart_3": 1.0166390821523026,
                "min": 1.0,
                "max": 1.0779674373251067,
                "stdv": 0.012139304251233716,
                "counts": 7340
            },
            "processed": {
                "avg": 1.0121796545183364,
                "med": 1.0084381699673715,
                "quart_1": 1.003307310531162,
                "quart_3": 1.0166390821523026,
                "min": 1.0,
                "max": 1.0779674373251067,
                "stdv": 0.012068720386279768,
                "counts": 7337
            }
        },
        "loss": {
            "raw": {
                "avg": 0.8224286095590174,
                "med": 0.8546044363328256,
                "quart_1": 0.7025847694558263,
                "quart_3": 0.9332709521978867,
                "min": 0.5393075159114049,
                "max": 0.999995642014249,
                "stdv": 0.12040699597138417,
                "counts": 1792660
            },
            "processed": {
                "avg": 0.8225567684325473,
                "med": 0.8547532596954038,
                "quart_1": 0.7027562713866334,
                "quart_3": 0.9332921239494385,
                "min": 0.5738068898489265,
                "max": 0.999995642014249,
                "stdv": 0.12030048656427896,
                "counts": 1791764
            }
        },
        "averages": {
            "raw": {
                "avg": 0.8232024817998439,
                "med": 0.8551546876964229,
                "quart_1": 0.706333154746864,
                "quart_3": 0.9348034181871936,
                "min": 0.61056554171251,
                "max": 0.9995854911668817,
                "stdv": 0.11907396527996464,
                "counts": 200000
            },
            "processed": {
                "avg": 0.8233085796432152,
                "med": 0.855209556166043,
                "quart_1": 0.7064378165565879,
                "quart_3": 0.934821309607261,
                "min": 0.6116288517858618,
                "max": 0.9995854911668817,
                "stdv": 0.11900919498945065,
                "counts": 199900
            }
        },
        "median": {
            "raw": {
                "avg": 0.8235097212599326,
                "med": 0.8556774431633984,
                "quart_1": 0.7058465188453966,
                "quart_3": 0.935197355902406,
                "min": 0.6011230680880322,
                "max": 1.0,
                "stdv": 0.11889086581552932,
                "counts": 200000
            },
            "processed": {
                "avg": 0.8236182245746234,
                "med": 0.855795153666209,
                "quart_1": 0.7060458942402296,
                "quart_3": 0.9352256094532311,
                "min": 0.6080784289898836,
                "max": 1.0,
                "stdv": 0.11882155512441712,
                "counts": 199900
            }
        },
        "monitors": {
            "BTC": {
                "gain": {
                    "raw": {
                        "avg": 1.0067342474748937,
                        "med": 1.004991890651136,
                        "quart_1": 1.002312770480993,
                        "quart_3": 1.008754973439339,
                        "min": 1.0,
                        "max": 1.0413506125730922,
                        "stdv": 0.006591286725603341,
                        "counts": 400
                    },
                    "processed": {
                        "avg": 1.0067342474748937,
                        "med": 1.004991890651136,
                        "quart_1": 1.002312770480993,
                        "quart_3": 1.008754973439339,
                        "min": 1.0,
                        "max": 1.0413506125730922,
                        "stdv": 0.006591286725603341,
                        "counts": 400
                    }
                },
                "loss": {
                    "raw": {
                        "avg": 0.8238487302322166,
                        "med": 0.8588088713574183,
                        "quart_1": 0.7058372318621419,
                        "quart_3": 0.9324387427415941,