{
    "capital efficiency": {
        "better": {
            "raw": {
                "avg": 0.9774616749857948,
                "med": 0.9983531127542898,
                "quart_1": 0.9969894412758931,
                "quart_3": 0.9991908115680056,
                "min": 0.025184890070237165,
                "max": 0.999999988113092,
                "stdv": 0.12744543737144715,
                "counts": 71963
            },
            "processed": {
                "avg": 0.977923614114137,
                "med": 0.9983541622418262,
                "quart_1": 0.9969935814639092,
                "quart_3": 0.9991911784765298,
                "min": 0.030020205150548047,
                "max": 0.999999988113092,
                "stdv": 0.125743781046001,
                "counts": 71928
            }
        },
        "worse": {
            "raw": {
                "avg": 2.262156574183066,
                "med": 1.0016042204524924,
                "quart_1": 1.0007946137792625,
                "quart_3": 1.0028277939029708,
                "min": 1.0000000110609315,
                "max": 93721.82950659559,
                "stdv": 328.0997662349741,
                "counts": 81746
            },
            "processed": {
                "avg": 1.0028273639929206,
                "med": 1.0016033890369531,
                "quart_1": 1.0007942546318205,
                "quart_3": 1.0028257003094825,
                "min": 1.0000000110609315,
                "max": 2.241328727860667,
                "stdv": 0.018725740387992768,
                "counts": 81706
            }
        },
        "monitors": {
            "BTC": {
                "better": {
                    "raw": {
                        "avg": 0.9858592334215127,
                        "med": 0.9985265270095613,
                        "quart_1": 0.9975505374323292,
                        "quart_3": 0.9992770658980652,
                        "min": 0.027257244128977582,
                        "max": 0.9999998858215385,
                        "stdv": 0.10012501368408491,
                        "counts": 14413
                    },
                    "processed": {
                        "avg": 0.9863239384809919,
                        "med": 0.9985276224182238,
                        "quart_1": 0.9975518284768299,
                        "quart_3": 0.9992772733166851,
                        "min": 0.031119987369316655,
                        "max": 0.9999998858215385,
                        "stdv": 0.09790426967181738,
                        "counts": 14406
                    }
                },
                "worse": {
                    "raw": {
                        "avg": 6.323647177471657,
                        "med": 1.001598767421255,
                        "quart_1": 1.0007974646909488,
                        "quart_3": 1.0027959677862723,
                        "min": 1.0000002090532585,
                        "max": 93721.82950659559,
                        "stdv": 698.2897454947325,
                        "counts": 18016
                    },
                    "processed": {
                        "avg": 1.002374600979584,
                        "med": 1.001598043888376,
                        "quart_1": 1.0007970786058427,
                        "quart_3": 1.0027946664608718,
                        "min": 1.0000002090532585,
                        "max": 1.4854361021455162,
                        "stdv": 0.008429022468958058,
                        "counts": 18007
                    }
                }
            }
        }
    },
    "impermanent gain, loss": {
        "gain": {
            "raw": {
                "avg": 1.0027896903982674,
                "med": 1.0,
                "quart_1": 1.0,
                "quart_3": 1.001964339919147,
                "min": 1.0,
                "max": 1.0341460796496027,
                "stdv": 0.0059169607538640655,
                "counts": 103
            },
            "processed": {
                "avg": 1.0027896903982674,
                "med": 1.0,
                "quart_1": 1.0,
                "quart_3": 1.001964339919147,
                "min": 1.0,
                "max": 1.0341460796496027,
                "stdv": 0.0059169607538640655,
                "counts": 103
            }
        },
        "loss": {
            "raw": {
                "avg": 0.5806227009823818,
                "med": 0.6317551191751077,
                "quart_1": 0.5151484941370761,
                "quart_3": 0.6710341502189419,
                "min": 0.22570990033888777,
                "max": 0.9990656750751039,
                "stdv": 0.1321033281484205,
                "counts": 1799897
            },
            "processed": {
                "avg": 0.5807893978187323,
                "med": 0.6317999719286482,
                "quart_1": 0.5169512833031917,
                "quart_3": 0.6710572529327294,
                "min": 0.25480857893803466,
                "max": 0.9990656750751039,
                "stdv": 0.1319255450555076,
                "counts": 1798998
            }
        },
        "averages": {
            "raw": {
                "avg": 0.5806468583156614,
                "med": 0.640902129720442,
                "quart_1": 0.5169556361083875,
                "quart_3": 0.6576026893384356,
                "min": 0.31710044794594855,
                "max": 0.9995847929621835,
                "stdv": 0.1267541309591055,
                "counts": 200000
            },
            "processed": {
                "avg": 0.5805659158393288,
                "med": 0.6408984703665361,
                "quart_1": 0.5179744985134886,
                "quart_3": 0.6575901336299936,
                "min": 0.3176735612147275,
                "max": 0.9640229580494515,
                "stdv": 0.12653334490914886,
                "counts": 199900
            }
        },
        "median": {
            "raw": {
                "avg": 0.5834527182044968,
                "med": 0.644832962145904,
                "quart_1": 0.5174232878151176,
                "quart_3": 0.6611564712888985,
                "min": 0.30988758270887445,
                "max": 1.0,
                "stdv": 0.12775828758955352,
                "counts": 200000
            },
            "processed": {
                "avg": 0.5834393710746354,
                "med": 0.6448339100551942,
                "quart_1": 0.5177281761589325,
                "quart_3": 0.6611521168988872,
                "min": 0.31470139417438187,
                "max": 0.968630146701178,
                "stdv": 0.12756933250174843,
                "counts": 199900
            }
        },
        "monitors": {
            "BTC": {
                "gain": {
                    "raw": {
                        "avg": 1.0032959321816988,
                        "med": 1.0012761784258926,
                        "quart_1": 1.0002906050623412,
                        "quart_3": 1.0082288716891212,
                        "min": 1.0,
                        "max": 1.0087959008546852,
                        "stdv": 0.0036772672829533774,
                        "counts": 18
                    },
                    "processed": {
                        "avg": 1.0032959321816988,
                        "med": 1.0012761784258926,
                        "quart_1": 1.0002906050623412,
                        "quart_3": 1.0082288716891212,
                        "min": 1.0,
                        "max": 1.0087959008546852,
                        "stdv": 0.0036772672829533774,
                        "counts": 18
                    }
                },
                "loss": {
                    "raw": {
                        "avg": 0.5800536032533452,
                        "med": 0.6419934761538,
                        "quart_1": 0.5176497403343683,
                        "quart_3": 0.6590372372185416,