{
    "capital efficiency": {
        "better": {
            "raw": {
                "avg": 0.7679465798811306,
                "med": 0.8737729904821754,
                "quart_1": 0.6200967162917904,
                "quart_3": 0.9599414486805038,
                "min": 8.91982915358552e-05,
                "max": 0.9999953476310508,
                "stdv": 0.24279160050525822,
                "counts": 58656
            },
            "processed": {
                "avg": 0.7683252587415983,
                "med": 0.8738976876384441,
                "quart_1": 0.6204681066088669,
                "quart_3": 0.9599735240428383,
                "min": 0.004440111540417267,
                "max": 0.9999953476310508,
                "stdv": 0.24225375151018658,
                "counts": 58627
            }
        },
        "worse": {
            "raw": {
                "avg": 13475.752889678013,
                "med": 1.181542155370428,
                "quart_1": 1.0449701297095528,
                "quart_3": 2.251749034070971,
                "min": 1.000000032723561,
                "max": 25371666.190861285,
                "stdv": 299889.1373939308,
                "counts": 86311
            },
            "processed": {
                "avg": 8130.647570510512,
                "med": 1.181224475626072,
                "quart_1": 1.0449462101887572,
                "quart_3": 2.2450200229157726,
                "min": 1.000000032723561,
                "max": 6485974.756497361,
                "stdv": 157138.6971208809,
                "counts": 86268
            }
        },
        "monitors": {
            "BTC, ETH": {
                "better": {
                    "raw": {
                        "avg": 0.810861910030999,
                        "med": 0.9027694070478576,
                        "quart_1": 0.6986431922085804,
                        "quart_3": 0.9654191516559529,
                        "min": 0.058858811426995374,
                        "max": 0.9999113190626149,
                        "stdv": 0.20387288126540556,
                        "counts": 1421
                    },
                    "processed": {
                        "avg": 0.810861910030999,
                        "med": 0.9027694070478576,
                        "quart_1": 0.6986431922085804,
                        "quart_3": 0.9654191516559529,
                        "min": 0.058858811426995374,
                        "max": 0.9999113190626149,
                        "stdv": 0.20387288126540556,
                        "counts": 1421
                    }
                },
                "worse": {
                    "raw": {
                        "avg": 3.4932666835374455,
                        "med": 1.139061651085993,
                        "quart_1": 1.04112343051506,
                        "quart_3": 1.7835551039126014,
                        "min": 1.0000263773918783,
                        "max": 247.75103364133392,
                        "stdv": 11.197009964397626,
                        "counts": 2108
                    },
                    "processed": {
                        "avg": 3.377339883842241,
                        "med": 1.1390516459297135,
                        "quart_1": 1.04112343051506,
                        "quart_3": 1.7796783664667128,
                        "min": 1.0000263773918783,
                        "max": 186.00717205892806,
                        "stdv": 9.854089252489437,
                        "counts": 2107
                    }
                }
            }
        }
    },
    "impermanent gain, loss": {
        "gain": {
            "raw": {
                "avg": 22.556986877696843,
                "med": 1.3974370717763287,
                "quart_1": 1.1303408683115965,
                "quart_3": 1.9181754870010699,
                "min": 1.0,
                "max": 6515.428459917233,
                "stdv": 146.27250394239434,
                "counts": 8873746
            },
            "processed": {
                "avg": 20.80634240651809,
                "med": 1.3971961159435105,
                "quart_1": 1.1301280397955162,
                "quart_3": 1.9170318471374188,
                "min": 1.0,
                "max": 2675.791786260592,
                "stdv": 122.26136520064794,
                "counts": 8869310
            }
        },
        "loss": {
            "raw": {
                "avg": 0.5089868351746406,
                "med": 0.5335668136278386,
                "quart_1": 0.16468572141092494,
                "quart_3": 0.8367645861864008,
                "min": 4.955538567118464e-05,
                "max": 0.9999999999999999,
                "stdv": 0.3495558801768841,
                "counts": 9125984
            },
            "processed": {
                "avg": 0.5092413514436385,
                "med": 0.5340557498330839,
                "quart_1": 0.16517957400467717,
                "quart_3": 0.836887071043697,
                "min": 0.00011887412453795264,
                "max": 0.9999999999999999,
                "stdv": 0.3494579231548785,
                "counts": 9121422
            }
        },
        "averages": {
            "raw": {
                "avg": 11.378502777096116,
                "med": 4.170014312748288,
                "quart_1": 2.174465698192368,
                "quart_3": 11.783411407660875,
                "min": 0.936050641629063,
                "max": 168.1693585806599,
                "stdv": 17.123753076299785,
                "counts": 199997
            },
            "processed": {
                "avg": 11.306549367733785,
                "med": 4.167055750419683,
                "quart_1": 2.1739862271745496,
                "quart_3": 11.769398890602133,
                "min": 0.936050641629063,
                "max": 147.98865459649465,
                "stdv": 16.81933174767421,
                "counts": 199898
            }
        },
        "median": {
            "raw": {
                "avg": 0.9838900004208097,
                "med": 0.9955750367670744,
                "quart_1": 0.9777404390029303,
                "quart_3": 1.0006248955232784,
                "min": 0.6043359181874453,
                "max": 1.0547022880051982,
                "stdv": 0.030794373476291142,
                "counts": 199997
            },
            "processed": {
                "avg": 0.9840022079696538,
                "med": 0.9955859977894761,
                "quart_1": 0.9777980974796827,
                "quart_3": 1.0006259937238742,
                "min": 0.7811419814810214,
                "max": 1.0547022880051982,
                "stdv": 0.030377789222898983,
                "counts": 199898
            }
        },
        "monitors": {
            "BTC, ETH": {
                "gain": {
                    "raw": {
                        "avg": 1.4784876272357081,
                        "med": 1.3437057808028943,
                        "quart_1": 1.1000236981660885,
                        "quart_3": 1.6913358114676929,
                        "min": 1.0,
                        "max": 5.251987574517877,
                        "stdv": 0.49439607447730405,
                        "counts": 209649
                    },
                    "processed": {
                        "avg": 1.4767471611684972,
                        "med": 1.3437057808028943,
                        "quart_1": 1.1000236981660885,
                        "quart_3": 1.691227188946232,
                        "min": 1.0,
                        "max": 4.670841352351469,
                        "stdv": 0.4882841062092873,
                        "counts": 209545
                    }
                },
                "loss": {
                    "raw": {
                        "avg": 0.6167022940526061,
                        "med": 0.6579229641562186,
                        "quart_1": 0.37635354994679016,