{
    "capital efficiency": {
        "better": {
            "raw": {
                "avg": 0.6331814740558281,
                "med": 0.6517067310081691,
                "quart_1": 0.47227621900411115,
                "quart_3": 0.813096213083149,
                "min": 0.00014990764340108486,
                "max": 0.9999940465832616,
                "stdv": 0.22388035022682798,
                "counts": 56211
            },
            "processed": {
                "avg": 0.6334955131278254,
                "med": 0.6518688197683771,
                "quart_1": 0.4726786562628583,
                "quart_3": 0.8131746838709527,
                "min": 0.005262949226699371,
                "max": 0.9999940465832616,
                "stdv": 0.22349363644646913,
                "counts": 56183
            }
        },
        "worse": {
            "raw": {
                "avg": 1364.7290860207713,
                "med": 1.7064667399783922,
                "quart_1": 1.2699574237446325,
                "quart_3": 3.03218012675328,
                "min": 1.000000329318587,
                "max": 2623020.49869408,
                "stdv": 30944.846642962588,
                "counts": 88756
            },
            "processed": {
                "avg": 809.5552483149819,
                "med": 1.7057412414585715,
                "quart_1": 1.2698554961601296,
                "quart_3": 3.0281453554974505,
                "min": 1.000000329318587,
                "max": 657263.6335307931,
                "stdv": 15767.357485276123,
                "counts": 88712
            }
        },
        "monitors": {
            "BTC, ETH": {
                "better": {
                    "raw": {
                        "avg": 0.6588612202657904,
                        "med": 0.6769183458081174,
                        "quart_1": 0.5051195601587919,
                        "quart_3": 0.817655369742779,
                        "min": 0.11296594082242743,
                        "max": 0.9985904260391132,
                        "stdv": 0.19898176187620886,
                        "counts": 1350
                    },
                    "processed": {
                        "avg": 0.6588612202657904,
                        "med": 0.6769183458081174,
                        "quart_1": 0.5051195601587919,
                        "quart_3": 0.817655369742779,
                        "min": 0.11296594082242743,
                        "max": 0.9985904260391132,
                        "stdv": 0.19898176187620886,
                        "counts": 1350
                    }
                },
                "worse": {
                    "raw": {
                        "avg": 2.434836760155433,
                        "med": 1.6082360445096886,
                        "quart_1": 1.2490396626560496,
                        "quart_3": 2.6600957957822366,
                        "min": 1.0000047785437842,
                        "max": 42.00454535301346,
                        "stdv": 2.4930052855785925,
                        "counts": 2210
                    },
                    "processed": {
                        "avg": 2.416923809230644,
                        "med": 1.6079425700290253,
                        "quart_1": 1.2490396626560496,
                        "quart_3": 2.6538664363389866,
                        "min": 1.0000047785437842,
                        "max": 33.68395683592897,
                        "stdv": 2.347074297153636,
                        "counts": 2209
                    }
                }
            }
        }
    },
    "impermanent gain, loss": {
        "gain": {
            "raw": {
                "avg": 22.610020756070977,
                "med": 1.3655253161482115,
                "quart_1": 1.1107143308790317,
                "quart_3": 1.8809426871922557,
                "min": 1.0,
                "max": 6515.42935459904,
                "stdv": 146.2997674425428,
                "counts": 8893291
            },
            "processed": {
                "avg": 20.860289894988153,
                "med": 1.3653195692606612,
                "quart_1": 1.1106039353778332,
                "quart_3": 1.8792563286312847,
                "min": 1.0,
                "max": 2675.2165532012664,
                "stdv": 122.3210895489797,
                "counts": 8888845
            }
        },
        "loss": {
            "raw": {
                "avg": 0.592801430133213,
                "med": 0.6410378694772317,
                "quart_1": 0.37029112903763933,
                "quart_3": 0.8649150479550963,
                "min": 0.00045470877671116637,
                "max": 0.9999999999999999,
                "stdv": 0.31396950018053976,
                "counts": 9106439
            },
            "processed": {
                "avg": 0.5930974054167379,
                "med": 0.64120757769008,
                "quart_1": 0.37093687990548185,
                "quart_3": 0.865058935987773,
                "min": 0.0014043131653991808,
                "max": 0.9999999999999999,
                "stdv": 0.31376893813659407,
                "counts": 9101886
            }
        },
        "averages": {
            "raw": {
                "avg": 11.471050074770812,
                "med": 4.224369482182548,
                "quart_1": 2.2228490669681187,
                "quart_3": 11.857149765464959,
                "min": 0.9654396050756221,
                "max": 168.18294172781012,
                "stdv": 17.1603397620344,
                "counts": 199997
            },
            "processed": {
                "avg": 11.39913055062387,
                "med": 4.22189863843994,
                "quart_1": 2.2220739916094274,
                "quart_3": 11.824560800163976,
                "min": 0.9654396050756221,
                "max": 148.02664680179888,
                "stdv": 16.85689082054425,
                "counts": 199898
            }
        },
        "median": {
            "raw": {
                "avg": 0.9885190111463573,
                "med": 0.9973391650783768,
                "quart_1": 0.9837317427077676,
                "quart_3": 1.0006350848049772,
                "min": 0.7310759399808662,
                "max": 1.0346104773735836,
                "stdv": 0.023186285590808063,
                "counts": 199997
            },
            "processed": {
                "avg": 0.988617713040944,
                "med": 0.9973459725101101,
                "quart_1": 0.983759775996712,
                "quart_3": 1.0006372251611935,
                "min": 0.8138560312300454,
                "max": 1.0346104773735836,
                "stdv": 0.022758689042711347,
                "counts": 199898
            }
        },
        "monitors": {
            "BTC, ETH": {
                "gain": {
                    "raw": {
                        "avg": 1.4632407771669202,
                        "med": 1.3378625989743735,
                        "quart_1": 1.105593882542487,
                        "quart_3": 1.6616627162297275,
                        "min": 1.0,
                        "max": 5.338400495946916,
                        "stdv": 0.4645480880709075,
                        "counts": 193820
                    },
                    "processed": {
                        "avg": 1.4616072598822973,
                        "med": 1.3378625989743735,
                        "quart_1": 1.105485833016581,
                        "quart_3": 1.660116299085472,
                        "min": 1.0,
                        "max": 4.572475769993741,
                        "stdv": 0.45882188389157874,
                        "counts": 193724
                    }
                },
                "loss": {
                    "raw": {
                        "avg": 0.7336875858489518,
                        "med": 0.7544918688083351,
                        "quart_1": 0.5628183365736245,