{
    "cap_eff": {
        "avg": 0.007775866643748837,
        "med": 0.007001545180439994,
        "quart_1": 0.003869098509669766,
        "quart_3": 0.01048110897256671,
        "min": 1.1548706235764428e-07,
        "max": 0.07353518183642804,
        "stdv": 0.005326385742254366
    },
    "imp_gain": {
        "avg": 0.2265100323507796,
        "med": 0.15538862627131866,
        "quart_1": 0.06650733919525043,
        "quart_3": 0.3067491044123116,
        "min": 1.0923293092268693e-06,
        "max": 1.050982026834229,
        "stdv": 0.2176699405235417
    },
    "imp_loss": {
        "avg": 0.11642916005418824,
        "med": 0.07603499445964434,
        "quart_1": 0.0,
        "quart_3": 0.19202087231585763,
        "min": 0.0,
        "max": 0.512428686884425,
        "stdv": 0.12807450340414586
    },
    "price_imp": {
        "avg": 0.009195858779602401,
        "med": 0.007131020229915739,
        "quart_1": 0.004465307916735464,
        "quart_3": 0.01232482427602611,
        "min": 1.2590352872356182e-07,
        "max": 0.0758314270266898,
        "stdv": 0.006703645395118933
    },
    "proc_cap_eff": {
        "avg": 0.00775853064664886,
        "med": 0.006999442853296289,
        "quart_1": 0.0038674502532622945,
        "quart_3": 0.010473891087751541,
        "min": 1.1548706235764428e-07,
        "max": 0.03731992915325333,
        "stdv": 0.005269113859031607
    },
    "proc_imp_gain": {
        "avg": 0.22611352118338332,
        "med": 0.15526917061715073,
        "quart_1": 0.06649917336600142,
        "quart_3": 0.30655105476069355,
        "min": 1.0923293092268693e-06,
        "max": 1.0065926843978117,
        "stdv": 0.2170000175742514
    },
    "proc_imp_loss": {
        "avg": 0.11623537995198746,
        "med": 0.07594616838460144,
        "quart_1": 0.0,
        "quart_3": 0.1918160146093838,
        "min": 0.0,
        "max": 0.5006494659395482,
        "stdv": 0.12781301202736103
    },
    "proc_price_imp": {
        "avg": 0.009176722161034986,
        "med": 0.007127089873406461,
        "quart_1": 0.004464121416668382,
        "quart_3": 0.01231431143459635,
        "min": 1.2590352872356182e-07,
        "max": 0.04334413233006344,
        "stdv": 0.006649539075883943
    }
}