{
    "cap_eff": {
        "avg": 0.0004443782968235808,
        "med": 0.00030838318145154364,
        "quart_1": 0.00016101656749190063,
        "quart_3": 0.0005313986128434589,
        "min": 4.549578602741633e-09,
        "max": 0.21248074622192414,
        "stdv": 0.0012299267742351147
    },
    "imp_gain": {
        "avg": 0.00078793448722977,
        "med": 0.0004695811270991612,
        "quart_1": 0.00015367096697826987,
        "quart_3": 0.0010955686650900853,
        "min": 1.3750971472603624e-09,
        "max": 0.016945752299242445,
        "stdv": 0.0009326866025910097
    },
    "imp_loss": {
        "avg": 0.0009054751922621557,
        "med": 0.0006077078164062333,
        "quart_1": 0.00025100677896627843,
        "quart_3": 0.0012553561508547029,
        "min": 0.0,
        "max": 0.017871866012897142,
        "stdv": 0.0009370628453500026
    },
    "price_imp": {
        "avg": 0.0005986866291649968,
        "med": 0.0004950052001034763,
        "quart_1": 0.0003000858135954857,
        "quart_3": 0.0007646584985770169,
        "min": 1.7539106826598175e-08,
        "max": 0.008082587933540292,
        "stdv": 0.00046132356578592194
    },
    "proc_cap_eff": {
        "avg": 0.00042698672369738383,
        "med": 0.0003081862005440139,
        "quart_1": 0.000160959224297208,
        "quart_3": 0.0005309552936262341,
        "min": 4.549578602741633e-09,
        "max": 0.013629507157406517,
        "stdv": 0.0005166583437052883
    },
    "proc_imp_gain": {
        "avg": 0.0007830858684781701,
        "med": 0.00046900747589462277,
        "quart_1": 0.00015361985861006566,
        "quart_3": 0.001093823951932693,
        "min": 1.3750971472603624e-09,
        "max": 0.00854237986939932,
        "stdv": 0.0009062757147837285
    },
    "proc_imp_loss": {
        "avg": 0.0009010244846477853,
        "med": 0.0006072182510648005,
        "quart_1": 0.0002508377182794952,
        "quart_3": 0.0012541250834898765,
        "min": 0.0,
        "max": 0.008006701315792175,
        "stdv": 0.0009150964035315254
    },
    "proc_price_imp": {
        "avg": 0.000596431877152701,
        "med": 0.0004947879079257509,
        "quart_1": 0.00029996965886430613,
        "quart_3": 0.0007641133444760412,
        "min": 1.7539106826598175e-08,
        "max": 0.004188525039666736,
        "stdv": 0.00044985820983630217
    }
}