{
    "cap_eff": {
        "avg": 0.0013302118852154374,
        "med": 0.0009197862434257575,
        "quart_1": 0.0004806680663540508,
        "quart_3": 0.0015874482932375367,
        "min": 1.115292891373798e-07,
        "max": 0.44964044866483177,
        "stdv": 0.0033924575142947546
    },
    "imp_gain": {
        "avg": 0.0007925073405249664,
        "med": 0.0004703233586180744,
        "quart_1": 0.00015377252844706035,
        "quart_3": 0.001104490404945535,
        "min": 1.7029633259113552e-08,
        "max": 0.017049464069549547,
        "stdv": 0.0009386572628322856
    },
    "imp_loss": {
        "avg": 0.0009390425029806673,
        "med": 0.0006490784328698762,
        "quart_1": 0.0002868086471300435,
        "quart_3": 0.0012995936796658114,
        "min": 0.0,
        "max": 0.017418825401649296,
        "stdv": 0.0009359150002120769
    },
    "price_imp": {
        "avg": 0.0017955112674358663,
        "med": 0.0014829641874465542,
        "quart_1": 0.0009056318633778913,
        "quart_3": 0.0022903969970104296,
        "min": 2.4015816389457546e-08,
        "max": 0.024592655986614375,
        "stdv": 0.001377364130473157
    },
    "proc_cap_eff": {
        "avg": 0.0012791580632123686,
        "med": 0.000919260751018669,
        "quart_1": 0.0004805098064764035,
        "quart_3": 0.0015857922375814293,
        "min": 1.115292891373798e-07,
        "max": 0.04095991615242345,
        "stdv": 0.0015761580657346562
    },
    "proc_imp_gain": {
        "avg": 0.0007876489439293196,
        "med": 0.00046976361487294227,
        "quart_1": 0.00015365680724488406,
        "quart_3": 0.0011032926461668202,
        "min": 1.7029633259113552e-08,
        "max": 0.00858725479421274,
        "stdv": 0.0009121945029198337
    },
    "proc_imp_loss": {
        "avg": 0.0009347438421692549,
        "med": 0.0006484667802061361,
        "quart_1": 0.0002867463169068385,
        "quart_3": 0.001298262247686477,
        "min": 0.0,
        "max": 0.008013261972280472,
        "stdv": 0.0009154554938135861
    },
    "proc_price_imp": {
        "avg": 0.0017888306258458122,
        "med": 0.001482123954350591,
        "quart_1": 0.000905333177527576,
        "quart_3": 0.0022885189942991116,
        "min": 2.4015816389457546e-08,
        "max": 0.01216229304207125,
        "stdv": 0.00134359649371473
    }
}