{
    "cap_eff": {
        "avg": 0.0002170908632486428,
        "med": 0.0001818776946731493,
        "quart_1": 0.00011069205322256082,
        "quart_3": 0.0002815951431484609,
        "min": 3.5404197351596167e-09,
        "max": 0.0029414647136802863,
        "stdv": 0.0001607169802082396
    },
    "imp_gain": {
        "avg": 0.0017474787115248356,
        "med": 0.0009700664048797325,
        "quart_1": 0.00039359055349019734,
        "quart_3": 0.002406565357995216,
        "min": 2.220446049250313e-16,
        "max": 0.03853359016047686,
        "stdv": 0.002068895631321132
    },
    "imp_loss": {
        "avg": 0.001086418538677934,
        "med": 0.0004479291617253134,
        "quart_1": 0.0,
        "quart_3": 0.0016058947393277068,
        "min": 0.0,
        "max": 0.030551590121560945,
        "stdv": 0.0015208842138122948
    },
    "price_imp": {
        "avg": 0.00034897123797131686,
        "med": 0.0003104087405948735,
        "quart_1": 0.0002037442946143124,
        "quart_3": 0.00044989914137480165,
        "min": 1.9476464753611587e-09,
        "max": 0.002614903492466585,
        "stdv": 0.0002113985843866161
    },
    "proc_cap_eff": {
        "avg": 0.0002163578726754096,
        "med": 0.00018181984651011174,
        "quart_1": 0.00011063263075916652,
        "quart_3": 0.00028137984268528093,
        "min": 3.5404197351596167e-09,
        "max": 0.001468087452210276,
        "stdv": 0.00015718042801662814
    },
    "proc_imp_gain": {
        "avg": 0.0017376647792157957,
        "med": 0.0009691980258799138,
        "quart_1": 0.00039329695825962574,
        "quart_3": 0.0024021605823367764,
        "min": 2.220446049250313e-16,
        "max": 0.017990082239748295,
        "stdv": 0.0020206703460957593
    },
    "proc_imp_loss": {
        "avg": 0.0010793760616841083,
        "med": 0.00044724821630270917,
        "quart_1": 0.0,
        "quart_3": 0.0016036570164124075,
        "min": 0.0,
        "max": 0.012704073929012627,
        "stdv": 0.001487112100085649
    },
    "proc_price_imp": {
        "avg": 0.0003482368926944664,
        "med": 0.000310321381851953,
        "quart_1": 0.0002036849317092377,
        "quart_3": 0.00044957906311507623,
        "min": 1.9476464753611587e-09,
        "max": 0.0016041628987169896,
        "stdv": 0.00020875626330314488
    }
}