{
    "cap_eff": {
        "avg": 3.6526748328308335e-14,
        "med": 1.3766765505351941e-14,
        "quart_1": 4.773959005888173e-15,
        "quart_3": 2.6645352591003757e-14,
        "min": 0.0,
        "max": 2.1466928235014393e-10,
        "stdv": 1.1352665729822188e-12
    },
    "imp_gain": {
        "avg": 1.0605709969063837,
        "med": 0.4701347888464946,
        "quart_1": 0.10702275419106866,
        "quart_3": 1.1868671969966131,
        "min": 4.81336843916047e-06,
        "max": 23.112329909871324,
        "stdv": 2.0158283909570436
    },
    "imp_loss": {
        "avg": 0.43567499747232535,
        "med": 0.26142200687536377,
        "quart_1": 0.0,
        "quart_3": 0.980463785680759,
        "min": 0.0,
        "max": 0.9999982203508768,
        "stdv": 0.4392017247698399
    },
    "price_imp": {
        "avg": 3.652534560260285e-14,
        "med": 1.3795494943406781e-14,
        "quart_1": 4.756485176113111e-15,
        "quart_3": 2.6674990734924197e-14,
        "min": 0.0,
        "max": 2.1466927751587332e-10,
        "stdv": 1.1352664906743434e-12
    },
    "proc_cap_eff": {
        "avg": 2.5166051558822615e-14,
        "med": 1.3766765505351941e-14,
        "quart_1": 4.773959005888173e-15,
        "quart_3": 2.6645352591003757e-14,
        "min": 0.0,
        "max": 3.3939517862791035e-12,
        "stdv": 7.535501407629455e-14
    },
    "proc_imp_gain": {
        "avg": 1.0500366494191256,
        "med": 0.4696201994477056,
        "quart_1": 0.1069529701069416,
        "quart_3": 1.1868671969966131,
        "min": 4.81336843916047e-06,
        "max": 21.46905516422617,
        "stdv": 1.9603818600969654
    },
    "proc_imp_loss": {
        "avg": 0.4353927731264585,
        "med": 0.2609224758775137,
        "quart_1": 0.0,
        "quart_3": 0.9804056107265126,
        "min": 0.0,
        "max": 0.9999969662137469,
        "stdv": 0.4391301407027122
    },
    "proc_price_imp": {
        "avg": 2.516465399833451e-14,
        "med": 1.3789178712013153e-14,
        "quart_1": 4.753591707224903e-15,
        "quart_3": 2.6653645332302364e-14,
        "min": 0.0,
        "max": 3.393915076581673e-12,
        "stdv": 7.535601872771032e-14
    }
}