{
    "cap_eff": {
        "avg": 4.779917713139236e-15,
        "med": 1.1102230246251565e-15,
        "quart_1": 4.440892098500626e-16,
        "quart_3": 2.6645352591003757e-15,
        "min": 0.0,
        "max": 1.1978196212680814e-11,
        "stdv": 7.045259267588324e-14
    },
    "imp_gain": {
        "avg": 0.0010236053002117896,
        "med": 0.0012201478002606958,
        "quart_1": 0.0006732663587629695,
        "quart_3": 0.0012201478002606958,
        "min": 0.00047730501193177233,
        "max": 0.0012201478002606958,
        "stdv": 0.0002886970627454931
    },
    "imp_loss": {
        "avg": 0.9490360355555497,
        "med": 0.9919039160839176,
        "quart_1": 0.9727551179504271,
        "quart_3": 0.9996616913862746,
        "min": 0.0,
        "max": 0.9999997830431054,
        "stdv": 0.15129330657109089
    },
    "price_imp": {
        "avg": 4.774230843430787e-15,
        "med": 1.0606622443279542e-15,
        "quart_1": 4.117557710438217e-16,
        "quart_3": 2.5917645562484955e-15,
        "min": 0.0,
        "max": 1.1978266337070608e-11,
        "stdv": 7.045301170915526e-14
    },
    "proc_cap_eff": {
        "avg": 3.991110422950576e-15,
        "med": 1.1102230246251565e-15,
        "quart_1": 4.440892098500626e-16,
        "quart_3": 2.6645352591003757e-15,
        "min": 0.0,
        "max": 3.859135233597044e-13,
        "stdv": 1.532968720073089e-14
    },
    "proc_imp_gain": {
        "avg": 0.0010236053002117896,
        "med": 0.0012201478002606958,
        "quart_1": 0.0006732663587629695,
        "quart_3": 0.0012201478002606958,
        "min": 0.00047730501193177233,
        "max": 0.0012201478002606958,
        "stdv": 0.0002886970627454931
    },
    "proc_imp_loss": {
        "avg": 0.9495065995047585,
        "med": 0.9919168351825516,
        "quart_1": 0.9727979442589877,
        "quart_3": 0.9996623519298968,
        "min": 0.005709751966743282,
        "max": 0.9999997830431054,
        "stdv": 0.14985127627481737
    },
    "proc_price_imp": {
        "avg": 3.985419104045844e-15,
        "med": 1.0598193027731422e-15,
        "quart_1": 4.1143334588173173e-16,
        "quart_3": 2.5868202046942218e-15,
        "min": 0.0,
        "max": 3.8592053139773877e-13,
        "stdv": 1.5330325565024966e-14
    }
}