{
    "cap_eff": {
        "avg": 0.01571360476244518,
        "med": 0.0006227886560981055,
        "quart_1": 0.0002928701870095751,
        "quart_3": 0.001183956231881722,
        "min": 2.2739701899254783e-08,
        "max": 2.0351998589357625,
        "stdv": 0.08832680740615687
    },
    "imp_gain": {
        "avg": 0.0010620180884856611,
        "med": 0.0012201478002606958,
        "quart_1": 0.0005876289531605572,
        "quart_3": 0.0012201478002606958,
        "min": 0.0005876289531605572,
        "max": 0.0012201478002606958,
        "stdv": 0.0002738886949805826
    },
    "imp_loss": {
        "avg": 0.538696213110703,
        "med": 0.5252394441935984,
        "quart_1": 0.477629832174285,
        "quart_3": 0.5961329627815184,
        "min": 0.0,
        "max": 0.8140735999482027,
        "stdv": 0.11029611815865922
    },
    "price_imp": {
        "avg": 0.0025909095561323764,
        "med": 0.0008569155053373323,
        "quart_1": 0.0004906725364798355,
        "quart_3": 0.0012648702817597774,
        "min": 8.870116633462534e-08,
        "max": 20.05301224736617,
        "stdv": 0.12104900665734483
    },
    "proc_cap_eff": {
        "avg": 0.015266850669735767,
        "med": 0.0006225382245290123,
        "quart_1": 0.0002928101021617002,
        "quart_3": 0.001182681381213302,
        "min": 2.2739701899254783e-08,
        "max": 0.8632501594940236,
        "stdv": 0.08591649786125213
    },
    "proc_imp_gain": {
        "avg": 0.0010620180884856611,
        "med": 0.0012201478002606958,
        "quart_1": 0.0005876289531605572,
        "quart_3": 0.0012201478002606958,
        "min": 0.0005876289531605572,
        "max": 0.0012201478002606958,
        "stdv": 0.0002738886949805826
    },
    "proc_imp_loss": {
        "avg": 0.5389627697222973,
        "med": 0.5253232077435717,
        "quart_1": 0.47781366415207066,
        "quart_3": 0.5961909427660056,
        "min": 0.006089216174093082,
        "max": 0.8140735999482027,
        "stdv": 0.10967438227657592
    },
    "proc_price_imp": {
        "avg": 0.0013089771317913446,
        "med": 0.0008566342570348279,
        "quart_1": 0.0004905739451046743,
        "quart_3": 0.001264256489990049,
        "min": 8.870116633462534e-08,
        "max": 0.5103984576066809,
        "stdv": 0.009240083754174292
    }
}