{
    "cap_eff": {
        "avg": 0.030756151212532796,
        "med": 0.0030626950228545002,
        "quart_1": 0.0019311368722849664,
        "quart_3": 0.004987504524262776,
        "min": 8.073910751082991e-08,
        "max": 25.054527239314456,
        "stdv": 0.1792391066636127
    },
    "imp_gain": {
        "avg": 3.2000129556686554,
        "med": 0.5396664651125469,
        "quart_1": 0.0009167383623991388,
        "quart_3": 3.767073491591102,
        "min": 2.220446049250313e-16,
        "max": 44.36767099203991,
        "stdv": 5.483068329449939
    },
    "imp_loss": {
        "avg": 0.30727618502479753,
        "med": 0.0011309293699456324,
        "quart_1": 0.0,
        "quart_3": 0.7797725901810802,
        "min": 0.0,
        "max": 0.9642764216665951,
        "stdv": 0.3913782507751308
    },
    "price_imp": {
        "avg": 0.03522085769358912,
        "med": 0.005491678058446715,
        "quart_1": 0.003679595232780267,
        "quart_3": 0.007704166995448155,
        "min": 5.343314241328988e-07,
        "max": 23.601925654118762,
        "stdv": 0.37544645351607703
    },
    "proc_cap_eff": {
        "avg": 0.028732091202273016,
        "med": 0.003061595649572313,
        "quart_1": 0.0019308916756801686,
        "quart_3": 0.00498265714797036,
        "min": 8.073910751082991e-08,
        "max": 2.3486406410311353,
        "stdv": 0.12807796959613418
    },
    "proc_imp_gain": {
        "avg": 3.181630881126967,
        "med": 0.537010712376838,
        "quart_1": 0.0009135421524859577,
        "quart_3": 3.748108480644226,
        "min": 2.220446049250313e-16,
        "max": 37.69970233678168,
        "stdv": 5.422318264479771
    },
    "proc_imp_loss": {
        "avg": 0.3069482116608922,
        "med": 0.0011184347813063544,
        "quart_1": 0.0,
        "quart_3": 0.7795922471772244,
        "min": 0.0,
        "max": 0.9611584075184333,
        "stdv": 0.3912010397209246
    },
    "proc_price_imp": {
        "avg": 0.029563943860726173,
        "med": 0.005490030869742111,
        "quart_1": 0.003678320578426873,
        "quart_3": 0.007698339393940097,
        "min": 5.343314241328988e-07,
        "max": 7.924486903377901,
        "stdv": 0.2666045505933685
    }
}