{
    "cap_eff": {
        "avg": 2.923512604275782e-14,
        "med": 1.2878587085651816e-14,
        "quart_1": 4.551914400963142e-15,
        "quart_3": 2.5757174171303632e-14,
        "min": 0.0,
        "max": 5.565503613524925e-11,
        "stdv": 3.292396919282442e-13
    },
    "imp_gain": {
        "avg": 1.2332352968309466,
        "med": 0.13292141383987177,
        "quart_1": 0.04646176370998556,
        "quart_3": 0.7430220002392522,
        "min": 2.2292320136507726e-06,
        "max": 45.368481857157406,
        "stdv": 3.8411402985380376
    },
    "imp_loss": {
        "avg": 0.2814625076836344,
        "med": 0.06458687042054967,
        "quart_1": 0.0,
        "quart_3": 0.3578092861247394,
        "min": 0.0,
        "max": 0.999999338006257,
        "stdv": 0.3944821588067001
    },
    "price_imp": {
        "avg": 2.923398482713919e-14,
        "med": 1.2819722740311905e-14,
        "quart_1": 4.582399155568164e-15,
        "quart_3": 2.568732613664226e-14,
        "min": 0.0,
        "max": 5.565506242806347e-11,
        "stdv": 3.2923986646074276e-13
    },
    "proc_cap_eff": {
        "avg": 2.4757151096824846e-14,
        "med": 1.2878587085651816e-14,
        "quart_1": 4.551914400963142e-15,
        "quart_3": 2.5646151868841116e-14,
        "min": 0.0,
        "max": 2.8481661473733766e-12,
        "stdv": 7.503311520550769e-14
    },
    "proc_imp_gain": {
        "avg": 1.2128208750782585,
        "med": 0.1326861259660579,
        "quart_1": 0.046445009633811596,
        "quart_3": 0.7374542087708711,
        "min": 2.2292320136507726e-06,
        "max": 39.66341160591433,
        "stdv": 3.731760542024789
    },
    "proc_imp_loss": {
        "avg": 0.28110308407454865,
        "med": 0.0644600811731284,
        "quart_1": 0.0,
        "quart_3": 0.35597419002602537,
        "min": 0.0,
        "max": 0.9999963975275676,
        "stdv": 0.39425325338229206
    },
    "proc_price_imp": {
        "avg": 2.4756007757585403e-14,
        "med": 1.2809410370546927e-14,
        "quart_1": 4.579248115678955e-15,
        "quart_3": 2.5666826169571546e-14,
        "min": 0.0,
        "max": 2.848165392201283e-12,
        "stdv": 7.503299429038826e-14
    }
}