{
    "cap_eff": {
        "avg": 0.02067019269439271,
        "med": 0.002834414190792889,
        "quart_1": 0.0013161785552178729,
        "quart_3": 0.0053809289709665364,
        "min": 4.014292565024391e-08,
        "max": 0.9289960252710289,
        "stdv": 0.10581304255824235
    },
    "imp_gain": {
        "avg": 0.0008948821772344855,
        "med": 0.00044216287087017747,
        "quart_1": 0.00044216287087017747,
        "quart_3": 0.002078138127531659,
        "min": 0.0002695823772547179,
        "max": 0.0021682207201332293,
        "stdv": 0.0007458564365407465
    },
    "imp_loss": {
        "avg": 0.5070184598902331,
        "med": 0.5067664006378806,
        "quart_1": 0.43049261175317755,
        "quart_3": 0.6284995218162341,
        "min": 0.0,
        "max": 0.7585196679193725,
        "stdv": 0.147121798825113
    },
    "price_imp": {
        "avg": 0.005239364518949208,
        "med": 0.0045645553945000686,
        "quart_1": 0.0026394670723152566,
        "quart_3": 0.0069320107824110844,
        "min": 4.6031928096349735e-07,
        "max": 0.055908298026048145,
        "stdv": 0.003773858863700675
    },
    "proc_cap_eff": {
        "avg": 0.020221589430593413,
        "med": 0.0028322067913065796,
        "quart_1": 0.0013155805149223099,
        "quart_3": 0.005375705101681838,
        "min": 4.014292565024391e-08,
        "max": 0.9214110557955062,
        "stdv": 0.10390575254176106
    },
    "proc_imp_gain": {
        "avg": 0.0008948821772344855,
        "med": 0.00044216287087017747,
        "quart_1": 0.00044216287087017747,
        "quart_3": 0.002078138127531659,
        "min": 0.0002695823772547179,
        "max": 0.0021682207201332293,
        "stdv": 0.0007458564365407465
    },
    "proc_imp_loss": {
        "avg": 0.5072701298787445,
        "med": 0.5068191075601123,
        "quart_1": 0.43059993055215506,
        "quart_3": 0.6285476155163057,
        "min": 0.004267995174722761,
        "max": 0.7585196679193725,
        "stdv": 0.14672568258028393
    },
    "proc_price_imp": {
        "avg": 0.005223057172505597,
        "med": 0.004563176961842944,
        "quart_1": 0.002638951505181055,
        "quart_3": 0.006924798865421488,
        "min": 4.6031928096349735e-07,
        "max": 0.032708996211461096,
        "stdv": 0.0037017690445139842
    }
}