{
    "cap_eff": {
        "avg": 0.01728203406979338,
        "med": 0.00015848111964256173,
        "quart_1": 7.803956467306028e-05,
        "quart_3": 0.00029921741333605034,
        "min": 8.351009439522272e-09,
        "max": 0.960989348705282,
        "stdv": 0.10180720249504617
    },
    "imp_gain": {
        "avg": 0.000460166619189525,
        "med": 0.0004758654145275987,
        "quart_1": 0.00014722526866317587,
        "quart_3": 0.0006405749422706553,
        "min": 7.20278903023619e-05,
        "max": 0.0010019678304495905,
        "stdv": 0.0003058162429823148
    },
    "imp_loss": {
        "avg": 0.5966729333204986,
        "med": 0.5501101445471615,
        "quart_1": 0.4842898818457097,
        "quart_3": 0.7497212532722739,
        "min": 0.0,
        "max": 0.9096658484359101,
        "stdv": 0.16239110010359978
    },
    "price_imp": {
        "avg": 0.000533453907819515,
        "med": 0.00024292711846433363,
        "quart_1": 0.00014612359912386257,
        "quart_3": 0.0003760202120277463,
        "min": 4.4024338324975525e-08,
        "max": 3.545702171594702,
        "stdv": 0.017198094655805587
    },
    "proc_cap_eff": {
        "avg": 0.01682197284602102,
        "med": 0.0001584145432038664,
        "quart_1": 7.79747107342299e-05,
        "quart_3": 0.00029882654717083845,
        "min": 8.351009439522272e-09,
        "max": 0.9452969823871338,
        "stdv": 0.09969681212103727
    },
    "proc_imp_gain": {
        "avg": 0.000460166619189525,
        "med": 0.0004758654145275987,
        "quart_1": 0.00014722526866317587,
        "quart_3": 0.0006405749422706553,
        "min": 7.20278903023619e-05,
        "max": 0.0010019678304495905,
        "stdv": 0.0003058162429823148
    },
    "proc_imp_loss": {
        "avg": 0.5969691897481569,
        "med": 0.5501571426877931,
        "quart_1": 0.48434806053749435,
        "quart_3": 0.7498018456520545,
        "min": 0.004675128811198914,
        "max": 0.9096658484359101,
        "stdv": 0.1618881389487974
    },
    "proc_price_imp": {
        "avg": 0.0004244600344187192,
        "med": 0.00024278929557031037,
        "quart_1": 0.00014607968892164187,
        "quart_3": 0.0003757040819538444,
        "min": 4.4024338324975525e-08,
        "max": 0.026536282542393094,
        "stdv": 0.0011911245047657108
    }
}