{
    "cap_eff": {
        "avg": 0.03586638578558033,
        "med": 0.00296449101008478,
        "quart_1": 0.0018984637998337162,
        "quart_3": 0.004599797916478243,
        "min": 4.27649617051884e-07,
        "max": 128.53398787157624,
        "stdv": 0.7407937505598391
    },
    "imp_gain": {
        "avg": 2.726777713901791,
        "med": 0.001292368915527975,
        "quart_1": 3.904498823481539e-05,
        "quart_3": 0.8351126645780085,
        "min": 2.220446049250313e-16,
        "max": 136.00802903571926,
        "stdv": 8.552602069956091
    },
    "imp_loss": {
        "avg": 0.18369218417162902,
        "med": 8.02501158301272e-05,
        "quart_1": 0.0,
        "quart_3": 0.006155144629665377,
        "min": 0.0,
        "max": 0.9450904398701779,
        "stdv": 0.32988261488749
    },
    "price_imp": {
        "avg": 0.06634898399650956,
        "med": 0.005393747944715805,
        "quart_1": 0.003650324994970595,
        "quart_3": 0.007461132393373589,
        "min": 2.2510654861625692e-06,
        "max": 82.44374841999756,
        "stdv": 1.1411278134390468
    },
    "proc_cap_eff": {
        "avg": 0.027148772771546033,
        "med": 0.002963527289639334,
        "quart_1": 0.0018979326590290446,
        "quart_3": 0.004596227082881432,
        "min": 4.27649617051884e-07,
        "max": 5.509892614377174,
        "stdv": 0.15940677260690167
    },
    "proc_imp_gain": {
        "avg": 2.673919127945476,
        "med": 0.0012846407139621707,
        "quart_1": 3.90449882343713e-05,
        "quart_3": 0.8297816866097474,
        "min": 2.220446049250313e-16,
        "max": 96.31623348248355,
        "stdv": 8.215683435742669
    },
    "proc_imp_loss": {
        "avg": 0.18331326589201888,
        "med": 8.014165811343066e-05,
        "quart_1": 0.0,
        "quart_3": 0.006072525643080473,
        "min": 0.0,
        "max": 0.9398442372454748,
        "stdv": 0.3295295097115519
    },
    "proc_price_imp": {
        "avg": 0.04718771902844842,
        "med": 0.005391171464102192,
        "quart_1": 0.0036493586759984613,
        "quart_3": 0.007457430780747906,
        "min": 2.2510654861625692e-06,
        "max": 24.44607583806341,
        "stdv": 0.6873074250566547
    }
}