{
    "cap_eff": {
        "avg": 0.034070860503547504,
        "med": 0.0019779400004158454,
        "quart_1": 0.001266037054971525,
        "quart_3": 0.003073615869036428,
        "min": 9.313316506887048e-08,
        "max": 174.20518032164344,
        "stdv": 0.955839881946416
    },
    "imp_gain": {
        "avg": 2.811145209072132,
        "med": 0.0013332220542299211,
        "quart_1": 3.917274383269387e-05,
        "quart_3": 0.9260268747169647,
        "min": 2.220446049250313e-16,
        "max": 142.90610302111395,
        "stdv": 9.083276081241047
    },
    "imp_loss": {
        "avg": 0.19148313109775,
        "med": 8.279384706544324e-05,
        "quart_1": 0.0,
        "quart_3": 0.006001162853223829,
        "min": 0.0,
        "max": 0.9621645018254512,
        "stdv": 0.34393130272232847
    },
    "price_imp": {
        "avg": 0.07404602016682695,
        "med": 0.0036057895512202633,
        "quart_1": 0.0024404151974827086,
        "quart_3": 0.005002392514352276,
        "min": 1.7803696431201371e-07,
        "max": 108.50029780551094,
        "stdv": 1.4391365247464272
    },
    "proc_cap_eff": {
        "avg": 0.023945600995667372,
        "med": 0.001976949174742504,
        "quart_1": 0.0012656452397568074,
        "quart_3": 0.0030703564444844456,
        "min": 9.313316506887048e-08,
        "max": 5.22743589857354,
        "stdv": 0.14468104660886122
    },
    "proc_imp_gain": {
        "avg": 2.7551296579309694,
        "med": 0.0013292105827940048,
        "quart_1": 3.917274383269387e-05,
        "quart_3": 0.9220494739682459,
        "min": 2.220446049250313e-16,
        "max": 100.10132761867659,
        "stdv": 8.727608043805
    },
    "proc_imp_loss": {
        "avg": 0.19110003518136884,
        "med": 8.239761716799521e-05,
        "quart_1": 0.0,
        "quart_3": 0.005935168044005734,
        "min": 0.0,
        "max": 0.9565407349910267,
        "stdv": 0.3435901810508225
    },
    "proc_price_imp": {
        "avg": 0.04959390722730721,
        "med": 0.003604927800260769,
        "quart_1": 0.0024400165161390635,
        "quart_3": 0.004999283639324304,
        "min": 1.7803696431201371e-07,
        "max": 30.825906416631224,
        "stdv": 0.8406684398683084
    }
}