{
    "cap_eff": {
        "avg": 2.6631652657070525e-13,
        "med": 4.374278717023117e-14,
        "quart_1": 1.9984014443252818e-14,
        "quart_3": 8.126832540256146e-14,
        "min": 0.0,
        "max": 9.347147944538392e-09,
        "stdv": 3.589983262457535e-11
    },
    "imp_gain": {
        "avg": 0.10552949987245204,
        "med": 0.09811784277023516,
        "quart_1": 0.04718168717385951,
        "quart_3": 0.14825659154751158,
        "min": 3.76693417036833e-06,
        "max": 0.2881699734815679,
        "stdv": 0.06696935377389818
    },
    "imp_loss": {
        "avg": 0.09903573816297095,
        "med": 0.08198728722747006,
        "quart_1": 0.0524271328927256,
        "quart_3": 0.1334807173090835,
        "min": 0.0,
        "max": 0.287708524689401,
        "stdv": 0.06565460790343315
    },
    "price_imp": {
        "avg": 2.663164145615964e-13,
        "med": 4.367477876361075e-14,
        "quart_1": 2.0028353296822816e-14,
        "quart_3": 8.126311591783454e-14,
        "min": 0.0,
        "max": 9.347147866091675e-09,
        "stdv": 3.589983234283074e-11
    },
    "proc_cap_eff": {
        "avg": 8.201416075352547e-14,
        "med": 4.363176486776865e-14,
        "quart_1": 1.9984014443252818e-14,
        "quart_3": 8.115730310009894e-14,
        "min": 0.0,
        "max": 1.159894402746886e-11,
        "stdv": 2.7247156887545816e-13
    },
    "proc_imp_gain": {
        "avg": 0.10543995305079733,
        "med": 0.09809400808463165,
        "quart_1": 0.047147274152606,
        "quart_3": 0.1481618294695748,
        "min": 3.76693417036833e-06,
        "max": 0.28352220621017143,
        "stdv": 0.06686582974832181
    },
    "proc_imp_loss": {
        "avg": 0.09894244437080171,
        "med": 0.0819704482532756,
        "quart_1": 0.05242240053045566,
        "quart_3": 0.13340992777524285,
        "min": 0.0,
        "max": 0.284120402525604,
        "stdv": 0.06553833672452881
    },
    "proc_price_imp": {
        "avg": 8.201404721035468e-14,
        "med": 4.3649131658475054e-14,
        "quart_1": 2.0016689712688495e-14,
        "quart_3": 8.117854586710366e-14,
        "min": 0.0,
        "max": 1.159890271764858e-11,
        "stdv": 2.724717151352911e-13
    }
}