{
    "cap_eff": {
        "avg": 0.002346901250081464,
        "med": 0.0020221481931542717,
        "quart_1": 0.0012986022356746285,
        "quart_3": 0.0030006159382136577,
        "min": 7.279430358497763e-08,
        "max": 0.023623343362841442,
        "stdv": 0.001595499794971062
    },
    "imp_gain": {
        "avg": 0.0015636462914043082,
        "med": 0.000883763702925533,
        "quart_1": 0.0001192643113323566,
        "quart_3": 0.0025857042304104905,
        "min": 2.220446049250313e-16,
        "max": 0.026756446605821216,
        "stdv": 0.0018054352214484186
    },
    "imp_loss": {
        "avg": 0.0010084758964928552,
        "med": 0.00011289633958311285,
        "quart_1": 0.0,
        "quart_3": 0.0016615093739625886,
        "min": 0.0,
        "max": 0.025351337554199826,
        "stdv": 0.001610031844371291
    },
    "price_imp": {
        "avg": 0.0037403940530229838,
        "med": 0.0035576788467127068,
        "quart_1": 0.0024714571475952466,
        "quart_3": 0.004757802727568077,
        "min": 1.8087553027781714e-08,
        "max": 0.026521019702997035,
        "stdv": 0.0018794667337124304
    },
    "proc_cap_eff": {
        "avg": 0.002341147185596343,
        "med": 0.0020215755270239777,
        "quart_1": 0.0012982906785950488,
        "quart_3": 0.0029983685765971324,
        "min": 7.279430358497763e-08,
        "max": 0.01222599224894183,
        "stdv": 0.00157383161069268
    },
    "proc_imp_gain": {
        "avg": 0.0015576527938687755,
        "med": 0.0008818531013106146,
        "quart_1": 0.00011924283840381023,
        "quart_3": 0.0025831966144160834,
        "min": 2.220446049250313e-16,
        "max": 0.011964015251612503,
        "stdv": 0.0017854331307428858
    },
    "proc_imp_loss": {
        "avg": 0.0010026836678298017,
        "med": 0.0001127927757391678,
        "quart_1": 0.0,
        "quart_3": 0.0016587669678810313,
        "min": 0.0,
        "max": 0.01116243394415084,
        "stdv": 0.0015890140612854669
    },
    "proc_price_imp": {
        "avg": 0.00373448537615247,
        "med": 0.003556976605088682,
        "quart_1": 0.0024708043279270224,
        "quart_3": 0.0047556483850962035,
        "min": 1.8087553027781714e-08,
        "max": 0.014093179069446165,
        "stdv": 0.0018602628582880048
    }
}