{
    "cap_eff": {
        "avg": 0.008312027884414718,
        "med": 0.007484505817049569,
        "quart_1": 0.004219371472632627,
        "quart_3": 0.011172587252598287,
        "min": 4.972300815531128e-07,
        "max": 0.05897998161870577,
        "stdv": 0.0056615785860196595
    },
    "imp_gain": {
        "avg": 0.2762521935497331,
        "med": 0.19592555115676036,
        "quart_1": 0.07452856825473142,
        "quart_3": 0.3935043223703125,
        "min": 2.220446049250313e-16,
        "max": 1.5164072274844322,
        "stdv": 0.2738976895674144
    },
    "imp_loss": {
        "avg": 0.13362466554737493,
        "med": 0.08559433520613424,
        "quart_1": 0.0,
        "quart_3": 0.22053689720398506,
        "min": 0.0,
        "max": 0.6026080401145275,
        "stdv": 0.14575770676456384
    },
    "price_imp": {
        "avg": 0.010327900328986056,
        "med": 0.008422738152377866,
        "quart_1": 0.005189183423419771,
        "quart_3": 0.013894437099503979,
        "min": 1.0085253454235509e-07,
        "max": 0.06864306629501739,
        "stdv": 0.007097611077843725
    },
    "proc_cap_eff": {
        "avg": 0.008293970571068862,
        "med": 0.007481549297404133,
        "quart_1": 0.0042180119999539745,
        "quart_3": 0.011164642650304923,
        "min": 4.972300815531128e-07,
        "max": 0.039577529868219496,
        "stdv": 0.005603886932295781
    },
    "proc_imp_gain": {
        "avg": 0.27565521505272017,
        "med": 0.19577457040905943,
        "quart_1": 0.07450184910013835,
        "quart_3": 0.39317474927128404,
        "min": 2.220446049250313e-16,
        "max": 1.437201949145868,
        "stdv": 0.2726602477084966
    },
    "proc_imp_loss": {
        "avg": 0.13339485038828364,
        "med": 0.08549289373961766,
        "quart_1": 0.0,
        "quart_3": 0.22034065402874137,
        "min": 0.0,
        "max": 0.5859798313993236,
        "stdv": 0.14543137515978205
    },
    "proc_price_imp": {
        "avg": 0.01030784288214713,
        "med": 0.008419020044199688,
        "quart_1": 0.005188209968831312,
        "quart_3": 0.013886618708745871,
        "min": 1.0085253454235509e-07,
        "max": 0.046129159085041484,
        "stdv": 0.007041777002420059
    }
}