{
    "cap_eff": {
        "avg": 1.1789024867883338e-13,
        "med": 4.6407322429331543e-14,
        "quart_1": 2.120525977034049e-14,
        "quart_3": 8.837375276016246e-14,
        "min": 0.0,
        "max": 3.909574886051814e-10,
        "stdv": 2.0605118761686846e-12
    },
    "imp_gain": {
        "avg": 0.06800720596887595,
        "med": 0.049870648029207376,
        "quart_1": 0.019284135130918423,
        "quart_3": 0.11313102378011375,
        "min": 7.834458866096128e-07,
        "max": 0.2342272206480831,
        "stdv": 0.056675419702477
    },
    "imp_loss": {
        "avg": 0.08329245650264619,
        "med": 0.0575352995055507,
        "quart_1": 0.023817269593196966,
        "quart_3": 0.1063558504734664,
        "min": 0.0,
        "max": 0.4316449463146149,
        "stdv": 0.08982401676762836
    },
    "price_imp": {
        "avg": 1.1788997388786415e-13,
        "med": 4.644666055415398e-14,
        "quart_1": 2.1207955443946268e-14,
        "quart_3": 8.84537631289906e-14,
        "min": 0.0,
        "max": 3.9095744252891264e-10,
        "stdv": 2.060511635116132e-12
    },
    "proc_cap_eff": {
        "avg": 9.009044135160847e-14,
        "med": 4.6407322429331543e-14,
        "quart_1": 2.120525977034049e-14,
        "quart_3": 8.837375276016246e-14,
        "min": 0.0,
        "max": 1.2149614647682938e-11,
        "stdv": 2.879237590608612e-13
    },
    "proc_imp_gain": {
        "avg": 0.06792674093714351,
        "med": 0.04984268767471822,
        "quart_1": 0.019276353229682908,
        "quart_3": 0.11294113943800266,
        "min": 7.834458866096128e-07,
        "max": 0.22743446173494597,
        "stdv": 0.0565740216008966
    },
    "proc_imp_loss": {
        "avg": 0.08312123529843514,
        "med": 0.057508214263010116,
        "quart_1": 0.023805455247823792,
        "quart_3": 0.10622375509061521,
        "min": 0.0,
        "max": 0.424915911522149,
        "stdv": 0.08951735642771663
    },
    "proc_price_imp": {
        "avg": 9.009016804113143e-14,
        "med": 4.641430846694904e-14,
        "quart_1": 2.119710847473042e-14,
        "quart_3": 8.834636369102423e-14,
        "min": 0.0,
        "max": 1.2149590496713242e-11,
        "stdv": 2.879237036114355e-13
    }
}