{
    "cap_eff": {
        "avg": 0.0016593139596431383,
        "med": 0.0011208085073135532,
        "quart_1": 0.000568055196150663,
        "quart_3": 0.0019397642633049994,
        "min": 6.022098375524365e-09,
        "max": 1.2663228782392917,
        "stdv": 0.007110999056637587
    },
    "imp_gain": {
        "avg": 0.0008809898227210252,
        "med": 0.0004977749802770326,
        "quart_1": 0.00016434516496444118,
        "quart_3": 0.0012369356671089182,
        "min": 4.440892098500626e-16,
        "max": 0.015188711770350638,
        "stdv": 0.001055982183653223
    },
    "imp_loss": {
        "avg": 0.0012130554192372263,
        "med": 0.000872874311039884,
        "quart_1": 0.0003672889545640601,
        "quart_3": 0.0016752795334328274,
        "min": 0.0,
        "max": 0.014191187046750486,
        "stdv": 0.0011811642343598396
    },
    "price_imp": {
        "avg": 0.0021582502427678896,
        "med": 0.0018157124794831617,
        "quart_1": 0.001048701051822628,
        "quart_3": 0.0028259732004590455,
        "min": 1.2720835344087649e-07,
        "max": 0.02204596959549946,
        "stdv": 0.0016173058190080392
    },
    "proc_cap_eff": {
        "avg": 0.0015682400027941066,
        "med": 0.0011201990137232887,
        "quart_1": 0.000567740353244528,
        "quart_3": 0.001938220861430806,
        "min": 6.022098375524365e-09,
        "max": 0.050377121886359344,
        "stdv": 0.0019535766868125433
    },
    "proc_imp_gain": {
        "avg": 0.0008759907626038175,
        "med": 0.0004971431166507223,
        "quart_1": 0.0001641776323944022,
        "quart_3": 0.001235650370651542,
        "min": 4.440892098500626e-16,
        "max": 0.009210869824263224,
        "stdv": 0.0010317885841161609
    },
    "proc_imp_loss": {
        "avg": 0.0012082505197763076,
        "med": 0.0008722728668667523,
        "quart_1": 0.0003669521842359913,
        "quart_3": 0.0016741629428420612,
        "min": 0.0,
        "max": 0.009556454618842025,
        "stdv": 0.001161342118773783
    },
    "proc_price_imp": {
        "avg": 0.002151562393549922,
        "med": 0.0018148765738172216,
        "quart_1": 0.0010484967989292581,
        "quart_3": 0.0028237795551282903,
        "min": 1.2720835344087649e-07,
        "max": 0.01377389781253653,
        "stdv": 0.001588698885140779
    }
}