{
    "cap_eff": {
        "avg": 0.0005664701499969638,
        "med": 0.0003793034075372237,
        "quart_1": 0.00019153020913609264,
        "quart_3": 0.0006533347894700503,
        "min": 9.369973685835475e-09,
        "max": 0.7465247981914853,
        "stdv": 0.003315730061236073
    },
    "imp_gain": {
        "avg": 0.0008620669477789882,
        "med": 0.00047636475830292735,
        "quart_1": 0.00016135770680958395,
        "quart_3": 0.0012077075098488876,
        "min": 1.9984014443252818e-15,
        "max": 0.015576700180242709,
        "stdv": 0.0010415864863992956
    },
    "imp_loss": {
        "avg": 0.001198028630442429,
        "med": 0.000856031088084519,
        "quart_1": 0.0003507172263553793,
        "quart_3": 0.0016543644680740988,
        "min": 0.0,
        "max": 0.014051785719848775,
        "stdv": 0.0011852586904975576
    },
    "price_imp": {
        "avg": 0.0007195098571574904,
        "med": 0.0006064003574767822,
        "quart_1": 0.00034909518626098624,
        "quart_3": 0.0009441033011492907,
        "min": 0.0,
        "max": 0.007538941905092051,
        "stdv": 0.0005411616257544951
    },
    "proc_cap_eff": {
        "avg": 0.0005260709018263349,
        "med": 0.0003790369220650347,
        "quart_1": 0.00019147458287266383,
        "quart_3": 0.0006526312548692514,
        "min": 9.369973685835475e-09,
        "max": 0.01803190730635218,
        "stdv": 0.0006570043902069563
    },
    "proc_imp_gain": {
        "avg": 0.0008570435189657908,
        "med": 0.00047572901182002525,
        "quart_1": 0.00016127519766606646,
        "quart_3": 0.001205694108102895,
        "min": 1.9984014443252818e-15,
        "max": 0.009133962705458964,
        "stdv": 0.0010166758930474078
    },
    "proc_imp_loss": {
        "avg": 0.001193193090416103,
        "med": 0.0008552881513801402,
        "quart_1": 0.0003505801859855495,
        "quart_3": 0.001652310780322186,
        "min": 0.0,
        "max": 0.009599718988229533,
        "stdv": 0.0011653405982979263
    },
    "proc_price_imp": {
        "avg": 0.000717215171439967,
        "med": 0.0006060282197262389,
        "quart_1": 0.000348975580975553,
        "quart_3": 0.000943596334777779,
        "min": 0.0,
        "max": 0.004658775542037766,
        "stdv": 0.0005310785849914168
    }
}