{
    "cap_eff": {
        "avg": 0.0011253369893757705,
        "med": 0.0007486358643795654,
        "quart_1": 0.0003808228192463403,
        "quart_3": 0.001300482625645527,
        "min": 9.692704527886065e-09,
        "max": 1.9755298788827376,
        "stdv": 0.007820439433437503
    },
    "imp_gain": {
        "avg": 0.0008771505015521151,
        "med": 0.0004950586751510944,
        "quart_1": 0.00016485387093823078,
        "quart_3": 0.001232226862859065,
        "min": 1.5543122344752192e-15,
        "max": 0.015184911320159422,
        "stdv": 0.0010501239494964357
    },
    "imp_loss": {
        "avg": 0.0012255216672589365,
        "med": 0.0008934309684184294,
        "quart_1": 0.00037734192194849303,
        "quart_3": 0.0016898058200731647,
        "min": 0.0,
        "max": 0.014082669321135666,
        "stdv": 0.0011834064690442033
    },
    "price_imp": {
        "avg": 0.0014398305078212178,
        "med": 0.0012120297102101963,
        "quart_1": 0.0006988764786639477,
        "quart_3": 0.0018905731079678263,
        "min": 1.864820311820404e-07,
        "max": 0.014688788281799123,
        "stdv": 0.0010802328391603753
    },
    "proc_cap_eff": {
        "avg": 0.0010454312630202793,
        "med": 0.0007482604562274453,
        "quart_1": 0.0003806859696477427,
        "quart_3": 0.001299415007235294,
        "min": 9.692704527886065e-09,
        "max": 0.030789117008413802,
        "stdv": 0.001287419332019866
    },
    "proc_imp_gain": {
        "avg": 0.0008721384109395307,
        "med": 0.0004945629467827395,
        "quart_1": 0.00016470025288262136,
        "quart_3": 0.0012307510160527446,
        "min": 1.5543122344752192e-15,
        "max": 0.009118489063479007,
        "stdv": 0.0010255673017320632
    },
    "proc_imp_loss": {
        "avg": 0.0012207430912927776,
        "med": 0.0008930087727127001,
        "quart_1": 0.0003771637610442413,
        "quart_3": 0.001687991669289568,
        "min": 0.0,
        "max": 0.00921739369656216,
        "stdv": 0.001163904823867423
    },
    "proc_price_imp": {
        "avg": 0.0014352948179952585,
        "med": 0.0012115295277325996,
        "quart_1": 0.0006985458133411675,
        "quart_3": 0.0018889063548928756,
        "min": 1.864820311820404e-07,
        "max": 0.00926006399927846,
        "stdv": 0.001060567399605762
    }
}