{
    "cap_eff": {
        "avg": 0.00257289725062846,
        "med": 0.002179110201617873,
        "quart_1": 0.0013003650193555982,
        "quart_3": 0.0033520163960539806,
        "min": 6.314782874383695e-08,
        "max": 0.027459870885715443,
        "stdv": 0.0018961720326126348
    },
    "imp_gain": {
        "avg": 0.00218475620979421,
        "med": 0.0011967287147178762,
        "quart_1": 0.00038852368017971983,
        "quart_3": 0.003094276073282609,
        "min": 2.220446049250313e-16,
        "max": 0.05195940546672184,
        "stdv": 0.0026655785141492423
    },
    "imp_loss": {
        "avg": 0.0012606710848650684,
        "med": 0.0004905298035066119,
        "quart_1": 0.0,
        "quart_3": 0.001900900266139205,
        "min": 0.0,
        "max": 0.03249584969918928,
        "stdv": 0.001788907471122988
    },
    "price_imp": {
        "avg": 0.004151812375763712,
        "med": 0.0037448926190168817,
        "quart_1": 0.0023447357246411736,
        "quart_3": 0.005423896483652077,
        "min": 2.2453335869953365e-08,
        "max": 0.029858729042115728,
        "stdv": 0.0025241265903177736
    },
    "proc_cap_eff": {
        "avg": 0.0025645657745198606,
        "med": 0.0021782940363824776,
        "quart_1": 0.0012996412658824452,
        "quart_3": 0.003348775168712348,
        "min": 6.314782874383695e-08,
        "max": 0.016257910138697373,
        "stdv": 0.0018575690674794078
    },
    "proc_imp_gain": {
        "avg": 0.0021733191302129615,
        "med": 0.0011953117907355093,
        "quart_1": 0.00038845016692290457,
        "quart_3": 0.0030920034757524473,
        "min": 2.220446049250313e-16,
        "max": 0.021783923614337564,
        "stdv": 0.0026150958349792828
    },
    "proc_imp_loss": {
        "avg": 0.0012528210234085267,
        "med": 0.0004897127865568507,
        "quart_1": 0.0,
        "quart_3": 0.001896523463876143,
        "min": 0.0,
        "max": 0.014437603092562146,
        "stdv": 0.001753479826001467
    },
    "proc_price_imp": {
        "avg": 0.004143455029271112,
        "med": 0.0037436571783122994,
        "quart_1": 0.0023440146253226237,
        "quart_3": 0.0054199226371486765,
        "min": 2.2453335869953365e-08,
        "max": 0.01839853393145715,
        "stdv": 0.002495706681524014
    }
}