{
    "cap_eff": {
        "avg": 0.0012899360037329703,
        "med": 0.0010918254858434118,
        "quart_1": 0.0006511244425213558,
        "quart_3": 0.0016809402603764623,
        "min": 2.0812095646860485e-07,
        "max": 0.013829770299969013,
        "stdv": 0.0009520144566934694
    },
    "imp_gain": {
        "avg": 0.0021619289906480493,
        "med": 0.0011531117462397766,
        "quart_1": 0.0003730641753354469,
        "quart_3": 0.003078647617840158,
        "min": 2.220446049250313e-16,
        "max": 0.051846896999290015,
        "stdv": 0.0026594071406655473
    },
    "imp_loss": {
        "avg": 0.001265638223700716,
        "med": 0.00048941408803993,
        "quart_1": 0.0,
        "quart_3": 0.00191009293603972,
        "min": 0.0,
        "max": 0.03271979525246593,
        "stdv": 0.0017959310637947732
    },
    "price_imp": {
        "avg": 0.002082327304998355,
        "med": 0.0018772522564665282,
        "quart_1": 0.0011745740793466916,
        "quart_3": 0.002719600546097248,
        "min": 4.765727314511937e-09,
        "max": 0.015042519600490998,
        "stdv": 0.0012684737560393566
    },
    "proc_cap_eff": {
        "avg": 0.001285724784848063,
        "med": 0.001091323590369786,
        "quart_1": 0.000650887737547845,
        "quart_3": 0.0016797284727326778,
        "min": 2.0812095646860485e-07,
        "max": 0.00818762747267332,
        "stdv": 0.0009323737653162747
    },
    "proc_imp_gain": {
        "avg": 0.002150525024521186,
        "med": 0.0011518034272293143,
        "quart_1": 0.0003727180329740065,
        "quart_3": 0.0030729140268737076,
        "min": 2.220446049250313e-16,
        "max": 0.021660782279688595,
        "stdv": 0.0026091106880945856
    },
    "proc_imp_loss": {
        "avg": 0.0012577470034075596,
        "med": 0.0004888203434636473,
        "quart_1": 0.0,
        "quart_3": 0.0019055033062534976,
        "min": 0.0,
        "max": 0.0144711030923248,
        "stdv": 0.0017602576857378525
    },
    "proc_price_imp": {
        "avg": 0.0020781192642421588,
        "med": 0.0018764731855305118,
        "quart_1": 0.0011740436117343555,
        "quart_3": 0.0027180894311009322,
        "min": 4.765727314511937e-09,
        "max": 0.009244269803540978,
        "stdv": 0.0012541299767671933
    }
}