{
    "cap_eff": {
        "avg": 3.6036257537223795e-14,
        "med": 1.354472090042691e-14,
        "quart_1": 4.773959005888173e-15,
        "quart_3": 2.6867397195928788e-14,
        "min": 0.0,
        "max": 2.472632099070893e-10,
        "stdv": 1.1850466996875864e-12
    },
    "imp_gain": {
        "avg": 1.251562434315574,
        "med": 0.18279157040561222,
        "quart_1": 0.055870381578186024,
        "quart_3": 1.06376470290187,
        "min": 1.0289163414611835e-06,
        "max": 37.3730808314867,
        "stdv": 3.159570480432039
    },
    "imp_loss": {
        "avg": 0.29616832428335527,
        "med": 0.08081729343523913,
        "quart_1": 0.0,
        "quart_3": 0.4523896901365714,
        "min": 0.0,
        "max": 0.999999811842223,
        "stdv": 0.3927338294777118
    },
    "price_imp": {
        "avg": 3.603520002381327e-14,
        "med": 1.353776371633782e-14,
        "quart_1": 4.766977404609989e-15,
        "quart_3": 2.6803625142148198e-14,
        "min": 0.0,
        "max": 2.4726325925654147e-10,
        "stdv": 1.1850468775469563e-12
    },
    "proc_cap_eff": {
        "avg": 2.5895114211750738e-14,
        "med": 1.354472090042691e-14,
        "quart_1": 4.773959005888173e-15,
        "quart_3": 2.6867397195928788e-14,
        "min": 0.0,
        "max": 3.476108290101365e-12,
        "stdv": 8.447438330464572e-14
    },
    "proc_imp_gain": {
        "avg": 1.236052768438499,
        "med": 0.18263787363798567,
        "quart_1": 0.055859777172134084,
        "quart_3": 1.0568497231373368,
        "min": 1.0289163414611835e-06,
        "max": 29.01147265249383,
        "stdv": 3.0829029936614933
    },
    "proc_imp_loss": {
        "avg": 0.2958165526427774,
        "med": 0.08064354305539834,
        "quart_1": 0.0,
        "quart_3": 0.4502824425580617,
        "min": 0.0,
        "max": 0.9999925462221004,
        "stdv": 0.3925165457206496
    },
    "proc_price_imp": {
        "avg": 2.5894061899052554e-14,
        "med": 1.3526637859038096e-14,
        "quart_1": 4.763996170192872e-15,
        "quart_3": 2.677211372326107e-14,
        "min": 0.0,
        "max": 3.476011420629111e-12,
        "stdv": 8.447450925575059e-14
    }
}