{
    "cap_eff": {
        "avg": 0.017970771371497753,
        "med": 0.003136219116445682,
        "quart_1": 0.0014620994275154064,
        "quart_3": 0.006019881392099524,
        "min": 1.542447596314389e-07,
        "max": 0.9028989931337561,
        "stdv": 0.09283810901400498
    },
    "imp_gain": {
        "avg": 0.0005947008413642596,
        "med": 0.0005947008413642596,
        "quart_1": 0.0005947008413642596,
        "quart_3": 0.0005947008413642596,
        "min": 0.0005947008413642596,
        "max": 0.0005947008413642596,
        "stdv": 0.0
    },
    "imp_loss": {
        "avg": 0.5330268941234819,
        "med": 0.5392187706265605,
        "quart_1": 0.4568276553820778,
        "quart_3": 0.6507282247444658,
        "min": 0.0,
        "max": 0.7701591150494562,
        "stdv": 0.14243712268714792
    },
    "price_imp": {
        "avg": 0.005711164259878426,
        "med": 0.004991869323956223,
        "quart_1": 0.0029147912210100873,
        "quart_3": 0.007540250143965724,
        "min": 3.839657798883711e-07,
        "max": 0.07521025148076248,
        "stdv": 0.004093408115408978
    },
    "proc_cap_eff": {
        "avg": 0.01753338238730007,
        "med": 0.0031334126107024907,
        "quart_1": 0.0014613801470472199,
        "quart_3": 0.006009941080393322,
        "min": 1.542447596314389e-07,
        "max": 0.8948877966388437,
        "stdv": 0.09076097907613002
    },
    "proc_imp_gain": {
        "avg": 0.0005947008413642596,
        "med": 0.0005947008413642596,
        "quart_1": 0.0005947008413642596,
        "quart_3": 0.0005947008413642596,
        "min": 0.0005947008413642596,
        "max": 0.0005947008413642596,
        "stdv": 0.0
    },
    "proc_imp_loss": {
        "avg": 0.5332911259599992,
        "med": 0.5393281672177676,
        "quart_1": 0.45689796603281474,
        "quart_3": 0.6507702109856687,
        "min": 0.005856710085775041,
        "max": 0.7701591150494562,
        "stdv": 0.14197973212253553
    },
    "proc_price_imp": {
        "avg": 0.00569235779906534,
        "med": 0.004989891939996995,
        "quart_1": 0.002914089694481263,
        "quart_3": 0.0075354065853101655,
        "min": 3.839657798883711e-07,
        "max": 0.0377625417454546,
        "stdv": 0.004003401388944079
    }
}