{
    "cap_eff": {
        "avg": 0.0248306756814965,
        "med": 0.00015235537835767143,
        "quart_1": 7.647785490599857e-05,
        "quart_3": 0.00028352168410678,
        "min": 2.9702965642641743e-09,
        "max": 310.48080106070313,
        "stdv": 1.4252926767550567
    },
    "imp_gain": {
        "avg": 0.0005942032039518708,
        "med": 0.0005942032039518708,
        "quart_1": 0.0005942032039518708,
        "quart_3": 0.0005942032039518708,
        "min": 0.0005942032039518708,
        "max": 0.0005942032039518708,
        "stdv": 0.0
    },
    "imp_loss": {
        "avg": 0.5683821312521014,
        "med": 0.5272559538164668,
        "quart_1": 0.4918071403417712,
        "quart_3": 0.6712982989941767,
        "min": 0.0,
        "max": 0.895420561094211,
        "stdv": 0.13992722175313815
    },
    "price_imp": {
        "avg": 0.05080012226919084,
        "med": 0.0002378644569220535,
        "quart_1": 0.00014536484935788533,
        "quart_3": 0.00035650297831612675,
        "min": 6.618041471750302e-09,
        "max": 587.5239018485282,
        "stdv": 3.377609441650986
    },
    "proc_cap_eff": {
        "avg": 0.015337263179421207,
        "med": 0.00015226457923200876,
        "quart_1": 7.644601856626743e-05,
        "quart_3": 0.0002832225217737072,
        "min": 2.9702965642641743e-09,
        "max": 0.9121377550499494,
        "stdv": 0.09160460646085401
    },
    "proc_imp_gain": {
        "avg": 0.0005942032039518708,
        "med": 0.0005942032039518708,
        "quart_1": 0.0005942032039518708,
        "quart_3": 0.0005942032039518708,
        "min": 0.0005942032039518708,
        "max": 0.0005942032039518708,
        "stdv": 0.0
    },
    "proc_imp_loss": {
        "avg": 0.5686639220949113,
        "med": 0.5273466754284378,
        "quart_1": 0.49186100790108334,
        "quart_3": 0.6714145949310033,
        "min": 0.005799366385406235,
        "max": 0.895420561094211,
        "stdv": 0.13939129227558222
    },
    "proc_price_imp": {
        "avg": 0.0012520737407337255,
        "med": 0.00023774669086387723,
        "quart_1": 0.00014530090309237918,
        "quart_3": 0.0003562468613819735,
        "min": 6.618041471750302e-09,
        "max": 3.9976874501364295,
        "stdv": 0.042271755018264336
    }
}