{
    "cap_eff": {
        "avg": 0.04250933228878413,
        "med": 0.0020335744299500025,
        "quart_1": 0.0012962668050493509,
        "quart_3": 0.0031786197446002085,
        "min": 9.901608066797962e-08,
        "max": 295.10451071447574,
        "stdv": 1.8285853991127945
    },
    "imp_gain": {
        "avg": 2.969429557344024,
        "med": 0.0017014024297179464,
        "quart_1": 6.104352994906748e-05,
        "quart_3": 1.414139972644696,
        "min": 2.220446049250313e-16,
        "max": 121.94304420187753,
        "stdv": 8.98781468866632
    },
    "imp_loss": {
        "avg": 0.193144869875127,
        "med": 7.761497774028125e-05,
        "quart_1": 0.0,
        "quart_3": 0.005717308357431783,
        "min": 0.0,
        "max": 0.9745605241455237,
        "stdv": 0.34863943988374135
    },
    "price_imp": {
        "avg": 0.12275605608092795,
        "med": 0.003691228792870342,
        "quart_1": 0.0025024045620713566,
        "quart_3": 0.0051179635894743605,
        "min": 1.8171801365175703e-07,
        "max": 225.99479054124805,
        "stdv": 2.550285447174698
    },
    "proc_cap_eff": {
        "avg": 0.02651663397582104,
        "med": 0.0020328417908808127,
        "quart_1": 0.0012960778099933012,
        "quart_3": 0.0031760816075607767,
        "min": 9.901608066797962e-08,
        "max": 7.062755848472138,
        "stdv": 0.18722245244410157
    },
    "proc_imp_gain": {
        "avg": 2.918798614003486,
        "med": 0.0016967535157086377,
        "quart_1": 6.0973890980919876e-05,
        "quart_3": 1.4042897738860898,
        "min": 2.220446049250313e-16,
        "max": 99.5777054097485,
        "stdv": 8.699634647614438
    },
    "proc_imp_loss": {
        "avg": 0.19276123496859449,
        "med": 7.744593152325674e-05,
        "quart_1": 0.0,
        "quart_3": 0.005666725244758308,
        "min": 0.0,
        "max": 0.9584732335704871,
        "stdv": 0.3483041934403
    },
    "proc_price_imp": {
        "avg": 0.0779544600353272,
        "med": 0.0036901608496074222,
        "quart_1": 0.0025016511377731446,
        "quart_3": 0.005115141053100558,
        "min": 1.8171801365175703e-07,
        "max": 48.35346106707741,
        "stdv": 1.2338830776895777
    }
}