{
    "cap_eff": {
        "avg": 0.0018620910383941257,
        "med": 0.001533072990407669,
        "quart_1": 0.0008197234846174517,
        "quart_3": 0.0025132360172701596,
        "min": 6.162979848678418e-08,
        "max": 0.0161543904553052,
        "stdv": 0.0014685144293529611
    },
    "imp_gain": {
        "avg": 0.03818841867092437,
        "med": 0.03086593570979468,
        "quart_1": 0.012016564366690075,
        "quart_3": 0.06389044437164915,
        "min": 2.220446049250313e-16,
        "max": 0.10927672694696011,
        "stdv": 0.028608101639333906
    },
    "imp_loss": {
        "avg": 0.04016876142114614,
        "med": 0.028274219019993052,
        "quart_1": 0.013363068095968766,
        "quart_3": 0.05739127014515766,
        "min": 0.0,
        "max": 0.16805471713556064,
        "stdv": 0.03635109652793397
    },
    "price_imp": {
        "avg": 0.002625917253845593,
        "med": 0.002394064175278162,
        "quart_1": 0.0015885125988609277,
        "quart_3": 0.003304943820960481,
        "min": 6.554669571599213e-07,
        "max": 0.02112526437364712,
        "stdv": 0.0015860793659475136
    },
    "proc_cap_eff": {
        "avg": 0.001856589621207756,
        "med": 0.001532534999133639,
        "quart_1": 0.0008193173377298857,
        "quart_3": 0.0025108332205300843,
        "min": 6.162979848678418e-08,
        "max": 0.011377638287958791,
        "stdv": 0.0014478784905010244
    },
    "proc_imp_gain": {
        "avg": 0.038154418580698936,
        "med": 0.030844216863652463,
        "quart_1": 0.012010581786046748,
        "quart_3": 0.06386808191795423,
        "min": 2.220446049250313e-16,
        "max": 0.10522062639863572,
        "stdv": 0.028574570896952797
    },
    "proc_imp_loss": {
        "avg": 0.04010580968567931,
        "med": 0.028263317208744088,
        "quart_1": 0.013351699534617012,
        "quart_3": 0.05736569469863484,
        "min": 0.0,
        "max": 0.16526325547269427,
        "stdv": 0.03625089020047303
    },
    "proc_price_imp": {
        "avg": 0.0026200028681432194,
        "med": 0.0023931539603516887,
        "quart_1": 0.0015881573457541712,
        "quart_3": 0.0033024440778671436,
        "min": 6.554669571599213e-07,
        "max": 0.01281167031272148,
        "stdv": 0.0015638949381814279
    }
}