{
    "cap_eff": {
        "avg": 1.0525552557469579e-13,
        "med": 4.551914400963142e-14,
        "quart_1": 2.0872192862952943e-14,
        "quart_3": 8.504308368628699e-14,
        "min": 0.0,
        "max": 2.6927327034798054e-10,
        "stdv": 1.3848096399390196e-12
    },
    "imp_gain": {
        "avg": 0.11882383799435091,
        "med": 0.11004454143147724,
        "quart_1": 0.06812030908425282,
        "quart_3": 0.17507936206241093,
        "min": 1.0253889995981424e-05,
        "max": 0.2692719826968353,
        "stdv": 0.06567484521465225
    },
    "imp_loss": {
        "avg": 0.129807231982569,
        "med": 0.1055385069973156,
        "quart_1": 0.06089392020300721,
        "quart_3": 0.20059953114957885,
        "min": 0.0,
        "max": 0.4056507341390383,
        "stdv": 0.08893561990748991
    },
    "price_imp": {
        "avg": 1.0525558041750242e-13,
        "med": 4.5498877492015736e-14,
        "quart_1": 2.0880920046118314e-14,
        "quart_3": 8.508251680930498e-14,
        "min": 0.0,
        "max": 2.692732422021568e-10,
        "stdv": 1.3848095188116867e-12
    },
    "proc_cap_eff": {
        "avg": 8.717326733885444e-14,
        "med": 4.551914400963142e-14,
        "quart_1": 2.0872192862952943e-14,
        "quart_3": 8.504308368628699e-14,
        "min": 0.0,
        "max": 1.1681988709710822e-11,
        "stdv": 2.944243363002951e-13
    },
    "proc_imp_gain": {
        "avg": 0.11875098344108433,
        "med": 0.11000872587857469,
        "quart_1": 0.06808851599495869,
        "quart_3": 0.17502734797325847,
        "min": 1.0253889995981424e-05,
        "max": 0.26305254474822304,
        "stdv": 0.06561038878152595
    },
    "proc_imp_loss": {
        "avg": 0.12967134720277615,
        "med": 0.10546736127740697,
        "quart_1": 0.06088681994312117,
        "quart_3": 0.20038644129018157,
        "min": 0.0,
        "max": 0.40115276901473695,
        "stdv": 0.08874907217602016
    },
    "proc_price_imp": {
        "avg": 8.717332778990442e-14,
        "med": 4.547016116919082e-14,
        "quart_1": 2.0866245158604777e-14,
        "quart_3": 8.501375657417998e-14,
        "min": 0.0,
        "max": 1.1681902627485473e-11,
        "stdv": 2.9442454835329476e-13
    }
}