{
    "cap_eff": {
        "avg": 9.276614545634883e-05,
        "med": 7.069190714303897e-05,
        "quart_1": 3.754251787491114e-05,
        "quart_3": 0.00011445485977756853,
        "min": 8.879862400945626e-10,
        "max": 0.41359947058662505,
        "stdv": 0.0014147355153625476
    },
    "imp_gain": {
        "avg": 0.0008392266993290278,
        "med": 0.0005215833789278257,
        "quart_1": 0.00015604133270152865,
        "quart_3": 0.0012445727069834156,
        "min": 2.731148640577885e-14,
        "max": 0.01278786525608755,
        "stdv": 0.0009153952745652285
    },
    "imp_loss": {
        "avg": 0.0008459914528825542,
        "med": 0.0005329993029050684,
        "quart_1": 0.00016237094153825904,
        "quart_3": 0.0012470826200827734,
        "min": 0.0,
        "max": 0.010400023172753903,
        "stdv": 0.0009153348039193947
    },
    "price_imp": {
        "avg": 0.00013599287813306107,
        "med": 0.00011711059351290044,
        "quart_1": 7.621601280103026e-05,
        "quart_3": 0.00016192944801711562,
        "min": 0.0,
        "max": 0.7142857142857143,
        "stdv": 0.002313732389560753
    },
    "proc_cap_eff": {
        "avg": 8.531005310486844e-05,
        "med": 7.065051501864428e-05,
        "quart_1": 3.7520238052479726e-05,
        "quart_3": 0.00011435426928024794,
        "min": 8.879862400945626e-10,
        "max": 0.0006341316084801374,
        "stdv": 6.77404501243946e-05
    },
    "proc_imp_gain": {
        "avg": 0.0008359599097640375,
        "med": 0.000521060163801712,
        "quart_1": 0.00015595195978956866,
        "quart_3": 0.001243290064609992,
        "min": 2.731148640577885e-14,
        "max": 0.0065630746838389875,
        "stdv": 0.0009036091037332097
    },
    "proc_imp_loss": {
        "avg": 0.0008427681466590556,
        "med": 0.0005323651021622577,
        "quart_1": 0.00016228609071811118,
        "quart_3": 0.0012453852963625334,
        "min": 0.0,
        "max": 0.006550000507775544,
        "stdv": 0.0009039020409768272
    },
    "proc_price_imp": {
        "avg": 0.00012587931261362552,
        "med": 0.00011707486985294775,
        "quart_1": 7.619694130908385e-05,
        "quart_3": 0.00016184227245506067,
        "min": 0.0,
        "max": 0.000600047031647323,
        "stdv": 7.352143481015757e-05
    }
}