{
    "cap_eff": {
        "avg": 0.000246328869885378,
        "med": 0.0002131762189272468,
        "quart_1": 0.00013667380821413833,
        "quart_3": 0.0003136564396449826,
        "min": 2.6990857993069994e-08,
        "max": 0.001952121489223746,
        "stdv": 0.00016699548101523746
    },
    "imp_gain": {
        "avg": 0.0014345537204598236,
        "med": 0.0003896724035370447,
        "quart_1": 8.517709245281502e-05,
        "quart_3": 0.002443059827787142,
        "min": 2.220446049250313e-16,
        "max": 0.021769483591012273,
        "stdv": 0.0018294234430986573
    },
    "imp_loss": {
        "avg": 0.0011151137772964052,
        "med": 0.0001425264880435817,
        "quart_1": 0.0,
        "quart_3": 0.0018912881752561894,
        "min": 0.0,
        "max": 0.020108417414817392,
        "stdv": 0.0017123651410114443
    },
    "price_imp": {
        "avg": 0.00039440460563936326,
        "med": 0.0003764726106922716,
        "quart_1": 0.00026015007287175963,
        "quart_3": 0.0005012101608928975,
        "min": 9.831652405911663e-08,
        "max": 0.002133060270057606,
        "stdv": 0.00019753752958145043
    },
    "proc_cap_eff": {
        "avg": 0.0002457413789690432,
        "med": 0.00021309753774750861,
        "quart_1": 0.0001366551189463383,
        "quart_3": 0.00031347428744321615,
        "min": 2.6990857993069994e-08,
        "max": 0.001287976472486907,
        "stdv": 0.00016488418411320096
    },
    "proc_imp_gain": {
        "avg": 0.0014284566586570814,
        "med": 0.00038867605852632714,
        "quart_1": 8.509278984503155e-05,
        "quart_3": 0.0024401428186977547,
        "min": 2.220446049250313e-16,
        "max": 0.012204843494509898,
        "stdv": 0.0018091883592522777
    },
    "proc_imp_loss": {
        "avg": 0.0011090652568754543,
        "med": 0.00014229393711695515,
        "quart_1": 0.0,
        "quart_3": 0.0018886244010013487,
        "min": 0.0,
        "max": 0.011781623007000808,
        "stdv": 0.0016910074925246172
    },
    "proc_price_imp": {
        "avg": 0.00039380006548955847,
        "med": 0.0003763635372715247,
        "quart_1": 0.0002600571175588887,
        "quart_3": 0.0005010422601446726,
        "min": 9.831652405911663e-08,
        "max": 0.0014857931728740077,
        "stdv": 0.00019566740960834446
    }
}