{
    "cap_eff": {
        "avg": 0.001229692374296532,
        "med": 0.0010642821582609319,
        "quart_1": 0.0006831873032127067,
        "quart_3": 0.001565637137012743,
        "min": 2.5495523026108913e-08,
        "max": 0.009722012593984974,
        "stdv": 0.0008328595275064464
    },
    "imp_gain": {
        "avg": 0.001438446213857801,
        "med": 0.00039806057862556976,
        "quart_1": 8.489915057463548e-05,
        "quart_3": 0.002448986917041207,
        "min": 2.220446049250313e-16,
        "max": 0.02176938481012236,
        "stdv": 0.0018304643776878024
    },
    "imp_loss": {
        "avg": 0.0011118662279668008,
        "med": 0.00014271373221452777,
        "quart_1": 0.0,
        "quart_3": 0.0018869935800668314,
        "min": 0.0,
        "max": 0.02002705287337503,
        "stdv": 0.001709404621998485
    },
    "price_imp": {
        "avg": 0.0019679855184473473,
        "med": 0.001878266994259948,
        "quart_1": 0.0012984379894788512,
        "quart_3": 0.002500282192451346,
        "min": 4.899216168216394e-07,
        "max": 0.010618914336065268,
        "stdv": 0.0009851782969100286
    },
    "proc_cap_eff": {
        "avg": 0.0012267749274139732,
        "med": 0.0010637976450426634,
        "quart_1": 0.0006829950206826974,
        "quart_3": 0.001564517301936963,
        "min": 2.5495523026108913e-08,
        "max": 0.006389753251391239,
        "stdv": 0.0008224177881883438
    },
    "proc_imp_gain": {
        "avg": 0.001432360805150414,
        "med": 0.0003965286474509888,
        "quart_1": 8.485052524220826e-05,
        "quart_3": 0.002446148900916434,
        "min": 2.220446049250313e-16,
        "max": 0.012198770805039505,
        "stdv": 0.001810306902185893
    },
    "proc_imp_loss": {
        "avg": 0.0011058344626988397,
        "med": 0.00014249728810467044,
        "quart_1": 0.0,
        "quart_3": 0.0018836266916404942,
        "min": 0.0,
        "max": 0.011763268044006514,
        "stdv": 0.00168814430309976
    },
    "proc_price_imp": {
        "avg": 0.0019649791555742414,
        "med": 0.0018775844282836961,
        "quart_1": 0.001298234975915107,
        "quart_3": 0.0024989719096000207,
        "min": 4.899216168216394e-07,
        "max": 0.007328858459409094,
        "stdv": 0.0009759047122833805
    }
}