{
    "cap_eff": {
        "avg": 0.016943931370368915,
        "med": 0.0005880726551026338,
        "quart_1": 0.0002838944946730315,
        "quart_3": 0.0010896981046409904,
        "min": 5.6097499867568956e-08,
        "max": 65.22992829225632,
        "stdv": 0.30385578771397614
    },
    "imp_gain": {
        "avg": 0.0003141354789412132,
        "med": 0.0003141354789412132,
        "quart_1": 0.0002678624229000004,
        "quart_3": 0.000360408534982426,
        "min": 0.0002678624229000004,
        "max": 0.000360408534982426,
        "stdv": 4.627305604121279e-05
    },
    "imp_loss": {
        "avg": 0.5466683782093101,
        "med": 0.5379029102680872,
        "quart_1": 0.5145186486632032,
        "quart_3": 0.5886110795449148,
        "min": 0.0,
        "max": 0.7983651130996754,
        "stdv": 0.09496979495191947
    },
    "price_imp": {
        "avg": 0.013259797926385196,
        "med": 0.0008061625037336418,
        "quart_1": 0.00047101668386544647,
        "quart_3": 0.0011759485159171786,
        "min": 6.513169605482225e-08,
        "max": 140.9881003937545,
        "stdv": 0.6804885862946756
    },
    "proc_cap_eff": {
        "avg": 0.014344012682492378,
        "med": 0.0005877008528034633,
        "quart_1": 0.00028381184532644266,
        "quart_3": 0.001088198423965292,
        "min": 5.6097499867568956e-08,
        "max": 0.8264163139342593,
        "stdv": 0.08201673775220958
    },
    "proc_imp_gain": {
        "avg": 0.0003141354789412132,
        "med": 0.0003141354789412132,
        "quart_1": 0.0002678624229000004,
        "quart_3": 0.000360408534982426,
        "min": 0.0002678624229000004,
        "max": 0.000360408534982426,
        "stdv": 4.627305604121279e-05
    },
    "proc_imp_loss": {
        "avg": 0.5469388549009875,
        "med": 0.5379171986152909,
        "quart_1": 0.5145857993070095,
        "quart_3": 0.5886385140590575,
        "min": 0.007523011338166463,
        "max": 0.7983651130996754,
        "stdv": 0.09421625016910833
    },
    "proc_price_imp": {
        "avg": 0.004362137263741226,
        "med": 0.000805859109300294,
        "quart_1": 0.0004707552291656147,
        "quart_3": 0.0011751357898416742,
        "min": 6.513169605482225e-08,
        "max": 4.854338679074969,
        "stdv": 0.0918699117053195
    }
}