{
    "cap_eff": {
        "avg": 0.03440129870191512,
        "med": 0.0019090743603009108,
        "quart_1": 0.001207003870341894,
        "quart_3": 0.003096475958392686,
        "min": 7.413646718745781e-08,
        "max": 180.33591545824535,
        "stdv": 0.7596767670617335
    },
    "imp_gain": {
        "avg": 4.999828173512222,
        "med": 0.5867232346311118,
        "quart_1": 0.00022914642563520715,
        "quart_3": 4.830371434034521,
        "min": 2.220446049250313e-16,
        "max": 234.62188861567768,
        "stdv": 12.370994557441216
    },
    "imp_loss": {
        "avg": 0.34050581932775326,
        "med": 0.001850193946945855,
        "quart_1": 0.0,
        "quart_3": 0.8372610030621217,
        "min": 0.0,
        "max": 0.9926492983988143,
        "stdv": 0.4139899955957972
    },
    "price_imp": {
        "avg": 0.10618944814825554,
        "med": 0.003420083534977196,
        "quart_1": 0.0022919293929598208,
        "quart_3": 0.004754313924264387,
        "min": 3.329402054650833e-07,
        "max": 216.31692103331895,
        "stdv": 2.374826013662008
    },
    "proc_cap_eff": {
        "avg": 0.02734585359701201,
        "med": 0.0019079324840383105,
        "quart_1": 0.001206758790811835,
        "quart_3": 0.003093649851510172,
        "min": 7.413646718745781e-08,
        "max": 4.527882355924644,
        "stdv": 0.1534190273981602
    },
    "proc_imp_gain": {
        "avg": 4.902176717082077,
        "med": 0.58217264313762,
        "quart_1": 0.00022875212400264022,
        "quart_3": 4.807019447051063,
        "min": 2.220446049250313e-16,
        "max": 187.32423778325656,
        "stdv": 11.574017249907897
    },
    "proc_imp_loss": {
        "avg": 0.34018124823318585,
        "med": 0.0018399393746949544,
        "quart_1": 0.0,
        "quart_3": 0.837247850892872,
        "min": 0.0,
        "max": 0.9846201018108676,
        "stdv": 0.4138388971430523
    },
    "proc_price_imp": {
        "avg": 0.06488414051511071,
        "med": 0.003419331298724553,
        "quart_1": 0.0022911546247863855,
        "quart_3": 0.004750867860359144,
        "min": 3.329402054650833e-07,
        "max": 41.837647981046466,
        "stdv": 0.9777670034969422
    }
}