{
    "cap_eff": {
        "avg": 0.04627395512607256,
        "med": 0.00019126867053242957,
        "quart_1": 0.00012093726373851865,
        "quart_3": 0.0003104888350640156,
        "min": 1.850130071368028e-08,
        "max": 1364.4632928605886,
        "stdv": 5.378742691000791
    },
    "imp_gain": {
        "avg": 4.167678030208301,
        "med": 0.7122595386888362,
        "quart_1": 0.00025770073677855443,
        "quart_3": 3.753482912774299,
        "min": 2.220446049250313e-16,
        "max": 189.43479257313783,
        "stdv": 10.67101460341002
    },
    "imp_loss": {
        "avg": 0.38060172104376633,
        "med": 0.0017734311856492102,
        "quart_1": 0.0,
        "quart_3": 0.9458819263822658,
        "min": 0.0,
        "max": 0.9995106315829149,
        "stdv": 0.46050359796828255
    },
    "price_imp": {
        "avg": 0.6006015812188462,
        "med": 0.0003439145442457938,
        "quart_1": 0.00023028843224486402,
        "quart_3": 0.00047924782129763925,
        "min": 2.8857999819773246e-08,
        "max": 1811.1993456856917,
        "stdv": 17.360334065167418
    },
    "proc_cap_eff": {
        "avg": 0.018751789635176704,
        "med": 0.00019117924549183485,
        "quart_1": 0.0001208846149479137,
        "quart_3": 0.0003101674483584893,
        "min": 1.850130071368028e-08,
        "max": 3.995574602101464,
        "stdv": 0.1276102903230399
    },
    "proc_imp_gain": {
        "avg": 4.090636298621237,
        "med": 0.7096941757890847,
        "quart_1": 0.00025737670572767435,
        "quart_3": 3.748037919817877,
        "min": 2.220446049250313e-16,
        "max": 149.04078976877733,
        "stdv": 10.09968258775945
    },
    "proc_imp_loss": {
        "avg": 0.38029222943957863,
        "med": 0.0017635300752281147,
        "quart_1": 0.0,
        "quart_3": 0.9457951464300928,
        "min": 0.0,
        "max": 0.9989441232432476,
        "stdv": 0.46041075894886874
    },
    "proc_price_imp": {
        "avg": 0.28820961955235425,
        "med": 0.00034380723691334,
        "quart_1": 0.0002302501794776963,
        "quart_3": 0.00047904596651091036,
        "min": 2.8857999819773246e-08,
        "max": 304.2251966351562,
        "stdv": 6.369700417907873
    }
}