{
    "cap_eff": {
        "avg": 0.026213933426144947,
        "med": 0.005515682198019123,
        "quart_1": 0.002010349062570471,
        "quart_3": 0.01151713332303772,
        "min": 1.204121036213479e-07,
        "max": 0.9471762996503019,
        "stdv": 0.11155881780164766
    },
    "imp_gain": {},
    "imp_loss": {
        "avg": 0.7280178865517776,
        "med": 0.7611133757776556,
        "quart_1": 0.7073030580830271,
        "quart_3": 0.8226022987369072,
        "min": 0.0,
        "max": 0.902247983470902,
        "stdv": 0.15443167117154172
    },
    "price_imp": {
        "avg": 0.010857897949788996,
        "med": 0.009006034296040714,
        "quart_1": 0.00424291172175057,
        "quart_3": 0.014805926117209992,
        "min": 3.1950669095749863e-07,
        "max": 0.14111064002412071,
        "stdv": 0.009289397232709386
    },
    "proc_cap_eff": {
        "avg": 0.025763737315192364,
        "med": 0.005509445260226176,
        "quart_1": 0.002008701176326122,
        "quart_3": 0.011502648533033621,
        "min": 1.204121036213479e-07,
        "max": 0.9376572099077362,
        "stdv": 0.10972528593820192
    },
    "proc_imp_gain": {},
    "proc_imp_loss": {
        "avg": 0.7283789288681035,
        "med": 0.7611611424484046,
        "quart_1": 0.7073656817810188,
        "quart_3": 0.8226251994763292,
        "min": 0.007234331105934633,
        "max": 0.902247983470902,
        "stdv": 0.1536207533929345
    },
    "proc_price_imp": {
        "avg": 0.010814710693624803,
        "med": 0.009002020054582435,
        "quart_1": 0.00424177599320062,
        "quart_3": 0.01479610199073678,
        "min": 3.1950669095749863e-07,
        "max": 0.08416558088982215,
        "stdv": 0.009078280191681472
    }
}