{
    "cap_eff": {
        "avg": 0.021312495567866952,
        "med": 0.0021239897536864394,
        "quart_1": 0.0010669228266325659,
        "quart_3": 0.004228030149869555,
        "min": 4.3487061751612544e-07,
        "max": 4.163981226751974,
        "stdv": 0.11667451459368325
    },
    "imp_gain": {},
    "imp_loss": {
        "avg": 0.6977590567041183,
        "med": 0.6969204340219535,
        "quart_1": 0.6785400644035766,
        "quart_3": 0.7590223825065234,
        "min": 0.0,
        "max": 0.8959959213976789,
        "stdv": 0.1220644600327534
    },
    "price_imp": {
        "avg": 0.005981925292745743,
        "med": 0.0016101962284664879,
        "quart_1": 0.0008528100859691955,
        "quart_3": 0.002566747964431802,
        "min": 3.387141861135705e-07,
        "max": 6.097871772230294,
        "stdv": 0.09024426057166567
    },
    "proc_cap_eff": {
        "avg": 0.020685313851297692,
        "med": 0.0021225943058752472,
        "quart_1": 0.0010665613983186217,
        "quart_3": 0.00422467627645684,
        "min": 4.3487061751612544e-07,
        "max": 0.9485458730740688,
        "stdv": 0.11192227368236049
    },
    "proc_imp_gain": {},
    "proc_imp_loss": {
        "avg": 0.6981062112696802,
        "med": 0.696947385242718,
        "quart_1": 0.6785663701583097,
        "quart_3": 0.7590540773965145,
        "min": 0.008387944676558012,
        "max": 0.8959959213976789,
        "stdv": 0.12110388220556133
    },
    "proc_price_imp": {
        "avg": 0.004312249153022387,
        "med": 0.0016093649189877369,
        "quart_1": 0.0008524487565683783,
        "quart_3": 0.002565514687136091,
        "min": 3.387141861135705e-07,
        "max": 2.062436476698611,
        "stdv": 0.04258301686092524
    }
}