{
    "cap_eff": {
        "avg": 0.020767967338414153,
        "med": 0.00018688760480800592,
        "quart_1": 8.807917077635619e-05,
        "quart_3": 0.0003938336752885574,
        "min": 1.021571094383944e-08,
        "max": 41.390162276819034,
        "stdv": 0.18877354722013406
    },
    "imp_gain": {},
    "imp_loss": {
        "avg": 0.678475682264728,
        "med": 0.6321126065328058,
        "quart_1": 0.5113699685120199,
        "quart_3": 0.8898387618501125,
        "min": 0.0,
        "max": 0.9910972444872179,
        "stdv": 0.19804390007385966
    },
    "price_imp": {
        "avg": 0.0007442625098645553,
        "med": 0.00027661109696589594,
        "quart_1": 0.00016072376307131229,
        "quart_3": 0.00046035992416600406,
        "min": 2.8847651800303502e-08,
        "max": 0.693962135281756,
        "stdv": 0.004789006038912779
    },
    "proc_cap_eff": {
        "avg": 0.019739883668656096,
        "med": 0.00018673896784709987,
        "quart_1": 8.800796929420152e-05,
        "quart_3": 0.00039353165479316665,
        "min": 1.021571094383944e-08,
        "max": 0.9628967862975715,
        "stdv": 0.10672119242248952
    },
    "proc_imp_gain": {},
    "proc_imp_loss": {
        "avg": 0.6788131794361836,
        "med": 0.6328348075097285,
        "quart_1": 0.511399562508729,
        "quart_3": 0.8898805319413771,
        "min": 0.008462359206614978,
        "max": 0.9910972444872179,
        "stdv": 0.1975175815118057
    },
    "proc_price_imp": {
        "avg": 0.0006795017827530673,
        "med": 0.0002764593330307351,
        "quart_1": 0.00016063987896028513,
        "quart_3": 0.00045999855018834745,
        "min": 2.8847651800303502e-08,
        "max": 0.07370048807947722,
        "stdv": 0.0029253879875074775
    }
}