{
    "cap_eff": {
        "avg": 0.0008067570431104166,
        "med": 0.0006615356272949291,
        "quart_1": 0.00035010463620066545,
        "quart_3": 0.0010774781991799154,
        "min": 2.9401647450022494e-08,
        "max": 0.09669954113725976,
        "stdv": 0.000767472537562107
    },
    "imp_gain": {
        "avg": 0.0007703082453161522,
        "med": 0.00045497693577600806,
        "quart_1": 0.00012978802824892277,
        "quart_3": 0.0011420884728197134,
        "min": 1.7763568394002505e-15,
        "max": 0.009405435830301956,
        "stdv": 0.0008696829366963597
    },
    "imp_loss": {
        "avg": 0.0008326480939285388,
        "med": 0.0005507977352868787,
        "quart_1": 0.00017929938657634814,
        "quart_3": 0.00121458803375174,
        "min": 0.0,
        "max": 0.009325939443778353,
        "stdv": 0.0008757918934415753
    },
    "price_imp": {
        "avg": 0.0011728834014232887,
        "med": 0.0010892396339973616,
        "quart_1": 0.0007048145566332093,
        "quart_3": 0.001507203555666272,
        "min": 0.0,
        "max": 0.007637495287360161,
        "stdv": 0.0006997601852720079
    },
    "proc_cap_eff": {
        "avg": 0.0008009780971618549,
        "med": 0.0006611294658896982,
        "quart_1": 0.0003499145723129815,
        "quart_3": 0.0010764690525066345,
        "min": 2.9401647450022494e-08,
        "max": 0.005379993934939709,
        "stdv": 0.0006368994875642759
    },
    "proc_imp_gain": {
        "avg": 0.0007670958892391173,
        "med": 0.00045453303375420084,
        "quart_1": 0.0001296363714169413,
        "quart_3": 0.0011408213454282556,
        "min": 1.7763568394002505e-15,
        "max": 0.006431389960447564,
        "stdv": 0.0008577564204554361
    },
    "proc_imp_loss": {
        "avg": 0.0008294965390296767,
        "med": 0.0005503076263239648,
        "quart_1": 0.00017913931650770376,
        "quart_3": 0.0012131745308672226,
        "min": 0.0,
        "max": 0.006427738259184745,
        "stdv": 0.0008644329451347681
    },
    "proc_price_imp": {
        "avg": 0.0011702885952039374,
        "med": 0.001088831657261387,
        "quart_1": 0.0007046292517789926,
        "quart_3": 0.001506476411441777,
        "min": 0.0,
        "max": 0.005739764246443272,
        "stdv": 0.0006901483592568182
    }
}