{
    "cap_eff": {
        "avg": 0.00023085043951754551,
        "med": 0.00019915211121834808,
        "quart_1": 0.00012662570653804162,
        "quart_3": 0.0002948401602187456,
        "min": 1.507786306920167e-08,
        "max": 0.0019479246740639056,
        "stdv": 0.00015790635311326658
    },
    "imp_gain": {
        "avg": 0.0014302125404892954,
        "med": 0.0005815958376012009,
        "quart_1": 0.00011015885548726345,
        "quart_3": 0.0023937521692820596,
        "min": 4.440892098500626e-16,
        "max": 0.021130593715579682,
        "stdv": 0.0017367505772778154
    },
    "imp_loss": {
        "avg": 0.0010163259447179324,
        "med": 0.0001192626297392696,
        "quart_1": 0.0,
        "quart_3": 0.0017049081029617552,
        "min": 0.0,
        "max": 0.021156614966458598,
        "stdv": 0.0015983241813330687
    },
    "price_imp": {
        "avg": 0.00036773462926322116,
        "med": 0.00035056409149370886,
        "quart_1": 0.00024162057323981812,
        "quart_3": 0.0004677580547680474,
        "min": 3.474765445070091e-08,
        "max": 0.0021560531277163095,
        "stdv": 0.00018585018193633787
    },
    "proc_cap_eff": {
        "avg": 0.00023028628496017442,
        "med": 0.00019909825113123558,
        "quart_1": 0.00012658449477609413,
        "quart_3": 0.00029462168080496287,
        "min": 1.507786306920167e-08,
        "max": 0.0012298499710572397,
        "stdv": 0.0001558388764655861
    },
    "proc_imp_gain": {
        "avg": 0.0014243299788195291,
        "med": 0.0005791470420764,
        "quart_1": 0.00011006247590783502,
        "quart_3": 0.002391001361117473,
        "min": 4.440892098500626e-16,
        "max": 0.011735276365728131,
        "stdv": 0.0017168207595095392
    },
    "proc_imp_loss": {
        "avg": 0.001010484027339535,
        "med": 0.00011902931982354925,
        "quart_1": 0.0,
        "quart_3": 0.001701987735867383,
        "min": 0.0,
        "max": 0.011110150493811699,
        "stdv": 0.001576899539373158
    },
    "proc_price_imp": {
        "avg": 0.0003671564624555915,
        "med": 0.00035045276426196666,
        "quart_1": 0.00024155720239051818,
        "quart_3": 0.00046758569852966555,
        "min": 3.474765445070091e-08,
        "max": 0.0013869426717598465,
        "stdv": 0.00018401830963516222
    }
}