{
    "cap_eff": {
        "avg": 0.009101033621505234,
        "med": 0.008158001433893391,
        "quart_1": 0.0046446811610385,
        "quart_3": 0.012208425712079363,
        "min": 2.5857265595341516e-07,
        "max": 0.06093752689634124,
        "stdv": 0.006214707754504682
    },
    "imp_gain": {
        "avg": 0.20849117918098367,
        "med": 0.16352473851616,
        "quart_1": 0.06926803804510828,
        "quart_3": 0.283489346974924,
        "min": 2.220446049250313e-16,
        "max": 1.0553798675254664,
        "stdv": 0.18427992840056087
    },
    "imp_loss": {
        "avg": 0.11133910391906425,
        "med": 0.07856305828536414,
        "quart_1": 0.0,
        "quart_3": 0.18353442267660536,
        "min": 0.0,
        "max": 0.5134719300311492,
        "stdv": 0.11711202586885941
    },
    "price_imp": {
        "avg": 0.011804620771550662,
        "med": 0.010043139183069767,
        "quart_1": 0.006427951969551997,
        "quart_3": 0.015584815557318561,
        "min": 3.7461964365257274e-07,
        "max": 0.06702532607132701,
        "stdv": 0.00757904749386688
    },
    "proc_cap_eff": {
        "avg": 0.009081357700133012,
        "med": 0.008154082992337885,
        "quart_1": 0.004642199435671124,
        "quart_3": 0.012200342265321795,
        "min": 2.5857265595341516e-07,
        "max": 0.04452167947739838,
        "stdv": 0.006151668242247258
    },
    "proc_imp_gain": {
        "avg": 0.20808167319308113,
        "med": 0.16340216978438415,
        "quart_1": 0.06923387066940156,
        "quart_3": 0.2831725357727679,
        "min": 2.220446049250313e-16,
        "max": 1.013332523809682,
        "stdv": 0.1834127663102786
    },
    "proc_imp_loss": {
        "avg": 0.11114184260129172,
        "med": 0.07847336112161996,
        "quart_1": 0.0,
        "quart_3": 0.18336468522085858,
        "min": 0.0,
        "max": 0.5023881668877346,
        "stdv": 0.11680859958895363
    },
    "proc_price_imp": {
        "avg": 0.0117824511553426,
        "med": 0.010038945614958066,
        "quart_1": 0.0064251650576076045,
        "quart_3": 0.015573300317008756,
        "min": 3.7461964365257274e-07,
        "max": 0.05195893168830184,
        "stdv": 0.0075139617080881614
    }
}