{
    "cap_eff": {
        "avg": 0.00013832352164016142,
        "med": 8.993745328012004e-05,
        "quart_1": 4.7083265069636226e-05,
        "quart_3": 0.0001536269650387334,
        "min": 4.5251224989328875e-10,
        "max": 0.8523124339117513,
        "stdv": 0.0027731374237255557
    },
    "imp_gain": {
        "avg": 0.001067698435685852,
        "med": 0.0006112996220433153,
        "quart_1": 0.00019075782948507758,
        "quart_3": 0.0015037870103917772,
        "min": 1.5987211554602254e-14,
        "max": 0.028048496339113438,
        "stdv": 0.0012849745985975256
    },
    "imp_loss": {
        "avg": 0.0012945723678057998,
        "med": 0.0008714753595281399,
        "quart_1": 0.00031485021897459387,
        "quart_3": 0.0018132122621167257,
        "min": 0.0,
        "max": 0.022367979225779044,
        "stdv": 0.0013770414521362268
    },
    "price_imp": {
        "avg": 0.00017340507020174861,
        "med": 0.00014031859552197207,
        "quart_1": 8.436093160072987e-05,
        "quart_3": 0.00021871111554108027,
        "min": 0.0,
        "max": 0.33333333333333326,
        "stdv": 0.0010617796305039898
    },
    "proc_cap_eff": {
        "avg": 0.00012300756087137773,
        "med": 8.989970654971202e-05,
        "quart_1": 4.7043624659737215e-05,
        "quart_3": 0.00015349433689887393,
        "min": 4.5251224989328875e-10,
        "max": 0.004087243912824778,
        "stdv": 0.0001481853242795149
    },
    "proc_imp_gain": {
        "avg": 0.0010615092831577537,
        "med": 0.0006108322032718494,
        "quart_1": 0.00019065204941637326,
        "quart_3": 0.0015017106671948444,
        "min": 1.5987211554602254e-14,
        "max": 0.011215444566827104,
        "stdv": 0.0012532822075982666
    },
    "proc_imp_loss": {
        "avg": 0.0012884950333294388,
        "med": 0.0008706957791682068,
        "quart_1": 0.0003145838219388297,
        "quart_3": 0.001811097746429291,
        "min": 0.0,
        "max": 0.011689038460097723,
        "stdv": 0.0013495493206302108
    },
    "proc_price_imp": {
        "avg": 0.0001694096318463209,
        "med": 0.00014023998862461176,
        "quart_1": 8.432637814853078e-05,
        "quart_3": 0.0002185672546539984,
        "min": 0.0,
        "max": 0.0011575709199687105,
        "stdv": 0.00012772175040174207
    }
}