{
    "cap_eff": {
        "avg": 0.0031341831587906274,
        "med": 0.0026215870272101593,
        "quart_1": 0.0016093221386732637,
        "quart_3": 0.004082246025789826,
        "min": 8.101796344917034e-08,
        "max": 0.035649797203618716,
        "stdv": 0.0022948695883833565
    },
    "imp_gain": {
        "avg": 0.002452547904571264,
        "med": 0.0013140070097243939,
        "quart_1": 0.0005081983931791711,
        "quart_3": 0.003310339533254103,
        "min": 2.220446049250313e-16,
        "max": 0.061579610562159326,
        "stdv": 0.0029846811569489195
    },
    "imp_loss": {
        "avg": 0.0014509363961521717,
        "med": 0.0004614048709291607,
        "quart_1": 0.0,
        "quart_3": 0.0022340831562512875,
        "min": 0.0,
        "max": 0.03868106331443799,
        "stdv": 0.002143223560002164
    },
    "price_imp": {
        "avg": 0.0050248799556843185,
        "med": 0.0044597081761097975,
        "quart_1": 0.0029522905317255826,
        "quart_3": 0.006423976396849389,
        "min": 2.974937633035604e-07,
        "max": 0.03961922132171273,
        "stdv": 0.003042731616366059
    },
    "proc_cap_eff": {
        "avg": 0.003123932476381388,
        "med": 0.0026204083995435834,
        "quart_1": 0.001608851094663466,
        "quart_3": 0.004078931344274173,
        "min": 8.101796344917034e-08,
        "max": 0.02047780397277199,
        "stdv": 0.0022467908822551936
    },
    "proc_imp_gain": {
        "avg": 0.002438492385771714,
        "med": 0.0013126813526485037,
        "quart_1": 0.0005079548314537163,
        "quart_3": 0.0033061694329232783,
        "min": 2.220446049250313e-16,
        "max": 0.02602981062031251,
        "stdv": 0.0029171497776597486
    },
    "proc_imp_loss": {
        "avg": 0.0014413540676288317,
        "med": 0.00046072485818227094,
        "quart_1": 0.0,
        "quart_3": 0.002229725226041257,
        "min": 0.0,
        "max": 0.01737403480861266,
        "stdv": 0.002099221416822027
    },
    "proc_price_imp": {
        "avg": 0.005014566386567314,
        "med": 0.004458070147084982,
        "quart_1": 0.0029514646471905308,
        "quart_3": 0.006419180288870337,
        "min": 2.974937633035604e-07,
        "max": 0.023494050383558163,
        "stdv": 0.0030069205753252923
    }
}