{
    "cap_eff": {
        "avg": 1.3760086974853242e-13,
        "med": 5.417888360170764e-14,
        "quart_1": 2.5091040356528538e-14,
        "quart_3": 1.021405182655144e-13,
        "min": 0.0,
        "max": 3.6895952959525857e-10,
        "stdv": 2.4485821743803715e-12
    },
    "imp_gain": {
        "avg": 0.09016260516881974,
        "med": 0.07773648056648685,
        "quart_1": 0.03160052743488406,
        "quart_3": 0.1380984817313221,
        "min": 1.3044907800630057e-06,
        "max": 0.2602028073500866,
        "stdv": 0.06904997924516752
    },
    "imp_loss": {
        "avg": 0.10648057922164024,
        "med": 0.1225066102104897,
        "quart_1": 0.032352701682156426,
        "quart_3": 0.16225677346291378,
        "min": 0.0,
        "max": 0.25569413288849385,
        "stdv": 0.06833599661041473
    },
    "price_imp": {
        "avg": 1.3760064831294438e-13,
        "med": 5.420449847769942e-14,
        "quart_1": 2.5040734971495243e-14,
        "quart_3": 1.0219850262281718e-13,
        "min": 0.0,
        "max": 3.689594197436348e-10,
        "stdv": 2.4485814132883282e-12
    },
    "proc_cap_eff": {
        "avg": 1.05296599270493e-13,
        "med": 5.417888360170764e-14,
        "quart_1": 2.5091040356528538e-14,
        "quart_3": 1.021405182655144e-13,
        "min": 0.0,
        "max": 1.6667778268697475e-11,
        "stdv": 3.8314319439105003e-13
    },
    "proc_imp_gain": {
        "avg": 0.090079104237702,
        "med": 0.07768044355020431,
        "quart_1": 0.03158568962980257,
        "quart_3": 0.13799240011484248,
        "min": 1.3044907800630057e-06,
        "max": 0.25750593284563594,
        "stdv": 0.06896525747226777
    },
    "proc_imp_loss": {
        "avg": 0.10640844827699264,
        "med": 0.12244043574074226,
        "quart_1": 0.03234306857302338,
        "quart_3": 0.1621959609325906,
        "min": 0.0,
        "max": 0.24865558356907402,
        "stdv": 0.06827684908157691
    },
    "proc_price_imp": {
        "avg": 1.0529638516058468e-13,
        "med": 5.4174314736849284e-14,
        "quart_1": 2.5025150729737867e-14,
        "quart_3": 1.0206997701651487e-13,
        "min": 0.0,
        "max": 1.6667705359003112e-11,
        "stdv": 3.831427382370189e-13
    }
}