{
    "cap_eff": {
        "avg": 0.0005264129516447907,
        "med": 0.00031156047518332564,
        "quart_1": 0.00015973089026410925,
        "quart_3": 0.0005414617156128676,
        "min": 1.273316585503892e-08,
        "max": 4.834490923377198,
        "stdv": 0.01544677597771751
    },
    "imp_gain": {
        "avg": 0.0007834360360478577,
        "med": 0.000450700912362878,
        "quart_1": 0.00015243224826888557,
        "quart_3": 0.0010886403718259885,
        "min": 3.1469296057906604e-09,
        "max": 0.015183016193709431,
        "stdv": 0.0009363724261117899
    },
    "imp_loss": {
        "avg": 0.0009824664659498317,
        "med": 0.0006858437837260478,
        "quart_1": 0.00032120746980113246,
        "quart_3": 0.0013496499679576113,
        "min": 0.0,
        "max": 0.015872780774938366,
        "stdv": 0.0009586967673745234
    },
    "price_imp": {
        "avg": 0.0006090998064712845,
        "med": 0.0004941883020644981,
        "quart_1": 0.0002909158970350915,
        "quart_3": 0.0008007424444899991,
        "min": 0.0,
        "max": 0.007831817541545863,
        "stdv": 0.0004698457153185486
    },
    "proc_cap_eff": {
        "avg": 0.00044657433775143894,
        "med": 0.0003113667677667742,
        "quart_1": 0.000159693412458084,
        "quart_3": 0.0005410230814310024,
        "min": 1.273316585503892e-08,
        "max": 0.017023897199117122,
        "stdv": 0.0006187888221166196
    },
    "proc_imp_gain": {
        "avg": 0.0007789220859235823,
        "med": 0.000450355162396443,
        "quart_1": 0.00015235590069195837,
        "quart_3": 0.0010873284661867544,
        "min": 3.1469296057906604e-09,
        "max": 0.008458586333247364,
        "stdv": 0.0009140034134619616
    },
    "proc_imp_loss": {
        "avg": 0.0009780788891790182,
        "med": 0.0006855541093598871,
        "quart_1": 0.00032102218909196845,
        "quart_3": 0.001347868490484072,
        "min": 0.0,
        "max": 0.007985598960566942,
        "stdv": 0.0009375473411926868
    },
    "proc_price_imp": {
        "avg": 0.000607039141227462,
        "med": 0.0004939539623812035,
        "quart_1": 0.0002908356855404569,
        "quart_3": 0.0008001464020771812,
        "min": 0.0,
        "max": 0.003949725810943796,
        "stdv": 0.00046020523361100813
    }
}