{
    "cap_eff": {
        "avg": 0.0014253200954021975,
        "med": 0.0009329426531604623,
        "quart_1": 0.0004789679318997764,
        "quart_3": 0.0016181687940297063,
        "min": 1.0628897539888271e-08,
        "max": 1.4339956936726228,
        "stdv": 0.007040960991327556
    },
    "imp_gain": {
        "avg": 0.0007878863698393281,
        "med": 0.00045069916930917664,
        "quart_1": 0.00015270313987159057,
        "quart_3": 0.0010960666429797872,
        "min": 1.9048047361636122e-08,
        "max": 0.014583350848514698,
        "stdv": 0.0009429953141855659
    },
    "imp_loss": {
        "avg": 0.000992902920067966,
        "med": 0.0006968006710489361,
        "quart_1": 0.00033194964980987063,
        "quart_3": 0.0013662503649071733,
        "min": 0.0,
        "max": 0.01532222911643577,
        "stdv": 0.000957032622277189
    },
    "price_imp": {
        "avg": 0.0018246876111375626,
        "med": 0.0014845011109645534,
        "quart_1": 0.0008761306382579478,
        "quart_3": 0.0023920577224540523,
        "min": 1.655984663767275e-08,
        "max": 0.020867436904796435,
        "stdv": 0.0014021331501584704
    },
    "proc_cap_eff": {
        "avg": 0.0013350936485968916,
        "med": 0.0009324147182986908,
        "quart_1": 0.00047874337543185597,
        "quart_3": 0.0016167239127042876,
        "min": 1.0628897539888271e-08,
        "max": 0.05188263781138347,
        "stdv": 0.0018448589233272408
    },
    "proc_imp_gain": {
        "avg": 0.0007834163555961415,
        "med": 0.0004501511521068924,
        "quart_1": 0.00015258137852303122,
        "quart_3": 0.0010947479051617304,
        "min": 1.9048047361636122e-08,
        "max": 0.008387842901688147,
        "stdv": 0.000921251756735284
    },
    "proc_imp_loss": {
        "avg": 0.0009885586964655088,
        "med": 0.0006964057865465056,
        "quart_1": 0.00033183087571464487,
        "quart_3": 0.0013648624306924484,
        "min": 0.0,
        "max": 0.0079352878238107,
        "stdv": 0.0009363522522870873
    },
    "proc_price_imp": {
        "avg": 0.0018186616995168599,
        "med": 0.001483931557877548,
        "quart_1": 0.0008758452791514483,
        "quart_3": 0.002390115689467019,
        "min": 1.655984663767275e-08,
        "max": 0.011782798234171816,
        "stdv": 0.0013748555773928444
    }
}