{
    "cap_eff": {
        "avg": 0.00010040161006189881,
        "med": 6.269501687583556e-05,
        "quart_1": 3.222191067131508e-05,
        "quart_3": 0.00010832666537596847,
        "min": 1.4895370492595816e-09,
        "max": 0.22775631444335476,
        "stdv": 0.0011024595781453433
    },
    "imp_gain": {
        "avg": 0.0007781543145972446,
        "med": 0.0004485323815968112,
        "quart_1": 0.0001497912316226202,
        "quart_3": 0.0010804328903053495,
        "min": 6.501708060824285e-09,
        "max": 0.015086471524413225,
        "stdv": 0.0009335299410653194
    },
    "imp_loss": {
        "avg": 0.0009573110992430367,
        "med": 0.0006577349675805366,
        "quart_1": 0.0002889362385258831,
        "quart_3": 0.0013213171180266325,
        "min": 0.0,
        "max": 0.01519469105359017,
        "stdv": 0.0009590889918003711
    },
    "price_imp": {
        "avg": 0.00012166646189560125,
        "med": 9.878086307456814e-05,
        "quart_1": 5.780485170019006e-05,
        "quart_3": 0.00016009782357507657,
        "min": 0.0,
        "max": 0.0014498551035344851,
        "stdv": 9.407719659753186e-05
    },
    "proc_cap_eff": {
        "avg": 8.950520844602814e-05,
        "med": 6.266155150808084e-05,
        "quart_1": 3.221186997115488e-05,
        "quart_3": 0.00010822123915188442,
        "min": 1.4895370492595816e-09,
        "max": 0.0033988357504588507,
        "stdv": 0.00012413486318193652
    },
    "proc_imp_gain": {
        "avg": 0.0007736222992773671,
        "med": 0.000448071522193505,
        "quart_1": 0.00014970142744674675,
        "quart_3": 0.0010784185692094272,
        "min": 6.501708060824285e-09,
        "max": 0.00847687072998382,
        "stdv": 0.0009108864528257824
    },
    "proc_imp_loss": {
        "avg": 0.0009529647393270552,
        "med": 0.0006573348584318905,
        "quart_1": 0.00028874863269123807,
        "quart_3": 0.0013194694281129515,
        "min": 0.0,
        "max": 0.008136825323871721,
        "stdv": 0.0009387370556637493
    },
    "proc_price_imp": {
        "avg": 0.00012125712525069052,
        "med": 9.873058547980342e-05,
        "quart_1": 5.778045060482329e-05,
        "quart_3": 0.00015996702986450324,
        "min": 0.0,
        "max": 0.0007813138841336011,
        "stdv": 9.223235205159203e-05
    }
}