{
    "cap_eff": {
        "avg": 0.002151312830597757,
        "med": 0.001819555274400031,
        "quart_1": 0.0010840348840498448,
        "quart_3": 0.002823077001870067,
        "min": 1.337200195017374e-08,
        "max": 0.02217643391526969,
        "stdv": 0.0015770600240589425
    },
    "imp_gain": {
        "avg": 0.0019020772478851907,
        "med": 0.0011311531646462925,
        "quart_1": 0.00045874444158156,
        "quart_3": 0.0025966256929739195,
        "min": 4.440892098500626e-16,
        "max": 0.03245377254051829,
        "stdv": 0.002174735387503254
    },
    "imp_loss": {
        "avg": 0.0010572628860272336,
        "med": 0.0005064956446194646,
        "quart_1": 0.0,
        "quart_3": 0.0014745514410693383,
        "min": 0.0,
        "max": 0.02486781118387016,
        "stdv": 0.0014756605034407276
    },
    "price_imp": {
        "avg": 0.0034710503884369153,
        "med": 0.003068113677503067,
        "quart_1": 0.0019555801222096887,
        "quart_3": 0.004558395166124711,
        "min": 2.4096777713967584e-07,
        "max": 0.021572453754560163,
        "stdv": 0.0021264393944117536
    },
    "proc_cap_eff": {
        "avg": 0.0021446556069526705,
        "med": 0.0018186736598185815,
        "quart_1": 0.0010837164984868197,
        "quart_3": 0.002821346051234186,
        "min": 1.337200195017374e-08,
        "max": 0.013664960388737102,
        "stdv": 0.00154765810289258
    },
    "proc_imp_gain": {
        "avg": 0.00189294589434795,
        "med": 0.0011304330821559905,
        "quart_1": 0.0004585268924091057,
        "quart_3": 0.0025919302499686214,
        "min": 4.440892098500626e-16,
        "max": 0.017435767739424346,
        "stdv": 0.002135796265359945
    },
    "proc_imp_loss": {
        "avg": 0.0010506624673695235,
        "med": 0.0005055960454212194,
        "quart_1": 0.0,
        "quart_3": 0.00147074908624234,
        "min": 0.0,
        "max": 0.012154834735070952,
        "stdv": 0.0014453268643027481
    },
    "proc_price_imp": {
        "avg": 0.003464341598416303,
        "med": 0.003066429793100698,
        "quart_1": 0.0019550749157866893,
        "quart_3": 0.004556317416191077,
        "min": 2.4096777713967584e-07,
        "max": 0.015428503273425905,
        "stdv": 0.0021050275299299417
    }
}