{
    "cap_eff": {
        "avg": 0.0010778435277726543,
        "med": 0.0009108316918668979,
        "quart_1": 0.0005423080462053642,
        "quart_3": 0.0014149214740908356,
        "min": 1.0002139427811585e-07,
        "max": 0.011151947865772005,
        "stdv": 0.0007913907469975183
    },
    "imp_gain": {
        "avg": 0.0019044507032124445,
        "med": 0.0011337806204840817,
        "quart_1": 0.00046229138199938014,
        "quart_3": 0.0025990580091863613,
        "min": 2.220446049250313e-16,
        "max": 0.032458941725889146,
        "stdv": 0.0021760743269204816
    },
    "imp_loss": {
        "avg": 0.0010582543635497615,
        "med": 0.0005043024129011142,
        "quart_1": 0.0,
        "quart_3": 0.0014777337825614412,
        "min": 0.0,
        "max": 0.025020825064806407,
        "stdv": 0.0014781520870673977
    },
    "price_imp": {
        "avg": 0.0017400443202959647,
        "med": 0.0015366292013162324,
        "quart_1": 0.0009795158336552247,
        "quart_3": 0.002285030670071786,
        "min": 1.208623159944691e-07,
        "max": 0.010861915357282025,
        "stdv": 0.0010678371706991593
    },
    "proc_cap_eff": {
        "avg": 0.0010744972162092603,
        "med": 0.0009105515212731174,
        "quart_1": 0.0005421643745920912,
        "quart_3": 0.0014135860916539844,
        "min": 1.0002139427811585e-07,
        "max": 0.0068562887615084556,
        "stdv": 0.0007765781504988975
    },
    "proc_imp_gain": {
        "avg": 0.0018953028293987228,
        "med": 0.0011324495933155987,
        "quart_1": 0.0004622913819991581,
        "quart_3": 0.0025944054641084957,
        "min": 2.220446049250313e-16,
        "max": 0.017470096395760804,
        "stdv": 0.002137030943704381
    },
    "proc_imp_loss": {
        "avg": 0.0010516278207616254,
        "med": 0.0005037482507551649,
        "quart_1": 0.0,
        "quart_3": 0.0014747307743721016,
        "min": 0.0,
        "max": 0.012204111958469155,
        "stdv": 0.0014476172956269858
    },
    "proc_price_imp": {
        "avg": 0.0017366708513498906,
        "med": 0.0015361245928079068,
        "quart_1": 0.0009792106789859739,
        "quart_3": 0.002283448831287311,
        "min": 1.208623159944691e-07,
        "max": 0.00774460480310083,
        "stdv": 0.001057054445176799
    }
}