{
    "cap_eff": {
        "avg": 0.026578235813074596,
        "med": 0.007294022652089227,
        "quart_1": 0.002543047217814176,
        "quart_3": 0.017203588730098085,
        "min": 3.7710024125559016e-07,
        "max": 0.940487429913222,
        "stdv": 0.10126616980420916
    },
    "imp_gain": {
        "avg": 0.0009975892249295033,
        "med": 0.0010183152786762406,
        "quart_1": 0.0008571224013891321,
        "quart_3": 0.0011173299947231374,
        "min": 0.0008571224013891321,
        "max": 0.0011173299947231374,
        "stdv": 0.00010723548817160377
    },
    "imp_loss": {
        "avg": 0.7735790132414609,
        "med": 0.8142508554546345,
        "quart_1": 0.7455771278087641,
        "quart_3": 0.8922486777925733,
        "min": 0.0,
        "max": 0.9529783629867427,
        "stdv": 0.1716775966565175
    },
    "price_imp": {
        "avg": 0.016239899019811547,
        "med": 0.011689854362480392,
        "quart_1": 0.005229664382972483,
        "quart_3": 0.021882802873523535,
        "min": 5.425281113379803e-07,
        "max": 0.3260878237744906,
        "stdv": 0.016164876277023132
    },
    "proc_cap_eff": {
        "avg": 0.026128366889793697,
        "med": 0.007288963388197012,
        "quart_1": 0.0025409343546823893,
        "quart_3": 0.0171758460369702,
        "min": 3.7710024125559016e-07,
        "max": 0.9251848769900055,
        "stdv": 0.09926347061910448
    },
    "proc_imp_gain": {
        "avg": 0.0009975892249295033,
        "med": 0.0010183152786762406,
        "quart_1": 0.0008571224013891321,
        "quart_3": 0.0011173299947231374,
        "min": 0.0008571224013891321,
        "max": 0.0011173299947231374,
        "stdv": 0.00010723548817160377
    },
    "proc_imp_loss": {
        "avg": 0.7739622482970747,
        "med": 0.8143113645902562,
        "quart_1": 0.7457157153220897,
        "quart_3": 0.8922834382940515,
        "min": 0.00931192351213428,
        "max": 0.9529783629867427,
        "stdv": 0.1708596133386092
    },
    "proc_price_imp": {
        "avg": 0.01616135871078772,
        "med": 0.011682694070955707,
        "quart_1": 0.005226088769560642,
        "quart_3": 0.021864509524095053,
        "min": 5.425281113379803e-07,
        "max": 0.14310870431381095,
        "stdv": 0.015760818346504942
    }
}