{
    "cap_eff": {
        "avg": 0.040410334216593936,
        "med": 0.0005680696342782454,
        "quart_1": 0.0002743027934309916,
        "quart_3": 0.0010461195804737367,
        "min": 1.3082754657389728e-08,
        "max": 521.2470432506564,
        "stdv": 3.0547571018671387
    },
    "imp_gain": {
        "avg": 0.0006489351354977746,
        "med": 0.0008567970364050659,
        "quart_1": 0.00012622734684852865,
        "quart_3": 0.001067711973693375,
        "min": 0.00012622734684852865,
        "max": 0.001117110686797984,
        "stdv": 0.0004348061592500624
    },
    "imp_loss": {
        "avg": 0.5499450718099699,
        "med": 0.518469885539143,
        "quart_1": 0.48330222296785086,
        "quart_3": 0.6314418047414927,
        "min": 0.0,
        "max": 0.8401725088438909,
        "stdv": 0.11726654907698804
    },
    "price_imp": {
        "avg": 0.0790890656369976,
        "med": 0.0007771966374464679,
        "quart_1": 0.00045213481570625556,
        "quart_3": 0.0011344892864505747,
        "min": 7.245881795559308e-08,
        "max": 661.1487347039555,
        "stdv": 4.460197816868107
    },
    "proc_cap_eff": {
        "avg": 0.01426464144703629,
        "med": 0.0005678447119668029,
        "quart_1": 0.0002741153772244931,
        "quart_3": 0.001044796481898258,
        "min": 1.3082754657389728e-08,
        "max": 0.9474502815515201,
        "stdv": 0.0852532342544568
    },
    "proc_imp_gain": {
        "avg": 0.0006489351354977746,
        "med": 0.0008567970364050659,
        "quart_1": 0.00012622734684852865,
        "quart_3": 0.001067711973693375,
        "min": 0.00012622734684852865,
        "max": 0.001117110686797984,
        "stdv": 0.0004348061592500624
    },
    "proc_imp_loss": {
        "avg": 0.5502172728050465,
        "med": 0.5184959774461022,
        "quart_1": 0.48333929587141433,
        "quart_3": 0.6316097291778304,
        "min": 0.006902710995819739,
        "max": 0.8401725088438909,
        "stdv": 0.11665914842861802
    },
    "proc_price_imp": {
        "avg": 0.012088248723807428,
        "med": 0.000776850364410536,
        "quart_1": 0.00045190589705097577,
        "quart_3": 0.0011338498514757113,
        "min": 7.245881795559308e-08,
        "max": 23.55701460363133,
        "stdv": 0.32499807745860837
    }
}