{
    "cap_eff": {
        "avg": 0.05015435998836419,
        "med": 0.0001563558373645635,
        "quart_1": 7.460278787946306e-05,
        "quart_3": 0.0003212428049081395,
        "min": 1.3308720681060038e-08,
        "max": 2155.044337845359,
        "stdv": 8.024954055851572
    },
    "imp_gain": {
        "avg": 0.0006485954617071243,
        "med": 0.0008567101637224628,
        "quart_1": 0.00012546324666473652,
        "quart_3": 0.001067670325741843,
        "min": 0.00012546324666473652,
        "max": 0.0011171559450176005,
        "stdv": 0.00043515319012662416
    },
    "imp_loss": {
        "avg": 0.6398214420210794,
        "med": 0.5317548539465997,
        "quart_1": 0.4772093704861462,
        "quart_3": 0.8556326989705624,
        "min": 0.0,
        "max": 0.9877350898622662,
        "stdv": 0.20145603681665025
    },
    "price_imp": {
        "avg": 0.1843211608899249,
        "med": 0.00022657838158305903,
        "quart_1": 0.00013553448140875483,
        "quart_3": 0.0003710671969928517,
        "min": 0.0,
        "max": 3098.8363381463364,
        "stdv": 18.565523441340016
    },
    "proc_cap_eff": {
        "avg": 0.015017700315747414,
        "med": 0.0001562781192536722,
        "quart_1": 7.451740211872337e-05,
        "quart_3": 0.0003208589078096402,
        "min": 1.3308720681060038e-08,
        "max": 0.9723151691619087,
        "stdv": 0.09514290968993254
    },
    "proc_imp_gain": {
        "avg": 0.0006485954617071243,
        "med": 0.0008567101637224628,
        "quart_1": 0.00012546324666473652,
        "quart_3": 0.001067670325741843,
        "min": 0.00012546324666473652,
        "max": 0.0011171559450176005,
        "stdv": 0.00043515319012662416
    },
    "proc_imp_loss": {
        "avg": 0.6401383774719777,
        "med": 0.5319464339088015,
        "quart_1": 0.47724274529248467,
        "quart_3": 0.8556888460246126,
        "min": 0.006900338532108696,
        "max": 0.9877350898622662,
        "stdv": 0.20100455420760321
    },
    "proc_price_imp": {
        "avg": 0.0006399871394913768,
        "med": 0.00022649642353501413,
        "quart_1": 0.00013550125522128164,
        "quart_3": 0.0003707245299050892,
        "min": 0.0,
        "max": 0.776685383540982,
        "stdv": 0.006062029215727511
    }
}