{
    "cap_eff": {
        "avg": 0.049114265546020636,
        "med": 0.0019080887441264016,
        "quart_1": 0.0012006472422382841,
        "quart_3": 0.003099078634330954,
        "min": 9.49575902353672e-08,
        "max": 149.06151770158831,
        "stdv": 0.9235030123522112
    },
    "imp_gain": {
        "avg": 7.564874164019817,
        "med": 0.6547629201560066,
        "quart_1": 0.0002004572474760824,
        "quart_3": 6.628367542320892,
        "min": 2.220446049250313e-16,
        "max": 303.28663383299545,
        "stdv": 18.74192175136753
    },
    "imp_loss": {
        "avg": 0.3437044913007566,
        "med": 0.0019996195523489524,
        "quart_1": 0.0,
        "quart_3": 0.8460744308249205,
        "min": 0.0,
        "max": 0.9958477358202555,
        "stdv": 0.41732050814038285
    },
    "price_imp": {
        "avg": 0.35384419724070487,
        "med": 0.0033964083678588615,
        "quart_1": 0.002282604035693172,
        "quart_3": 0.004758348731995555,
        "min": 1.8736379875993082e-07,
        "max": 804.5632545615194,
        "stdv": 8.717013427224217
    },
    "proc_cap_eff": {
        "avg": 0.03493865314020783,
        "med": 0.0019074057886773188,
        "quart_1": 0.00120014494513776,
        "quart_3": 0.0030947749905337885,
        "min": 9.49575902353672e-08,
        "max": 13.382256659098344,
        "stdv": 0.30678869026829975
    },
    "proc_imp_gain": {
        "avg": 7.432313082684675,
        "med": 0.6542627196935993,
        "quart_1": 0.00020029277772515286,
        "quart_3": 6.59383456406868,
        "min": 2.220446049250313e-16,
        "max": 245.76628994223051,
        "stdv": 17.78125529385963
    },
    "proc_imp_loss": {
        "avg": 0.3433789378955153,
        "med": 0.0019893592643038804,
        "quart_1": 0.0,
        "quart_3": 0.8460309388413402,
        "min": 0.0,
        "max": 0.9943620756537587,
        "stdv": 0.417170727209349
    },
    "proc_price_imp": {
        "avg": 0.19288151192733133,
        "med": 0.0033955672831441326,
        "quart_1": 0.002281799876060908,
        "quart_3": 0.004755129463806669,
        "min": 1.8736379875993082e-07,
        "max": 138.86899311000508,
        "stdv": 3.3139364225486903
    }
}