{
    "capital efficiency": {
        "better": {
            "raw": {
                "avg": 0.9851712057921512,
                "med": 0.9855489001840995,
                "quart_1": 0.9791137659338036,
                "quart_3": 0.9931648180147817,
                "min": 0.9221281401164193,
                "max": 0.9999996373959711,
                "stdv": 0.009715916002819154,
                "counts": 91695
            },
            "processed": {
                "avg": 0.985195505823827,
                "med": 0.9855556914667531,
                "quart_1": 0.9791240658425377,
                "quart_3": 0.993169027743511,
                "min": 0.9407220394526604,
                "max": 0.9999996373959711,
                "stdv": 0.009655680869094482,
                "counts": 91650
            }
        },
        "worse": {
            "raw": {
                "avg": 1.0165059607955673,
                "med": 1.0139855746579274,
                "quart_1": 1.0064819494732158,
                "quart_3": 1.0240815682792823,
                "min": 1.000000383102452,
                "max": 1.097364391690592,
                "stdv": 0.012363563929577595,
                "counts": 108304
            },
            "processed": {
                "avg": 1.0164757312160968,
                "med": 1.0139784020865494,
                "quart_1": 1.006478535854567,
                "quart_3": 1.0240673065924566,
                "min": 1.000000383102452,
                "max": 1.0717453490557092,
                "stdv": 0.012291789662553036,
                "counts": 108250
            }
        },
        "monitors": {
            "BTC, ETH": {
                "better": {
                    "raw": {
                        "avg": 0.9857832738980821,
                        "med": 0.9858978714138376,
                        "quart_1": 0.9797316143274396,
                        "quart_3": 0.993426338390347,
                        "min": 0.9313811238848112,
                        "max": 0.9999770503810942,
                        "stdv": 0.009058263335000392,
                        "counts": 2506
                    },
                    "processed": {
                        "avg": 0.9858049913232371,
                        "med": 0.9859014747456191,
                        "quart_1": 0.9797426466671317,
                        "quart_3": 0.993426338390347,
                        "min": 0.9433701077704995,
                        "max": 0.9999770503810942,
                        "stdv": 0.008994606368354594,
                        "counts": 2505
                    }
                },
                "worse": {
                    "raw": {
                        "avg": 1.01620539036619,
                        "med": 1.0137960179728818,
                        "quart_1": 1.0066594099382014,
                        "quart_3": 1.0235500951834666,
                        "min": 1.0000028584915919,
                        "max": 1.097364391690592,
                        "stdv": 0.012080392542352478,
                        "counts": 2983
                    },
                    "processed": {
                        "avg": 1.0161781740679592,
                        "med": 1.0137927514268816,
                        "quart_1": 1.0066570371575088,
                        "quart_3": 1.023541788015088,
                        "min": 1.0000028584915919,
                        "max": 1.066905657733676,
                        "stdv": 0.011990631117439206,
                        "counts": 2982
                    }
                }
            }
        }
    },
    "impermanent gain, loss": {
        "gain": {
            "raw": {
                "avg": 1.2064816625398975,
                "med": 1.1562938940159777,
                "quart_1": 1.0639509191390972,
                "quart_3": 1.2882458456852508,
                "min": 1.0,
                "max": 2.3338940930876526,
                "stdv": 0.18901789618561665,
                "counts": 7201651
            },
            "processed": {
                "avg": 1.2059370530615368,
                "med": 1.1562101934657567,
                "quart_1": 1.0639020628074853,
                "quart_3": 1.2879822407890424,
                "min": 1.0,
                "max": 2.2736010761000296,
                "stdv": 0.18748916098324908,
                "counts": 7198051
            }
        },
        "loss": {
            "raw": {
                "avg": 0.846053675566761,
                "med": 0.8647463475680242,
                "quart_1": 0.7761720115009473,
                "quart_3": 0.9398122105520682,
                "min": 0.4284684566286527,
                "max": 0.9999999999999998,
                "stdv": 0.11247601716055133,
                "counts": 7198277
            },
            "processed": {
                "avg": 0.8462589619754849,
                "med": 0.8648385682264874,
                "quart_1": 0.7763583334483853,
                "quart_3": 0.9398453695296777,
                "min": 0.439830896682774,
                "max": 0.9999999999999998,
                "stdv": 0.1121289011081642,
                "counts": 7194678
            }
        },
        "averages": {
            "raw": {
                "avg": 1.0263098944045783,
                "med": 1.0234224965161371,
                "quart_1": 1.0121951608604398,
                "quart_3": 1.0314668535132068,
                "min": 1.000000209494103,
                "max": 1.0893271946927812,
                "stdv": 0.020324831662279375,
                "counts": 199999
            },
            "processed": {
                "avg": 1.0262788749729865,
                "med": 1.0234105672717644,
                "quart_1": 1.0121920581610688,
                "quart_3": 1.0314586750259778,
                "min": 1.000000209494103,
                "max": 1.0886493907514128,
                "stdv": 0.020281999670408477,
                "counts": 199900
            }
        },
        "median": {
            "raw": {
                "avg": 1.0000544241716385,
                "med": 1.0000137224303014,
                "quart_1": 1.0000020904771378,
                "quart_3": 1.0000572835694492,
                "min": 1.0,
                "max": 1.0011696238947032,
                "stdv": 0.00010411272941381277,
                "counts": 199999
            },
            "processed": {
                "avg": 1.0000539513663886,
                "med": 1.0000137224303014,
                "quart_1": 1.0000020904771378,
                "quart_3": 1.0000570807013842,
                "min": 1.0,
                "max": 1.000918627966103,
                "stdv": 0.00010193954242771229,
                "counts": 199900
            }
        },
        "monitors": {
            "BTC, ETH": {
                "gain": {
                    "raw": {
                        "avg": 1.2306142376609952,
                        "med": 1.2390914107842328,
                        "quart_1": 1.0903453572353605,
                        "quart_3": 1.3194519443212926,
                        "min": 1.0,
                        "max": 1.720939661489987,
                        "stdv": 0.1578216472683919,
                        "counts": 200034
                    },
                    "processed": {
                        "avg": 1.2303769408680274,
                        "med": 1.2388993380930566,
                        "quart_1": 1.0903453572353605,
                        "quart_3": 1.3193853456070432,
                        "min": 1.0,
                        "max": 1.6973607171993745,
                        "stdv": 0.15750385137564507,
                        "counts": 199934
                    }
                },
                "loss": {
                    "raw": {
                        "avg": 0.8253855709526876,
                        "med": 0.8070429601050122,
                        "quart_1": 0.7578904289040931,