{
    "capital efficiency": {
        "better": {
            "raw": {
                "avg": 0.5952432473230956,
                "med": 0.5570402984267061,
                "quart_1": 0.42485500387789354,
                "quart_3": 0.764056814721266,
                "min": 0.09891875338995829,
                "max": 0.9999915832517097,
                "stdv": 0.20169297910144254,
                "counts": 75040
            },
            "processed": {
                "avg": 0.5950913234809462,
                "med": 0.5569288227704529,
                "quart_1": 0.4248394899742045,
                "quart_3": 0.7638468215454808,
                "min": 0.11456497533801445,
                "max": 0.999592188260228,
                "stdv": 0.20153244228745373,
                "counts": 75003
            }
        },
        "worse": {
            "raw": {
                "avg": 2.5280521577032027,
                "med": 1.976974602789789,
                "quart_1": 1.42711417715102,
                "quart_3": 3.2068029895687746,
                "min": 1.0000360681901646,
                "max": 21.9830541594631,
                "stdv": 1.5399391736319081,
                "counts": 124960
            },
            "processed": {
                "avg": 2.5219395343694724,
                "med": 1.976248602355421,
                "quart_1": 1.4269064523300927,
                "quart_3": 3.2043204149049274,
                "min": 1.0000360681901646,
                "max": 12.91726231774756,
                "stdv": 1.5150367451251459,
                "counts": 124898
            }
        },
        "monitors": {
            "BTC, ETH": {
                "better": {
                    "raw": {
                        "avg": 0.6039273850276192,
                        "med": 0.5642236318948796,
                        "quart_1": 0.42951159826344065,
                        "quart_3": 0.7810251708738738,
                        "min": 0.14752761128510103,
                        "max": 0.9999768025840637,
                        "stdv": 0.20222169560955014,
                        "counts": 1712
                    },
                    "processed": {
                        "avg": 0.6039273850276192,
                        "med": 0.5642236318948796,
                        "quart_1": 0.42951159826344065,
                        "quart_3": 0.7810251708738738,
                        "min": 0.14752761128510103,
                        "max": 0.9999768025840637,
                        "stdv": 0.20222169560955014,
                        "counts": 1712
                    }
                },
                "worse": {
                    "raw": {
                        "avg": 2.4867206558050605,
                        "med": 1.9815066150648686,
                        "quart_1": 1.4226955958325238,
                        "quart_3": 3.1678319190676922,
                        "min": 1.0001838898727975,
                        "max": 14.984138068452138,
                        "stdv": 1.4850401391412078,
                        "counts": 2876
                    },
                    "processed": {
                        "avg": 2.482373728009357,
                        "med": 1.9814180482571835,
                        "quart_1": 1.4226955958325238,
                        "quart_3": 3.1669946604729446,
                        "min": 1.0001838898727975,
                        "max": 13.670506595510705,
                        "stdv": 1.4668902563594801,
                        "counts": 2875
                    }
                }
            }
        }
    },
    "impermanent gain, loss": {
        "gain": {
            "raw": {
                "avg": 1.501369299992307,
                "med": 1.3895077531842728,
                "quart_1": 1.1598499284251713,
                "quart_3": 1.7350003046369635,
                "min": 1.0,
                "max": 6.1980052112948325,
                "stdv": 0.4323604656846566,
                "counts": 9002189
            },
            "processed": {
                "avg": 1.5000695272528763,
                "med": 1.3891899432924657,
                "quart_1": 1.1597618101945695,
                "quart_3": 1.7343157980586166,
                "min": 1.0,
                "max": 3.7834132996475796,
                "stdv": 0.42848549433405014,
                "counts": 8997688
            }
        },
        "loss": {
            "raw": {
                "avg": 0.7134216085022912,
                "med": 0.7195573719610775,
                "quart_1": 0.5762752305633978,
                "quart_3": 0.8620115544026612,
                "min": 0.16134223284899224,
                "max": 0.9999999999999999,
                "stdv": 0.17283743665659815,
                "counts": 8997811
            },
            "processed": {
                "avg": 0.7136557904670552,
                "med": 0.719680147204289,
                "quart_1": 0.5765164394213504,
                "quart_3": 0.8620633714315877,
                "min": 0.26431159400247,
                "max": 0.9999999999999999,
                "stdv": 0.17256267094545671,
                "counts": 8993313
            }
        },
        "averages": {
            "raw": {
                "avg": 1.1074912774417534,
                "med": 1.104579365488405,
                "quart_1": 1.0869542375350172,
                "quart_3": 1.1253211569762516,
                "min": 1.0035558369773994,
                "max": 1.2629726878765228,
                "stdv": 0.028559493638323,
                "counts": 200000
            },
            "processed": {
                "avg": 1.107427298689572,
                "med": 1.1045622795133236,
                "quart_1": 1.0869459411656126,
                "quart_3": 1.125289920610484,
                "min": 1.0035558369773994,
                "max": 1.2268547106226482,
                "stdv": 0.028422293624997205,
                "counts": 199900
            }
        },
        "median": {
            "raw": {
                "avg": 1.000167772285513,
                "med": 1.0000366304395814,
                "quart_1": 1.00000615538831,
                "quart_3": 1.0001539402051722,
                "min": 1.0,
                "max": 1.0105885323955734,
                "stdv": 0.0003780111382377675,
                "counts": 200000
            },
            "processed": {
                "avg": 1.0001651614397542,
                "med": 1.000036460525176,
                "quart_1": 1.00000615538831,
                "quart_3": 1.000153904407828,
                "min": 1.0,
                "max": 1.0042521635120265,
                "stdv": 0.00035895606702487394,
                "counts": 199900
            }
        },
        "monitors": {
            "BTC, ETH": {
                "gain": {
                    "raw": {
                        "avg": 1.560238426638507,
                        "med": 1.4222813795604015,
                        "quart_1": 1.1975116384024058,
                        "quart_3": 1.804021638140079,
                        "min": 1.0,
                        "max": 6.1980052112948325,
                        "stdv": 0.48525687546144913,
                        "counts": 200020
                    },
                    "processed": {
                        "avg": 1.5588176500043118,
                        "med": 1.4220468742562378,
                        "quart_1": 1.1975116384024058,
                        "quart_3": 1.8031986738419723,
                        "min": 1.0,
                        "max": 4.048752580578074,
                        "stdv": 0.4811069714158492,
                        "counts": 199920
                    }
                },
                "loss": {
                    "raw": {
                        "avg": 0.6926412259090231,
                        "med": 0.7030957547296834,
                        "quart_1": 0.5543170762801837,