{
    "capital efficiency": {
        "better": {
            "raw": {
                "avg": 0.9999999999999849,
                "med": 0.9999999999999873,
                "quart_1": 0.9999999999999766,
                "quart_3": 0.9999999999999941,
                "min": 0.999999999903894,
                "max": 1.0,
                "stdv": 5.670891347868049e-13,
                "counts": 90337
            },
            "processed": {
                "avg": 0.9999999999999928,
                "med": 0.9999999999999873,
                "quart_1": 0.9999999999999766,
                "quart_3": 0.9999999999999941,
                "min": 0.999999999996539,
                "max": 1.0,
                "stdv": 7.675352805481047e-14,
                "counts": 90292
            }
        },
        "worse": {
            "raw": {
                "avg": 1.0000000000000109,
                "med": 1.0000000000000127,
                "quart_1": 1.0000000000000058,
                "quart_3": 1.0000000000000235,
                "min": 1.0000000000000002,
                "max": 1.0000000002399714,
                "stdv": 1.1160115727122025e-12,
                "counts": 89788
            },
            "processed": {
                "avg": 1.0000000000000002,
                "med": 1.0000000000000127,
                "quart_1": 1.0000000000000058,
                "quart_3": 1.0000000000000235,
                "min": 1.0000000000000002,
                "max": 1.0000000000032536,
                "stdv": 6.828882019330836e-14,
                "counts": 89744
            }
        },
        "monitors": {
            "BTC, ETH": {
                "better": {
                    "raw": {
                        "avg": 0.9999999999999657,
                        "med": 0.9999999999999866,
                        "quart_1": 0.999999999999975,
                        "quart_3": 0.9999999999999937,
                        "min": 0.9999999999660262,
                        "max": 1.0,
                        "stdv": 6.895917798399538e-13,
                        "counts": 2467
                    },
                    "processed": {
                        "avg": 0.9999999999999793,
                        "med": 0.9999999999999867,
                        "quart_1": 0.999999999999975,
                        "quart_3": 0.9999999999999937,
                        "min": 0.9999999999975262,
                        "max": 1.0,
                        "stdv": 9.276281816626521e-14,
                        "counts": 2466
                    }
                },
                "worse": {
                    "raw": {
                        "avg": 1.0000000000000036,
                        "med": 1.000000000000013,
                        "quart_1": 1.000000000000006,
                        "quart_3": 1.0000000000000242,
                        "min": 1.0000000000000002,
                        "max": 1.0000000000015048,
                        "stdv": 5.49667939820369e-14,
                        "counts": 2471
                    },
                    "processed": {
                        "avg": 1.0000000000000029,
                        "med": 1.000000000000013,
                        "quart_1": 1.000000000000006,
                        "quart_3": 1.0000000000000242,
                        "min": 1.0000000000000002,
                        "max": 1.0000000000013496,
                        "stdv": 4.618119253471414e-14,
                        "counts": 2470
                    }
                }
            }
        }
    },
    "impermanent gain, loss": {
        "gain": {
            "raw": {
                "avg": 1.2108648082880205,
                "med": 1.1754698671218293,
                "quart_1": 1.0739863165300132,
                "quart_3": 1.3107357269557878,
                "min": 1.0,
                "max": 2.3756649180291127,
                "stdv": 0.1699448849389465,
                "counts": 6477271
            },
            "processed": {
                "avg": 1.2102958288717782,
                "med": 1.1753410226786187,
                "quart_1": 1.0739503206508274,
                "quart_3": 1.3105425795906664,
                "min": 1.0,
                "max": 2.336259155589366,
                "stdv": 0.1680716134326639,
                "counts": 6474033
            }
        },
        "loss": {
            "raw": {
                "avg": 0.7868616345521857,
                "med": 0.8234366740576284,
                "quart_1": 0.6904352820763606,
                "quart_3": 0.9219022578150727,
                "min": 0.004294982792661188,
                "max": 0.9999994969588712,
                "stdv": 0.16958966066812237,
                "counts": 6491873
            },
            "processed": {
                "avg": 0.7872375897557508,
                "med": 0.823553750975848,
                "quart_1": 0.6906979415510113,
                "quart_3": 0.9219556103640087,
                "min": 0.058668557130608555,
                "max": 0.9999994969588712,
                "stdv": 0.16879625581041569,
                "counts": 6488628
            }
        },
        "averages": {
            "raw": {
                "avg": 0.9986245281665623,
                "med": 1.0005267617756237,
                "quart_1": 0.9941064646558133,
                "quart_3": 1.003890770411067,
                "min": 0.9773148403904943,
                "max": 1.0072766747211153,
                "stdv": 0.006758803667415811,
                "counts": 180127
            },
            "processed": {
                "avg": 0.9986351027476217,
                "med": 1.0005323361780265,
                "quart_1": 0.9941164641940152,
                "quart_3": 1.0038920358524033,
                "min": 0.9775927602163293,
                "max": 1.0072766747211153,
                "stdv": 0.006743920173917158,
                "counts": 180037
            }
        },
        "median": {
            "raw": {
                "avg": 0.997738772693082,
                "med": 1.0000544668645168,
                "quart_1": 0.9936195930907423,
                "quart_3": 1.005608244239383,
                "min": 0.9344772487932582,
                "max": 1.0380319468350054,
                "stdv": 0.0159119278743841,
                "counts": 180127
            },
            "processed": {
                "avg": 0.9977697523942262,
                "med": 1.000057115825118,
                "quart_1": 0.9936274102589308,
                "quart_3": 1.0056083802302886,
                "min": 0.9366030135387367,
                "max": 1.0380319468350054,
                "stdv": 0.015855433685018582,
                "counts": 180037
            }
        },
        "monitors": {
            "BTC, ETH": {
                "gain": {
                    "raw": {
                        "avg": 1.1464943526487001,
                        "med": 1.1211898215757787,
                        "quart_1": 1.0718302826968142,
                        "quart_3": 1.2276973432094267,
                        "min": 1.0,
                        "max": 1.4366402062865316,
                        "stdv": 0.10308606805744865,
                        "counts": 184853
                    },
                    "processed": {
                        "avg": 1.1463523638650115,
                        "med": 1.1211418867537832,
                        "quart_1": 1.0718302826968142,
                        "quart_3": 1.2276973029805265,
                        "min": 1.0,
                        "max": 1.4287276478796032,
                        "stdv": 0.10291508124640499,
                        "counts": 184761
                    }
                },
                "loss": {
                    "raw": {
                        "avg": 0.90635330447305,
                        "med": 0.909027462881318,
                        "quart_1": 0.8695125391811204,