{
    "capital efficiency": {
        "better": {
            "raw": {
                "avg": 0.9999999999999999,
                "med": 0.9999999999999999,
                "quart_1": 0.9999999999999998,
                "quart_3": 1.0,
                "min": 0.9999999999986057,
                "max": 1.0,
                "stdv": 7.584970011262864e-15,
                "counts": 89281
            },
            "processed": {
                "avg": 1.0,
                "med": 0.9999999999999999,
                "quart_1": 0.9999999999999998,
                "quart_3": 1.0,
                "min": 0.9999999999999687,
                "max": 1.0,
                "stdv": 7.431336218080881e-16,
                "counts": 89237
            }
        },
        "worse": {
            "raw": {
                "avg": 1.0000000000000002,
                "med": 1.0000000000000002,
                "quart_1": 1.0000000000000002,
                "quart_3": 1.0000000000000004,
                "min": 1.0000000000000002,
                "max": 1.000000000000531,
                "stdv": 3.561360894069052e-15,
                "counts": 47305
            },
            "processed": {
                "avg": 1.0000000000000002,
                "med": 1.0000000000000002,
                "quart_1": 1.0000000000000002,
                "quart_3": 1.0000000000000004,
                "min": 1.0000000000000002,
                "max": 1.000000000000046,
                "stdv": 1.1994877375481453e-15,
                "counts": 47282
            }
        },
        "monitors": {
            "BTC, ETH": {
                "better": {
                    "raw": {
                        "avg": 1.0,
                        "med": 0.9999999999999999,
                        "quart_1": 0.9999999999999998,
                        "quart_3": 1.0,
                        "min": 0.9999999999999306,
                        "max": 1.0,
                        "stdv": 1.6167563840090455e-15,
                        "counts": 2066
                    },
                    "processed": {
                        "avg": 1.0,
                        "med": 0.9999999999999999,
                        "quart_1": 0.9999999999999998,
                        "quart_3": 1.0,
                        "min": 0.9999999999999915,
                        "max": 1.0,
                        "stdv": 5.462886465953904e-16,
                        "counts": 2065
                    }
                },
                "worse": {
                    "raw": {
                        "avg": 1.0000000000000002,
                        "med": 1.0000000000000002,
                        "quart_1": 1.0000000000000002,
                        "quart_3": 1.0000000000000004,
                        "min": 1.0000000000000002,
                        "max": 1.0000000000000941,
                        "stdv": 3.1836885445524857e-15,
                        "counts": 1295
                    },
                    "processed": {
                        "avg": 1.0000000000000002,
                        "med": 1.0000000000000002,
                        "quart_1": 1.0000000000000002,
                        "quart_3": 1.0000000000000004,
                        "min": 1.0000000000000002,
                        "max": 1.0000000000000941,
                        "stdv": 3.1836885445524857e-15,
                        "counts": 1295
                    }
                }
            }
        }
    },
    "impermanent gain, loss": {
        "gain": {
            "raw": {
                "avg": 1.5664890351757972,
                "med": 1.4954431913501702,
                "quart_1": 1.2418680418969978,
                "quart_3": 1.8086123428458158,
                "min": 1.0,
                "max": 4.247479234055817,
                "stdv": 0.4113655526102011,
                "counts": 7984170
            },
            "processed": {
                "avg": 1.5654516817211177,
                "med": 1.495258577656289,
                "quart_1": 1.2417991220019937,
                "quart_3": 1.8078199851841816,
                "min": 1.0,
                "max": 3.4430332075446697,
                "stdv": 0.4088190678833599,
                "counts": 7980178
            }
        },
        "loss": {
            "raw": {
                "avg": 0.49857057040522956,
                "med": 0.4972752287410739,
                "quart_1": 0.2498684653837769,
                "quart_3": 0.7484310330437518,
                "min": 1.696779077220365e-05,
                "max": 0.999992091888238,
                "stdv": 0.28845576592951894,
                "counts": 8231130
            },
            "processed": {
                "avg": 0.49831990203729587,
                "med": 0.49702776370119506,
                "quart_1": 0.24969235505669762,
                "quart_3": 0.7480619957531974,
                "min": 1.696779077220365e-05,
                "max": 0.9994792244138121,
                "stdv": 0.28831000819860825,
                "counts": 8227015
            }
        },
        "averages": {
            "raw": {
                "avg": 1.0243975713781341,
                "med": 1.0243186295052658,
                "quart_1": 1.010603429056153,
                "quart_3": 1.0374016174627902,
                "min": 0.9612872780813733,
                "max": 1.089141516355788,
                "stdv": 0.01865348907796409,
                "counts": 180170
            },
            "processed": {
                "avg": 1.024387205683747,
                "med": 1.0243148774968556,
                "quart_1": 1.0106060134212298,
                "quart_3": 1.0373924557892933,
                "min": 0.9649624074643597,
                "max": 1.0840185969556835,
                "stdv": 0.01860745180722353,
                "counts": 180080
            }
        },
        "median": {
            "raw": {
                "avg": 0.9840438944223664,
                "med": 0.9851313128822963,
                "quart_1": 0.9560250405398198,
                "quart_3": 1.0118985775960736,
                "min": 0.7803799483958511,
                "max": 1.182744706692695,
                "stdv": 0.04295619664961681,
                "counts": 180170
            },
            "processed": {
                "avg": 0.9840924822733296,
                "med": 0.9851373905286125,
                "quart_1": 0.9560728897593347,
                "quart_3": 1.011899542911441,
                "min": 0.8180886508802916,
                "max": 1.1488599269869366,
                "stdv": 0.04278737064690047,
                "counts": 180080
            }
        },
        "monitors": {
            "BTC, ETH": {
                "gain": {
                    "raw": {
                        "avg": 1.7732842974041891,
                        "med": 1.643770048420604,
                        "quart_1": 1.3303145132445326,
                        "quart_3": 2.1307993881634233,
                        "min": 1.0,
                        "max": 3.5825002928077874,
                        "stdv": 0.5610568898795968,
                        "counts": 201706
                    },
                    "processed": {
                        "avg": 1.7723868955434317,
                        "med": 1.6421438522485714,
                        "quart_1": 1.3303145132445326,
                        "quart_3": 2.1307993881634233,
                        "min": 1.0,
                        "max": 3.5825002928077874,
                        "stdv": 0.5597468831303725,
                        "counts": 201606
                    }
                },
                "loss": {
                    "raw": {
                        "avg": 0.4931958107891237,
                        "med": 0.4845985006981497,
                        "quart_1": 0.23557852562350237,
                        "quart_3": 0.7474626849429484,
                        "min": 7.601599861383446e-05,