{
    "capital efficiency": {
        "better": {
            "raw": {
                "avg": 0.9946875215637304,
                "med": 0.9960494933775264,
                "quart_1": 0.9929293574696321,
                "quart_3": 0.9982563009869325,
                "min": 0.3960629347662112,
                "max": 0.9999999992469578,
                "stdv": 0.011571460551176346,
                "counts": 106386
            },
            "processed": {
                "avg": 0.9948922611131669,
                "med": 0.9960532891752133,
                "quart_1": 0.9929350413727248,
                "quart_3": 0.9982572728694907,
                "min": 0.725264846540481,
                "max": 0.9999999992469578,
                "stdv": 0.0066955419562066895,
                "counts": 106333
            }
        },
        "worse": {
            "raw": {
                "avg": 1.0047157400793407,
                "med": 1.0033969805134535,
                "quart_1": 1.0013495541468418,
                "quart_3": 1.0066379107456296,
                "min": 1.0000001178532947,
                "max": 1.6593790531165298,
                "stdv": 0.006926834196812439,
                "counts": 93588
            },
            "processed": {
                "avg": 1.0046442579988781,
                "med": 1.003394469222838,
                "quart_1": 1.0013489741067745,
                "quart_3": 1.0066289262690975,
                "min": 1.0000001178532947,
                "max": 1.0327405373009295,
                "stdv": 0.004368640432751085,
                "counts": 93542
            }
        },
        "monitors": {
            "BTC": {
                "better": {
                    "raw": {
                        "avg": 0.9949962121200496,
                        "med": 0.9960627238239349,
                        "quart_1": 0.9930443911410295,
                        "quart_3": 0.9982694721660693,
                        "min": 0.6334560746245315,
                        "max": 0.9999999277614744,
                        "stdv": 0.006828198354957115,
                        "counts": 23375
                    },
                    "processed": {
                        "avg": 0.9951039356612581,
                        "med": 0.9960638907960078,
                        "quart_1": 0.9930505265794718,
                        "quart_3": 0.9982702535417339,
                        "min": 0.8930562900528667,
                        "max": 0.9999999277614744,
                        "stdv": 0.0042764598851400045,
                        "counts": 23364
                    }
                },
                "worse": {
                    "raw": {
                        "avg": 1.0046623963763541,
                        "med": 1.003384234633797,
                        "quart_1": 1.0013306118074352,
                        "quart_3": 1.006678014414601,
                        "min": 1.0000002368343017,
                        "max": 1.035621580395557,
                        "stdv": 0.0044176678332129155,
                        "counts": 20705
                    },
                    "processed": {
                        "avg": 1.0046482146773823,
                        "med": 1.0033826302944029,
                        "quart_1": 1.0013276480786726,
                        "quart_3": 1.0066725550672684,
                        "min": 1.0000002368343017,
                        "max": 1.0317123759840552,
                        "stdv": 0.004371296460860826,
                        "counts": 20695
                    }
                }
            }
        }
    },
    "impermanent gain, loss": {
        "gain": {
            "raw": {
                "avg": 1.314254853427269,
                "med": 1.2209688766425488,
                "quart_1": 1.0826875996205645,
                "quart_3": 1.4874226314860397,
                "min": 1.0,
                "max": 2.516158494524644,
                "stdv": 0.2908922009641977,
                "counts": 864291
            },
            "processed": {
                "avg": 1.3136690152784294,
                "med": 1.2208037484260539,
                "quart_1": 1.082639509615288,
                "quart_3": 1.4871409412742396,
                "min": 1.0,
                "max": 2.4685321295400344,
                "stdv": 0.28978236647650285,
                "counts": 863859
            }
        },
        "loss": {
            "raw": {
                "avg": 0.8030367051701137,
                "med": 0.7963898651327384,
                "quart_1": 0.7079410918857747,
                "quart_3": 0.914685284983987,
                "min": 0.4178430882228772,
                "max": 0.9999999999999998,
                "stdv": 0.12454468235572237,
                "counts": 935709
            },
            "processed": {
                "avg": 0.8032263812965851,
                "med": 0.7965002548648219,
                "quart_1": 0.7080888799692713,
                "quart_3": 0.9147088701571892,
                "min": 0.4262833459021129,
                "max": 0.9999999999999998,
                "stdv": 0.12428610140105559,
                "counts": 935242
            }
        },
        "averages": {
            "raw": {
                "avg": 1.0485040632674594,
                "med": 1.042682659816834,
                "quart_1": 1.0214814132416312,
                "quart_3": 1.0575780903753575,
                "min": 1.0,
                "max": 1.1705772820323797,
                "stdv": 0.03836383744316982,
                "counts": 200000
            },
            "processed": {
                "avg": 1.0484432547958649,
                "med": 1.0426659441318076,
                "quart_1": 1.0214753122140618,
                "quart_3": 1.0575596604292343,
                "min": 1.0,
                "max": 1.1695427522708035,
                "stdv": 0.0382769497354541,
                "counts": 199900
            }
        },
        "median": {
            "raw": {
                "avg": 0.989903668112283,
                "med": 0.993849032756771,
                "quart_1": 0.9469275586572089,
                "quart_3": 1.0266146296785716,
                "min": 0.8544895810885935,
                "max": 1.1562683269830953,
                "stdv": 0.06038708746889991,
                "counts": 200000
            },
            "processed": {
                "avg": 0.989820783334631,
                "med": 0.9938207679930768,
                "quart_1": 0.9469007142757964,
                "quart_3": 1.0265835547363187,
                "min": 0.8544895810885935,
                "max": 1.1540998265632507,
                "stdv": 0.060288344380909825,
                "counts": 199900
            }
        },
        "monitors": {
            "BTC": {
                "gain": {
                    "raw": {
                        "avg": 1.0690763273869817,
                        "med": 1.0477551271326129,
                        "quart_1": 1.021052984801777,
                        "quart_3": 1.1146204185203115,
                        "min": 1.0000131895716653,
                        "max": 1.2057213444464687,
                        "stdv": 0.05641275187873611,
                        "counts": 60415
                    },
                    "processed": {
                        "avg": 1.0690085943601093,
                        "med": 1.047700146919447,
                        "quart_1": 1.0210492719908193,
                        "quart_3": 1.1144733503901527,
                        "min": 1.0000131895716653,
                        "max": 1.2052692962624976,
                        "stdv": 0.056344836773970085,
                        "counts": 60385
                    }
                },
                "loss": {
                    "raw": {
                        "avg": 0.7952318625467623,
                        "med": 0.7544030628913178,