{
    "capital efficiency": {
        "better": {
            "raw": {
                "avg": 0.9767336880333563,
                "med": 0.980100608588098,
                "quart_1": 0.9670409974318107,
                "quart_3": 0.990786946400057,
                "min": 0.8436325583778831,
                "max": 0.9999997153750878,
                "stdv": 0.018001631858805444,
                "counts": 82107
            },
            "processed": {
                "avg": 0.9767884335717428,
                "med": 0.9801097965270039,
                "quart_1": 0.9670661179674602,
                "quart_3": 0.9907928977358611,
                "min": 0.8755231731243575,
                "max": 0.9999997153750878,
                "stdv": 0.01783791097866129,
                "counts": 82066
            }
        },
        "worse": {
            "raw": {
                "avg": 1.0275222507982078,
                "med": 1.022286895501247,
                "quart_1": 1.0109961732194186,
                "quart_3": 1.038351881969371,
                "min": 1.0000004991730038,
                "max": 1.2206725787583201,
                "stdv": 0.022282072214276506,
                "counts": 117893
            },
            "processed": {
                "avg": 1.0274494090077835,
                "med": 1.022272056141439,
                "quart_1": 1.0109913189198398,
                "quart_3": 1.0383215781416881,
                "min": 1.0000004991730038,
                "max": 1.1552333331426459,
                "stdv": 0.022041697502503625,
                "counts": 117835
            }
        },
        "monitors": {
            "BTC": {
                "better": {
                    "raw": {
                        "avg": 0.9765668061274023,
                        "med": 0.9799915533391268,
                        "quart_1": 0.9668196701308478,
                        "quart_3": 0.9905747870673013,
                        "min": 0.851279422967712,
                        "max": 0.9999961888155429,
                        "stdv": 0.01810710569332654,
                        "counts": 16352
                    },
                    "processed": {
                        "avg": 0.9766231043138104,
                        "med": 0.9800058678418846,
                        "quart_1": 0.9668324257217238,
                        "quart_3": 0.9905765549806382,
                        "min": 0.8725886677578142,
                        "max": 0.9999961888155429,
                        "stdv": 0.01793098638082289,
                        "counts": 16344
                    }
                },
                "worse": {
                    "raw": {
                        "avg": 1.0278039337250304,
                        "med": 1.022593690266206,
                        "quart_1": 1.0111343292104742,
                        "quart_3": 1.0386832373561723,
                        "min": 1.0000004991730038,
                        "max": 1.2206725787583201,
                        "stdv": 0.02252791246118396,
                        "counts": 23638
                    },
                    "processed": {
                        "avg": 1.027728582086151,
                        "med": 1.0225857601581898,
                        "quart_1": 1.0111325757836935,
                        "quart_3": 1.0386557651226167,
                        "min": 1.0000004991730038,
                        "max": 1.1697623648768678,
                        "stdv": 0.022258828219724525,
                        "counts": 23627
                    }
                }
            }
        }
    },
    "impermanent gain, loss": {
        "gain": {
            "raw": {
                "avg": 1.1811868873920641,
                "med": 1.1618263310807113,
                "quart_1": 1.072992672680506,
                "quart_3": 1.2620702351876387,
                "min": 1.0,
                "max": 1.730909667316722,
                "stdv": 0.13020164657966446,
                "counts": 1017164
            },
            "processed": {
                "avg": 1.180952297723545,
                "med": 1.1617206259694235,
                "quart_1": 1.0729489762158293,
                "quart_3": 1.2618633118703009,
                "min": 1.0,
                "max": 1.624441692629795,
                "stdv": 0.12980920373610053,
                "counts": 1016656
            }
        },
        "loss": {
            "raw": {
                "avg": 0.8539957295780913,
                "med": 0.8777164511323153,
                "quart_1": 0.7733672654792673,
                "quart_3": 0.9459401397722842,
                "min": 0.5378691358343846,
                "max": 0.9999980203640465,
                "stdv": 0.1073087150793752,
                "counts": 982836
            },
            "processed": {
                "avg": 0.8541407814376845,
                "med": 0.8778134404182132,
                "quart_1": 0.773506713968442,
                "quart_3": 0.9459837868902443,
                "min": 0.5713513410003239,
                "max": 0.9999980203640465,
                "stdv": 0.1071390405949236,
                "counts": 982345
            }
        },
        "averages": {
            "raw": {
                "avg": 1.020399263001481,
                "med": 1.0195617554610843,
                "quart_1": 1.0158095322044276,
                "quart_3": 1.0259553518672448,
                "min": 1.0000097680313653,
                "max": 1.0468004616427513,
                "stdv": 0.007373372921187424,
                "counts": 200000
            },
            "processed": {
                "avg": 1.0203878164320617,
                "med": 1.019557227613745,
                "quart_1": 1.015807735891563,
                "quart_3": 1.0259427470422593,
                "min": 1.0000097680313653,
                "max": 1.0415788906485715,
                "stdv": 0.0073573594678561435,
                "counts": 199900
            }
        },
        "median": {
            "raw": {
                "avg": 1.011879734685252,
                "med": 1.0069873650846537,
                "quart_1": 0.9844639632156994,
                "quart_3": 1.0360120334421774,
                "min": 0.9139050524972743,
                "max": 1.1614902010268187,
                "stdv": 0.03683308653447566,
                "counts": 200000
            },
            "processed": {
                "avg": 1.0118150362489367,
                "med": 1.0069635501046899,
                "quart_1": 0.9844543666409418,
                "quart_3": 1.0359335827707392,
                "min": 0.9139050524972743,
                "max": 1.1356445526495023,
                "stdv": 0.0367283011410334,
                "counts": 199900
            }
        },
        "monitors": {
            "BTC": {
                "gain": {
                    "raw": {
                        "avg": 1.1748845202563996,
                        "med": 1.166314796424238,
                        "quart_1": 1.092275311894737,
                        "quart_3": 1.2439350895436863,
                        "min": 1.0000068386999936,
                        "max": 1.5275376648177992,
                        "stdv": 0.10288743602721755,
                        "counts": 186261
                    },
                    "processed": {
                        "avg": 1.1747284555255595,
                        "med": 1.166197175263148,
                        "quart_1": 1.092270119527839,
                        "quart_3": 1.243885927192467,
                        "min": 1.0000068386999936,
                        "max": 1.4689871321693526,
                        "stdv": 0.10267517454532041,
                        "counts": 186168
                    }
                },
                "loss": {
                    "raw": {
                        "avg": 0.9740380887101174,
                        "med": 0.9784356772621313,