{
    "capital efficiency": {
        "better": {
            "raw": {
                "avg": 0.9998960630800751,
                "med": 0.9999383495992344,
                "quart_1": 0.9998896618067847,
                "quart_3": 0.9999721493056059,
                "min": 0.8220062195274114,
                "max": 0.9999999964416252,
                "stdv": 0.00104129760685214,
                "counts": 84821
            },
            "processed": {
                "avg": 0.9999085142404924,
                "med": 0.9999383827729836,
                "quart_1": 0.9998897661830007,
                "quart_3": 0.9999721642697827,
                "min": 0.9948662929743327,
                "max": 0.9999999964416252,
                "stdv": 0.0001597862128482947,
                "counts": 84779
            }
        },
        "worse": {
            "raw": {
                "avg": 1.0001102782342524,
                "med": 1.0000636341592493,
                "quart_1": 1.0000306702136852,
                "quart_3": 1.000118204072856,
                "min": 1.0000000015795467,
                "max": 1.2485507788819992,
                "stdv": 0.0010040228182475728,
                "counts": 115178
            },
            "processed": {
                "avg": 1.0000995941655932,
                "med": 1.0000636021033038,
                "quart_1": 1.0000306594496264,
                "quart_3": 1.0001180823243243,
                "min": 1.0000000015795467,
                "max": 1.0048154937306453,
                "stdv": 0.00015767045307922068,
                "counts": 115121
            }
        },
        "monitors": {
            "BTC": {
                "better": {
                    "raw": {
                        "avg": 0.9999082787643443,
                        "med": 0.9999406962882234,
                        "quart_1": 0.9998952728604578,
                        "quart_3": 0.9999731944515308,
                        "min": 0.9762185021048589,
                        "max": 0.9999999964416252,
                        "stdv": 0.00030872754415427867,
                        "counts": 18496
                    },
                    "processed": {
                        "avg": 0.9999134091434786,
                        "med": 0.9999407260389352,
                        "quart_1": 0.9998953450810041,
                        "quart_3": 0.9999731957835561,
                        "min": 0.9953222360355589,
                        "max": 0.9999999964416252,
                        "stdv": 0.00015568105261548796,
                        "counts": 18487
                    }
                },
                "worse": {
                    "raw": {
                        "avg": 1.0000990040094468,
                        "med": 1.0000617038291588,
                        "quart_1": 1.000029349869274,
                        "quart_3": 1.0001153351968437,
                        "min": 1.0000000131030555,
                        "max": 1.0291373889399826,
                        "stdv": 0.0002688432989429872,
                        "counts": 25351
                    },
                    "processed": {
                        "avg": 1.0000952766967215,
                        "med": 1.000061675912965,
                        "quart_1": 1.0000293475168496,
                        "quart_3": 1.0001151911155266,
                        "min": 1.0000000131030555,
                        "max": 1.0034675583908867,
                        "stdv": 0.00014459039623762493,
                        "counts": 25339
                    }
                }
            }
        }
    },
    "impermanent gain, loss": {
        "gain": {
            "raw": {
                "avg": 1.000191253981614,
                "med": 1.0001396642103397,
                "quart_1": 1.0000589274699883,
                "quart_3": 1.0002652986499239,
                "min": 1.0,
                "max": 1.0025530510046607,
                "stdv": 0.0001836848037008747,
                "counts": 937300
            },
            "processed": {
                "avg": 1.0001905247429403,
                "med": 1.00013957992347,
                "quart_1": 1.0000588919206959,
                "quart_3": 1.000264991376569,
                "min": 1.0,
                "max": 1.0014556426781578,
                "stdv": 0.00018075788539991157,
                "counts": 936832
            }
        },
        "loss": {
            "raw": {
                "avg": 0.9997865358029852,
                "med": 0.9998407818019559,
                "quart_1": 0.9997053323801471,
                "quart_3": 0.9999281383998433,
                "min": 0.9973610869984265,
                "max": 0.9999999983543317,
                "stdv": 0.00019706496179462137,
                "counts": 862691
            },
            "processed": {
                "avg": 0.9997873512543118,
                "med": 0.9998409179489478,
                "quart_1": 0.999705637917405,
                "quart_3": 0.9999281832419242,
                "min": 0.9984481602689039,
                "max": 0.9999999983543317,
                "stdv": 0.00019360765627435478,
                "counts": 862260
            }
        },
        "averages": {
            "raw": {
                "avg": 0.9999972826060861,
                "med": 0.9999963699415496,
                "quart_1": 0.9999821513371491,
                "quart_3": 1.0000135337266434,
                "min": 0.9996720121161423,
                "max": 1.0002984076110915,
                "stdv": 3.116440780122165e-05,
                "counts": 199999
            },
            "processed": {
                "avg": 0.9999973108216993,
                "med": 0.9999963725211847,
                "quart_1": 0.9999821698256331,
                "quart_3": 1.000013529687128,
                "min": 0.9998112714580317,
                "max": 1.0001815036108526,
                "stdv": 3.075962910648051e-05,
                "counts": 199900
            }
        },
        "median": {
            "raw": {
                "avg": 1.0000059350242536,
                "med": 1.0000081829134895,
                "quart_1": 0.9999685069697388,
                "quart_3": 1.0000424433424888,
                "min": 0.9996191953068327,
                "max": 1.0004794613425687,
                "stdv": 6.506007345019496e-05,
                "counts": 199999
            },
            "processed": {
                "avg": 1.000005964452525,
                "med": 1.0000081871957707,
                "quart_1": 0.9999685576335857,
                "quart_3": 1.0000424264747108,
                "min": 0.9997099993509866,
                "max": 1.0003066243288254,
                "stdv": 6.467258033237153e-05,
                "counts": 199900
            }
        },
        "monitors": {
            "BTC": {
                "gain": {
                    "raw": {
                        "avg": 1.00017159023856,
                        "med": 1.000131148562333,
                        "quart_1": 1.0000589122740253,
                        "quart_3": 1.000240682908892,
                        "min": 1.0,
                        "max": 1.001459481146492,
                        "stdv": 0.00015224780758653605,
                        "counts": 102612
                    },
                    "processed": {
                        "avg": 1.0001710921828977,
                        "med": 1.0001311148137104,
                        "quart_1": 1.0000588835677857,
                        "quart_3": 1.0002405172760265,
                        "min": 1.0,
                        "max": 1.0010430306952016,
                        "stdv": 0.00015061917986153347,
                        "counts": 102561
                    }
                },
                "loss": {
                    "raw": {
                        "avg": 0.999797937215923,
                        "med": 0.999845788589118,