{
    "capital efficiency": {
        "better": {
            "raw": {
                "avg": 0.9932848718775354,
                "med": 0.9948648106146037,
                "quart_1": 0.9911699879037712,
                "quart_3": 0.9976575811627828,
                "min": 0.01666488660986517,
                "max": 0.9999999072680428,
                "stdv": 0.010869808602866559,
                "counts": 83133
            },
            "processed": {
                "avg": 0.9934459629660998,
                "med": 0.9948680523398847,
                "quart_1": 0.9911751796270225,
                "quart_3": 0.997658869788679,
                "min": 0.8485825188078939,
                "max": 0.9999999072680428,
                "stdv": 0.006815507807861586,
                "counts": 83092
            }
        },
        "worse": {
            "raw": {
                "avg": 1.0080140168288179,
                "med": 1.0054985941957293,
                "quart_1": 1.0026973623242106,
                "quart_3": 1.0099092070523819,
                "min": 1.0000000424007063,
                "max": 4.8429271216489855,
                "stdv": 0.024532939361253926,
                "counts": 116854
            },
            "processed": {
                "avg": 1.007666484609232,
                "med": 1.0054943235411762,
                "quart_1": 1.0026962154078274,
                "quart_3": 1.0099008499064324,
                "min": 1.0000000424007063,
                "max": 1.2201763907386969,
                "stdv": 0.008785732766889449,
                "counts": 116796
            }
        },
        "monitors": {
            "BTC": {
                "better": {
                    "raw": {
                        "avg": 0.9930124635611478,
                        "med": 0.9945269572726938,
                        "quart_1": 0.9907643715357949,
                        "quart_3": 0.9975304939934071,
                        "min": 0.4002310473327918,
                        "max": 0.9999984808382226,
                        "stdv": 0.010305007878739277,
                        "counts": 16768
                    },
                    "processed": {
                        "avg": 0.9931579347235772,
                        "med": 0.9945287675529484,
                        "quart_1": 0.9907674441742249,
                        "quart_3": 0.9975308467241996,
                        "min": 0.8470703979550248,
                        "max": 0.9999984808382226,
                        "stdv": 0.006999900187348347,
                        "counts": 16760
                    }
                },
                "worse": {
                    "raw": {
                        "avg": 1.008438519155385,
                        "med": 1.0058036398898076,
                        "quart_1": 1.002831969807053,
                        "quart_3": 1.0103159560464867,
                        "min": 1.0000000424007063,
                        "max": 4.138714102550224,
                        "stdv": 0.02747233969539556,
                        "counts": 23577
                    },
                    "processed": {
                        "avg": 1.008034243365244,
                        "med": 1.0057986498269502,
                        "quart_1": 1.0028308378731705,
                        "quart_3": 1.0103077768137556,
                        "min": 1.0000000424007063,
                        "max": 1.2706736172729032,
                        "stdv": 0.009653996929945095,
                        "counts": 23566
                    }
                }
            }
        }
    },
    "impermanent gain, loss": {
        "gain": {
            "raw": {
                "avg": 1.016050949086599,
                "med": 1.0121485913090456,
                "quart_1": 1.005263226117518,
                "quart_3": 1.0224735545376593,
                "min": 1.0,
                "max": 1.181536100055682,
                "stdv": 0.014610126107895614,
                "counts": 1073789
            },
            "processed": {
                "avg": 1.015999236118538,
                "med": 1.0121390896754294,
                "quart_1": 1.0052605765982434,
                "quart_3": 1.0224503430617673,
                "min": 1.0,
                "max": 1.1081922319161854,
                "stdv": 0.01442687836371019,
                "counts": 1073253
            }
        },
        "loss": {
            "raw": {
                "avg": 0.9834537880318818,
                "med": 0.9873997985153369,
                "quart_1": 0.9768480443691784,
                "quart_3": 0.9941673868848869,
                "min": 0.8286472401355969,
                "max": 0.9999999786916314,
                "stdv": 0.01456723227064742,
                "counts": 926211
            },
            "processed": {
                "avg": 0.983503717305575,
                "med": 0.9874067814130338,
                "quart_1": 0.9768718219398994,
                "quart_3": 0.9941697614989026,
                "min": 0.8957887834488284,
                "max": 0.9999999786916314,
                "stdv": 0.01439541036711189,
                "counts": 925748
            }
        },
        "averages": {
            "raw": {
                "avg": 1.000955024517775,
                "med": 1.0009481865552967,
                "quart_1": 0.9997442278335127,
                "quart_3": 1.0022833246027782,
                "min": 0.9901036685159589,
                "max": 1.0098812909635202,
                "stdv": 0.0019678787960969958,
                "counts": 200000
            },
            "processed": {
                "avg": 1.0009572183647488,
                "med": 1.0009486599554474,
                "quart_1": 0.9997457863385332,
                "quart_3": 1.0022833246027782,
                "min": 0.9931347640852808,
                "max": 1.0087676344572423,
                "stdv": 0.0019590161816139553,
                "counts": 199900
            }
        },
        "median": {
            "raw": {
                "avg": 1.0012817972238222,
                "med": 1.0012912989971299,
                "quart_1": 0.9985732373029714,
                "quart_3": 1.0039486800936603,
                "min": 0.9761354681054294,
                "max": 1.0300736171171823,
                "stdv": 0.004609898685103248,
                "counts": 200000
            },
            "processed": {
                "avg": 1.0012762972734794,
                "med": 1.0012907447246446,
                "quart_1": 0.9985733197575818,
                "quart_3": 1.0039437056617688,
                "min": 0.9797960550853824,
                "max": 1.0228784613969335,
                "stdv": 0.004579759237556795,
                "counts": 199900
            }
        },
        "monitors": {
            "BTC": {
                "gain": {
                    "raw": {
                        "avg": 1.0175543311437096,
                        "med": 1.0128710537872931,
                        "quart_1": 1.0053352690996336,
                        "quart_3": 1.0246388542838425,
                        "min": 1.0000017429413335,
                        "max": 1.1636241426251988,
                        "stdv": 0.016492355576118927,
                        "counts": 103776
                    },
                    "processed": {
                        "avg": 1.0174991747180648,
                        "med": 1.0128615826208975,
                        "quart_1": 1.0053272595520173,
                        "quart_3": 1.024621152911915,
                        "min": 1.0000017429413335,
                        "max": 1.1134083864006978,
                        "stdv": 0.01630524008260699,
                        "counts": 103725
                    }
                },
                "loss": {
                    "raw": {
                        "avg": 0.982298316649202,
                        "med": 0.9863975079491509,