{
    "capital efficiency": {
        "better": {
            "raw": {
                "avg": 0.9999685491112004,
                "med": 0.9999874713425129,
                "quart_1": 0.999977702457334,
                "quart_3": 0.9999943943089348,
                "min": 0.6325491854937821,
                "max": 0.9999999999879504,
                "stdv": 0.0017261390011744553,
                "counts": 84938
            },
            "processed": {
                "avg": 0.9999812326631243,
                "med": 0.9999874783450199,
                "quart_1": 0.9999777168300775,
                "quart_3": 0.9999943976125205,
                "min": 0.9982440078067529,
                "max": 0.9999999999879504,
                "stdv": 3.661070597365212e-05,
                "counts": 84896
            }
        },
        "worse": {
            "raw": {
                "avg": 1.0000212827613215,
                "med": 1.0000126247044576,
                "quart_1": 1.0000060703670455,
                "quart_3": 1.000023510254171,
                "min": 1.000000000211947,
                "max": 1.0259201305031411,
                "stdv": 0.00011605039024507432,
                "counts": 115061
            },
            "processed": {
                "avg": 1.0000196847883647,
                "med": 1.0000126182717426,
                "quart_1": 1.000006067203135,
                "quart_3": 1.0000234889619142,
                "min": 1.000000000211947,
                "max": 1.0010008491069786,
                "stdv": 3.1494410129126285e-05,
                "counts": 115004
            }
        },
        "monitors": {
            "BTC": {
                "better": {
                    "raw": {
                        "avg": 0.9999808871540978,
                        "med": 0.9999880571369777,
                        "quart_1": 0.9999788431084317,
                        "quart_3": 0.9999946306271099,
                        "min": 0.9948854174517796,
                        "max": 0.9999999987166753,
                        "stdv": 7.48999648859287e-05,
                        "counts": 18452
                    },
                    "processed": {
                        "avg": 0.9999822058733071,
                        "med": 0.9999880673446983,
                        "quart_1": 0.999978856158436,
                        "quart_3": 0.9999946310705736,
                        "min": 0.9985271847645962,
                        "max": 0.9999999987166753,
                        "stdv": 3.730534580159908e-05,
                        "counts": 18443
                    }
                },
                "worse": {
                    "raw": {
                        "avg": 1.0000195877448028,
                        "med": 1.0000123077624081,
                        "quart_1": 1.0000058747978142,
                        "quart_3": 1.00002272871728,
                        "min": 1.000000000211947,
                        "max": 1.0049084369679024,
                        "stdv": 5.7148237492642694e-05,
                        "counts": 25354
                    },
                    "processed": {
                        "avg": 1.000018677332573,
                        "med": 1.0000123017183753,
                        "quart_1": 1.0000058714137603,
                        "quart_3": 1.000022713082497,
                        "min": 1.000000000211947,
                        "max": 1.0007739882459423,
                        "stdv": 2.7676546871891444e-05,
                        "counts": 25342
                    }
                }
            }
        }
    },
    "impermanent gain, loss": {
        "gain": {
            "raw": {
                "avg": 1.0001925310706612,
                "med": 1.0001419360538608,
                "quart_1": 1.0000603143023756,
                "quart_3": 1.0002666698627327,
                "min": 1.0,
                "max": 1.0026126711416772,
                "stdv": 0.00018352246052070497,
                "counts": 968926
            },
            "processed": {
                "avg": 1.000191785750605,
                "med": 1.0001418513013105,
                "quart_1": 1.0000602745291836,
                "quart_3": 1.000266455806653,
                "min": 1.0,
                "max": 1.00148137087254,
                "stdv": 0.00018046629838959217,
                "counts": 968442
            }
        },
        "loss": {
            "raw": {
                "avg": 0.9997894646047593,
                "med": 0.9998434181450161,
                "quart_1": 0.9997093327816713,
                "quart_3": 0.9999292935080538,
                "min": 0.9974073882957777,
                "max": 0.9999999998517681,
                "stdv": 0.00019577426188026103,
                "counts": 831065
            },
            "processed": {
                "avg": 0.999790304327328,
                "med": 0.999843512363544,
                "quart_1": 0.9997096210391907,
                "quart_3": 0.9999293149840238,
                "min": 0.9984273070151325,
                "max": 0.9999999998517681,
                "stdv": 0.00019209227631548177,
                "counts": 830650
            }
        },
        "averages": {
            "raw": {
                "avg": 1.0000064332333485,
                "med": 1.000004540493177,
                "quart_1": 0.9999905621600086,
                "quart_3": 1.0000229846645896,
                "min": 0.999726208764396,
                "max": 1.0003035314724478,
                "stdv": 3.055032227383974e-05,
                "counts": 199999
            },
            "processed": {
                "avg": 1.0000064511241957,
                "med": 1.0000045434062559,
                "quart_1": 0.9999905758300138,
                "quart_3": 1.0000229740878248,
                "min": 0.9998228939188013,
                "max": 1.0001867723556104,
                "stdv": 3.016483571839024e-05,
                "counts": 199900
            }
        },
        "median": {
            "raw": {
                "avg": 1.0000146054101475,
                "med": 1.0000154738729643,
                "quart_1": 0.9999784586178958,
                "quart_3": 1.0000503375503917,
                "min": 0.9995833471071449,
                "max": 1.0005389645901583,
                "stdv": 6.478322067980191e-05,
                "counts": 199999
            },
            "processed": {
                "avg": 1.0000145629974122,
                "med": 1.000015471576179,
                "quart_1": 0.9999784623247171,
                "quart_3": 1.0000503170895843,
                "min": 0.9997085941531549,
                "max": 1.0003227785947257,
                "stdv": 6.428684124962912e-05,
                "counts": 199900
            }
        },
        "monitors": {
            "BTC": {
                "gain": {
                    "raw": {
                        "avg": 1.0001735639040192,
                        "med": 1.0001359479827292,
                        "quart_1": 1.000059283153155,
                        "quart_3": 1.0002436113075635,
                        "min": 1.0,
                        "max": 1.0014696463566495,
                        "stdv": 0.00015203620992166767,
                        "counts": 105847
                    },
                    "processed": {
                        "avg": 1.0001730875439991,
                        "med": 1.000135840533488,
                        "quart_1": 1.0000592776834505,
                        "quart_3": 1.0002432617102466,
                        "min": 1.0,
                        "max": 1.0010216369450264,
                        "stdv": 0.0001505234776492975,
                        "counts": 105795
                    }
                },
                "loss": {
                    "raw": {
                        "avg": 0.9997986292092992,
                        "med": 0.9998481488071572,