{
    "capital efficiency": {
        "better": {
            "raw": {
                "avg": 0.9922501389158336,
                "med": 0.9925237798832293,
                "quart_1": 0.9891379244742994,
                "quart_3": 0.9963951884561602,
                "min": 0.912119388164507,
                "max": 0.9999999423426638,
                "stdv": 0.005112129049074709,
                "counts": 82023
            },
            "processed": {
                "avg": 0.9922666732508816,
                "med": 0.9925266332812965,
                "quart_1": 0.989143900971675,
                "quart_3": 0.9963964833677814,
                "min": 0.9651628431921597,
                "max": 0.9999999423426638,
                "stdv": 0.005056068309291663,
                "counts": 81982
            }
        },
        "worse": {
            "raw": {
                "avg": 1.0086493373695304,
                "med": 1.0070849947426257,
                "quart_1": 1.0033458877937713,
                "quart_3": 1.0125892369987919,
                "min": 1.0000000005647962,
                "max": 1.079724497145538,
                "stdv": 0.006679063461459945,
                "counts": 117976
            },
            "processed": {
                "avg": 1.0086292445416816,
                "med": 1.007081224134435,
                "quart_1": 1.0033446234599581,
                "quart_3": 1.0125796198726067,
                "min": 1.0000000005647962,
                "max": 1.0436617084191961,
                "stdv": 0.0066172923402458665,
                "counts": 117918
            }
        },
        "monitors": {
            "BTC, ETH": {
                "better": {
                    "raw": {
                        "avg": 0.9922545262872079,
                        "med": 0.9924251237539883,
                        "quart_1": 0.9891050922131217,
                        "quart_3": 0.9964496193934987,
                        "min": 0.962259090444014,
                        "max": 0.9999959027037221,
                        "stdv": 0.005045735898519983,
                        "counts": 2258
                    },
                    "processed": {
                        "avg": 0.9922678162454901,
                        "med": 0.9924254411664574,
                        "quart_1": 0.9891116230552541,
                        "quart_3": 0.9964496193934987,
                        "min": 0.9641074289153938,
                        "max": 0.9999959027037221,
                        "stdv": 0.005007186461581407,
                        "counts": 2257
                    }
                },
                "worse": {
                    "raw": {
                        "avg": 1.0085776106119222,
                        "med": 1.0071402717442923,
                        "quart_1": 1.003270216612408,
                        "quart_3": 1.0123762369092253,
                        "min": 1.0000019934162396,
                        "max": 1.0471977507355505,
                        "stdv": 0.006569538859063215,
                        "counts": 3211
                    },
                    "processed": {
                        "avg": 1.0085655794156219,
                        "med": 1.0071354556629162,
                        "quart_1": 1.0032662782329198,
                        "quart_3": 1.0123746339217008,
                        "min": 1.0000019934162396,
                        "max": 1.0374758837372238,
                        "stdv": 0.006535097145860937,
                        "counts": 3210
                    }
                }
            }
        }
    },
    "impermanent gain, loss": {
        "gain": {
            "raw": {
                "avg": 1.0062528195910103,
                "med": 1.0046178988183232,
                "quart_1": 1.0019941415170484,
                "quart_3": 1.008777225854681,
                "min": 1.0,
                "max": 1.0920747999073575,
                "stdv": 0.00586392133953868,
                "counts": 7338198
            },
            "processed": {
                "avg": 1.006228832663698,
                "med": 1.0046148810574962,
                "quart_1": 1.001993107834038,
                "quart_3": 1.008769696032702,
                "min": 1.0,
                "max": 1.0472133826416923,
                "stdv": 0.005765156011044261,
                "counts": 7334529
            }
        },
        "loss": {
            "raw": {
                "avg": 0.9948713457026069,
                "med": 0.9956669037445922,
                "quart_1": 0.9925154709246943,
                "quart_3": 0.9981023060028,
                "min": 0.944174547707004,
                "max": 0.9999999999999997,
                "stdv": 0.004002405228512387,
                "counts": 7061730
            },
            "processed": {
                "avg": 0.9948829661277746,
                "med": 0.9956694763169914,
                "quart_1": 0.9925223741653306,
                "quart_3": 0.9981028432870899,
                "min": 0.9747093207370742,
                "max": 0.9999999999999997,
                "stdv": 0.003968763284093149,
                "counts": 7058200
            }
        },
        "averages": {
            "raw": {
                "avg": 1.0006713406003211,
                "med": 1.000647186919504,
                "quart_1": 1.0002297485455567,
                "quart_3": 1.0010013467269925,
                "min": 0.9996303493440943,
                "max": 1.0036486647509553,
                "stdv": 0.0005302100396995801,
                "counts": 199999
            },
            "processed": {
                "avg": 1.0006700825875767,
                "med": 1.0006468137380524,
                "quart_1": 1.0002295783218722,
                "quart_3": 1.0010008163077946,
                "min": 0.9996303493440943,
                "max": 1.0030602156457493,
                "stdv": 0.000527310678972409,
                "counts": 199900
            }
        },
        "median": {
            "raw": {
                "avg": 1.000155417937509,
                "med": 1.0001180283518378,
                "quart_1": 0.9998366931598248,
                "quart_3": 1.0004618553791582,
                "min": 0.9979144844711676,
                "max": 1.0022792345527225,
                "stdv": 0.00048258570248373335,
                "counts": 199999
            },
            "processed": {
                "avg": 1.0001556745518567,
                "med": 1.0001180740197504,
                "quart_1": 0.9998372350751641,
                "quart_3": 1.0004618188861683,
                "min": 0.9982757303975858,
                "max": 1.0019498123832913,
                "stdv": 0.0004806276880727358,
                "counts": 199900
            }
        },
        "monitors": {
            "BTC, ETH": {
                "gain": {
                    "raw": {
                        "avg": 1.0071586329044093,
                        "med": 1.0052309149023066,
                        "quart_1": 1.0026472575189598,
                        "quart_3": 1.0102738296784761,
                        "min": 1.0,
                        "max": 1.0491644789654695,
                        "stdv": 0.006256495241558029,
                        "counts": 227717
                    },
                    "processed": {
                        "avg": 1.007141035552912,
                        "med": 1.00522953937016,
                        "quart_1": 1.0026457499388017,
                        "quart_3": 1.0102559557618147,
                        "min": 1.0,
                        "max": 1.0411858246044987,
                        "stdv": 0.006207764013466213,
                        "counts": 227604
                    }
                },
                "loss": {
                    "raw": {
                        "avg": 0.9953144541842626,
                        "med": 0.9960304486881968,