{
    "capital efficiency": {
        "better": {
            "raw": {
                "avg": 0.6529698361192884,
                "med": 0.6328399282162436,
                "quart_1": 0.4949454810191616,
                "quart_3": 0.8199617756864828,
                "min": 0.08861914909075695,
                "max": 0.9999767324040204,
                "stdv": 0.19144182033870244,
                "counts": 76082
            },
            "processed": {
                "avg": 0.6532304710214133,
                "med": 0.633134186346174,
                "quart_1": 0.495128953914571,
                "quart_3": 0.8201419276338655,
                "min": 0.15335605844543462,
                "max": 0.9999767324040204,
                "stdv": 0.1911337912126909,
                "counts": 76044
            }
        },
        "worse": {
            "raw": {
                "avg": 2.198526606519254,
                "med": 1.632859475191711,
                "quart_1": 1.2618505453980935,
                "quart_3": 2.6097941804173894,
                "min": 1.0000049860016758,
                "max": 34.00012642448184,
                "stdv": 1.4906504170606754,
                "counts": 123918
            },
            "processed": {
                "avg": 2.190805534515756,
                "med": 1.6323108405329019,
                "quart_1": 1.261741332476892,
                "quart_3": 2.60748511577386,
                "min": 1.0000049860016758,
                "max": 15.550974608946278,
                "stdv": 1.4484946579254498,
                "counts": 123857
            }
        },
        "monitors": {
            "BTC, ETH": {
                "better": {
                    "raw": {
                        "avg": 0.6617286781981018,
                        "med": 0.6449714530758439,
                        "quart_1": 0.5030175586308061,
                        "quart_3": 0.8260109889846241,
                        "min": 0.19109908568215897,
                        "max": 0.9994098181176851,
                        "stdv": 0.18952132113831868,
                        "counts": 1738
                    },
                    "processed": {
                        "avg": 0.6617286781981018,
                        "med": 0.6449714530758439,
                        "quart_1": 0.5030175586308061,
                        "quart_3": 0.8260109889846241,
                        "min": 0.19109908568215897,
                        "max": 0.9994098181176851,
                        "stdv": 0.18952132113831868,
                        "counts": 1738
                    }
                },
                "worse": {
                    "raw": {
                        "avg": 2.144324967839759,
                        "med": 1.6145817849737287,
                        "quart_1": 1.2543047570993489,
                        "quart_3": 2.54483075395421,
                        "min": 1.0005296713195055,
                        "max": 18.051983219748262,
                        "stdv": 1.4402293524745113,
                        "counts": 2833
                    },
                    "processed": {
                        "avg": 2.1387078568751026,
                        "med": 1.6141310102484874,
                        "quart_1": 1.254264996884934,
                        "quart_3": 2.5444108969982095,
                        "min": 1.0005296713195055,
                        "max": 17.68088867421178,
                        "stdv": 1.4091154639890089,
                        "counts": 2832
                    }
                }
            }
        }
    },
    "impermanent gain, loss": {
        "gain": {
            "raw": {
                "avg": 1.4945498480593753,
                "med": 1.3854450571331347,
                "quart_1": 1.1382638395499867,
                "quart_3": 1.7248858764965787,
                "min": 1.0,
                "max": 5.815738044438209,
                "stdv": 0.4432979960801505,
                "counts": 9125886
            },
            "processed": {
                "avg": 1.4931645869508328,
                "med": 1.3851769122738284,
                "quart_1": 1.1381461172906893,
                "quart_3": 1.7239528860913664,
                "min": 1.0,
                "max": 3.9405755357820613,
                "stdv": 0.4389952296555256,
                "counts": 9121324
            }
        },
        "loss": {
            "raw": {
                "avg": 0.6889912642424083,
                "med": 0.6927920566248981,
                "quart_1": 0.52447525426607,
                "quart_3": 0.8707544780482508,
                "min": 0.09782527698737566,
                "max": 0.9999999999999999,
                "stdv": 0.20101214123076516,
                "counts": 8874114
            },
            "processed": {
                "avg": 0.6892492566520697,
                "med": 0.6930348277123003,
                "quart_1": 0.5247573163954333,
                "quart_3": 0.870871433592689,
                "min": 0.1931481935190354,
                "max": 0.9999999999999999,
                "stdv": 0.2007307366593966,
                "counts": 8869677
            }
        },
        "averages": {
            "raw": {
                "avg": 1.0974043643670786,
                "med": 1.0947802360047216,
                "quart_1": 1.0759700359874786,
                "quart_3": 1.1161591394098695,
                "min": 1.0027638914228603,
                "max": 1.2381574161241673,
                "stdv": 0.029635675216592564,
                "counts": 200000
            },
            "processed": {
                "avg": 1.0973442638025988,
                "med": 1.0947619232046746,
                "quart_1": 1.0759593904226572,
                "quart_3": 1.1161210941802668,
                "min": 1.0027638914228603,
                "max": 1.2104766148380153,
                "stdv": 0.02952065711702054,
                "counts": 199900
            }
        },
        "median": {
            "raw": {
                "avg": 1.0066334905105785,
                "med": 1.00503846137018,
                "quart_1": 0.9928990833355333,
                "quart_3": 1.019403833310614,
                "min": 0.9001895371989468,
                "max": 1.129904381530392,
                "stdv": 0.021470959509894822,
                "counts": 200000
            },
            "processed": {
                "avg": 1.0065846202108062,
                "med": 1.0050275507627213,
                "quart_1": 0.9928890137515749,
                "quart_3": 1.0193900678999366,
                "min": 0.9061127367109988,
                "max": 1.105703050623755,
                "stdv": 0.021344072096783195,
                "counts": 199900
            }
        },
        "monitors": {
            "BTC, ETH": {
                "gain": {
                    "raw": {
                        "avg": 1.5194441546381623,
                        "med": 1.3844684308365123,
                        "quart_1": 1.1146892251731242,
                        "quart_3": 1.7510959617379132,
                        "min": 1.0,
                        "max": 5.815738044438209,
                        "stdv": 0.4998774680815762,
                        "counts": 214938
                    },
                    "processed": {
                        "avg": 1.517965401202045,
                        "med": 1.384176083018047,
                        "quart_1": 1.1146892251731242,
                        "quart_3": 1.7503409281649636,
                        "min": 1.0,
                        "max": 4.121822081041751,
                        "stdv": 0.4954883369597405,
                        "counts": 214831
                    }
                },
                "loss": {
                    "raw": {
                        "avg": 0.6866667414040497,
                        "med": 0.6824920881788675,
                        "quart_1": 0.5321487869854812,