{
    "capital efficiency": {
        "better": {
            "raw": {
                "avg": 0.6195398705961778,
                "med": 0.5891999925649696,
                "quart_1": 0.45510463076807534,
                "quart_3": 0.7873095303600842,
                "min": 0.09732750791020561,
                "max": 0.9999878405208061,
                "stdv": 0.19679750587109227,
                "counts": 75491
            },
            "processed": {
                "avg": 0.6197789880493355,
                "med": 0.5894451949007964,
                "quart_1": 0.4552776921481897,
                "quart_3": 0.787383994100689,
                "min": 0.1558249997787128,
                "max": 0.9999878405208061,
                "stdv": 0.19654882660911527,
                "counts": 75454
            }
        },
        "worse": {
            "raw": {
                "avg": 2.3583630850023427,
                "med": 1.806912781180925,
                "quart_1": 1.345823825916863,
                "quart_3": 2.910120283985619,
                "min": 1.000022055453963,
                "max": 27.2036331265491,
                "stdv": 1.4846872319995688,
                "counts": 124509
            },
            "processed": {
                "avg": 2.3518456980551594,
                "med": 1.806225389884183,
                "quart_1": 1.3456489052078666,
                "quart_3": 2.9076350791950114,
                "min": 1.000022055453963,
                "max": 13.29767724941142,
                "stdv": 1.4551575766452483,
                "counts": 124447
            }
        },
        "monitors": {
            "BTC, ETH": {
                "better": {
                    "raw": {
                        "avg": 0.6251020617885776,
                        "med": 0.5952549135669079,
                        "quart_1": 0.46211543220440265,
                        "quart_3": 0.7930162788967411,
                        "min": 0.17818258521627273,
                        "max": 0.9990206121143707,
                        "stdv": 0.1940336887793303,
                        "counts": 1728
                    },
                    "processed": {
                        "avg": 0.6251020617885776,
                        "med": 0.5952549135669079,
                        "quart_1": 0.46211543220440265,
                        "quart_3": 0.7930162788967411,
                        "min": 0.17818258521627273,
                        "max": 0.9990206121143707,
                        "stdv": 0.1940336887793303,
                        "counts": 1728
                    }
                },
                "worse": {
                    "raw": {
                        "avg": 2.293318428059214,
                        "med": 1.7878196601262846,
                        "quart_1": 1.3433270799261874,
                        "quart_3": 2.8098933979796668,
                        "min": 1.0003384051289694,
                        "max": 15.448984914474611,
                        "stdv": 1.4090033907042527,
                        "counts": 2838
                    },
                    "processed": {
                        "avg": 2.2886812527027054,
                        "med": 1.7875190953964915,
                        "quart_1": 1.3433270799261874,
                        "quart_3": 2.809176614937669,
                        "min": 1.0003384051289694,
                        "max": 15.069310182873883,
                        "stdv": 1.3874306124528581,
                        "counts": 2837
                    }
                }
            }
        }
    },
    "impermanent gain, loss": {
        "gain": {
            "raw": {
                "avg": 1.4895983246441422,
                "med": 1.381595816914837,
                "quart_1": 1.131693591993012,
                "quart_3": 1.7199995198945972,
                "min": 1.0,
                "max": 5.9982118169668475,
                "stdv": 0.4430801002543141,
                "counts": 9207925
            },
            "processed": {
                "avg": 1.4882290917405732,
                "med": 1.3812287699076156,
                "quart_1": 1.131624966333578,
                "quart_3": 1.7194092236720921,
                "min": 1.0,
                "max": 3.90501419234821,
                "stdv": 0.43887771045538393,
                "counts": 9203322
            }
        },
        "loss": {
            "raw": {
                "avg": 0.7114916066393319,
                "med": 0.7122194861584737,
                "quart_1": 0.5635849830259767,
                "quart_3": 0.874700295161754,
                "min": 0.1385131940586341,
                "max": 0.9999999999999999,
                "stdv": 0.18246366125268657,
                "counts": 8792075
            },
            "processed": {
                "avg": 0.7117337283033619,
                "med": 0.7123339682588427,
                "quart_1": 0.5637702266934821,
                "quart_3": 0.8747754639050185,
                "min": 0.24678283211668547,
                "max": 0.9999999999999999,
                "stdv": 0.18218737085455453,
                "counts": 8787679
            }
        },
        "averages": {
            "raw": {
                "avg": 1.1095331789374117,
                "med": 1.106825118440502,
                "quart_1": 1.087115953531671,
                "quart_3": 1.129589936312115,
                "min": 1.003222662188063,
                "max": 1.262215090079775,
                "stdv": 0.03104520884969404,
                "counts": 200000
            },
            "processed": {
                "avg": 1.1094682618852634,
                "med": 1.106801564233805,
                "quart_1": 1.0871081534284535,
                "quart_3": 1.1295407791338006,
                "min": 1.003222662188063,
                "max": 1.2275930425888797,
                "stdv": 0.03091634055007547,
                "counts": 199900
            }
        },
        "median": {
            "raw": {
                "avg": 1.0102035912274638,
                "med": 1.0084121038592193,
                "quart_1": 0.9970670403241528,
                "quart_3": 1.0228959424692503,
                "min": 0.9227940465206091,
                "max": 1.1206962342428297,
                "stdv": 0.02018571020619832,
                "counts": 200000
            },
            "processed": {
                "avg": 1.010164375242871,
                "med": 1.0084002346272865,
                "quart_1": 0.9970620530978924,
                "quart_3": 1.0228754051827194,
                "min": 0.9274209745511334,
                "max": 1.089729716308645,
                "stdv": 0.02009214259619178,
                "counts": 199900
            }
        },
        "monitors": {
            "BTC, ETH": {
                "gain": {
                    "raw": {
                        "avg": 1.5248761112306888,
                        "med": 1.3964061761273812,
                        "quart_1": 1.127224306254107,
                        "quart_3": 1.7536089953456335,
                        "min": 1.0,
                        "max": 5.839977739956551,
                        "stdv": 0.49927599007739487,
                        "counts": 215337
                    },
                    "processed": {
                        "avg": 1.5234055526547072,
                        "med": 1.395892476309635,
                        "quart_1": 1.127224306254107,
                        "quart_3": 1.7533504399267636,
                        "min": 1.0,
                        "max": 4.062145177558551,
                        "stdv": 0.4949108808315858,
                        "counts": 215230
                    }
                },
                "loss": {
                    "raw": {
                        "avg": 0.7125106589732357,
                        "med": 0.7119529245667123,
                        "quart_1": 0.5754808853059228,