{
    "capital efficiency": {
        "better": {
            "raw": {
                "avg": 0.9973864351399959,
                "med": 0.9974942998242746,
                "quart_1": 0.9963307551065931,
                "quart_3": 0.998798946090907,
                "min": 0.9678542701647673,
                "max": 0.9999998895995025,
                "stdv": 0.0017425992980983646,
                "counts": 82134
            },
            "processed": {
                "avg": 0.9973920497166054,
                "med": 0.9974955760005385,
                "quart_1": 0.9963340897140323,
                "quart_3": 0.9987998252546664,
                "min": 0.9880303694910729,
                "max": 0.9999998895995025,
                "stdv": 0.0017234264710634763,
                "counts": 82093
            }
        },
        "worse": {
            "raw": {
                "avg": 1.0029010913203387,
                "med": 1.0023696344945605,
                "quart_1": 1.0011167233011093,
                "quart_3": 1.0042228382482448,
                "min": 1.0000000526058894,
                "max": 1.027329207879593,
                "stdv": 0.0022483530285128486,
                "counts": 117865
            },
            "processed": {
                "avg": 1.002894219146346,
                "med": 1.0023680919481428,
                "quart_1": 1.0011159797871978,
                "quart_3": 1.0042205493870033,
                "min": 1.0000000526058894,
                "max": 1.0145467347200914,
                "stdv": 0.0022268316656797694,
                "counts": 117807
            }
        },
        "monitors": {
            "BTC, ETH": {
                "better": {
                    "raw": {
                        "avg": 0.9973687956334321,
                        "med": 0.9974346947190503,
                        "quart_1": 0.9963155052381852,
                        "quart_3": 0.9987656993613817,
                        "min": 0.9859493150264107,
                        "max": 0.9999979360007701,
                        "stdv": 0.0017375691843937956,
                        "counts": 2240
                    },
                    "processed": {
                        "avg": 0.9973738958927475,
                        "med": 0.9974360340761841,
                        "quart_1": 0.9963160568432116,
                        "quart_3": 0.9987656993613817,
                        "min": 0.9868669170472929,
                        "max": 0.9999979360007701,
                        "stdv": 0.0017211120767930217,
                        "counts": 2239
                    }
                },
                "worse": {
                    "raw": {
                        "avg": 1.0029087900480869,
                        "med": 1.0024323079911226,
                        "quart_1": 1.001089585987884,
                        "quart_3": 1.0041626656363114,
                        "min": 1.0000010070161165,
                        "max": 1.0144989508940911,
                        "stdv": 0.0022369571738904085,
                        "counts": 3241
                    },
                    "processed": {
                        "avg": 1.0029052128379492,
                        "med": 1.002431812885447,
                        "quart_1": 1.0010891611363952,
                        "quart_3": 1.0041618130334504,
                        "min": 1.0000010070161165,
                        "max": 1.0136153332955664,
                        "stdv": 0.0022280144968066214,
                        "counts": 3240
                    }
                }
            }
        }
    },
    "impermanent gain, loss": {
        "gain": {
            "raw": {
                "avg": 1.0063577492914617,
                "med": 1.0046516661161486,
                "quart_1": 1.0020078085709232,
                "quart_3": 1.0088494607940697,
                "min": 1.0,
                "max": 1.0752257911099428,
                "stdv": 0.006050931509372367,
                "counts": 7322508
            },
            "processed": {
                "avg": 1.0063336885965029,
                "med": 1.0046474291531269,
                "quart_1": 1.0020065028137182,
                "quart_3": 1.0088416472285548,
                "min": 1.0,
                "max": 1.048315619345125,
                "stdv": 0.00595506036068617,
                "counts": 7318847
            }
        },
        "loss": {
            "raw": {
                "avg": 0.9947533335560071,
                "med": 0.9955762143258446,
                "quart_1": 0.9923838141728233,
                "quart_3": 0.9980312664104135,
                "min": 0.9419279825683049,
                "max": 0.9999999999999998,
                "stdv": 0.00408340826835353,
                "counts": 7077420
            },
            "processed": {
                "avg": 0.9947652091357175,
                "med": 0.995578540659143,
                "quart_1": 0.9923891544341403,
                "quart_3": 0.9980330679642564,
                "min": 0.9744910123273689,
                "max": 0.9999999999999998,
                "stdv": 0.004048799708296019,
                "counts": 7073882
            }
        },
        "averages": {
            "raw": {
                "avg": 1.0006542954946984,
                "med": 1.00064139270619,
                "quart_1": 1.000214699061341,
                "quart_3": 1.0009762439853276,
                "min": 0.9995544960873259,
                "max": 1.0036156377094925,
                "stdv": 0.0005333302940939492,
                "counts": 199999
            },
            "processed": {
                "avg": 1.0006530763861203,
                "med": 1.000641035051776,
                "quart_1": 1.0002145256640478,
                "quart_3": 1.0009756491626614,
                "min": 0.9995544960873259,
                "max": 1.002983840232394,
                "stdv": 0.0005306334349595948,
                "counts": 199900
            }
        },
        "median": {
            "raw": {
                "avg": 1.0001421218188564,
                "med": 1.0001048549031444,
                "quart_1": 0.9998138849547673,
                "quart_3": 1.0004610102450955,
                "min": 0.9977026805550158,
                "max": 1.0024312251486516,
                "stdv": 0.0004970111179218512,
                "counts": 199999
            },
            "processed": {
                "avg": 1.000142307414565,
                "med": 1.0001049104382562,
                "quart_1": 0.9998140177095232,
                "quart_3": 1.0004608749486072,
                "min": 0.9982234519134856,
                "max": 1.0019679921591567,
                "stdv": 0.0004949931796210315,
                "counts": 199900
            }
        },
        "monitors": {
            "BTC, ETH": {
                "gain": {
                    "raw": {
                        "avg": 1.0075786044457107,
                        "med": 1.0057162444982846,
                        "quart_1": 1.002612187060205,
                        "quart_3": 1.0108489819069406,
                        "min": 1.0,
                        "max": 1.0649213994727034,
                        "stdv": 0.0065297353879537195,
                        "counts": 228170
                    },
                    "processed": {
                        "avg": 1.0075581367183088,
                        "med": 1.0057162444982846,
                        "quart_1": 1.002612187060205,
                        "quart_3": 1.0108486011464417,
                        "min": 1.0,
                        "max": 1.0453374021360162,
                        "stdv": 0.0064661523630660436,
                        "counts": 228056
                    }
                },
                "loss": {
                    "raw": {
                        "avg": 0.9950548400145995,
                        "med": 0.9957526934679466,