{
    "capital efficiency": {
        "better": {
            "raw": {
                "avg": 0.8044511875279404,
                "med": 0.8637152021645529,
                "quart_1": 0.6738149943212662,
                "quart_3": 0.960843975728986,
                "min": 0.03733733847153233,
                "max": 0.9999983305513815,
                "stdv": 0.17962695446548244,
                "counts": 79115
            },
            "processed": {
                "avg": 0.8048052513320791,
                "med": 0.863857894217162,
                "quart_1": 0.6741224722934288,
                "quart_3": 0.9608624173068894,
                "min": 0.12054324036033823,
                "max": 0.9999983305513815,
                "stdv": 0.17896150378513725,
                "counts": 79076
            }
        },
        "worse": {
            "raw": {
                "avg": 2.2201252099398383,
                "med": 1.1449633858914263,
                "quart_1": 1.0419728978004477,
                "quart_3": 1.6984288085018053,
                "min": 1.0000005690810791,
                "max": 195.87809937124246,
                "stdv": 4.0301128971076,
                "counts": 120885
            },
            "processed": {
                "avg": 2.1788913120942466,
                "med": 1.1447345940856342,
                "quart_1": 1.0419380009990409,
                "quart_3": 1.696459491768282,
                "min": 1.0000005690810791,
                "max": 63.367151276001415,
                "stdv": 3.5362932048865168,
                "counts": 120825
            }
        },
        "monitors": {
            "BTC, ETH": {
                "better": {
                    "raw": {
                        "avg": 0.8200191957792232,
                        "med": 0.8789734457723193,
                        "quart_1": 0.7021838473005906,
                        "quart_3": 0.9627168847208023,
                        "min": 0.14748269775399958,
                        "max": 0.999971955345827,
                        "stdv": 0.1691803364950842,
                        "counts": 1808
                    },
                    "processed": {
                        "avg": 0.8200191957792232,
                        "med": 0.8789734457723193,
                        "quart_1": 0.7021838473005906,
                        "quart_3": 0.9627168847208023,
                        "min": 0.14748269775399958,
                        "max": 0.999971955345827,
                        "stdv": 0.1691803364950842,
                        "counts": 1808
                    }
                },
                "worse": {
                    "raw": {
                        "avg": 2.054788514120279,
                        "med": 1.133506736637317,
                        "quart_1": 1.0392522505263195,
                        "quart_3": 1.576116285636244,
                        "min": 1.0000502679643521,
                        "max": 56.48222919847274,
                        "stdv": 3.318408016942908,
                        "counts": 2764
                    },
                    "processed": {
                        "avg": 2.035089838519717,
                        "med": 1.133429301407977,
                        "quart_1": 1.0392522505263195,
                        "quart_3": 1.575692523934606,
                        "min": 1.0000502679643521,
                        "max": 45.65572621501553,
                        "stdv": 3.1532967975398534,
                        "counts": 2763
                    }
                }
            }
        }
    },
    "impermanent gain, loss": {
        "gain": {
            "raw": {
                "avg": 1.527275380896324,
                "med": 1.4157237565574352,
                "quart_1": 1.1647768677901398,
                "quart_3": 1.7668419039295236,
                "min": 1.0,
                "max": 5.9220583468939445,
                "stdv": 0.45779182775629124,
                "counts": 8904272
            },
            "processed": {
                "avg": 1.5258959828005316,
                "med": 1.415506558312386,
                "quart_1": 1.1646833219074553,
                "quart_3": 1.7661065126907705,
                "min": 1.0,
                "max": 3.9660841435464405,
                "stdv": 0.45367344980756674,
                "counts": 8899820
            }
        },
        "loss": {
            "raw": {
                "avg": 0.5861506519229855,
                "med": 0.6145578597476016,
                "quart_1": 0.34809222472500356,
                "quart_3": 0.8401740383406534,
                "min": 0.010272883827174926,
                "max": 0.9999999999999999,
                "stdv": 0.28001350824728244,
                "counts": 9095728
            },
            "processed": {
                "avg": 0.5864311204180024,
                "med": 0.6147253412120369,
                "quart_1": 0.3485163599960595,
                "quart_3": 0.8402309449583285,
                "min": 0.029851311974843805,
                "max": 0.9999999999999999,
                "stdv": 0.2798024645009582,
                "counts": 9091181
            }
        },
        "averages": {
            "raw": {
                "avg": 1.0517079059616203,
                "med": 1.0483673265555593,
                "quart_1": 1.0336101202720023,
                "quart_3": 1.0666608657914478,
                "min": 0.9827855895383892,
                "max": 1.1806499060040387,
                "stdv": 0.024843231652841705,
                "counts": 200000
            },
            "processed": {
                "avg": 1.0516533098099161,
                "med": 1.0483516145806306,
                "quart_1": 1.0336044404908413,
                "quart_3": 1.066618147473587,
                "min": 0.9827855895383892,
                "max": 1.1536992335482232,
                "stdv": 0.02472876438072495,
                "counts": 199900
            }
        },
        "median": {
            "raw": {
                "avg": 0.9930147112086768,
                "med": 0.9943528317240975,
                "quart_1": 0.9745548975259429,
                "quart_3": 1.0106932550127627,
                "min": 0.835364889653001,
                "max": 1.199592430286665,
                "stdv": 0.02992102060426166,
                "counts": 200000
            },
            "processed": {
                "avg": 0.9929836686191349,
                "med": 0.9943505923209295,
                "quart_1": 0.9745648628499195,
                "quart_3": 1.0106790928517317,
                "min": 0.8609886164340633,
                "max": 1.1275843840708388,
                "stdv": 0.029729601871658913,
                "counts": 199900
            }
        },
        "monitors": {
            "BTC, ETH": {
                "gain": {
                    "raw": {
                        "avg": 1.553093797515216,
                        "med": 1.3988052914588474,
                        "quart_1": 1.150480407721611,
                        "quart_3": 1.8217109977074122,
                        "min": 1.0,
                        "max": 5.9220583468939445,
                        "stdv": 0.515529465930856,
                        "counts": 208283
                    },
                    "processed": {
                        "avg": 1.551618788552759,
                        "med": 1.3986613927174774,
                        "quart_1": 1.1504164174952105,
                        "quart_3": 1.8217109977074122,
                        "min": 1.0,
                        "max": 4.072873555653424,
                        "stdv": 0.5113718952972488,
                        "counts": 208179
                    }
                },
                "loss": {
                    "raw": {
                        "avg": 0.5788240671396367,
                        "med": 0.5958661222234594,
                        "quart_1": 0.3485943132193853,