{
    "capital efficiency": {
        "better": {
            "raw": {
                "avg": 0.9994710734389025,
                "med": 0.9994919846037108,
                "quart_1": 0.9992576544862326,
                "quart_3": 0.9997555207350202,
                "min": 0.9947005670408414,
                "max": 0.9999999719760413,
                "stdv": 0.000350486353338519,
                "counts": 82104
            },
            "processed": {
                "avg": 0.9994721699144458,
                "med": 0.9994922179217023,
                "quart_1": 0.9992579826630057,
                "quart_3": 0.9997555947292919,
                "min": 0.9976130504202597,
                "max": 0.9999999719760413,
                "stdv": 0.0003469621699277502,
                "counts": 82063
            }
        },
        "worse": {
            "raw": {
                "avg": 1.0005835010616004,
                "med": 1.000478655081611,
                "quart_1": 1.0002249697567076,
                "quart_3": 1.0008497541650725,
                "min": 1.0000000090793981,
                "max": 1.0048329982041826,
                "stdv": 0.0004512859089525416,
                "counts": 117895
            },
            "processed": {
                "avg": 1.000582113636826,
                "med": 1.0004783799592578,
                "quart_1": 1.000224880354971,
                "quart_3": 1.0008489532101095,
                "min": 1.0000000090793981,
                "max": 1.0029730325145434,
                "stdv": 0.0004469381530408411,
                "counts": 117837
            }
        },
        "monitors": {
            "BTC, ETH": {
                "better": {
                    "raw": {
                        "avg": 0.9994705512851189,
                        "med": 0.9994813805351652,
                        "quart_1": 0.9992601122048979,
                        "quart_3": 0.9997505372691046,
                        "min": 0.9975128337169543,
                        "max": 0.9999994826754951,
                        "stdv": 0.000339296227104188,
                        "counts": 2255
                    },
                    "processed": {
                        "avg": 0.9994714198377224,
                        "med": 0.999481419343835,
                        "quart_1": 0.9992603121746985,
                        "quart_3": 0.9997507402179628,
                        "min": 0.9977144174801195,
                        "max": 0.9999994826754951,
                        "stdv": 0.0003368558581290467,
                        "counts": 2254
                    }
                },
                "worse": {
                    "raw": {
                        "avg": 1.000581030840685,
                        "med": 1.0004828740753393,
                        "quart_1": 1.0002293187036726,
                        "quart_3": 1.0008457334482748,
                        "min": 1.0000000090793981,
                        "max": 1.002549108805953,
                        "stdv": 0.00043729324677529356,
                        "counts": 3224
                    },
                    "processed": {
                        "avg": 1.000580420205263,
                        "med": 1.0004826647007856,
                        "quart_1": 1.0002293187036726,
                        "quart_3": 1.0008446295388969,
                        "min": 1.0000000090793981,
                        "max": 1.002526322083762,
                        "stdv": 0.0004359845916635662,
                        "counts": 3223
                    }
                }
            }
        }
    },
    "impermanent gain, loss": {
        "gain": {
            "raw": {
                "avg": 1.0063156974836591,
                "med": 1.0046443822515778,
                "quart_1": 1.0019825067916552,
                "quart_3": 1.0088256995055553,
                "min": 1.0,
                "max": 1.0790264634533224,
                "stdv": 0.0059913863092339766,
                "counts": 7303473
            },
            "processed": {
                "avg": 1.0062919407117095,
                "med": 1.0046413389536055,
                "quart_1": 1.001981588861221,
                "quart_3": 1.0088185593617058,
                "min": 1.0,
                "max": 1.0471747683112838,
                "stdv": 0.00589682294840595,
                "counts": 7299822
            }
        },
        "loss": {
            "raw": {
                "avg": 0.9947718674807899,
                "med": 0.9955768019009844,
                "quart_1": 0.992381256433472,
                "quart_3": 0.9980495677045811,
                "min": 0.9518698269947632,
                "max": 0.999999999999999,
                "stdv": 0.004056253772009041,
                "counts": 7096455
            },
            "processed": {
                "avg": 0.9947834837033535,
                "med": 0.9955791165306815,
                "quart_1": 0.9923887353701173,
                "quart_3": 0.9980506756804977,
                "min": 0.974536125334773,
                "max": 0.999999999999999,
                "stdv": 0.004023216300155644,
                "counts": 7092907
            }
        },
        "averages": {
            "raw": {
                "avg": 1.0006267613897661,
                "med": 1.0006273931030256,
                "quart_1": 1.0002093157999725,
                "quart_3": 1.0009316863333473,
                "min": 0.9995611376860438,
                "max": 1.003593043657985,
                "stdv": 0.0005171535755652165,
                "counts": 199999
            },
            "processed": {
                "avg": 1.0006254383824016,
                "med": 1.000627137849523,
                "quart_1": 1.0002090280318585,
                "quart_3": 1.0009311964859837,
                "min": 0.9995611376860438,
                "max": 1.0031657741711477,
                "stdv": 0.0005138460786504976,
                "counts": 199900
            }
        },
        "median": {
            "raw": {
                "avg": 1.0001082790727374,
                "med": 1.0000871891605607,
                "quart_1": 0.9997948945427366,
                "quart_3": 1.0004175409691132,
                "min": 0.9979123798688045,
                "max": 1.0020648006666049,
                "stdv": 0.00047325546661004255,
                "counts": 199999
            },
            "processed": {
                "avg": 1.0001090021653163,
                "med": 1.0000873581409135,
                "quart_1": 0.9997951349315988,
                "quart_3": 1.000417551785938,
                "min": 0.9981804161784977,
                "max": 1.0019839665948318,
                "stdv": 0.00047125859508907487,
                "counts": 199900
            }
        },
        "monitors": {
            "BTC, ETH": {
                "gain": {
                    "raw": {
                        "avg": 1.0075711084906738,
                        "med": 1.0058182069919002,
                        "quart_1": 1.0025114873206649,
                        "quart_3": 1.0108559053708221,
                        "min": 1.0,
                        "max": 1.0647570801838273,
                        "stdv": 0.006536004064658552,
                        "counts": 269928
                    },
                    "processed": {
                        "avg": 1.007548974599077,
                        "med": 1.0058137373994358,
                        "quart_1": 1.0025114873206649,
                        "quart_3": 1.0108555227417397,
                        "min": 1.0,
                        "max": 1.046605526813557,
                        "stdv": 0.006460613100684328,
                        "counts": 269794
                    }
                },
                "loss": {
                    "raw": {
                        "avg": 0.9956161443632314,
                        "med": 0.996267595585338,