{
    "cap_eff": {
        "avg": 0.022429137916012868,
        "med": 0.002683495437042993,
        "quart_1": 0.0012295956726582347,
        "quart_3": 0.0050942367760136165,
        "min": 2.4840505541412483e-08,
        "max": 0.9286099938067338,
        "stdv": 0.11266771286810376
    },
    "imp_gain": {
        "avg": 0.0007220289102335964,
        "med": 0.0002771033335549067,
        "quart_1": 0.0002771033335549067,
        "quart_3": 0.002093438044058926,
        "min": 0.0002038385259763853,
        "max": 0.002093438044058926,
        "stdv": 0.0007921364420769033
    },
    "imp_loss": {
        "avg": 0.480427633545754,
        "med": 0.4891697759938637,
        "quart_1": 0.4065451886675754,
        "quart_3": 0.5726052194933217,
        "min": 0.0,
        "max": 0.735381681115648,
        "stdv": 0.1381004329023802
    },
    "price_imp": {
        "avg": 0.004941087346567977,
        "med": 0.004357367998331101,
        "quart_1": 0.0025022881352781273,
        "quart_3": 0.006544400088479486,
        "min": 1.2292762464731297e-07,
        "max": 0.04269103763280869,
        "stdv": 0.003518644030667988
    },
    "proc_cap_eff": {
        "avg": 0.021988126680762974,
        "med": 0.002681110438847445,
        "quart_1": 0.00122851422118897,
        "quart_3": 0.005089608626404507,
        "min": 2.4840505541412483e-08,
        "max": 0.9221055680960757,
        "stdv": 0.11091429709306495
    },
    "proc_imp_gain": {
        "avg": 0.0007220289102335964,
        "med": 0.0002771033335549067,
        "quart_1": 0.0002771033335549067,
        "quart_3": 0.002093438044058926,
        "min": 0.0002038385259763853,
        "max": 0.002093438044058926,
        "stdv": 0.0007921364420769033
    },
    "proc_imp_loss": {
        "avg": 0.4806658593235209,
        "med": 0.4892830779599308,
        "quart_1": 0.40660900581870085,
        "quart_3": 0.5726922617319833,
        "min": 0.004705391554391869,
        "max": 0.735381681115648,
        "stdv": 0.13772173190482498
    },
    "proc_price_imp": {
        "avg": 0.00492748608679119,
        "med": 0.004355490318825857,
        "quart_1": 0.0025010888942969866,
        "quart_3": 0.006540274984451124,
        "min": 1.2292762464731297e-07,
        "max": 0.029666054227182877,
        "stdv": 0.0034647372559158058
    }
}