{
    "cap_eff": {
        "avg": 8.008801536924553e-15,
        "med": 1.1102230246251565e-15,
        "quart_1": 4.440892098500626e-16,
        "quart_3": 2.6645352591003757e-15,
        "min": 0.0,
        "max": 1.878852629033645e-11,
        "stdv": 1.258697016685553e-13
    },
    "imp_gain": {},
    "imp_loss": {
        "avg": 0.9420256746754104,
        "med": 0.9898420529497448,
        "quart_1": 0.9715301251981976,
        "quart_3": 0.9994130364687507,
        "min": 0.0,
        "max": 0.9999999406872265,
        "stdv": 0.1644939760691192
    },
    "price_imp": {
        "avg": 8.005316679832632e-15,
        "med": 1.0595245128230152e-15,
        "quart_1": 4.034793081699393e-16,
        "quart_3": 2.607599498240662e-15,
        "min": 0.0,
        "max": 1.8788571573370604e-11,
        "stdv": 1.2587013912806686e-13
    },
    "proc_cap_eff": {
        "avg": 6.265780052181117e-15,
        "med": 1.1102230246251565e-15,
        "quart_1": 4.440892098500626e-16,
        "quart_3": 2.6645352591003757e-15,
        "min": 0.0,
        "max": 9.265921363521556e-13,
        "stdv": 2.931126462184551e-14
    },
    "proc_imp_gain": {},
    "proc_imp_loss": {
        "avg": 0.9424942679628135,
        "med": 0.9898560321394425,
        "quart_1": 0.9715768931797025,
        "quart_3": 0.9994136482542807,
        "min": 0.0033069704275651146,
        "max": 0.9999999406872265,
        "stdv": 0.16318973512432855
    },
    "proc_price_imp": {
        "avg": 6.262285233870156e-15,
        "med": 1.0584799948333719e-15,
        "quart_1": 4.033152022235004e-16,
        "quart_3": 2.6014424471645052e-15,
        "min": 0.0,
        "max": 9.266987115776425e-13,
        "stdv": 2.9311781477431505e-14
    }
}