{
    "cap_eff": {
        "avg": 0.021456655836181598,
        "med": 0.00016273620172269077,
        "quart_1": 7.900484747414005e-05,
        "quart_3": 0.00030809714186180726,
        "min": 3.5164153810995913e-09,
        "max": 93.78894582215304,
        "stdv": 0.360915698506167
    },
    "imp_gain": {
        "avg": 0.0002751938074607718,
        "med": 0.0002751938074607718,
        "quart_1": 0.0002751938074607718,
        "quart_3": 0.0002751938074607718,
        "min": 0.0002751938074607718,
        "max": 0.0002751938074607718,
        "stdv": 0.0
    },
    "imp_loss": {
        "avg": 0.6093565230562266,
        "med": 0.5942873591056805,
        "quart_1": 0.49277171958166055,
        "quart_3": 0.7517322674701624,
        "min": 0.0,
        "max": 0.9284062447837377,
        "stdv": 0.1612199378701109
    },
    "price_imp": {
        "avg": 0.002686158533954255,
        "med": 0.0002545815669220847,
        "quart_1": 0.00015069361069747938,
        "quart_3": 0.0004014699069765021,
        "min": 3.2290464832556673e-09,
        "max": 25.093541846975075,
        "stdv": 0.15095420845117324
    },
    "proc_cap_eff": {
        "avg": 0.01956901309418042,
        "med": 0.0001626447237597084,
        "quart_1": 7.897723727734451e-05,
        "quart_3": 0.00030773514563520177,
        "min": 3.5164153810995913e-09,
        "max": 0.9564300200922713,
        "stdv": 0.10720083067279229
    },
    "proc_imp_gain": {
        "avg": 0.0002751938074607718,
        "med": 0.0002751938074607718,
        "quart_1": 0.0002751938074607718,
        "quart_3": 0.0002751938074607718,
        "min": 0.0002751938074607718,
        "max": 0.0002751938074607718,
        "stdv": 0.0
    },
    "proc_imp_loss": {
        "avg": 0.6096588811422217,
        "med": 0.5945852860368699,
        "quart_1": 0.4928129087878268,
        "quart_3": 0.7518268412781028,
        "min": 0.00484960535010015,
        "max": 0.9284062447837377,
        "stdv": 0.16068990863825552
    },
    "proc_price_imp": {
        "avg": 0.0005384093883010737,
        "med": 0.0002544924281990523,
        "quart_1": 0.00015063287834578238,
        "quart_3": 0.000401118557325333,
        "min": 3.2290464832556673e-09,
        "max": 0.3552802569330619,
        "stdv": 0.0037167475921539906
    }
}