{
    "cap_eff": {
        "avg": 0.02060887335903314,
        "med": 0.0005828537937910272,
        "quart_1": 0.0002824216105927757,
        "quart_3": 0.0010440536713496318,
        "min": 6.832365784248395e-10,
        "max": 10.628095661633704,
        "stdv": 0.12453104619583918
    },
    "imp_gain": {
        "avg": 0.00027537360584251047,
        "med": 0.00027537360584251047,
        "quart_1": 0.00027537360584251047,
        "quart_3": 0.00027537360584251047,
        "min": 0.00027537360584251047,
        "max": 0.00027537360584251047,
        "stdv": 0.0
    },
    "imp_loss": {
        "avg": 0.4999347818108647,
        "med": 0.492575939285561,
        "quart_1": 0.46739085397350133,
        "quart_3": 0.5540192299268611,
        "min": 0.0,
        "max": 0.7222242602964176,
        "stdv": 0.09980605771241212
    },
    "price_imp": {
        "avg": 0.0058734234122372825,
        "med": 0.0008375194861011807,
        "quart_1": 0.0004918507272447307,
        "quart_3": 0.0012150498854881977,
        "min": 3.504985534870927e-08,
        "max": 35.14362552107315,
        "stdv": 0.187477763372542
    },
    "proc_cap_eff": {
        "avg": 0.01985541281335844,
        "med": 0.0005825518322601919,
        "quart_1": 0.0002822823555483911,
        "quart_3": 0.0010428182213573223,
        "min": 6.832365784248395e-10,
        "max": 0.9325403307517836,
        "stdv": 0.11257713215767902
    },
    "proc_imp_gain": {
        "avg": 0.00027537360584251047,
        "med": 0.00027537360584251047,
        "quart_1": 0.00027537360584251047,
        "quart_3": 0.00027537360584251047,
        "min": 0.00027537360584251047,
        "max": 0.00027537360584251047,
        "stdv": 0.0
    },
    "proc_imp_loss": {
        "avg": 0.5001826185589011,
        "med": 0.492614980900719,
        "quart_1": 0.4674236732221714,
        "quart_3": 0.5540444787745822,
        "min": 0.004860331353079617,
        "max": 0.7222242602964176,
        "stdv": 0.09921126249132863
    },
    "proc_price_imp": {
        "avg": 0.002870484147583036,
        "med": 0.000837139840157965,
        "quart_1": 0.0004916414542311747,
        "quart_3": 0.001214335881509489,
        "min": 3.504985534870927e-08,
        "max": 2.4875074859354998,
        "stdv": 0.04611139251768516
    }
}