{
    "cap_eff": {
        "avg": 0.02353512035989798,
        "med": 0.0010148101148329536,
        "quart_1": 0.0006513476847731514,
        "quart_3": 0.0015804622709618132,
        "min": 2.424559109037716e-09,
        "max": 40.66146845185798,
        "stdv": 0.2803349922344822
    },
    "imp_gain": {
        "avg": 1.7472774237144564,
        "med": 0.0011658342509053288,
        "quart_1": 4.5734866755964276e-05,
        "quart_3": 0.924119375755319,
        "min": 2.220446049250313e-16,
        "max": 77.7771869839611,
        "stdv": 5.570959026848986
    },
    "imp_loss": {
        "avg": 0.20294592211517462,
        "med": 8.684131641745196e-05,
        "quart_1": 0.0,
        "quart_3": 0.006707808002795468,
        "min": 0.0,
        "max": 0.9805705169817496,
        "stdv": 0.36113066781819414
    },
    "price_imp": {
        "avg": 0.04512462587488394,
        "med": 0.0018577056097980093,
        "quart_1": 0.0012554372174913163,
        "quart_3": 0.0025734783964688054,
        "min": 4.575749814326077e-08,
        "max": 76.93123500936993,
        "stdv": 0.9626246400130068
    },
    "proc_cap_eff": {
        "avg": 0.020458682072737554,
        "med": 0.0010144719498698107,
        "quart_1": 0.0006509957641815944,
        "quart_3": 0.001578473879016662,
        "min": 2.424559109037716e-09,
        "max": 2.368606978115074,
        "stdv": 0.11675924379030013
    },
    "proc_imp_gain": {
        "avg": 1.7139627150197354,
        "med": 0.0011599463107998531,
        "quart_1": 4.573486675574223e-05,
        "quart_3": 0.9202098227447915,
        "min": 2.220446049250313e-16,
        "max": 61.30286700083722,
        "stdv": 5.36840694160741
    },
    "proc_imp_loss": {
        "avg": 0.20255822659509307,
        "med": 8.663526322827408e-05,
        "quart_1": 0.0,
        "quart_3": 0.006619790133634007,
        "min": 0.0,
        "max": 0.9768990821890169,
        "stdv": 0.3608044925367438
    },
    "proc_price_imp": {
        "avg": 0.02780117859628933,
        "med": 0.0018572476118707772,
        "quart_1": 0.0012551423587312297,
        "quart_3": 0.0025723104309473117,
        "min": 4.575749814326077e-08,
        "max": 21.97931565555838,
        "stdv": 0.5016854021847165
    }
}