{
    "cap_eff": {
        "avg": 4.4939600743419045e-14,
        "med": 1.5987211554602254e-14,
        "quart_1": 7.327471962526033e-15,
        "quart_3": 3.019806626980426e-14,
        "min": 0.0,
        "max": 5.131648439515857e-10,
        "stdv": 2.002799067847663e-12
    },
    "imp_gain": {
        "avg": 0.14558949813721742,
        "med": 0.11316987579500637,
        "quart_1": 0.047342246872984495,
        "quart_3": 0.20514482905734743,
        "min": 1.8082616399794915e-06,
        "max": 0.8405760023542042,
        "stdv": 0.13898596295254928
    },
    "imp_loss": {
        "avg": 0.11225917546290923,
        "med": 0.05553508935185092,
        "quart_1": 0.0,
        "quart_3": 0.15667918527411884,
        "min": 0.0,
        "max": 0.8027351570600261,
        "stdv": 0.15053545818225483
    },
    "price_imp": {
        "avg": 4.493920389899208e-14,
        "med": 1.5969399153391625e-14,
        "quart_1": 7.302350532740795e-15,
        "quart_3": 3.026164720536757e-14,
        "min": 0.0,
        "max": 5.131648703725589e-10,
        "stdv": 2.0027991703253627e-12
    },
    "proc_cap_eff": {
        "avg": 3.021623194099951e-14,
        "med": 1.5987211554602254e-14,
        "quart_1": 7.327471962526033e-15,
        "quart_3": 3.019806626980426e-14,
        "min": 0.0,
        "max": 3.865796571744795e-12,
        "stdv": 9.406598327201656e-14
    },
    "proc_imp_gain": {
        "avg": 0.14524833902619563,
        "med": 0.11305626378936995,
        "quart_1": 0.047325326371104426,
        "quart_3": 0.20494955337190213,
        "min": 1.8082616399794915e-06,
        "max": 0.8144155811581921,
        "stdv": 0.1381796707799577
    },
    "proc_imp_loss": {
        "avg": 0.11192049643932907,
        "med": 0.05544776220878278,
        "quart_1": 0.0,
        "quart_3": 0.15637980934399232,
        "min": 0.0,
        "max": 0.7765511865762605,
        "stdv": 0.1498092168590847
    },
    "proc_price_imp": {
        "avg": 3.0215837200014144e-14,
        "med": 1.596087577933263e-14,
        "quart_1": 7.300297934850131e-15,
        "quart_3": 3.023588939259037e-14,
        "min": 0.0,
        "max": 3.865821347034198e-12,
        "stdv": 9.406655273923052e-14
    }
}