{
    "cap_eff": {
        "avg": 0.0024703000322735535,
        "med": 0.0021082845959713437,
        "quart_1": 0.0012812992252502209,
        "quart_3": 0.003208214359128325,
        "min": 7.110300304091766e-08,
        "max": 0.024910826952182386,
        "stdv": 0.0017668797033245998
    },
    "imp_gain": {
        "avg": 0.0019426581521013783,
        "med": 0.001142490697028542,
        "quart_1": 0.000387828001675361,
        "quart_3": 0.0027864652996867356,
        "min": 2.220446049250313e-16,
        "max": 0.028123198875788402,
        "stdv": 0.002200348853686425
    },
    "imp_loss": {
        "avg": 0.001291703029486156,
        "med": 0.0005194306014046912,
        "quart_1": 0.0,
        "quart_3": 0.001961896668095542,
        "min": 0.0,
        "max": 0.02523431359057693,
        "stdv": 0.0017531642750253018
    },
    "price_imp": {
        "avg": 0.003956958983061534,
        "med": 0.0036176742836213334,
        "quart_1": 0.002364204500464337,
        "quart_3": 0.005151020560810303,
        "min": 1.2109707504086534e-07,
        "max": 0.023185064923258017,
        "stdv": 0.0022441106572473
    },
    "proc_cap_eff": {
        "avg": 0.0024630058535844573,
        "med": 0.002107576389845711,
        "quart_1": 0.0012808730974744886,
        "quart_3": 0.003205495823740745,
        "min": 7.110300304091766e-08,
        "max": 0.014611806312482822,
        "stdv": 0.0017354589467958785
    },
    "proc_imp_gain": {
        "avg": 0.0019342901650612288,
        "med": 0.0011412228325304863,
        "quart_1": 0.0003876789983410234,
        "quart_3": 0.0027818515078779082,
        "min": 2.220446049250313e-16,
        "max": 0.01633353545395888,
        "stdv": 0.0021682824380012556
    },
    "proc_imp_loss": {
        "avg": 0.001284865571220508,
        "med": 0.0005186685940030689,
        "quart_1": 0.0,
        "quart_3": 0.0019597372351486397,
        "min": 0.0,
        "max": 0.013064729322617818,
        "stdv": 0.0017261087892061502
    },
    "proc_price_imp": {
        "avg": 0.003949906658449732,
        "med": 0.003616600522582809,
        "quart_1": 0.00236364401731231,
        "quart_3": 0.0051478469507282845,
        "min": 1.2109707504086534e-07,
        "max": 0.01673877299729059,
        "stdv": 0.0022216470103579673
    }
}