{
    "cap_eff": {
        "avg": 0.0036968562510442896,
        "med": 0.0031575707069321224,
        "quart_1": 0.0019192508728566038,
        "quart_3": 0.004799722431996223,
        "min": 1.2136633342763048e-07,
        "max": 0.03664635691348572,
        "stdv": 0.00264079488238242
    },
    "imp_gain": {
        "avg": 0.001944166141377578,
        "med": 0.0011449453671328325,
        "quart_1": 0.0003934403875727188,
        "quart_3": 0.002789151884981189,
        "min": 2.220446049250313e-16,
        "max": 0.028120142619258992,
        "stdv": 0.002199142155969102
    },
    "imp_loss": {
        "avg": 0.0012827447801520102,
        "med": 0.0005072203656470986,
        "quart_1": 0.0,
        "quart_3": 0.0019526254240814778,
        "min": 0.0,
        "max": 0.02506651680497407,
        "stdv": 0.0017482981179192173
    },
    "price_imp": {
        "avg": 0.005918685289231618,
        "med": 0.005413310201726885,
        "quart_1": 0.0035401965769344744,
        "quart_3": 0.0077046297339551095,
        "min": 1.8222591279250227e-07,
        "max": 0.03457859217970719,
        "stdv": 0.0033526996928759808
    },
    "proc_cap_eff": {
        "avg": 0.0036859779104682897,
        "med": 0.003156535213812095,
        "quart_1": 0.0019185928521137097,
        "quart_3": 0.004796271505630445,
        "min": 1.2136633342763048e-07,
        "max": 0.021789597713526287,
        "stdv": 0.0025940694122520715
    },
    "proc_imp_gain": {
        "avg": 0.001935797685467915,
        "med": 0.0011432571492371313,
        "quart_1": 0.00039318274434885225,
        "quart_3": 0.0027857988884212315,
        "min": 2.220446049250313e-16,
        "max": 0.01633240779219003,
        "stdv": 0.0021670704878344427
    },
    "proc_imp_loss": {
        "avg": 0.0012759352544963866,
        "med": 0.0005064353249996101,
        "quart_1": 0.0,
        "quart_3": 0.0019499662827244801,
        "min": 0.0,
        "max": 0.013035811153238819,
        "stdv": 0.0017213854250685517
    },
    "proc_price_imp": {
        "avg": 0.005908163540019102,
        "med": 0.005411374952318184,
        "quart_1": 0.003539338315482264,
        "quart_3": 0.007700218454992072,
        "min": 1.8222591279250227e-07,
        "max": 0.02499697056823948,
        "stdv": 0.0033192366576964517
    }
}