{
    "cap_eff": {
        "avg": 0.005046349163181104,
        "med": 0.004452663495248865,
        "quart_1": 0.0026898761799558635,
        "quart_3": 0.006616827543575399,
        "min": 4.598596825555745e-08,
        "max": 0.03664900656955683,
        "stdv": 0.003452993799521059
    },
    "imp_gain": {
        "avg": 0.040183966719010866,
        "med": 0.028765706830531146,
        "quart_1": 0.013016135418132624,
        "quart_3": 0.05424415403322902,
        "min": 2.220446049250313e-16,
        "max": 0.2177392931765343,
        "stdv": 0.03801687658820423
    },
    "imp_loss": {
        "avg": 0.026715869325927916,
        "med": 0.015823866127941844,
        "quart_1": 0.0,
        "quart_3": 0.039912420989207886,
        "min": 0.0,
        "max": 0.17880616515917058,
        "stdv": 0.03284476284525659
    },
    "price_imp": {
        "avg": 0.007845578488960486,
        "med": 0.007433595563410788,
        "quart_1": 0.005120269338147919,
        "quart_3": 0.009978893862983262,
        "min": 6.605084612487486e-07,
        "max": 0.03901204861590642,
        "stdv": 0.003981810319075781
    },
    "proc_cap_eff": {
        "avg": 0.0050344990913670186,
        "med": 0.004450735048901366,
        "quart_1": 0.0026886473009798406,
        "quart_3": 0.006611624365475466,
        "min": 4.598596825555745e-08,
        "max": 0.02597425014090682,
        "stdv": 0.003412409905930936
    },
    "proc_imp_gain": {
        "avg": 0.0400998753432929,
        "med": 0.028753516025607384,
        "quart_1": 0.013007248455126685,
        "quart_3": 0.054163938768759246,
        "min": 2.220446049250313e-16,
        "max": 0.20583938427402604,
        "stdv": 0.03783970668481721
    },
    "proc_imp_loss": {
        "avg": 0.02664332059198641,
        "med": 0.015797970876490486,
        "quart_1": 0.0,
        "quart_3": 0.03985927249328258,
        "min": 0.0,
        "max": 0.16936460610845416,
        "stdv": 0.032692325992503136
    },
    "proc_price_imp": {
        "avg": 0.007833411514976511,
        "med": 0.007430578766632662,
        "quart_1": 0.005119147855421599,
        "quart_3": 0.009974411702129076,
        "min": 6.605084612487486e-07,
        "max": 0.029559067394437418,
        "stdv": 0.003945025965193704
    }
}