{
    "cap_eff": {
        "avg": 4.193047481074359e-14,
        "med": 1.5987211554602254e-14,
        "quart_1": 7.327471962526033e-15,
        "quart_3": 2.9753977059954195e-14,
        "min": 0.0,
        "max": 2.0185120241933419e-10,
        "stdv": 1.0414657047958998e-12
    },
    "imp_gain": {
        "avg": 0.11204837121434535,
        "med": 0.08041902267326106,
        "quart_1": 0.039002764050356076,
        "quart_3": 0.15499098889409368,
        "min": 3.5486765499470607e-06,
        "max": 0.6494373569910954,
        "stdv": 0.10304183453468267
    },
    "imp_loss": {
        "avg": 0.07942254340018196,
        "med": 0.04538812565314243,
        "quart_1": 0.0,
        "quart_3": 0.1193272841980868,
        "min": 0.0,
        "max": 0.6633902587917555,
        "stdv": 0.10064698079187387
    },
    "price_imp": {
        "avg": 4.193015097217237e-14,
        "med": 1.602954452659381e-14,
        "quart_1": 7.389774529183619e-15,
        "quart_3": 2.968255640606676e-14,
        "min": 0.0,
        "max": 2.0185119342021227e-10,
        "stdv": 1.0414656057234419e-12
    },
    "proc_cap_eff": {
        "avg": 2.916636449538043e-14,
        "med": 1.5987211554602254e-14,
        "quart_1": 7.327471962526033e-15,
        "quart_3": 2.964295475749168e-14,
        "min": 0.0,
        "max": 4.134470543704083e-12,
        "stdv": 8.71598602917046e-14
    },
    "proc_imp_gain": {
        "avg": 0.11178505164774127,
        "med": 0.0803944301681414,
        "quart_1": 0.03898467610220835,
        "quart_3": 0.15484803772064004,
        "min": 3.5486765499470607e-06,
        "max": 0.6264982336544331,
        "stdv": 0.10239236387196546
    },
    "proc_imp_loss": {
        "avg": 0.07913900521725807,
        "med": 0.04532845763315552,
        "quart_1": 0.0,
        "quart_3": 0.1191593159963531,
        "min": 0.0,
        "max": 0.6276920839841731,
        "stdv": 0.0998695040663694
    },
    "proc_price_imp": {
        "avg": 2.916604285417346e-14,
        "med": 1.6018237057040032e-14,
        "quart_1": 7.386637662761311e-15,
        "quart_3": 2.964685490667439e-14,
        "min": 0.0,
        "max": 4.134464386088284e-12,
        "stdv": 8.715984590777996e-14
    }
}