{
    "cap_eff": {
        "avg": 0.0008830228146619659,
        "med": 0.0007005006318151485,
        "quart_1": 0.0003700303471643185,
        "quart_3": 0.0011397241365902477,
        "min": 1.5102479711259775e-08,
        "max": 2.574932839071235,
        "stdv": 0.008201447896919843
    },
    "imp_gain": {
        "avg": 0.0008362234692643772,
        "med": 0.0005210751016760939,
        "quart_1": 0.00015297838828653987,
        "quart_3": 0.00123881510574253,
        "min": 2.220446049250313e-16,
        "max": 0.011163381833910302,
        "stdv": 0.0009167210118341228
    },
    "imp_loss": {
        "avg": 0.0008537004988474415,
        "med": 0.0005429223406173689,
        "quart_1": 0.0001662539916219563,
        "quart_3": 0.0012519979696842265,
        "min": 0.0,
        "max": 0.011316555750903068,
        "stdv": 0.0009261740761022074
    },
    "price_imp": {
        "avg": 0.0012432953652515598,
        "med": 0.001148589412359046,
        "quart_1": 0.0007456249166432713,
        "quart_3": 0.001595841466563386,
        "min": 0.0,
        "max": 0.009292869667613439,
        "stdv": 0.0007429337674655131
    },
    "proc_cap_eff": {
        "avg": 0.0008490654243042425,
        "med": 0.0007001960029734411,
        "quart_1": 0.0003697999728453638,
        "quart_3": 0.001138837702616191,
        "min": 1.5102479711259775e-08,
        "max": 0.006729899671828354,
        "stdv": 0.0006822016347947685
    },
    "proc_imp_gain": {
        "avg": 0.0008328711071208151,
        "med": 0.000520704328243804,
        "quart_1": 0.00015291830283570285,
        "quart_3": 0.001237452356647295,
        "min": 2.220446049250313e-16,
        "max": 0.006695385557703659,
        "stdv": 0.0009043062995490475
    },
    "proc_imp_loss": {
        "avg": 0.0008500482317005161,
        "med": 0.0005422737181598469,
        "quart_1": 0.0001659829424406345,
        "quart_3": 0.0012508827888172425,
        "min": 0.0,
        "max": 0.007102210574974399,
        "stdv": 0.0009116888951944118
    },
    "proc_price_imp": {
        "avg": 0.0012405575541013444,
        "med": 0.0011481616577404307,
        "quart_1": 0.000745427701875679,
        "quart_3": 0.0015950348917374863,
        "min": 0.0,
        "max": 0.006018117149648921,
        "stdv": 0.0007327716670841424
    }
}