{
    "cap_eff": {
        "avg": 0.0012863566432872462,
        "med": 0.0010516394639661364,
        "quart_1": 0.0005556617625106508,
        "quart_3": 0.0017110749470838904,
        "min": 5.5737040538517135e-08,
        "max": 0.31819671476713784,
        "stdv": 0.0015535058795689027
    },
    "imp_gain": {
        "avg": 0.0008396713079793117,
        "med": 0.0005280433202228263,
        "quart_1": 0.00015447171329330267,
        "quart_3": 0.0012421427043485256,
        "min": 6.661338147750939e-16,
        "max": 0.011157508225761115,
        "stdv": 0.000917469824865348
    },
    "imp_loss": {
        "avg": 0.000850220892871687,
        "med": 0.0005375087574025494,
        "quart_1": 0.00016359436691670837,
        "quart_3": 0.0012470850970944802,
        "min": 0.0,
        "max": 0.011295088614593607,
        "stdv": 0.000925438943473109
    },
    "price_imp": {
        "avg": 0.0018634578817586457,
        "med": 0.0017213641262344389,
        "quart_1": 0.0011177896898252422,
        "quart_3": 0.0023910195143170524,
        "min": 0.0,
        "max": 0.013924741632310111,
        "stdv": 0.00111387166696249
    },
    "proc_cap_eff": {
        "avg": 0.0012738159015542644,
        "med": 0.001051121064947258,
        "quart_1": 0.0005554341008340291,
        "quart_3": 0.0017099331703223086,
        "min": 5.5737040538517135e-08,
        "max": 0.010175587641407802,
        "stdv": 0.0010222003410430586
    },
    "proc_imp_gain": {
        "avg": 0.0008363197980561472,
        "med": 0.0005273655386129894,
        "quart_1": 0.00015441518698333656,
        "quart_3": 0.0012409290887605007,
        "min": 6.661338147750939e-16,
        "max": 0.0066940061033162745,
        "stdv": 0.0009050772505029204
    },
    "proc_imp_loss": {
        "avg": 0.000846573708200687,
        "med": 0.0005370520834429016,
        "quart_1": 0.00016356131434347443,
        "quart_3": 0.0012456950032068148,
        "min": 0.0,
        "max": 0.007096502550317019,
        "stdv": 0.0009109783115436439
    },
    "proc_price_imp": {
        "avg": 0.0018594217301540065,
        "med": 0.0017206959614026443,
        "quart_1": 0.0011174369666111053,
        "quart_3": 0.002389686143300796,
        "min": 0.0,
        "max": 0.009044083707894533,
        "stdv": 0.0010988444988408192
    }
}