{
    "cap_eff": {
        "avg": 8.927726521172909e-05,
        "med": 7.012667009420603e-05,
        "quart_1": 3.721443877002795e-05,
        "quart_3": 0.00011402549949912633,
        "min": 1.7202781421588043e-09,
        "max": 0.14604471310631506,
        "stdv": 0.0006375633650792222
    },
    "imp_gain": {
        "avg": 0.0008450579961669123,
        "med": 0.0005379289947637922,
        "quart_1": 0.00015856093639055047,
        "quart_3": 0.0012481140316875639,
        "min": 8.43769498715119e-15,
        "max": 0.011153046575024028,
        "stdv": 0.0009160749723568984
    },
    "imp_loss": {
        "avg": 0.000847031054978866,
        "med": 0.0005320143802269861,
        "quart_1": 0.00016237833533050416,
        "quart_3": 0.001243882907930427,
        "min": 0.0,
        "max": 0.011749410704451346,
        "stdv": 0.0009248390050138292
    },
    "price_imp": {
        "avg": 0.00012876737952671508,
        "med": 0.00011516410455985189,
        "quart_1": 7.478380791018768e-05,
        "quart_3": 0.00016003217098437212,
        "min": 0.0,
        "max": 0.23076923076923075,
        "stdv": 0.0009104539930207893
    },
    "proc_cap_eff": {
        "avg": 8.507240715788289e-05,
        "med": 7.009543797631412e-05,
        "quart_1": 3.7202409740477727e-05,
        "quart_3": 0.00011392741536764284,
        "min": 1.7202781421588043e-09,
        "max": 0.0007580563441020871,
        "stdv": 6.847595500750828e-05
    },
    "proc_imp_gain": {
        "avg": 0.0008417234019784833,
        "med": 0.0005372430337069467,
        "quart_1": 0.00015838282576718932,
        "quart_3": 0.0012465908207630605,
        "min": 8.43769498715119e-15,
        "max": 0.006657301657515546,
        "stdv": 0.0009038322828873241
    },
    "proc_imp_loss": {
        "avg": 0.0008434153230353365,
        "med": 0.0005316109531416924,
        "quart_1": 0.00016226931318163995,
        "quart_3": 0.0012422922631769584,
        "min": 0.0,
        "max": 0.0069703505425229295,
        "stdv": 0.0009105267187064866
    },
    "proc_price_imp": {
        "avg": 0.00012438704142281082,
        "med": 0.00011512057660759389,
        "quart_1": 7.475993973473661e-05,
        "quart_3": 0.00015995393881628616,
        "min": 0.0,
        "max": 0.0006038714823018546,
        "stdv": 7.339406194353359e-05
    }
}