{
    "cap_eff": {
        "avg": 0.0012291467531031323,
        "med": 0.001059590858149273,
        "quart_1": 0.0006758405311056981,
        "quart_3": 0.0015724442196540789,
        "min": 1.742247013325482e-09,
        "max": 0.009033003595112499,
        "stdv": 0.0008373695060211712
    },
    "imp_gain": {
        "avg": 0.0015649470158555986,
        "med": 0.0007307928393578411,
        "quart_1": 0.00013578731110652775,
        "quart_3": 0.0025760877762124323,
        "min": 2.220446049250313e-16,
        "max": 0.02051240366301732,
        "stdv": 0.0018629156507808855
    },
    "imp_loss": {
        "avg": 0.0010901061238576366,
        "med": 0.0001659103262612316,
        "quart_1": 0.0,
        "quart_3": 0.0018092183444966548,
        "min": 0.0,
        "max": 0.019055689421215827,
        "stdv": 0.0016931176803905114
    },
    "price_imp": {
        "avg": 0.0019484288064123727,
        "med": 0.0018493650357456692,
        "quart_1": 0.0012782808500934047,
        "quart_3": 0.0024798815988927893,
        "min": 1.7033749824078098e-07,
        "max": 0.00988167600844861,
        "stdv": 0.0009835512624700826
    },
    "proc_cap_eff": {
        "avg": 0.0012262154458601879,
        "med": 0.001059228463035633,
        "quart_1": 0.0006755910814589816,
        "quart_3": 0.0015714408398454505,
        "min": 1.742247013325482e-09,
        "max": 0.006439233803197775,
        "stdv": 0.0008269160428212703
    },
    "proc_imp_gain": {
        "avg": 0.0015587840675225938,
        "med": 0.0007298191352673733,
        "quart_1": 0.00013566372664519655,
        "quart_3": 0.002572811379596418,
        "min": 2.220446049250313e-16,
        "max": 0.012431417707571502,
        "stdv": 0.0018426104428591963
    },
    "proc_imp_loss": {
        "avg": 0.0010840947715641735,
        "med": 0.00016561992139496606,
        "quart_1": 0.0,
        "quart_3": 0.0018054977374700742,
        "min": 0.0,
        "max": 0.011725968295070333,
        "stdv": 0.001671768498759835
    },
    "proc_price_imp": {
        "avg": 0.0019454228555919142,
        "med": 0.0018489512279566429,
        "quart_1": 0.0012779687431668206,
        "quart_3": 0.00247895299079524,
        "min": 1.7033749824078098e-07,
        "max": 0.007279094228799525,
        "stdv": 0.0009742639359158307
    }
}