{
    "cap_eff": {
        "avg": 0.00024617305149659234,
        "med": 0.00021214302074429314,
        "quart_1": 0.000135337538422875,
        "quart_3": 0.0003149242725032364,
        "min": 1.804241067659973e-08,
        "max": 0.0018132499579672778,
        "stdv": 0.00016778247870343217
    },
    "imp_gain": {
        "avg": 0.0015563173965663973,
        "med": 0.0007178609394784541,
        "quart_1": 0.00013485432564253053,
        "quart_3": 0.002562186400204336,
        "min": 2.220446049250313e-16,
        "max": 0.020494118145521156,
        "stdv": 0.001859843086815817
    },
    "imp_loss": {
        "avg": 0.0010956566896138077,
        "med": 0.00017135161095749307,
        "quart_1": 0.0,
        "quart_3": 0.00181924049312443,
        "min": 0.0,
        "max": 0.019125961562203364,
        "stdv": 0.0016961180583201611
    },
    "price_imp": {
        "avg": 0.00039047265493913266,
        "med": 0.00037059932502014566,
        "quart_1": 0.00025607755356481384,
        "quart_3": 0.0004971235067916683,
        "min": 3.561113032875773e-08,
        "max": 0.001984380001216251,
        "stdv": 0.00019720189849277165
    },
    "proc_cap_eff": {
        "avg": 0.00024558774944544745,
        "med": 0.00021207264111500201,
        "quart_1": 0.00013528702593290642,
        "quart_3": 0.0003147186806562452,
        "min": 1.804241067659973e-08,
        "max": 0.0012913334682935762,
        "stdv": 0.00016570312140963078
    },
    "proc_imp_gain": {
        "avg": 0.0015501840198189213,
        "med": 0.0007165801866038102,
        "quart_1": 0.00013466145444063216,
        "quart_3": 0.0025586440626053086,
        "min": 2.220446049250313e-16,
        "max": 0.01239842830453397,
        "stdv": 0.0018397234351397404
    },
    "proc_imp_loss": {
        "avg": 0.0010896509136045416,
        "med": 0.0001709428808130964,
        "quart_1": 0.0,
        "quart_3": 0.0018162825072529643,
        "min": 0.0,
        "max": 0.011715140232998356,
        "stdv": 0.0016748505057101884
    },
    "proc_price_imp": {
        "avg": 0.0003898727367685459,
        "med": 0.00037052249906969743,
        "quart_1": 0.00025599893986317395,
        "quart_3": 0.0004968107507552894,
        "min": 3.561113032875773e-08,
        "max": 0.0014589751308466637,
        "stdv": 0.00019535739182280945
    }
}