{
    "cap_eff": {
        "avg": 0.0048734284036340125,
        "med": 0.004325015381200448,
        "quart_1": 0.002588906497343668,
        "quart_3": 0.006399979242970533,
        "min": 1.0441577524833434e-07,
        "max": 0.040514283232074844,
        "stdv": 0.003326685998250345
    },
    "imp_gain": {
        "avg": 0.03478918510548407,
        "med": 0.02305793332386874,
        "quart_1": 0.009681485775595577,
        "quart_3": 0.051085350127357154,
        "min": 2.220446049250313e-16,
        "max": 0.15946493080932478,
        "stdv": 0.03295194118838879
    },
    "imp_loss": {
        "avg": 0.023330773793257802,
        "med": 0.01163396072885059,
        "quart_1": 0.0,
        "quart_3": 0.03634708865203906,
        "min": 0.0,
        "max": 0.13753320740630104,
        "stdv": 0.029074315100585064
    },
    "price_imp": {
        "avg": 0.0076119223646994565,
        "med": 0.0072263468635333904,
        "quart_1": 0.004973577502385808,
        "quart_3": 0.009707939617249106,
        "min": 6.972312424620259e-07,
        "max": 0.044982831836932455,
        "stdv": 0.003854531821474774
    },
    "proc_cap_eff": {
        "avg": 0.004861804071333516,
        "med": 0.004323206311615702,
        "quart_1": 0.002587928137460227,
        "quart_3": 0.006396067920084625,
        "min": 1.0441577524833434e-07,
        "max": 0.024966114679750184,
        "stdv": 0.0032857650433663625
    },
    "proc_imp_gain": {
        "avg": 0.034730267481638655,
        "med": 0.023048084519196266,
        "quart_1": 0.009676041348661846,
        "quart_3": 0.05103690573969111,
        "min": 2.220446049250313e-16,
        "max": 0.14971325626783227,
        "stdv": 0.032854540010864956
    },
    "proc_imp_loss": {
        "avg": 0.02327655847609526,
        "med": 0.011618773405889238,
        "quart_1": 0.0,
        "quart_3": 0.03629394569538935,
        "min": 0.0,
        "max": 0.12956398167652983,
        "stdv": 0.02898029500187833
    },
    "proc_price_imp": {
        "avg": 0.007599613006561751,
        "med": 0.007223600485059703,
        "quart_1": 0.00497211957705193,
        "quart_3": 0.009703330205157934,
        "min": 6.972312424620259e-07,
        "max": 0.028540247889043482,
        "stdv": 0.0038151432683080533
    }
}