{
    "cap_eff": {
        "avg": 9.820031974899239e-14,
        "med": 4.5075054799781356e-14,
        "quart_1": 2.0650148258027912e-14,
        "quart_3": 8.448797217397441e-14,
        "min": 0.0,
        "max": 2.348803374019326e-10,
        "stdv": 1.128211596118855e-12
    },
    "imp_gain": {
        "avg": 0.08747494333577066,
        "med": 0.07594689242590658,
        "quart_1": 0.04514244366990028,
        "quart_3": 0.12560309288923377,
        "min": 2.1907839791168726e-06,
        "max": 0.23259513680769395,
        "stdv": 0.05478686867650666
    },
    "imp_loss": {
        "avg": 0.09374167307802699,
        "med": 0.09077637012340234,
        "quart_1": 0.030117151724637803,
        "quart_3": 0.1349692969200027,
        "min": 0.0,
        "max": 0.30464963253969746,
        "stdv": 0.06819184929384012
    },
    "price_imp": {
        "avg": 9.820012243979059e-14,
        "med": 4.5092139990474403e-14,
        "quart_1": 2.0654173765712563e-14,
        "quart_3": 8.447679736240299e-14,
        "min": 0.0,
        "max": 2.34880344022868e-10,
        "stdv": 1.1282117065786305e-12
    },
    "proc_cap_eff": {
        "avg": 8.342006372384729e-14,
        "med": 4.5075054799781356e-14,
        "quart_1": 2.0650148258027912e-14,
        "quart_3": 8.43769498715119e-14,
        "min": 0.0,
        "max": 9.362954855873795e-12,
        "stdv": 2.465435880621867e-13
    },
    "proc_imp_gain": {
        "avg": 0.08740383004675926,
        "med": 0.07591234795180912,
        "quart_1": 0.04511728780714941,
        "quart_3": 0.12550166707032362,
        "min": 2.1907839791168726e-06,
        "max": 0.2277446000187242,
        "stdv": 0.05470811504066052
    },
    "proc_imp_loss": {
        "avg": 0.09363860705194565,
        "med": 0.09073772976783101,
        "quart_1": 0.030102330878333472,
        "quart_3": 0.13488223416890033,
        "min": 0.0,
        "max": 0.2990033705065853,
        "stdv": 0.06805209290941514
    },
    "proc_price_imp": {
        "avg": 8.341986154895344e-14,
        "med": 4.507063970843161e-14,
        "quart_1": 2.064074696584327e-14,
        "quart_3": 8.439567930060166e-14,
        "min": 0.0,
        "max": 9.362887746008219e-12,
        "stdv": 2.4654364414662367e-13
    }
}