{
    "cap_eff": {
        "avg": 0.00082547427302318,
        "med": 0.0006757458832348795,
        "quart_1": 0.000359900681837777,
        "quart_3": 0.0011055620856312842,
        "min": 7.910173627223571e-10,
        "max": 0.0446217391651742,
        "stdv": 0.0007138962370341044
    },
    "imp_gain": {
        "avg": 0.0008054431795262825,
        "med": 0.0005047103732005453,
        "quart_1": 0.00014559976132622054,
        "quart_3": 0.0011907350995083998,
        "min": 3.1086244689504383e-15,
        "max": 0.010381422132464957,
        "stdv": 0.000882273233339236
    },
    "imp_loss": {
        "avg": 0.0008185722684093213,
        "med": 0.0005220105835002098,
        "quart_1": 0.00015674461575243548,
        "quart_3": 0.0012044059950765407,
        "min": 0.0,
        "max": 0.00946959725177976,
        "stdv": 0.0008853818119561397
    },
    "price_imp": {
        "avg": 0.0012051902582425958,
        "med": 0.0011152766264002352,
        "quart_1": 0.0007254410205491381,
        "quart_3": 0.0015501271254191738,
        "min": 0.0,
        "max": 0.008707521083933346,
        "stdv": 0.0007175675563070817
    },
    "proc_cap_eff": {
        "avg": 0.00082059012840954,
        "med": 0.0006753433736241821,
        "quart_1": 0.00035979664654617327,
        "quart_3": 0.0011046379251152816,
        "min": 7.910173627223571e-10,
        "max": 0.005519311221433565,
        "stdv": 0.000652746394245657
    },
    "proc_imp_gain": {
        "avg": 0.0008021871594762959,
        "med": 0.0005040955678612402,
        "quart_1": 0.00014553094333358274,
        "quart_3": 0.0011893802709527224,
        "min": 3.1086244689504383e-15,
        "max": 0.006534791564926978,
        "stdv": 0.0008702158144043499
    },
    "proc_imp_loss": {
        "avg": 0.0008153936877215756,
        "med": 0.0005216057092434223,
        "quart_1": 0.0001566641315958739,
        "quart_3": 0.0012028793561467133,
        "min": 0.0,
        "max": 0.006377748954464302,
        "stdv": 0.0008739075455134055
    },
    "proc_price_imp": {
        "avg": 0.001202577406566082,
        "med": 0.0011150098325150204,
        "quart_1": 0.0007251063422881064,
        "quart_3": 0.0015491468594636417,
        "min": 0.0,
        "max": 0.005784099784372064,
        "stdv": 0.0007079831040985585
    }
}