{
    "cap_eff": {
        "avg": 0.024803237012227204,
        "med": 0.0038268951268447537,
        "quart_1": 0.0020066697416280532,
        "quart_3": 0.006180935201569482,
        "min": 3.865111908307739e-07,
        "max": 0.9760022150979089,
        "stdv": 0.11256676139604473
    },
    "imp_gain": {
        "avg": 3.2926068589976674,
        "med": 0.030753564101681174,
        "quart_1": 0.011602324175395529,
        "quart_3": 4.311570896904,
        "min": 7.232077381402746e-08,
        "max": 57.85982643734642,
        "stdv": 6.316531264478544
    },
    "imp_loss": {
        "avg": 0.2127951132141197,
        "med": 0.013985056732476964,
        "quart_1": 0.0,
        "quart_3": 0.05634324549466163,
        "min": 0.0,
        "max": 0.9830104833716347,
        "stdv": 0.3636057271356953
    },
    "price_imp": {
        "avg": 0.012184747810003518,
        "med": 0.006842276670572484,
        "quart_1": 0.0042505880091805275,
        "quart_3": 0.009798651960949208,
        "min": 5.687566389620068e-07,
        "max": 0.7978956031213998,
        "stdv": 0.02669141204943281
    },
    "proc_cap_eff": {
        "avg": 0.024336353560563653,
        "med": 0.0038251463095964056,
        "quart_1": 0.0020061618661360026,
        "quart_3": 0.006175613851138906,
        "min": 3.865111908307739e-07,
        "max": 0.9665315582462021,
        "stdv": 0.11061687436402401
    },
    "proc_imp_gain": {
        "avg": 3.271743220171145,
        "med": 0.030731912872630218,
        "quart_1": 0.0115953163104352,
        "quart_3": 4.30204089516198,
        "min": 7.232077381402746e-08,
        "max": 41.07435500572714,
        "stdv": 6.24801846886615
    },
    "proc_imp_loss": {
        "avg": 0.21241265219139394,
        "med": 0.01395720163744707,
        "quart_1": 0.0,
        "quart_3": 0.05605900300722688,
        "min": 0.0,
        "max": 0.975763332551559,
        "stdv": 0.3632941371865811
    },
    "proc_price_imp": {
        "avg": 0.01199641887257954,
        "med": 0.006840285655962535,
        "quart_1": 0.004249847260207367,
        "quart_3": 0.009791805390441262,
        "min": 5.687566389620068e-07,
        "max": 0.3332483599803908,
        "stdv": 0.025254429225085948
    }
}