{
    "cap_eff": {
        "avg": 0.02134034755482584,
        "med": 0.002582631561731219,
        "quart_1": 0.001197046690786352,
        "quart_3": 0.004827810095011875,
        "min": 1.7338654312304413e-07,
        "max": 0.948445525991623,
        "stdv": 0.1117277458334943
    },
    "imp_gain": {},
    "imp_loss": {
        "avg": 0.48277350121959195,
        "med": 0.490848547408426,
        "quart_1": 0.42581994868629836,
        "quart_3": 0.5585796086937586,
        "min": 0.0,
        "max": 0.7033642048205624,
        "stdv": 0.11912410744892471
    },
    "price_imp": {
        "avg": 0.004739072838550225,
        "med": 0.0042273824366358724,
        "quart_1": 0.002461986563722323,
        "quart_3": 0.006285414348393409,
        "min": 4.589615049185788e-07,
        "max": 0.0436575134049174,
        "stdv": 0.00328617521620092
    },
    "proc_cap_eff": {
        "avg": 0.02088036354870765,
        "med": 0.002581058968239014,
        "quart_1": 0.0011964794119865285,
        "quart_3": 0.004821315711745322,
        "min": 1.7338654312304413e-07,
        "max": 0.93823275245008,
        "stdv": 0.1098395395066274
    },
    "proc_imp_gain": {},
    "proc_imp_loss": {
        "avg": 0.48301346590015926,
        "med": 0.4909098786902919,
        "quart_1": 0.4259542989165733,
        "quart_3": 0.5586630254269849,
        "min": 0.00748098392331531,
        "max": 0.7033642048205624,
        "stdv": 0.11866963599880347
    },
    "proc_price_imp": {
        "avg": 0.004725526604002761,
        "med": 0.004225844496553263,
        "quart_1": 0.0024611306639600507,
        "quart_3": 0.006281639978024886,
        "min": 4.589615049185788e-07,
        "max": 0.02802962504348582,
        "stdv": 0.00322925770193373
    }
}