{
    "cap_eff": {
        "avg": 0.02080594276510615,
        "med": 0.0015634750799508046,
        "quart_1": 0.0008179005901289838,
        "quart_3": 0.0028023570311112023,
        "min": 4.84313804616221e-08,
        "max": 17.577766973141795,
        "stdv": 0.13676536520836974
    },
    "imp_gain": {},
    "imp_loss": {
        "avg": 0.5550968491706769,
        "med": 0.5483505757218482,
        "quart_1": 0.5180326716812902,
        "quart_3": 0.6079798060055082,
        "min": 0.0,
        "max": 0.6717728768617153,
        "stdv": 0.0759541369867559
    },
    "price_imp": {
        "avg": 0.006090321775233809,
        "med": 0.001621154351019523,
        "quart_1": 0.000948304076298727,
        "quart_3": 0.0023919103070228964,
        "min": 2.5555270570629207e-07,
        "max": 6.881355440797958,
        "stdv": 0.07475502682095556
    },
    "proc_cap_eff": {
        "avg": 0.019897271765163472,
        "med": 0.001562282465085052,
        "quart_1": 0.0008175938411095762,
        "quart_3": 0.0027997590325433697,
        "min": 4.84313804616221e-08,
        "max": 0.9534389370268249,
        "stdv": 0.11492010824001295
    },
    "proc_imp_gain": {},
    "proc_imp_loss": {
        "avg": 0.5553731543984135,
        "med": 0.5483952578363276,
        "quart_1": 0.5180617684016415,
        "quart_3": 0.6080046054794649,
        "min": 0.005641786335338961,
        "max": 0.6717728768617153,
        "stdv": 0.07496149796817336
    },
    "proc_price_imp": {
        "avg": 0.00492982971539979,
        "med": 0.0016207614895550986,
        "quart_1": 0.0009479764844064961,
        "quart_3": 0.0023906624172992043,
        "min": 2.5555270570629207e-07,
        "max": 1.5998727441196794,
        "stdv": 0.049575124650717645
    }
}