{
    "cap_eff": {
        "avg": 0.020349180142826797,
        "med": 0.0009787781462515799,
        "quart_1": 0.0006318897045061167,
        "quart_3": 0.0014955369462126278,
        "min": 6.757063941709163e-08,
        "max": 5.644813533390585,
        "stdv": 0.12078848102725952
    },
    "imp_gain": {
        "avg": 1.529885410241188,
        "med": 0.0018859988217718726,
        "quart_1": 4.465280372323299e-05,
        "quart_3": 1.3518398571690002,
        "min": 2.220446049250313e-16,
        "max": 58.76763336387683,
        "stdv": 3.602828604797948
    },
    "imp_loss": {
        "avg": 0.18702678218548083,
        "med": 7.800910714572673e-05,
        "quart_1": 0.0,
        "quart_3": 0.004494839794501937,
        "min": 0.0,
        "max": 0.9652482030681149,
        "stdv": 0.34868247460086454
    },
    "price_imp": {
        "avg": 0.022291806898505958,
        "med": 0.0018058873762025586,
        "quart_1": 0.00123482516981884,
        "quart_3": 0.0024978475651842376,
        "min": 1.383023079811023e-07,
        "max": 26.842634659923355,
        "stdv": 0.42622213330094355
    },
    "proc_cap_eff": {
        "avg": 0.019429939758626485,
        "med": 0.0009783941163375998,
        "quart_1": 0.0006317639352440008,
        "quart_3": 0.0014939965802385768,
        "min": 6.757063941709163e-08,
        "max": 1.011512356339976,
        "stdv": 0.11125089910916691
    },
    "proc_imp_gain": {
        "avg": 1.504960811100515,
        "med": 0.001882369269344153,
        "quart_1": 4.465280372323299e-05,
        "quart_3": 1.3465290899066815,
        "min": 2.220446049250313e-16,
        "max": 47.03881884012098,
        "stdv": 3.426399168130913
    },
    "proc_imp_loss": {
        "avg": 0.18663852350709662,
        "med": 7.786213589444646e-05,
        "quart_1": 0.0,
        "quart_3": 0.004465897202364677,
        "min": 0.0,
        "max": 0.9632043957236828,
        "stdv": 0.3483367401258667
    },
    "proc_price_imp": {
        "avg": 0.014719844345528968,
        "med": 0.0018047692762099587,
        "quart_1": 0.0012347056078028228,
        "quart_3": 0.0024961927925044886,
        "min": 1.383023079811023e-07,
        "max": 9.039084114720925,
        "stdv": 0.2232846449125746
    }
}