{
    "cap_eff": {
        "avg": 0.0037894340685086163,
        "med": 0.0027401278974431564,
        "quart_1": 0.0012996038130828058,
        "quart_3": 0.005279610335866103,
        "min": 2.0500827790925769e-07,
        "max": 0.04005595618475455,
        "stdv": 0.003468880157476179
    },
    "imp_gain": {
        "avg": 0.31609127168943135,
        "med": 0.27142048607121727,
        "quart_1": 0.10498944415371825,
        "quart_3": 0.49888877874055115,
        "min": 1.8579458080925093e-06,
        "max": 1.1038339689225447,
        "stdv": 0.24586723107739084
    },
    "imp_loss": {
        "avg": 0.16219276978732372,
        "med": 0.1493711209006865,
        "quart_1": 0.0787532911697334,
        "quart_3": 0.2368618419089773,
        "min": 0.0,
        "max": 0.435642313211389,
        "stdv": 0.10106187759759892
    },
    "price_imp": {
        "avg": 0.00393490906797168,
        "med": 0.0026040094364467277,
        "quart_1": 0.0017084261345112928,
        "quart_3": 0.0039851041484085924,
        "min": 1.2470674401982333e-07,
        "max": 0.042674340352725076,
        "stdv": 0.004093831764297002
    },
    "proc_cap_eff": {
        "avg": 0.0037766673647625106,
        "med": 0.002738618761531697,
        "quart_1": 0.0012989447215469019,
        "quart_3": 0.005273527080380314,
        "min": 2.0500827790925769e-07,
        "max": 0.026006331983009723,
        "stdv": 0.003421937675243117
    },
    "proc_imp_gain": {
        "avg": 0.31570360215178794,
        "med": 0.271270400028762,
        "quart_1": 0.10491401289501723,
        "quart_3": 0.49841583411433166,
        "min": 1.8579458080925093e-06,
        "max": 1.0773896012093784,
        "stdv": 0.24531622576693907
    },
    "proc_imp_loss": {
        "avg": 0.1620585557482539,
        "med": 0.1492814036657263,
        "quart_1": 0.0787312225033524,
        "quart_3": 0.23675006806232202,
        "min": 0.0,
        "max": 0.42928362146766064,
        "stdv": 0.10090774926504828
    },
    "proc_price_imp": {
        "avg": 0.003920027416697815,
        "med": 0.0026030583136056624,
        "quart_1": 0.0017081683069574867,
        "quart_3": 0.003982080240940282,
        "min": 1.2470674401982333e-07,
        "max": 0.03040352819260528,
        "stdv": 0.004039811416770072
    }
}