{
    "cap_eff": {
        "avg": 1.389160743897576e-13,
        "med": 4.873879078104437e-14,
        "quart_1": 2.2426505097428162e-14,
        "quart_3": 9.08162434143378e-14,
        "min": 0.0,
        "max": 1.000167171305577e-09,
        "stdv": 4.923950758883377e-12
    },
    "imp_gain": {
        "avg": 0.08226156467934763,
        "med": 0.07698884008334828,
        "quart_1": 0.04083971245683571,
        "quart_3": 0.11183876883662802,
        "min": 2.4416796942094976e-06,
        "max": 0.2550474007683343,
        "stdv": 0.053119180746350296
    },
    "imp_loss": {
        "avg": 0.09658208496615187,
        "med": 0.08422315117513335,
        "quart_1": 0.03796173928939417,
        "quart_3": 0.143925870156708,
        "min": 0.0,
        "max": 0.3765489976442341,
        "stdv": 0.06976576211971823
    },
    "price_imp": {
        "avg": 1.3891585531157501e-13,
        "med": 4.8749379614455307e-14,
        "quart_1": 2.2390296601244314e-14,
        "quart_3": 9.078921175087029e-14,
        "min": 0.0,
        "max": 1.0001671489539615e-09,
        "stdv": 4.923950616757929e-12
    },
    "proc_cap_eff": {
        "avg": 9.150104564737592e-14,
        "med": 4.873879078104437e-14,
        "quart_1": 2.2426505097428162e-14,
        "quart_3": 9.070522111187529e-14,
        "min": 0.0,
        "max": 1.763189594328196e-11,
        "stdv": 3.0133712488171495e-13
    },
    "proc_imp_gain": {
        "avg": 0.0821773112487206,
        "med": 0.07696834318981938,
        "quart_1": 0.04081810998429303,
        "quart_3": 0.1117439737226571,
        "min": 2.4416796942094976e-06,
        "max": 0.25026041602012383,
        "stdv": 0.052997469380272076
    },
    "proc_imp_loss": {
        "avg": 0.09644629648871685,
        "med": 0.08418672111251835,
        "quart_1": 0.037949614921746644,
        "quart_3": 0.14383305931366497,
        "min": 0.0,
        "max": 0.36750914191401685,
        "stdv": 0.06951605972558107
    },
    "proc_price_imp": {
        "avg": 9.150083135402451e-14,
        "med": 4.872208491570064e-14,
        "quart_1": 2.2377817330797363e-14,
        "quart_3": 9.067821565313067e-14,
        "min": 0.0,
        "max": 1.7631959374804555e-11,
        "stdv": 3.013371413972633e-13
    }
}