{
    "cap_eff": {
        "avg": 0.0011351340784681813,
        "med": 0.0007312225300529773,
        "quart_1": 0.000383422183785731,
        "quart_3": 0.0012335197960364752,
        "min": 5.176524964234375e-08,
        "max": 13.114467526617739,
        "stdv": 0.04151973844562975
    },
    "imp_gain": {
        "avg": 0.0009189785862581605,
        "med": 0.0005572771078088401,
        "quart_1": 0.0001877965893406497,
        "quart_3": 0.0012909101902183195,
        "min": 2.4424906541753444e-15,
        "max": 0.016492786844422458,
        "stdv": 0.0010560502117558915
    },
    "imp_loss": {
        "avg": 0.001065660044491292,
        "med": 0.0007191484243600499,
        "quart_1": 0.00029200029738873923,
        "quart_3": 0.0014758925339076745,
        "min": 0.0,
        "max": 0.01645548756001547,
        "stdv": 0.0010932742428896405
    },
    "price_imp": {
        "avg": 0.0013723315861436727,
        "med": 0.0011594444401918035,
        "quart_1": 0.0007133251649786613,
        "quart_3": 0.0017661123834686846,
        "min": 8.343802095328495e-08,
        "max": 0.05728840654118796,
        "stdv": 0.0010009622454077165
    },
    "proc_cap_eff": {
        "avg": 0.0009739542694241548,
        "med": 0.0007308814637594363,
        "quart_1": 0.0003832723018858397,
        "quart_3": 0.001232513913923039,
        "min": 5.176524964234375e-08,
        "max": 0.02241778376525705,
        "stdv": 0.0010502297529680386
    },
    "proc_imp_gain": {
        "avg": 0.0009141096453600502,
        "med": 0.0005566423834630907,
        "quart_1": 0.00018766237938416808,
        "quart_3": 0.0012893242927360937,
        "min": 2.4424906541753444e-15,
        "max": 0.00885643963623739,
        "stdv": 0.0010325650060008388
    },
    "proc_imp_loss": {
        "avg": 0.0010609980423776386,
        "med": 0.0007187278025478916,
        "quart_1": 0.0002917616388524724,
        "quart_3": 0.001474714725920756,
        "min": 0.0,
        "max": 0.008807002433362965,
        "stdv": 0.0010726084360524713
    },
    "proc_price_imp": {
        "avg": 0.0013676745826191404,
        "med": 0.0011589081618905413,
        "quart_1": 0.0007131834828497815,
        "quart_3": 0.0017645579684570068,
        "min": 8.343802095328495e-08,
        "max": 0.008340309295392038,
        "stdv": 0.0009675997933077785
    }
}