{
    "cap_eff": {
        "avg": 0.0012710814630628718,
        "med": 0.0010760520231924975,
        "quart_1": 0.000660611557043167,
        "quart_3": 0.0016624947517743238,
        "min": 3.652508406837285e-08,
        "max": 0.012518903011277116,
        "stdv": 0.0009096064176824078
    },
    "imp_gain": {
        "avg": 0.002069885289519229,
        "med": 0.001232776835072391,
        "quart_1": 0.00042849002937028757,
        "quart_3": 0.0028974174552085508,
        "min": 2.220446049250313e-16,
        "max": 0.037471409043340786,
        "stdv": 0.0023714936638937955
    },
    "imp_loss": {
        "avg": 0.00130023680520329,
        "med": 0.0005750164206859143,
        "quart_1": 0.0,
        "quart_3": 0.0019223655869777811,
        "min": 0.0,
        "max": 0.026158090362537023,
        "stdv": 0.0017835657110988482
    },
    "price_imp": {
        "avg": 0.002042668023607906,
        "med": 0.0018414730661835434,
        "quart_1": 0.0012261178105386593,
        "quart_3": 0.0026226955824093876,
        "min": 7.767454665308618e-08,
        "max": 0.013009966080764863,
        "stdv": 0.0011836109432543404
    },
    "proc_cap_eff": {
        "avg": 0.0012673175014217882,
        "med": 0.001075648364017523,
        "quart_1": 0.0006603827589977129,
        "quart_3": 0.0016614197153169696,
        "min": 3.652508406837285e-08,
        "max": 0.007726522274293712,
        "stdv": 0.0008934732420264976
    },
    "proc_imp_gain": {
        "avg": 0.0020596276286297026,
        "med": 0.0012317199355025288,
        "quart_1": 0.00042820738302284944,
        "quart_3": 0.002894585373005132,
        "min": 2.220446049250313e-16,
        "max": 0.019541714745290983,
        "stdv": 0.002326002418430473
    },
    "proc_imp_loss": {
        "avg": 0.001292742923267324,
        "med": 0.0005743681979829551,
        "quart_1": 0.0,
        "quart_3": 0.001918728127795144,
        "min": 0.0,
        "max": 0.013732768660328687,
        "stdv": 0.001751368855973682
    },
    "proc_price_imp": {
        "avg": 0.0020387324774285565,
        "med": 0.0018408750837022162,
        "quart_1": 0.0012257915973345507,
        "quart_3": 0.0026208413824683518,
        "min": 7.767454665308618e-08,
        "max": 0.008974533917586708,
        "stdv": 0.001170292241047105
    }
}