{
    "cap_eff": {
        "avg": 0.024048552477284577,
        "med": 0.004111234645358008,
        "quart_1": 0.002274149828083938,
        "quart_3": 0.0066157699741847265,
        "min": 2.6826460275408692e-08,
        "max": 0.9751916223478929,
        "stdv": 0.10101025717641744
    },
    "imp_gain": {
        "avg": 4.525592961207835,
        "med": 0.04207225739975495,
        "quart_1": 0.014040457657228833,
        "quart_3": 4.831122371166314,
        "min": 3.7432946076165763e-07,
        "max": 108.6643582730644,
        "stdv": 10.114809640550513
    },
    "imp_loss": {
        "avg": 0.22001191032158346,
        "med": 0.017634406141068815,
        "quart_1": 0.0,
        "quart_3": 0.10054758150866139,
        "min": 0.0,
        "max": 0.9908812670246974,
        "stdv": 0.36664681691457257
    },
    "price_imp": {
        "avg": 0.014887483757120205,
        "med": 0.007122328571959309,
        "quart_1": 0.004548843971255528,
        "quart_3": 0.01009986238568972,
        "min": 1.0098394871661884e-07,
        "max": 1.1493067901258665,
        "stdv": 0.042598151547947875
    },
    "proc_cap_eff": {
        "avg": 0.023580261128628075,
        "med": 0.00410945289189979,
        "quart_1": 0.0022728281794850425,
        "quart_3": 0.00660989434560133,
        "min": 2.6826460275408692e-08,
        "max": 0.9585367731011407,
        "stdv": 0.09883756841438049
    },
    "proc_imp_gain": {
        "avg": 4.482943145968102,
        "med": 0.042042986680286054,
        "quart_1": 0.01402914674188982,
        "quart_3": 4.823706887556179,
        "min": 3.7432946076165763e-07,
        "max": 79.48805922116449,
        "stdv": 9.93424424590092
    },
    "proc_imp_loss": {
        "avg": 0.21962755423432806,
        "med": 0.017606464300119362,
        "quart_1": 0.0,
        "quart_3": 0.10019850394856189,
        "min": 0.0,
        "max": 0.9871899656671739,
        "stdv": 0.36633538171096874
    },
    "proc_price_imp": {
        "avg": 0.014517309472044623,
        "med": 0.007120437461667304,
        "quart_1": 0.004548034251169113,
        "quart_3": 0.010095942352312832,
        "min": 1.0098394871661884e-07,
        "max": 0.6249808687443674,
        "stdv": 0.03916624038726354
    }
}