{
    "cap_eff": {
        "avg": 3.479691099681331e-14,
        "med": 1.3322676295501878e-14,
        "quart_1": 4.6629367034256575e-15,
        "quart_3": 2.6423307986078726e-14,
        "min": 0.0,
        "max": 2.2507917751823925e-10,
        "stdv": 1.0876530184704903e-12
    },
    "imp_gain": {
        "avg": 1.0920246497712096,
        "med": 0.11829893086790588,
        "quart_1": 0.041510299581209775,
        "quart_3": 0.9932354626795739,
        "min": 6.850031377680921e-07,
        "max": 80.22879365341632,
        "stdv": 3.362740868564139
    },
    "imp_loss": {
        "avg": 0.2774266736233727,
        "med": 0.06319252152179577,
        "quart_1": 0.0,
        "quart_3": 0.4172201877503521,
        "min": 0.0,
        "max": 0.9999998751601532,
        "stdv": 0.39016063816714197
    },
    "price_imp": {
        "avg": 3.479617161936393e-14,
        "med": 1.3280034616322966e-14,
        "quart_1": 4.6011197378263034e-15,
        "quart_3": 2.6456140094913683e-14,
        "min": 0.0,
        "max": 2.2507919859512823e-10,
        "stdv": 1.0876530024113353e-12
    },
    "proc_cap_eff": {
        "avg": 2.479698576909614e-14,
        "med": 1.3322676295501878e-14,
        "quart_1": 4.6629367034256575e-15,
        "quart_3": 2.6423307986078726e-14,
        "min": 0.0,
        "max": 2.637223772694597e-12,
        "stdv": 6.902716242161512e-14
    },
    "proc_imp_gain": {
        "avg": 1.0636690120491596,
        "med": 0.11820280063290545,
        "quart_1": 0.041495933965256304,
        "quart_3": 0.9915658212773577,
        "min": 6.850031377680921e-07,
        "max": 49.841381147025075,
        "stdv": 3.112077760465399
    },
    "proc_imp_loss": {
        "avg": 0.2770654306644904,
        "med": 0.06315765820193464,
        "quart_1": 0.0,
        "quart_3": 0.4156987780598903,
        "min": 0.0,
        "max": 0.9999984692030032,
        "stdv": 0.3899234187496768
    },
    "proc_price_imp": {
        "avg": 2.4796253138039758e-14,
        "med": 1.3264613484708958e-14,
        "quart_1": 4.597100255959311e-15,
        "quart_3": 2.6428283330528586e-14,
        "min": 0.0,
        "max": 2.6372744607537675e-12,
        "stdv": 6.902781019308977e-14
    }
}