{
    "cap_eff": {
        "avg": 0.0194504386381974,
        "med": 0.002876022481416385,
        "quart_1": 0.0013816433056765831,
        "quart_3": 0.005355501449978484,
        "min": 7.958832759502599e-08,
        "max": 0.9272423083856788,
        "stdv": 0.10159957048255304
    },
    "imp_gain": {},
    "imp_loss": {
        "avg": 0.5089281356028721,
        "med": 0.5101672595229447,
        "quart_1": 0.4459967684145937,
        "quart_3": 0.5869910554100666,
        "min": 0.0,
        "max": 0.7708077090337432,
        "stdv": 0.1292083895816802
    },
    "price_imp": {
        "avg": 0.005181165639150887,
        "med": 0.0045703261729460355,
        "quart_1": 0.002755971085333685,
        "quart_3": 0.006775017706919232,
        "min": 6.832919780447305e-08,
        "max": 0.050766633920270574,
        "stdv": 0.0035680189942502317
    },
    "proc_cap_eff": {
        "avg": 0.01900853956823839,
        "med": 0.0028737934061737747,
        "quart_1": 0.0013809822586381415,
        "quart_3": 0.005350768040346843,
        "min": 7.958832759502599e-08,
        "max": 0.9184931879588951,
        "stdv": 0.09964131126045284
    },
    "proc_imp_gain": {},
    "proc_imp_loss": {
        "avg": 0.5091809540253095,
        "med": 0.5102278385217573,
        "quart_1": 0.4461315718189528,
        "quart_3": 0.5870694174108628,
        "min": 0.006958705776630603,
        "max": 0.7708077090337432,
        "stdv": 0.12874518647214026
    },
    "proc_price_imp": {
        "avg": 0.005166678986062469,
        "med": 0.004568696775348702,
        "quart_1": 0.0027551572367393406,
        "quart_3": 0.00677124392539712,
        "min": 6.832919780447305e-08,
        "max": 0.030647692055707658,
        "stdv": 0.003506547869777038
    }
}