{
    "cap_eff": {
        "avg": 1.1977599588729517e-14,
        "med": 1.5543122344752192e-15,
        "quart_1": 5.551115123125783e-16,
        "quart_3": 3.552713678800501e-15,
        "min": 0.0,
        "max": 1.1372525143826806e-10,
        "stdv": 5.908994297031022e-13
    },
    "imp_gain": {},
    "imp_loss": {
        "avg": 0.9339948148213423,
        "med": 0.9813869472862445,
        "quart_1": 0.9552017235318067,
        "quart_3": 0.9966664225073132,
        "min": 0.0,
        "max": 0.9999996928344672,
        "stdv": 0.16368359847817965
    },
    "price_imp": {
        "avg": 1.1974721898240669e-14,
        "med": 1.4942053069509488e-15,
        "quart_1": 5.660846000669509e-16,
        "quart_3": 3.5222203575386568e-15,
        "min": 0.0,
        "max": 1.1372526831449879e-10,
        "stdv": 5.908993804440799e-13
    },
    "proc_cap_eff": {
        "avg": 6.629536296000281e-15,
        "med": 1.5543122344752192e-15,
        "quart_1": 5.551115123125783e-16,
        "quart_3": 3.552713678800501e-15,
        "min": 0.0,
        "max": 1.357691736814104e-12,
        "stdv": 3.112246195316503e-14
    },
    "proc_imp_gain": {},
    "proc_imp_loss": {
        "avg": 0.934459570638134,
        "med": 0.9814203056076267,
        "quart_1": 0.9552498280355142,
        "quart_3": 0.9966698385333486,
        "min": 0.0060842632426982846,
        "max": 0.9999996928344672,
        "stdv": 0.16239691733624448
    },
    "proc_price_imp": {
        "avg": 6.626655353614165e-15,
        "med": 1.4930897209174464e-15,
        "quart_1": 5.658634201813673e-16,
        "quart_3": 3.5150361671914784e-15,
        "min": 0.0,
        "max": 1.3576671009843697e-12,
        "stdv": 3.1122828169011536e-14
    }
}