{
    "cap_eff": {
        "avg": 0.01792568278375408,
        "med": 0.0005740289160014456,
        "quart_1": 0.0002871264938223428,
        "quart_3": 0.0010153342234113794,
        "min": 4.1452978050138256e-08,
        "max": 21.85403874518656,
        "stdv": 0.1515160779065236
    },
    "imp_gain": {},
    "imp_loss": {
        "avg": 0.47277531603620726,
        "med": 0.4716768132172465,
        "quart_1": 0.440980882019418,
        "quart_3": 0.5229932004787348,
        "min": 0.0,
        "max": 0.6555910583818887,
        "stdv": 0.08790791474611014
    },
    "price_imp": {
        "avg": 0.5663953253934079,
        "med": 0.0008208085532442988,
        "quart_1": 0.0004987213943759407,
        "quart_3": 0.0011679843588044904,
        "min": 6.582849262287126e-08,
        "max": 44509.64023748122,
        "stdv": 156.8859277003267
    },
    "proc_cap_eff": {
        "avg": 0.016631317629323926,
        "med": 0.0005737469758734237,
        "quart_1": 0.00028700510291185255,
        "quart_3": 0.0010142549374437815,
        "min": 4.1452978050138256e-08,
        "max": 0.9238817544153914,
        "stdv": 0.10209181802321722
    },
    "proc_imp_gain": {},
    "proc_imp_loss": {
        "avg": 0.4730101367134723,
        "med": 0.47169692292733534,
        "quart_1": 0.4410131565006957,
        "quart_3": 0.5230165231206172,
        "min": 0.006440994701377267,
        "max": 0.6555910583818887,
        "stdv": 0.0873005391360544
    },
    "proc_price_imp": {
        "avg": 0.0020816581096878926,
        "med": 0.00082057459907445,
        "quart_1": 0.0004985687959046367,
        "quart_3": 0.0011673282260903925,
        "min": 6.582849262287126e-08,
        "max": 5.543334333227223,
        "stdv": 0.05130823177457995
    }
}