{
    "cap_eff": {
        "avg": 0.020015466478815882,
        "med": 0.0016760302990237452,
        "quart_1": 0.0008924327323663328,
        "quart_3": 0.002962375853196919,
        "min": 7.086193565264409e-08,
        "max": 62.53194421238565,
        "stdv": 0.2934303982293352
    },
    "imp_gain": {},
    "imp_loss": {
        "avg": 0.5559756122258157,
        "med": 0.5489087535874337,
        "quart_1": 0.518026513890316,
        "quart_3": 0.6043616983496418,
        "min": 0.0,
        "max": 0.7166314672536891,
        "stdv": 0.07780311714789778
    },
    "price_imp": {
        "avg": 0.012831731510928077,
        "med": 0.0016949880290513123,
        "quart_1": 0.0010287207546431393,
        "quart_3": 0.0024670004316511987,
        "min": 3.381570585191364e-08,
        "max": 49.02728949011389,
        "stdv": 0.4188130744200347
    },
    "proc_cap_eff": {
        "avg": 0.017361010601610882,
        "med": 0.0016751137146938655,
        "quart_1": 0.0008920742570003304,
        "quart_3": 0.0029588307193022523,
        "min": 7.086193565264409e-08,
        "max": 0.9406352097844556,
        "stdv": 0.10221042915551966
    },
    "proc_imp_gain": {},
    "proc_imp_loss": {
        "avg": 0.5562520683302339,
        "med": 0.5489374321298788,
        "quart_1": 0.5180863272294721,
        "quart_3": 0.6043835830199629,
        "min": 0.006550066693780776,
        "max": 0.7166314672536891,
        "stdv": 0.07683420869434762
    },
    "proc_price_imp": {
        "avg": 0.004976094212251176,
        "med": 0.0016943562019636675,
        "quart_1": 0.001028519773950008,
        "quart_3": 0.002465705119217167,
        "min": 3.381570585191364e-08,
        "max": 6.397304429228753,
        "stdv": 0.09394673991752067
    }
}