{
    "cap_eff": {
        "avg": 0.021485426152148705,
        "med": 0.001008097376015371,
        "quart_1": 0.0006453628408487067,
        "quart_3": 0.001569611402023663,
        "min": 3.223823796805192e-08,
        "max": 78.5863081071545,
        "stdv": 0.33551858208718793
    },
    "imp_gain": {
        "avg": 2.1710489460795808,
        "med": 0.001454970579977788,
        "quart_1": 5.844613458227954e-05,
        "quart_3": 1.127501436108627,
        "min": 2.220446049250313e-16,
        "max": 108.59328333389695,
        "stdv": 6.706291643951475
    },
    "imp_loss": {
        "avg": 0.19783914055073049,
        "med": 0.00014166570575324666,
        "quart_1": 0.0,
        "quart_3": 0.006712977476504345,
        "min": 0.0,
        "max": 0.980965570436817,
        "stdv": 0.3524634473160093
    },
    "price_imp": {
        "avg": 0.09084023329912917,
        "med": 0.0018306547008695886,
        "quart_1": 0.001243198361227319,
        "quart_3": 0.0025374631013642085,
        "min": 3.377201826978423e-08,
        "max": 281.21444175993065,
        "stdv": 2.757131980170569
    },
    "proc_cap_eff": {
        "avg": 0.01756628548869208,
        "med": 0.001007744590191595,
        "quart_1": 0.0006451599445396194,
        "quart_3": 0.0015681580228102954,
        "min": 3.223823796805192e-08,
        "max": 3.323659402323787,
        "stdv": 0.10439531741479126
    },
    "proc_imp_gain": {
        "avg": 2.131573700349157,
        "med": 0.0014516476386465804,
        "quart_1": 5.844613458227954e-05,
        "quart_3": 1.1195726736669953,
        "min": 2.220446049250313e-16,
        "max": 69.15933842439027,
        "stdv": 6.4667545131937665
    },
    "proc_imp_loss": {
        "avg": 0.19745058902794335,
        "med": 0.0001411461814635473,
        "quart_1": 0.0,
        "quart_3": 0.006623080841349993,
        "min": 0.0,
        "max": 0.9731193878946659,
        "stdv": 0.352122716785807
    },
    "proc_price_imp": {
        "avg": 0.039295392740435836,
        "med": 0.0018300553318394384,
        "quart_1": 0.0012428546493822154,
        "quart_3": 0.0025360594747190083,
        "min": 3.377201826978423e-08,
        "max": 52.14280895284136,
        "stdv": 0.9465480509647725
    }
}