{
    "cap_eff": {
        "avg": 3.277948460621885e-14,
        "med": 1.3100631690576847e-14,
        "quart_1": 4.6629367034256575e-15,
        "quart_3": 2.6201263381153694e-14,
        "min": 0.0,
        "max": 1.9642043547207777e-10,
        "stdv": 9.224777467805705e-13
    },
    "imp_gain": {
        "avg": 1.2411611230566355,
        "med": 0.1412279394306737,
        "quart_1": 0.043817935391015306,
        "quart_3": 1.1163390986868502,
        "min": 4.64927457177744e-06,
        "max": 35.2951713996542,
        "stdv": 3.1583377669024943
    },
    "imp_loss": {
        "avg": 0.2827958335507187,
        "med": 0.06477930961459821,
        "quart_1": 0.0,
        "quart_3": 0.311331437023722,
        "min": 0.0,
        "max": 0.9999995744436356,
        "stdv": 0.3955740201012635
    },
    "price_imp": {
        "avg": 3.2778651043589156e-14,
        "med": 1.3036102621999174e-14,
        "quart_1": 4.618673020365001e-15,
        "quart_3": 2.6199428472081802e-14,
        "min": 0.0,
        "max": 1.9642042392834684e-10,
        "stdv": 9.224777232138507e-13
    },
    "proc_cap_eff": {
        "avg": 2.5272576541460916e-14,
        "med": 1.3100631690576847e-14,
        "quart_1": 4.6629367034256575e-15,
        "quart_3": 2.6201263381153694e-14,
        "min": 0.0,
        "max": 2.984501534797346e-12,
        "stdv": 7.951682283395253e-14
    },
    "proc_imp_gain": {
        "avg": 1.2249880992579496,
        "med": 0.14114724246459343,
        "quart_1": 0.04376633169265798,
        "quart_3": 1.1144495427135883,
        "min": 4.64927457177744e-06,
        "max": 30.229615817300534,
        "stdv": 3.074887576759181
    },
    "proc_imp_loss": {
        "avg": 0.2824373753097301,
        "med": 0.06469384834022185,
        "quart_1": 0.0,
        "quart_3": 0.3095043060122028,
        "min": 0.0,
        "max": 0.9999913217368819,
        "stdv": 0.39534769419810123
    },
    "proc_price_imp": {
        "avg": 2.527174088428644e-14,
        "med": 1.3030153697361213e-14,
        "quart_1": 4.616579287036771e-15,
        "quart_3": 2.6179445569156978e-14,
        "min": 0.0,
        "max": 2.984530353728679e-12,
        "stdv": 7.951728717447124e-14
    }
}