{
    "cap_eff": {
        "avg": 8.42099409612196e-15,
        "med": 1.1102230246251565e-15,
        "quart_1": 4.440892098500626e-16,
        "quart_3": 2.6645352591003757e-15,
        "min": 0.0,
        "max": 3.141042981269493e-11,
        "stdv": 1.7392805329820776e-13
    },
    "imp_gain": {
        "avg": 0.0007490466740698062,
        "med": 0.0005388944953079733,
        "quart_1": 0.0005388944953079733,
        "quart_3": 0.001066385114160684,
        "min": 0.00032030162875362755,
        "max": 0.0015938757330133946,
        "stdv": 0.0004565910181849182
    },
    "imp_loss": {
        "avg": 0.9388582190793232,
        "med": 0.9872743866654077,
        "quart_1": 0.9653983365843949,
        "quart_3": 0.9987309933443983,
        "min": 0.0,
        "max": 0.9999999229771959,
        "stdv": 0.16580644247035287
    },
    "price_imp": {
        "avg": 8.417530025207198e-15,
        "med": 1.1552242181907764e-15,
        "quart_1": 4.270608100498784e-16,
        "quart_3": 2.6887822000892425e-15,
        "min": 0.0,
        "max": 3.1410443093581794e-11,
        "stdv": 1.7392832249503168e-13
    },
    "proc_cap_eff": {
        "avg": 6.469201820685572e-15,
        "med": 1.1102230246251565e-15,
        "quart_1": 4.440892098500626e-16,
        "quart_3": 2.6645352591003757e-15,
        "min": 0.0,
        "max": 1.0090817070818048e-12,
        "stdv": 3.4066564814742637e-14
    },
    "proc_imp_gain": {
        "avg": 0.0007490466740698062,
        "med": 0.0005388944953079733,
        "quart_1": 0.0005388944953079733,
        "quart_3": 0.001066385114160684,
        "min": 0.00032030162875362755,
        "max": 0.0015938757330133946,
        "stdv": 0.0004565910181849182
    },
    "proc_imp_loss": {
        "avg": 0.9393249573072778,
        "med": 0.9872924135424335,
        "quart_1": 0.9654367462525915,
        "quart_3": 0.9987361127174275,
        "min": 0.006784733433797818,
        "max": 0.9999999229771959,
        "stdv": 0.16452499697298995
    },
    "proc_price_imp": {
        "avg": 6.4657277689045095e-15,
        "med": 1.1542306311056039e-15,
        "quart_1": 4.2665107439676097e-16,
        "quart_3": 2.6857090719981415e-15,
        "min": 0.0,
        "max": 1.0091094531179527e-12,
        "stdv": 3.40668565276226e-14
    }
}