{
    "cap_eff": {
        "avg": 0.017725000083569278,
        "med": 0.0010099148759665777,
        "quart_1": 0.0004952043137280704,
        "quart_3": 0.0017947923791233888,
        "min": 1.2407787131074599e-08,
        "max": 29.260351668966177,
        "stdv": 0.18459514006169672
    },
    "imp_gain": {},
    "imp_loss": {
        "avg": 0.4553994211461452,
        "med": 0.4827558749600275,
        "quart_1": 0.4304102400952585,
        "quart_3": 0.5083252296233591,
        "min": 0.0,
        "max": 0.579567510615548,
        "stdv": 0.08616281994927882
    },
    "price_imp": {
        "avg": 0.009925935678479353,
        "med": 0.001303310691578906,
        "quart_1": 0.0007718127470093547,
        "quart_3": 0.0018721212127898318,
        "min": 3.8341899836109024e-07,
        "max": 64.77942367242846,
        "stdv": 0.409241258028359
    },
    "proc_cap_eff": {
        "avg": 0.01604173865976442,
        "med": 0.0010093719256755174,
        "quart_1": 0.0004949632207174037,
        "quart_3": 0.001793334170152705,
        "min": 1.2407787131074599e-08,
        "max": 0.9140038239746892,
        "stdv": 0.10019663993889787
    },
    "proc_imp_gain": {},
    "proc_imp_loss": {
        "avg": 0.4556247123738149,
        "med": 0.4828062068670129,
        "quart_1": 0.4304377023602205,
        "quart_3": 0.5083423498235096,
        "min": 0.007649227687761884,
        "max": 0.579567510615548,
        "stdv": 0.08559093604295083
    },
    "proc_price_imp": {
        "avg": 0.0038492238371417194,
        "med": 0.0013029606469656153,
        "quart_1": 0.0007715848118997012,
        "quart_3": 0.0018709459484883438,
        "min": 3.8341899836109024e-07,
        "max": 3.192076044450872,
        "stdv": 0.05098974904131031
    }
}