{
    "cap_eff": {
        "avg": 0.01757979024014418,
        "med": 0.0005828632173956461,
        "quart_1": 0.0002856596044845672,
        "quart_3": 0.0010351958574855158,
        "min": 9.35465132023694e-08,
        "max": 13.311066887966975,
        "stdv": 0.12785843588638113
    },
    "imp_gain": {},
    "imp_loss": {
        "avg": 0.4994987285375647,
        "med": 0.5197652039478,
        "quart_1": 0.4540023512126734,
        "quart_3": 0.5497911709408245,
        "min": 0.0,
        "max": 0.6741675021455591,
        "stdv": 0.09324932689937061
    },
    "price_imp": {
        "avg": 0.006770760085977256,
        "med": 0.0008286991597633521,
        "quart_1": 0.0004960915735107667,
        "quart_3": 0.0011884635472889228,
        "min": 3.3274728141758374e-07,
        "max": 96.47159648532522,
        "stdv": 0.42133975227617004
    },
    "proc_cap_eff": {
        "avg": 0.016611033719536563,
        "med": 0.000582456756130223,
        "quart_1": 0.00028553765765976236,
        "quart_3": 0.0010342084609342161,
        "min": 9.35465132023694e-08,
        "max": 0.9123168179781077,
        "stdv": 0.10358411520515416
    },
    "proc_imp_gain": {},
    "proc_imp_loss": {
        "avg": 0.49974598593321734,
        "med": 0.5198000687804791,
        "quart_1": 0.4540320396397778,
        "quart_3": 0.5498238104644144,
        "min": 0.0076999492670775105,
        "max": 0.6741675021455591,
        "stdv": 0.09261211450386951
    },
    "proc_price_imp": {
        "avg": 0.001982689171316217,
        "med": 0.0008283543932099242,
        "quart_1": 0.00049592992429435,
        "quart_3": 0.0011876693543893938,
        "min": 3.3274728141758374e-07,
        "max": 1.5489081454047726,
        "stdv": 0.026153236105337523
    }
}