{
    "cap_eff": {
        "avg": 0.020629760475802554,
        "med": 0.0016887117280584008,
        "quart_1": 0.0008883237405347133,
        "quart_3": 0.0030511237454596274,
        "min": 2.2228623386411073e-08,
        "max": 57.31701131492388,
        "stdv": 0.3080364790813024
    },
    "imp_gain": {},
    "imp_loss": {
        "avg": 0.583660854356044,
        "med": 0.5985967592740633,
        "quart_1": 0.5272108163403066,
        "quart_3": 0.6313904564253722,
        "min": 0.0,
        "max": 0.7409028994871529,
        "stdv": 0.08977510226523752
    },
    "price_imp": {
        "avg": 0.011122924772781673,
        "med": 0.0016547122443468457,
        "quart_1": 0.0009809082209149744,
        "quart_3": 0.002441607481741396,
        "min": 9.066001813543215e-07,
        "max": 46.38589816976445,
        "stdv": 0.2966140337202887
    },
    "proc_cap_eff": {
        "avg": 0.0179298745084301,
        "med": 0.001687694696352604,
        "quart_1": 0.0008879630281464768,
        "quart_3": 0.0030480040126132923,
        "min": 2.2228623386411073e-08,
        "max": 0.9378778015111519,
        "stdv": 0.10560100751410846
    },
    "proc_imp_gain": {},
    "proc_imp_loss": {
        "avg": 0.5839500580027893,
        "med": 0.598621035451157,
        "quart_1": 0.5272880442263739,
        "quart_3": 0.631409733553159,
        "min": 0.0075983814621805035,
        "max": 0.7409028994871529,
        "stdv": 0.08885737665771855
    },
    "proc_price_imp": {
        "avg": 0.005897665277056992,
        "med": 0.0016540022524521997,
        "quart_1": 0.0009806566666586787,
        "quart_3": 0.002440303848955599,
        "min": 9.066001813543215e-07,
        "max": 4.247594266234854,
        "stdv": 0.07642764311539134
    }
}