{
    "cap_eff": {
        "avg": 0.024478131102262234,
        "med": 0.00019712198928856228,
        "quart_1": 0.0001254577054917161,
        "quart_3": 0.0003055366444932317,
        "min": 1.749629807701325e-08,
        "max": 321.1520084291585,
        "stdv": 1.3555073679656369
    },
    "imp_gain": {
        "avg": 2.6880532719451273,
        "med": 0.0016820499377885323,
        "quart_1": 5.4972109173379025e-05,
        "quart_3": 1.855342569193013,
        "min": 2.220446049250313e-16,
        "max": 110.30497268961068,
        "stdv": 7.707954842407001
    },
    "imp_loss": {
        "avg": 0.2161465565230671,
        "med": 9.845661736240796e-05,
        "quart_1": 0.0,
        "quart_3": 0.005219403101179854,
        "min": 0.0,
        "max": 0.9961499113157961,
        "stdv": 0.39241262119003
    },
    "price_imp": {
        "avg": 0.26707336666004905,
        "med": 0.00035997353928918333,
        "quart_1": 0.00024356539321464845,
        "quart_3": 0.0005023350729571709,
        "min": 6.109857453941468e-08,
        "max": 905.5880343389848,
        "stdv": 8.919962243607069
    },
    "proc_cap_eff": {
        "avg": 0.015116417061738817,
        "med": 0.00019704234281414656,
        "quart_1": 0.00012541103846391843,
        "quart_3": 0.0003052003436125328,
        "min": 1.749629807701325e-08,
        "max": 2.5679969641253035,
        "stdv": 0.1023447555135895
    },
    "proc_imp_gain": {
        "avg": 2.6490655758859543,
        "med": 0.0016772649650460547,
        "quart_1": 5.4972109173379025e-05,
        "quart_3": 1.8433406903672793,
        "min": 2.220446049250313e-16,
        "max": 72.6595950686152,
        "stdv": 7.507326860319022
    },
    "proc_imp_loss": {
        "avg": 0.21575786504513148,
        "med": 9.80323393161564e-05,
        "quart_1": 0.0,
        "quart_3": 0.005184093735352002,
        "min": 0.0,
        "max": 0.9932763067812228,
        "stdv": 0.3921253527257904
    },
    "proc_price_imp": {
        "avg": 0.10449169076137821,
        "med": 0.00035983201639489296,
        "quart_1": 0.00024350919206999334,
        "quart_3": 0.0005020473669173316,
        "min": 6.109857453941468e-08,
        "max": 157.6590954702828,
        "stdv": 2.8537073350675928
    }
}