{
    "cap_eff": {
        "avg": 0.025482127700781357,
        "med": 0.004213664239888115,
        "quart_1": 0.0023540512595290886,
        "quart_3": 0.006868215613991924,
        "min": 3.0547094698185617e-07,
        "max": 1.9746386068577597,
        "stdv": 0.10243094479351711
    },
    "imp_gain": {
        "avg": 8.416167593422195,
        "med": 0.05106452330168154,
        "quart_1": 0.016861329591095764,
        "quart_3": 5.562302516985137,
        "min": 2.6958024457179874e-07,
        "max": 282.91493108984815,
        "stdv": 22.032556171881684
    },
    "imp_loss": {
        "avg": 0.22639195440133764,
        "med": 0.021316727929220236,
        "quart_1": 0.0,
        "quart_3": 0.11030881041149121,
        "min": 0.0,
        "max": 0.9964778182106825,
        "stdv": 0.3742750585186172
    },
    "price_imp": {
        "avg": 0.02249090861502297,
        "med": 0.007292063451402866,
        "quart_1": 0.00468957331827567,
        "quart_3": 0.010349272155361652,
        "min": 1.8886031985789087e-06,
        "max": 3.808076876658682,
        "stdv": 0.08991720065553084
    },
    "proc_cap_eff": {
        "avg": 0.024999971488907945,
        "med": 0.004211178579781483,
        "quart_1": 0.0023533303054312227,
        "quart_3": 0.006863290931156618,
        "min": 3.0547094698185617e-07,
        "max": 0.9559737316076898,
        "stdv": 0.10008321383174264
    },
    "proc_imp_gain": {
        "avg": 8.297030705473476,
        "med": 0.05102276721390697,
        "quart_1": 0.016844251553830514,
        "quart_3": 5.517349660274992,
        "min": 2.6958024457179874e-07,
        "max": 230.33412829297936,
        "stdv": 21.380913942457457
    },
    "proc_imp_loss": {
        "avg": 0.22600709931438892,
        "med": 0.0212930432051488,
        "quart_1": 0.0,
        "quart_3": 0.10988650260913235,
        "min": 0.0,
        "max": 0.9953690033238443,
        "stdv": 0.37397275506715016
    },
    "proc_price_imp": {
        "avg": 0.02157200353761653,
        "med": 0.007289319871298976,
        "quart_1": 0.004687926696851058,
        "quart_3": 0.01034355052531521,
        "min": 1.8886031985789087e-06,
        "max": 1.4571311442918462,
        "stdv": 0.07932896438665621
    }
}