{
    "cap_eff": {
        "avg": 0.6652907197034788,
        "med": 0.0002057029076688588,
        "quart_1": 0.0001316046104681834,
        "quart_3": 0.0003267198726740195,
        "min": 4.0248204991044645e-08,
        "max": 22299.46989032852,
        "stdv": 109.38329661649865
    },
    "imp_gain": {
        "avg": 5.092557743562705,
        "med": 0.0016142669692968958,
        "quart_1": 8.310587096582722e-05,
        "quart_3": 1.230470677280501,
        "min": 2.220446049250313e-16,
        "max": 356.5389965627099,
        "stdv": 21.712144633677855
    },
    "imp_loss": {
        "avg": 0.22473881301962004,
        "med": 0.00011872918248745368,
        "quart_1": 0.0,
        "quart_3": 0.007182137233303132,
        "min": 0.0,
        "max": 0.9989952544809882,
        "stdv": 0.40075252432688385
    },
    "price_imp": {
        "avg": 5.575055172013453,
        "med": 0.0003741127536783204,
        "quart_1": 0.00025356429227123354,
        "quart_3": 0.0005232569010053135,
        "min": 1.1079320119944573e-07,
        "max": 27988.922469405854,
        "stdv": 212.75729237458486
    },
    "proc_cap_eff": {
        "avg": 0.02597837014975141,
        "med": 0.00020560888441101266,
        "quart_1": 0.000131578833289403,
        "quart_3": 0.0003262303886406581,
        "min": 4.0248204991044645e-08,
        "max": 18.42559767331505,
        "stdv": 0.3586250779612901
    },
    "proc_imp_gain": {
        "avg": 4.935185971768122,
        "med": 0.0016087350460769478,
        "quart_1": 8.300995177434878e-05,
        "quart_3": 1.221347135718342,
        "min": 2.220446049250313e-16,
        "max": 291.6072031124508,
        "stdv": 20.539705016936033
    },
    "proc_imp_loss": {
        "avg": 0.2243521326159882,
        "med": 0.00011843235886255243,
        "quart_1": 0.0,
        "quart_3": 0.00706647819768047,
        "min": 0.0,
        "max": 0.997170645447252,
        "stdv": 0.40047938320249155
    },
    "proc_price_imp": {
        "avg": 1.7308140171699544,
        "med": 0.0003739749189356629,
        "quart_1": 0.00025350980020292065,
        "quart_3": 0.000523036731933868,
        "min": 1.1079320119944573e-07,
        "max": 2641.901104515666,
        "stdv": 42.169912413073995
    }
}