{
    "cap_eff": {
        "avg": 0.025855407709745256,
        "med": 0.00391453740378056,
        "quart_1": 0.00210997668953683,
        "quart_3": 0.0063015175417351355,
        "min": 5.367955846491412e-07,
        "max": 0.9707771651921415,
        "stdv": 0.11108311457066296
    },
    "imp_gain": {
        "avg": 5.946596955205918,
        "med": 0.05549384093472254,
        "quart_1": 0.02251509610596658,
        "quart_3": 5.417400700156866,
        "min": 2.220446049250313e-16,
        "max": 176.08964862783063,
        "stdv": 13.819194522994552
    },
    "imp_loss": {
        "avg": 0.2259652758265701,
        "med": 0.027908736702535242,
        "quart_1": 0.0,
        "quart_3": 0.08146258236857062,
        "min": 0.0,
        "max": 0.9943531425594412,
        "stdv": 0.3711033546785177
    },
    "price_imp": {
        "avg": 0.01730215827815249,
        "med": 0.006853719820222856,
        "quart_1": 0.004309036077785404,
        "quart_3": 0.00977014566400689,
        "min": 3.571598394587473e-07,
        "max": 1.4142901248027102,
        "stdv": 0.05691572207902597
    },
    "proc_cap_eff": {
        "avg": 0.0253903576776178,
        "med": 0.003912898240379048,
        "quart_1": 0.0021094545510856877,
        "quart_3": 0.00629377113165519,
        "min": 5.367955846491412e-07,
        "max": 0.9627771378169363,
        "stdv": 0.10912544110283602
    },
    "proc_imp_gain": {
        "avg": 5.886819258969131,
        "med": 0.055450898514059266,
        "quart_1": 0.022510686802284186,
        "quart_3": 5.4062291031124285,
        "min": 2.220446049250313e-16,
        "max": 106.26385865246117,
        "stdv": 13.552242984680527
    },
    "proc_imp_loss": {
        "avg": 0.22558241965220838,
        "med": 0.027878772741838698,
        "quart_1": 0.0,
        "quart_3": 0.08125460645745197,
        "min": 0.0,
        "max": 0.9900349166041887,
        "stdv": 0.37080098855839283
    },
    "proc_price_imp": {
        "avg": 0.016843665493667094,
        "med": 0.006851712845525542,
        "quart_1": 0.0043082629245616315,
        "quart_3": 0.009764880324259283,
        "min": 3.571598394587473e-07,
        "max": 0.7927926439108028,
        "stdv": 0.05296888585802921
    }
}