{
    "cap_eff": {
        "avg": 0.018932904122585525,
        "med": 0.002908057359184757,
        "quart_1": 0.0013435239865963733,
        "quart_3": 0.005494850661846407,
        "min": 1.6178483286388712e-07,
        "max": 0.9311005845525562,
        "stdv": 0.10172598319900135
    },
    "imp_gain": {},
    "imp_loss": {
        "avg": 0.5265699899948292,
        "med": 0.5162498332955744,
        "quart_1": 0.45251984650490984,
        "quart_3": 0.6441943075652119,
        "min": 0.0,
        "max": 0.7671042318893058,
        "stdv": 0.14273912127088123
    },
    "price_imp": {
        "avg": 0.005398175573793808,
        "med": 0.0047256392470693565,
        "quart_1": 0.002730894023613083,
        "quart_3": 0.00715887348689458,
        "min": 2.929603621396226e-07,
        "max": 0.04914120229798417,
        "stdv": 0.0038661393776854036
    },
    "proc_cap_eff": {
        "avg": 0.018482413086926563,
        "med": 0.002905556991205538,
        "quart_1": 0.001342730622977184,
        "quart_3": 0.005488522098350268,
        "min": 1.6178483286388712e-07,
        "max": 0.9236755632548473,
        "stdv": 0.09972285802046141
    },
    "proc_imp_gain": {},
    "proc_imp_loss": {
        "avg": 0.5268302623074009,
        "med": 0.5163438356163693,
        "quart_1": 0.4526374777227503,
        "quart_3": 0.6442476421370399,
        "min": 0.007491656713057071,
        "max": 0.7671042318893058,
        "stdv": 0.14229750256154208
    },
    "proc_price_imp": {
        "avg": 0.005382069673404118,
        "med": 0.004723834806161957,
        "quart_1": 0.0027294424016219964,
        "quart_3": 0.0071546042728659245,
        "min": 2.929603621396226e-07,
        "max": 0.03320613598077725,
        "stdv": 0.0037978688745900152
    }
}