{
    "cap_eff": {
        "avg": 7.958064071211354e-15,
        "med": 1.1102230246251565e-15,
        "quart_1": 4.440892098500626e-16,
        "quart_3": 2.886579864025407e-15,
        "min": 0.0,
        "max": 1.9445778320914542e-11,
        "stdv": 1.1229735457718067e-13
    },
    "imp_gain": {
        "avg": 0.0005949408454958948,
        "med": 0.0007681590176578101,
        "quart_1": 9.132654019716746e-05,
        "quart_3": 0.0010119460647136647,
        "min": 9.132654019716746e-05,
        "max": 0.0012557331117695192,
        "stdv": 0.000448087095664292
    },
    "imp_loss": {
        "avg": 0.9396308799762881,
        "med": 0.9887162243758411,
        "quart_1": 0.9678357671915855,
        "quart_3": 0.9992288699644369,
        "min": 0.0,
        "max": 0.9999999885069197,
        "stdv": 0.16526840869129925
    },
    "price_imp": {
        "avg": 7.955113764555856e-15,
        "med": 1.187232513964305e-15,
        "quart_1": 4.421006390185356e-16,
        "quart_3": 2.8888598404572062e-15,
        "min": 0.0,
        "max": 1.9445828966256906e-11,
        "stdv": 1.1229772366368447e-13
    },
    "proc_cap_eff": {
        "avg": 6.5844546157433246e-15,
        "med": 1.1102230246251565e-15,
        "quart_1": 4.440892098500626e-16,
        "quart_3": 2.886579864025407e-15,
        "min": 0.0,
        "max": 9.832135106080386e-13,
        "stdv": 3.3075625524926936e-14
    },
    "proc_imp_gain": {
        "avg": 0.0005949408454958948,
        "med": 0.0007681590176578101,
        "quart_1": 9.132654019716746e-05,
        "quart_3": 0.0010119460647136647,
        "min": 9.132654019716746e-05,
        "max": 0.0012557331117695192,
        "stdv": 0.000448087095664292
    },
    "proc_imp_loss": {
        "avg": 0.940097459739765,
        "med": 0.9887314218962927,
        "quart_1": 0.9678729586890549,
        "quart_3": 0.9992288699644369,
        "min": 0.006373020935154461,
        "max": 0.9999999885069197,
        "stdv": 0.163982413382667
    },
    "proc_price_imp": {
        "avg": 6.5815042392881976e-15,
        "med": 1.1862018782758022e-15,
        "quart_1": 4.4185140457983164e-16,
        "quart_3": 2.8840641944275408e-15,
        "min": 0.0,
        "max": 9.831848728187944e-13,
        "stdv": 3.3076221544572287e-14
    }
}