{
    "cap_eff": {
        "avg": 0.057065705433891126,
        "med": 0.0017661924193698164,
        "quart_1": 0.0009504751252057408,
        "quart_3": 0.0031869626989959876,
        "min": 4.1075859380512725e-08,
        "max": 1103.7832095041263,
        "stdv": 5.605453047116118
    },
    "imp_gain": {},
    "imp_loss": {
        "avg": 0.6212033462148006,
        "med": 0.6347720144440909,
        "quart_1": 0.5830529761569968,
        "quart_3": 0.6623899373887582,
        "min": 0.0,
        "max": 0.7852692947839142,
        "stdv": 0.08375545284580256
    },
    "price_imp": {
        "avg": 0.02839260943131432,
        "med": 0.001631237634576988,
        "quart_1": 0.0009651805241273326,
        "quart_3": 0.002427573522662471,
        "min": 1.0631126814597105e-07,
        "max": 60.17576904114943,
        "stdv": 0.806258058551288
    },
    "proc_cap_eff": {
        "avg": 0.01816420528822782,
        "med": 0.001764912899032356,
        "quart_1": 0.0009499318005197765,
        "quart_3": 0.0031843455369958695,
        "min": 4.1075859380512725e-08,
        "max": 1.4402186621346713,
        "stdv": 0.1076860831515823
    },
    "proc_imp_gain": {},
    "proc_imp_loss": {
        "avg": 0.6215107119499677,
        "med": 0.634843344237149,
        "quart_1": 0.583108665651234,
        "quart_3": 0.6624024037461984,
        "min": 0.0075331932042678185,
        "max": 0.7852692947839142,
        "stdv": 0.08263633157023637
    },
    "proc_price_imp": {
        "avg": 0.012451925866911821,
        "med": 0.0016304319165455906,
        "quart_1": 0.0009647066288716478,
        "quart_3": 0.0024260317769224356,
        "min": 1.0631126814597105e-07,
        "max": 20.612047578527147,
        "stdv": 0.2964294144855048
    }
}