{
    "cap_eff": {
        "avg": 0.0472860614491847,
        "med": 0.0010142833852315736,
        "quart_1": 0.0005073224942858667,
        "quart_3": 0.0017850319993832353,
        "min": 3.117805147390129e-08,
        "max": 1499.7261629733773,
        "stdv": 5.658467910436122
    },
    "imp_gain": {},
    "imp_loss": {
        "avg": 0.4764058005757831,
        "med": 0.483383255418939,
        "quart_1": 0.4571227720834121,
        "quart_3": 0.5221795122306558,
        "min": 0.0,
        "max": 0.6196607357714168,
        "stdv": 0.08048771017168141
    },
    "price_imp": {
        "avg": 0.02844157349045139,
        "med": 0.0012880145021403591,
        "quart_1": 0.0007680159802127271,
        "quart_3": 0.0018593576407835227,
        "min": 8.536846769669497e-07,
        "max": 79.21608243955444,
        "stdv": 0.9625782851251746
    },
    "proc_cap_eff": {
        "avg": 0.016288195879136772,
        "med": 0.0010136920750845047,
        "quart_1": 0.0005069786048673697,
        "quart_3": 0.0017837058785078463,
        "min": 3.117805147390129e-08,
        "max": 1.0232251758252402,
        "stdv": 0.10246322561092187
    },
    "proc_imp_gain": {},
    "proc_imp_loss": {
        "avg": 0.47664101242430396,
        "med": 0.4834635253917263,
        "quart_1": 0.4571570739295907,
        "quart_3": 0.5221871736760131,
        "min": 0.0075755685921709,
        "max": 0.6196607357714168,
        "stdv": 0.07981480916247208
    },
    "proc_price_imp": {
        "avg": 0.009014225706976338,
        "med": 0.0012876278591453284,
        "quart_1": 0.0007675446620208917,
        "quart_3": 0.0018584763537514688,
        "min": 8.536846769669497e-07,
        "max": 20.957633665306883,
        "stdv": 0.25893199819501406
    }
}