{
    "cap_eff": {
        "avg": 0.07362197136979544,
        "med": 0.00014749046690998302,
        "quart_1": 7.28531680749267e-05,
        "quart_3": 0.00027373418338960676,
        "min": 8.430196540842871e-10,
        "max": 2597.6744828427672,
        "stdv": 10.32288309506748
    },
    "imp_gain": {},
    "imp_loss": {
        "avg": 0.5809765658522581,
        "med": 0.5351835947433932,
        "quart_1": 0.47476969971415567,
        "quart_3": 0.7160788268771082,
        "min": 0.0,
        "max": 0.884403507001998,
        "stdv": 0.14829080111856183
    },
    "price_imp": {
        "avg": 0.09062460860019447,
        "med": 0.00023147609883616608,
        "quart_1": 0.00013928442147271696,
        "quart_3": 0.00035405138826905084,
        "min": 5.030355976678518e-08,
        "max": 493.2857177619618,
        "stdv": 4.926685221241531
    },
    "proc_cap_eff": {
        "avg": 0.01782369486452705,
        "med": 0.00014738777735950892,
        "quart_1": 7.28203166899255e-05,
        "quart_3": 0.0002734504185094577,
        "min": 8.430196540842871e-10,
        "max": 0.9506203844649824,
        "stdv": 0.10317460087273916
    },
    "proc_imp_gain": {},
    "proc_imp_loss": {
        "avg": 0.5812638651577854,
        "med": 0.5352602327181953,
        "quart_1": 0.4748317931174753,
        "quart_3": 0.7162045691246389,
        "min": 0.007785895558929057,
        "max": 0.884403507001998,
        "stdv": 0.14776796605742282
    },
    "proc_price_imp": {
        "avg": 0.0014339121157461911,
        "med": 0.00023140158174202695,
        "quart_1": 0.0001392389143857882,
        "quart_3": 0.0003537925668596145,
        "min": 5.030355976678518e-08,
        "max": 11.949388207083526,
        "stdv": 0.06482624024584253
    }
}