{
    "cap_eff": {
        "avg": 0.04713740898447775,
        "med": 0.002916646569878334,
        "quart_1": 0.0018877736258583466,
        "quart_3": 0.004463874151533487,
        "min": 3.8457070683506345e-07,
        "max": 323.4690544152437,
        "stdv": 1.4376807149170034
    },
    "imp_gain": {
        "avg": 3.136279259051365,
        "med": 0.0007324793330145685,
        "quart_1": 5.570089318607252e-05,
        "quart_3": 0.9637182577970058,
        "min": 2.220446049250313e-16,
        "max": 198.13569708197713,
        "stdv": 10.963871846279703
    },
    "imp_loss": {
        "avg": 0.19136541309146915,
        "med": 8.870372471403432e-05,
        "quart_1": 0.0,
        "quart_3": 0.13158870035191017,
        "min": 0.0,
        "max": 0.969923519622248,
        "stdv": 0.33354162333966536
    },
    "price_imp": {
        "avg": 0.13052116797594698,
        "med": 0.005313120861386323,
        "quart_1": 0.003620070318028551,
        "quart_3": 0.007307845821960091,
        "min": 2.848826293691084e-07,
        "max": 276.43174638689504,
        "stdv": 2.9496865679072273
    },
    "proc_cap_eff": {
        "avg": 0.031153354446874462,
        "med": 0.0029153168996447487,
        "quart_1": 0.0018867371272013322,
        "quart_3": 0.004459498864701761,
        "min": 3.8457070683506345e-07,
        "max": 9.528200776538856,
        "stdv": 0.2274477993327669
    },
    "proc_imp_gain": {
        "avg": 3.0536912375102823,
        "med": 0.000727519326051862,
        "quart_1": 5.5700893185850475e-05,
        "quart_3": 0.9540979491322628,
        "min": 2.220446049250313e-16,
        "max": 148.07584361855493,
        "stdv": 10.321194039572942
    },
    "proc_imp_loss": {
        "avg": 0.19099672941915874,
        "med": 8.848535375083344e-05,
        "quart_1": 0.0,
        "quart_3": 0.09606423729331792,
        "min": 0.0,
        "max": 0.9253350145030886,
        "stdv": 0.33321709451880227
    },
    "proc_price_imp": {
        "avg": 0.07733867087500959,
        "med": 0.005311467224581644,
        "quart_1": 0.0036191345762055806,
        "quart_3": 0.007304289536817846,
        "min": 2.848826293691084e-07,
        "max": 56.585109061391705,
        "stdv": 1.2667194479082473
    }
}