{
    "cap_eff": {
        "avg": 0.004857169644227495,
        "med": 0.00429312159039319,
        "quart_1": 0.002579166379390152,
        "quart_3": 0.006344806170291317,
        "min": 5.670036007376922e-08,
        "max": 0.04462068306017253,
        "stdv": 0.003331653032375078
    },
    "imp_gain": {
        "avg": 0.03726322296922084,
        "med": 0.03015764337986182,
        "quart_1": 0.013569354061108596,
        "quart_3": 0.05182614111983419,
        "min": 2.220446049250313e-16,
        "max": 0.1567826081976924,
        "stdv": 0.030020031660912955
    },
    "imp_loss": {
        "avg": 0.025089852223762973,
        "med": 0.01654690295530703,
        "quart_1": 0.0,
        "quart_3": 0.04023652874905592,
        "min": 0.0,
        "max": 0.1355333379726098,
        "stdv": 0.02789229663704443
    },
    "price_imp": {
        "avg": 0.007570972894405194,
        "med": 0.007176585591706076,
        "quart_1": 0.004957607309968518,
        "quart_3": 0.009628103642632025,
        "min": 2.4667576750639658e-08,
        "max": 0.049493694253714936,
        "stdv": 0.00384048566702251
    },
    "proc_cap_eff": {
        "avg": 0.00484541939571311,
        "med": 0.00429138989318939,
        "quart_1": 0.002578373540066292,
        "quart_3": 0.006339358057362077,
        "min": 5.670036007376922e-08,
        "max": 0.025355160903487217,
        "stdv": 0.0032896304314332728
    },
    "proc_imp_gain": {
        "avg": 0.037209246096049774,
        "med": 0.030135119174066638,
        "quart_1": 0.013562087841357595,
        "quart_3": 0.05179185048465684,
        "min": 2.220446049250313e-16,
        "max": 0.14311769065627433,
        "stdv": 0.029930201584678285
    },
    "proc_imp_loss": {
        "avg": 0.025039265293456864,
        "med": 0.016516113413869382,
        "quart_1": 0.0,
        "quart_3": 0.04020368912629624,
        "min": 0.0,
        "max": 0.12429187157929733,
        "stdv": 0.027807355405356227
    },
    "proc_price_imp": {
        "avg": 0.007558679716335757,
        "med": 0.00717368715718468,
        "quart_1": 0.004956845714599081,
        "quart_3": 0.00962403568420982,
        "min": 2.4667576750639658e-08,
        "max": 0.029020021449692318,
        "stdv": 0.003800859420587749
    }
}