{
    "cap_eff": {
        "avg": 7.030626601855153e-14,
        "med": 1.7208456881689926e-14,
        "quart_1": 7.993605777301127e-15,
        "quart_3": 3.175237850427948e-14,
        "min": 0.0,
        "max": 1.079987210772515e-09,
        "stdv": 5.140697452839566e-12
    },
    "imp_gain": {
        "avg": 0.1543888265910026,
        "med": 0.11820506216509918,
        "quart_1": 0.05172117011170241,
        "quart_3": 0.23024131102188528,
        "min": 5.159504782970004e-06,
        "max": 0.6071833073530852,
        "stdv": 0.12909812962049558
    },
    "imp_loss": {
        "avg": 0.1104138374744152,
        "med": 0.06667902382346169,
        "quart_1": 0.0,
        "quart_3": 0.1781795910164755,
        "min": 0.0,
        "max": 0.5992725444764571,
        "stdv": 0.1282544881021659
    },
    "price_imp": {
        "avg": 7.030586160489734e-14,
        "med": 1.7185584879912765e-14,
        "quart_1": 7.935591109050804e-15,
        "quart_3": 3.174899225659477e-14,
        "min": 0.0,
        "max": 1.0799871723803447e-09,
        "stdv": 5.1406972636547394e-12
    },
    "proc_cap_eff": {
        "avg": 3.17586059046245e-14,
        "med": 1.709743457922741e-14,
        "quart_1": 7.993605777301127e-15,
        "quart_3": 3.175237850427948e-14,
        "min": 0.0,
        "max": 3.83115761337649e-12,
        "stdv": 9.605158894652228e-14
    },
    "proc_imp_gain": {
        "avg": 0.15416432048998843,
        "med": 0.11814306084357051,
        "quart_1": 0.051705169910401194,
        "quart_3": 0.2298891654002777,
        "min": 5.159504782970004e-06,
        "max": 0.5995439276085992,
        "stdv": 0.12873915328166818
    },
    "proc_imp_loss": {
        "avg": 0.11017367416287484,
        "med": 0.06661208220572468,
        "quart_1": 0.0,
        "quart_3": 0.17800154290015857,
        "min": 0.0,
        "max": 0.5863963590810588,
        "stdv": 0.12783568604604895
    },
    "proc_price_imp": {
        "avg": 3.1758197382552364e-14,
        "med": 1.7176026531663206e-14,
        "quart_1": 7.932362540115912e-15,
        "quart_3": 3.171379826452037e-14,
        "min": 0.0,
        "max": 3.831069508363269e-12,
        "stdv": 9.60516801213232e-14
    }
}