{
    "cap_eff": {
        "avg": 0.001236393317525995,
        "med": 0.0010064918500634623,
        "quart_1": 0.0005345312813975767,
        "quart_3": 0.001636948474674771,
        "min": 3.454678931813504e-08,
        "max": 0.4259906016918473,
        "stdv": 0.0018073892860971136
    },
    "imp_gain": {
        "avg": 0.0008219179564178591,
        "med": 0.0005278047691814614,
        "quart_1": 0.00016165620931696267,
        "quart_3": 0.001207925717500613,
        "min": 9.536383904773515e-09,
        "max": 0.011978300979302192,
        "stdv": 0.0008839726322508333
    },
    "imp_loss": {
        "avg": 0.0008025574119565222,
        "med": 0.0004983308312752621,
        "quart_1": 0.00015303449138470704,
        "quart_3": 0.0011808521829008711,
        "min": 0.0,
        "max": 0.011252621006865415,
        "stdv": 0.0008801096632993678
    },
    "price_imp": {
        "avg": 0.0017952623538886657,
        "med": 0.0016629824538005006,
        "quart_1": 0.0010832285928690517,
        "quart_3": 0.002305829114459192,
        "min": 1.2653232445635596e-07,
        "max": 0.01563195669232633,
        "stdv": 0.0010684016202293137
    },
    "proc_cap_eff": {
        "avg": 0.001221433295487783,
        "med": 0.0010060006015889522,
        "quart_1": 0.0005343449816052059,
        "quart_3": 0.001635477268565555,
        "min": 3.454678931813504e-08,
        "max": 0.01003589272769767,
        "stdv": 0.000980135400706975
    },
    "proc_imp_gain": {
        "avg": 0.0008186084736726436,
        "med": 0.0005275014807522016,
        "quart_1": 0.00016141189299756498,
        "quart_3": 0.0012068621366678745,
        "min": 9.536383904773515e-09,
        "max": 0.006450903064195268,
        "stdv": 0.0008714088733350902
    },
    "proc_imp_loss": {
        "avg": 0.0007993675608998963,
        "med": 0.0004980264798427614,
        "quart_1": 0.00015294449303526747,
        "quart_3": 0.0011792230516928237,
        "min": 0.0,
        "max": 0.006344059268336366,
        "stdv": 0.0008683881855330161
    },
    "proc_price_imp": {
        "avg": 0.0017912373931597697,
        "med": 0.0016624969548496517,
        "quart_1": 0.001082855288992369,
        "quart_3": 0.002304332078284262,
        "min": 1.2653232445635596e-07,
        "max": 0.008793295383928087,
        "stdv": 0.0010530737994181526
    }
}