{
    "cap_eff": {
        "avg": 0.0008242317684931053,
        "med": 0.0006712994276353301,
        "quart_1": 0.000356137673432233,
        "quart_3": 0.0010921121076337137,
        "min": 1.2728665121919391e-08,
        "max": 0.2534797998539522,
        "stdv": 0.0011330852389160111
    },
    "imp_gain": {
        "avg": 0.000822755784144606,
        "med": 0.0005282919825895238,
        "quart_1": 0.0001614430053351601,
        "quart_3": 0.0012090173284845518,
        "min": 1.7722614487070132e-09,
        "max": 0.01197324783278253,
        "stdv": 0.0008842882638997482
    },
    "imp_loss": {
        "avg": 0.000802473130885547,
        "med": 0.0004995067891873095,
        "quart_1": 0.00015319877474406773,
        "quart_3": 0.001179963434731035,
        "min": 0.0,
        "max": 0.011279873995756695,
        "stdv": 0.0008797588606957929
    },
    "price_imp": {
        "avg": 0.0011979713007451533,
        "med": 0.001109650088770712,
        "quart_1": 0.0007227261886350395,
        "quart_3": 0.0015391894126724002,
        "min": 0.0,
        "max": 0.010408607254716144,
        "stdv": 0.0007127303359165728
    },
    "proc_cap_eff": {
        "avg": 0.0008145808185574118,
        "med": 0.0006709820443910886,
        "quart_1": 0.00035596491792677654,
        "quart_3": 0.001091177686692646,
        "min": 1.2728665121919391e-08,
        "max": 0.006855190398385114,
        "stdv": 0.0006537962881752246
    },
    "proc_imp_gain": {
        "avg": 0.0008194383686530078,
        "med": 0.0005279498169177277,
        "quart_1": 0.00016136983227643675,
        "quart_3": 0.0012080229346631555,
        "min": 1.7722614487070132e-09,
        "max": 0.006460759745511524,
        "stdv": 0.0008716986236292832
    },
    "proc_imp_loss": {
        "avg": 0.0007992680758135604,
        "med": 0.0004990879909070323,
        "quart_1": 0.00015300470425494428,
        "quart_3": 0.0011784602700899427,
        "min": 0.0,
        "max": 0.006449038797494255,
        "stdv": 0.0008678950023889435
    },
    "proc_price_imp": {
        "avg": 0.0011952823981412032,
        "med": 0.0011092099114915757,
        "quart_1": 0.0007224837383982988,
        "quart_3": 0.0015383423490306558,
        "min": 0.0,
        "max": 0.00586979512912072,
        "stdv": 0.0007024712931717442
    }
}