{
    "cap_eff": {
        "avg": 0.0011758876537937332,
        "med": 0.0010126569982408795,
        "quart_1": 0.000649831568634629,
        "quart_3": 0.0015034516598437797,
        "min": 2.996171410973858e-08,
        "max": 0.01188195796326319,
        "stdv": 0.0008000825454338153
    },
    "imp_gain": {
        "avg": 0.0015755539423098828,
        "med": 0.000915053590779813,
        "quart_1": 0.0001218680604648803,
        "quart_3": 0.002601083662557402,
        "min": 2.220446049250313e-16,
        "max": 0.02673955020203067,
        "stdv": 0.0018078104422409
    },
    "imp_loss": {
        "avg": 0.0010048654343763664,
        "med": 0.0001107909446673716,
        "quart_1": 0.0,
        "quart_3": 0.0016509729021968456,
        "min": 0.0,
        "max": 0.025511554167374384,
        "stdv": 0.0016102008639601324
    },
    "price_imp": {
        "avg": 0.0018748766596996297,
        "med": 0.0017829826603454732,
        "quart_1": 0.0012379283172652016,
        "quart_3": 0.002385687814728759,
        "min": 9.850013263372762e-10,
        "max": 0.013348773145982555,
        "stdv": 0.0009427445292448411
    },
    "proc_cap_eff": {
        "avg": 0.001172996367062084,
        "med": 0.0010121961657320044,
        "quart_1": 0.0006496562681048701,
        "quart_3": 0.0015025491194582408,
        "min": 2.996171410973858e-08,
        "max": 0.006129567026253113,
        "stdv": 0.0007891707578783686
    },
    "proc_imp_gain": {
        "avg": 0.001569564131539887,
        "med": 0.0009130769087035695,
        "quart_1": 0.00012182217275635843,
        "quart_3": 0.0025989683609948244,
        "min": 2.220446049250313e-16,
        "max": 0.011976870765906922,
        "stdv": 0.0017878472839617905
    },
    "proc_imp_loss": {
        "avg": 0.0009990567165692658,
        "med": 0.00011067240025197655,
        "quart_1": 0.0,
        "quart_3": 0.0016470529453312954,
        "min": 0.0,
        "max": 0.011202480567980122,
        "stdv": 0.0015890481343073747
    },
    "proc_price_imp": {
        "avg": 0.001871908772412183,
        "med": 0.0017824238503222631,
        "quart_1": 0.0012376937484168777,
        "quart_3": 0.0023846544377504426,
        "min": 9.850013263372762e-10,
        "max": 0.00707134641036824,
        "stdv": 0.0009330813850784602
    }
}