{
    "cap_eff": {
        "avg": 0.0035126170382259454,
        "med": 0.003029103644033637,
        "quart_1": 0.0019449395260687785,
        "quart_3": 0.004490651819117619,
        "min": 1.6605319297369192e-07,
        "max": 0.03522926580360752,
        "stdv": 0.0023851168788436377
    },
    "imp_gain": {
        "avg": 0.0015673986144579299,
        "med": 0.0008967065039384714,
        "quart_1": 0.00011975898177229993,
        "quart_3": 0.002590138671449971,
        "min": 2.220446049250313e-16,
        "max": 0.02674952285254606,
        "stdv": 0.0018063138915948246
    },
    "imp_loss": {
        "avg": 0.0010055368888006926,
        "med": 0.0001120178014776263,
        "quart_1": 0.0,
        "quart_3": 0.001654539761736129,
        "min": 0.0,
        "max": 0.025198838985388328,
        "stdv": 0.0016070114339296897
    },
    "price_imp": {
        "avg": 0.005596064003249321,
        "med": 0.005323041694391982,
        "quart_1": 0.0036999695350429813,
        "quart_3": 0.007115492103770715,
        "min": 2.6623747096647686e-08,
        "max": 0.0395258553851262,
        "stdv": 0.0028099884253038492
    },
    "proc_cap_eff": {
        "avg": 0.0035040367022684178,
        "med": 0.003028068813973883,
        "quart_1": 0.001944611573438726,
        "quart_3": 0.004487255351911523,
        "min": 1.6605319297369192e-07,
        "max": 0.018239280369518607,
        "stdv": 0.002352881265710708
    },
    "proc_imp_gain": {
        "avg": 0.0015614166265365687,
        "med": 0.0008951758242190522,
        "quart_1": 0.00011942955543919886,
        "quart_3": 0.002588601019221093,
        "min": 2.220446049250313e-16,
        "max": 0.011985556657780672,
        "stdv": 0.0017863787537165685
    },
    "proc_imp_loss": {
        "avg": 0.0009997691673334363,
        "med": 0.0001118579291327082,
        "quart_1": 0.0,
        "quart_3": 0.0016509338604366874,
        "min": 0.0,
        "max": 0.01113007840588276,
        "stdv": 0.0015861349399875287
    },
    "proc_price_imp": {
        "avg": 0.005587286528312757,
        "med": 0.005321573297865741,
        "quart_1": 0.003698897144140543,
        "quart_3": 0.007113239516071424,
        "min": 2.6623747096647686e-08,
        "max": 0.02087313846922682,
        "stdv": 0.002781650375504371
    }
}