{
    "cap_eff": {
        "avg": 0.0002355868857907807,
        "med": 0.00020281452844472803,
        "quart_1": 0.00013005891536849168,
        "quart_3": 0.00030128028775078253,
        "min": 1.0284836315932466e-09,
        "max": 0.002387888251271564,
        "stdv": 0.0001605082114809407
    },
    "imp_gain": {
        "avg": 0.001592941818108361,
        "med": 0.0009640198751479367,
        "quart_1": 0.0001244094668191309,
        "quart_3": 0.0026224405834402997,
        "min": 6.661338147750939e-16,
        "max": 0.026737844013059675,
        "stdv": 0.0018105644961231733
    },
    "imp_loss": {
        "avg": 0.0009996435100769238,
        "med": 0.00011077885348842464,
        "quart_1": 0.0,
        "quart_3": 0.001637674479257667,
        "min": 0.0,
        "max": 0.02564340497025519,
        "stdv": 0.0016086259198747524
    },
    "price_imp": {
        "avg": 0.0003757378170554799,
        "med": 0.00035726696965713894,
        "quart_1": 0.0002479041987929955,
        "quart_3": 0.00047819178531486044,
        "min": 1.4474046810570517e-08,
        "max": 0.0026842971455183664,
        "stdv": 0.00018906187198047296
    },
    "proc_cap_eff": {
        "avg": 0.00023500573712723413,
        "med": 0.00020274367765737988,
        "quart_1": 0.00013001127928202738,
        "quart_3": 0.00030104775223793734,
        "min": 1.0284836315932466e-09,
        "max": 0.0012382843982639002,
        "stdv": 0.00015831105838455686
    },
    "proc_imp_gain": {
        "avg": 0.0015869413943891489,
        "med": 0.0009623315248543651,
        "quart_1": 0.0001243430830413228,
        "quart_3": 0.0026207433087965804,
        "min": 6.661338147750939e-16,
        "max": 0.012031935433052698,
        "stdv": 0.0017905552088434192
    },
    "proc_imp_loss": {
        "avg": 0.0009938089754083447,
        "med": 0.00011054633664009383,
        "quart_1": 0.0,
        "quart_3": 0.0016325013719238335,
        "min": 0.0,
        "max": 0.011241404387514642,
        "stdv": 0.001587267495847849
    },
    "proc_price_imp": {
        "avg": 0.0003751420179461614,
        "med": 0.0003571786283263535,
        "quart_1": 0.0002478484834653672,
        "quart_3": 0.0004779730829395853,
        "min": 1.4474046810570517e-08,
        "max": 0.0014187294950014692,
        "stdv": 0.00018711940874291313
    }
}