{
    "cap_eff": {
        "avg": 4.923414836465711e-15,
        "med": 6.661338147750939e-16,
        "quart_1": 2.220446049250313e-16,
        "quart_3": 1.5543122344752192e-15,
        "min": 0.0,
        "max": 1.865707588422083e-11,
        "stdv": 1.4200280887486383e-13
    },
    "imp_gain": {
        "avg": 0.0010820710872621502,
        "med": 0.0012446894560220745,
        "quart_1": 0.0012446894560220745,
        "quart_3": 0.0012446894560220745,
        "min": 0.00036552637233833174,
        "max": 0.0012786313270287675,
        "stdv": 0.00033479742962255516
    },
    "imp_loss": {
        "avg": 0.9559734346750687,
        "med": 0.994939385042379,
        "quart_1": 0.9834004388492733,
        "quart_3": 0.9997374314905444,
        "min": 0.0,
        "max": 0.999999930279596,
        "stdv": 0.14869012319955136
    },
    "price_imp": {
        "avg": 4.91797759683642e-15,
        "med": 6.871043591021703e-16,
        "quart_1": 2.7784053323456795e-16,
        "quart_3": 1.5566203464636622e-15,
        "min": 0.0,
        "max": 1.865714073363631e-11,
        "stdv": 1.4200306763079805e-13
    },
    "proc_cap_eff": {
        "avg": 3.282750633298943e-15,
        "med": 6.661338147750939e-16,
        "quart_1": 2.220446049250313e-16,
        "quart_3": 1.5543122344752192e-15,
        "min": 0.0,
        "max": 6.519229600598919e-13,
        "stdv": 1.7858047207385922e-14
    },
    "proc_imp_gain": {
        "avg": 0.0010820710872621502,
        "med": 0.0012446894560220745,
        "quart_1": 0.0012446894560220745,
        "quart_3": 0.0012446894560220745,
        "min": 0.00036552637233833174,
        "max": 0.0012786313270287675,
        "stdv": 0.00033479742962255516
    },
    "proc_imp_loss": {
        "avg": 0.9564471593959302,
        "med": 0.9949465839300007,
        "quart_1": 0.9834224423471907,
        "quart_3": 0.9997374314905444,
        "min": 0.008382521969446555,
        "max": 0.999999930279596,
        "stdv": 0.1472029883606451
    },
    "proc_price_imp": {
        "avg": 3.2773196571150704e-15,
        "med": 6.865635695901205e-16,
        "quart_1": 2.7763075218410597e-16,
        "quart_3": 1.5556191340323757e-15,
        "min": 0.0,
        "max": 6.519692817450415e-13,
        "stdv": 1.785892301050175e-14
    }
}