{
    "cap_eff": {
        "avg": 0.03868457045561515,
        "med": 0.0011532753463365242,
        "quart_1": 0.0005628929485653744,
        "quart_3": 0.002127406688575695,
        "min": 8.421624730914345e-08,
        "max": 859.7796178079626,
        "stdv": 3.494984890170793
    },
    "imp_gain": {
        "avg": 0.0006493587022400327,
        "med": 0.000856905562851118,
        "quart_1": 0.00012718021942914604,
        "quart_3": 0.0010677637547453767,
        "min": 0.00012718021942914604,
        "max": 0.001117053944790225,
        "stdv": 0.00043437335479151805
    },
    "imp_loss": {
        "avg": 0.5735232269640574,
        "med": 0.5789877138260715,
        "quart_1": 0.5582547115457939,
        "quart_3": 0.6127169590320602,
        "min": 0.0,
        "max": 0.7712828963917248,
        "stdv": 0.09188965549337785
    },
    "price_imp": {
        "avg": 0.07603289735105706,
        "med": 0.0012896223836462311,
        "quart_1": 0.000747950353007824,
        "quart_3": 0.001909227467659228,
        "min": 2.506221343368149e-07,
        "max": 862.092711749241,
        "stdv": 4.126585643520761
    },
    "proc_cap_eff": {
        "avg": 0.013210121497316069,
        "med": 0.0011523792459053883,
        "quart_1": 0.0005626135198208981,
        "quart_3": 0.002124981756700839,
        "min": 8.421624730914345e-08,
        "max": 1.502677994217179,
        "stdv": 0.08261549794447794
    },
    "proc_imp_gain": {
        "avg": 0.0006493587022400327,
        "med": 0.000856905562851118,
        "quart_1": 0.00012718021942914604,
        "quart_3": 0.0010677637547453767,
        "min": 0.00012718021942914604,
        "max": 0.001117053944790225,
        "stdv": 0.00043437335479151805
    },
    "proc_imp_loss": {
        "avg": 0.5738071664311809,
        "med": 0.5790232035598109,
        "quart_1": 0.5582965528359163,
        "quart_3": 0.6127327030218321,
        "min": 0.0068872172630288775,
        "max": 0.7712828963917248,
        "stdv": 0.09102668993419377
    },
    "proc_price_imp": {
        "avg": 0.0217327645909002,
        "med": 0.0012888755678764057,
        "quart_1": 0.0007476735628397028,
        "quart_3": 0.0019082110712346073,
        "min": 2.506221343368149e-07,
        "max": 30.123577353965995,
        "stdv": 0.4826711601181639
    }
}