{
    "cap_eff": {
        "avg": 0.06155377808485121,
        "med": 0.00019109196201649858,
        "quart_1": 0.00012014826779382926,
        "quart_3": 0.0003101925665885963,
        "min": 9.114912824514931e-09,
        "max": 906.3719661306699,
        "stdv": 4.3729512124870675
    },
    "imp_gain": {
        "avg": 6.735903784508845,
        "med": 0.7534291985406005,
        "quart_1": 0.0002284328464723373,
        "quart_3": 4.4051872750605705,
        "min": 2.220446049250313e-16,
        "max": 301.99190857356484,
        "stdv": 17.941810575668054
    },
    "imp_loss": {
        "avg": 0.38558798924393867,
        "med": 0.0019441030696203399,
        "quart_1": 0.0,
        "quart_3": 0.9497198461421736,
        "min": 0.0,
        "max": 0.9996882317735966,
        "stdv": 0.46185707411389765
    },
    "price_imp": {
        "avg": 2.7958301460095663,
        "med": 0.00034159249694538604,
        "quart_1": 0.00022927206786860682,
        "quart_3": 0.00047998724535695803,
        "min": 1.825368999436459e-08,
        "max": 8601.843023182928,
        "stdv": 82.07303801190511
    },
    "proc_cap_eff": {
        "avg": 0.025429999847826915,
        "med": 0.0001909985486859278,
        "quart_1": 0.00012010849322674488,
        "quart_3": 0.0003098246150275985,
        "min": 9.114912824514931e-09,
        "max": 13.137152489050374,
        "stdv": 0.27052728396486664
    },
    "proc_imp_gain": {
        "avg": 6.605045635974889,
        "med": 0.7510763823483961,
        "quart_1": 0.00022784971796596665,
        "quart_3": 4.397178219803452,
        "min": 2.220446049250313e-16,
        "max": 239.7735973116997,
        "stdv": 16.96042762743575
    },
    "proc_imp_loss": {
        "avg": 0.3852810876375994,
        "med": 0.0019337544577174848,
        "quart_1": 0.0,
        "quart_3": 0.9496552184431444,
        "min": 0.0,
        "max": 0.9995756898207665,
        "stdv": 0.461768384125496
    },
    "proc_price_imp": {
        "avg": 1.3085291269277823,
        "med": 0.00034148851002421365,
        "quart_1": 0.0002291819023487949,
        "quart_3": 0.00047977250651216213,
        "min": 1.825368999436459e-08,
        "max": 1246.411701065123,
        "stdv": 27.650649728086886
    }
}