{
    "cap_eff": {
        "avg": 0.045010905905441004,
        "med": 0.0009552997432342725,
        "quart_1": 0.0006008097931278211,
        "quart_3": 0.0015510534730522885,
        "min": 2.637997031929018e-08,
        "max": 236.42207251101107,
        "stdv": 1.221027661568335
    },
    "imp_gain": {
        "avg": 7.593463773801218,
        "med": 0.7353637298684379,
        "quart_1": 0.00021627792035028293,
        "quart_3": 6.07531654172337,
        "min": 2.220446049250313e-16,
        "max": 308.70338084594516,
        "stdv": 19.536555336004504
    },
    "imp_loss": {
        "avg": 0.36032862133634697,
        "med": 0.0019761843884446018,
        "quart_1": 0.0,
        "quart_3": 0.8881543113440439,
        "min": 0.0,
        "max": 0.9980813142173764,
        "stdv": 0.43596583129618033
    },
    "price_imp": {
        "avg": 0.5591030223700284,
        "med": 0.0017033693393550403,
        "quart_1": 0.0011441487627974166,
        "quart_3": 0.0023908481293112367,
        "min": 5.386514451615424e-08,
        "max": 1571.789619452719,
        "stdv": 15.430868844872464
    },
    "proc_cap_eff": {
        "avg": 0.02950392110845401,
        "med": 0.0009549757108641144,
        "quart_1": 0.0006006171049658393,
        "quart_3": 0.0015490199624528245,
        "min": 2.637997031929018e-08,
        "max": 12.819117591062163,
        "stdv": 0.2704060656672454
    },
    "proc_imp_gain": {
        "avg": 7.4577984663476675,
        "med": 0.732110831281424,
        "quart_1": 0.00021583870417907214,
        "quart_3": 6.066145518699685,
        "min": 2.220446049250313e-16,
        "max": 254.61612590669247,
        "stdv": 18.57297948722862
    },
    "proc_imp_loss": {
        "avg": 0.36000998799314615,
        "med": 0.0019674254568092797,
        "quart_1": 0.0,
        "quart_3": 0.8880248400535169,
        "min": 0.0,
        "max": 0.9973909959628838,
        "stdv": 0.4358418161664892
    },
    "proc_price_imp": {
        "avg": 0.2753680654665056,
        "med": 0.0017029027921008472,
        "quart_1": 0.0011438685293172577,
        "quart_3": 0.00238931903820668,
        "min": 5.386514451615424e-08,
        "max": 211.0865007531154,
        "stdv": 5.266396835992917
    }
}