{
    "cap_eff": {
        "avg": 0.00040607538074458055,
        "med": 0.0003306463667717141,
        "quart_1": 0.00017524726402340374,
        "quart_3": 0.0005395801537062539,
        "min": 1.4781207369196636e-09,
        "max": 0.17018116835504604,
        "stdv": 0.000740876247667686
    },
    "imp_gain": {
        "avg": 0.0007854265823953501,
        "med": 0.0004947399504705574,
        "quart_1": 0.00014335118490960141,
        "quart_3": 0.0011547710470283246,
        "min": 6.217248937900877e-15,
        "max": 0.008734530761764114,
        "stdv": 0.0008569676104541562
    },
    "imp_loss": {
        "avg": 0.0007908250691451341,
        "med": 0.0004907028524760437,
        "quart_1": 0.00014828740529804207,
        "quart_3": 0.0011627204866876406,
        "min": 0.0,
        "max": 0.008958589021534569,
        "stdv": 0.0008645939100478307
    },
    "price_imp": {
        "avg": 0.0005918609417923824,
        "med": 0.0005467889360856089,
        "quart_1": 0.00035670631487569684,
        "quart_3": 0.0007583956186277415,
        "min": 0.0,
        "max": 0.20000000000000004,
        "stdv": 0.0007206641093567989
    },
    "proc_cap_eff": {
        "avg": 0.0004004060358539283,
        "med": 0.00033052326783677977,
        "quart_1": 0.0001751847172394294,
        "quart_3": 0.0005391636621631113,
        "min": 1.4781207369196636e-09,
        "max": 0.0029928410164326014,
        "stdv": 0.0003188193677078063
    },
    "proc_imp_gain": {
        "avg": 0.0007824046620209067,
        "med": 0.0004941456754345985,
        "quart_1": 0.00014325773702816846,
        "quart_3": 0.0011533703762862668,
        "min": 6.217248937900877e-15,
        "max": 0.0061326837311077576,
        "stdv": 0.000846368769998998
    },
    "proc_imp_loss": {
        "avg": 0.0007876844139195477,
        "med": 0.0004903693823431476,
        "quart_1": 0.0001481483246889015,
        "quart_3": 0.0011611374839126665,
        "min": 0.0,
        "max": 0.00626392885013638,
        "stdv": 0.0008531158755240495
    },
    "proc_price_imp": {
        "avg": 0.0005886572829643093,
        "med": 0.0005465781863790225,
        "quart_1": 0.00035662851266393046,
        "quart_3": 0.0007580063646184917,
        "min": 0.0,
        "max": 0.002815456998970492,
        "stdv": 0.00034452111668787695
    }
}