{
    "cap_eff": {
        "avg": 0.003416120229427701,
        "med": 0.0029566309189636986,
        "quart_1": 0.001884967354790712,
        "quart_3": 0.004371488651279454,
        "min": 3.673859355624032e-07,
        "max": 0.024516051969138974,
        "stdv": 0.002305692332182287
    },
    "imp_gain": {
        "avg": 0.0014314409148300277,
        "med": 0.0005844850929157541,
        "quart_1": 0.00012912862709257844,
        "quart_3": 0.002380607669047352,
        "min": 2.220446049250313e-16,
        "max": 0.01934862732297704,
        "stdv": 0.0017259107089727368
    },
    "imp_loss": {
        "avg": 0.0010033145641294846,
        "med": 0.00013302667353087827,
        "quart_1": 0.0,
        "quart_3": 0.0016729732422650079,
        "min": 0.0,
        "max": 0.017387351555014363,
        "stdv": 0.0015727886972370434
    },
    "price_imp": {
        "avg": 0.005494825970874028,
        "med": 0.005234798151313887,
        "quart_1": 0.00363596560704326,
        "quart_3": 0.006991690256916053,
        "min": 4.7027560387821184e-07,
        "max": 0.02720472194828237,
        "stdv": 0.0027357442976635228
    },
    "proc_cap_eff": {
        "avg": 0.003408103572383638,
        "med": 0.0029557877495718365,
        "quart_1": 0.001884381860166262,
        "quart_3": 0.004368721718578994,
        "min": 3.673859355624032e-07,
        "max": 0.01791690276000879,
        "stdv": 0.002277418520049807
    },
    "proc_imp_gain": {
        "avg": 0.0014256119005211887,
        "med": 0.0005830574883143314,
        "quart_1": 0.00012908704457448295,
        "quart_3": 0.002377506761127135,
        "min": 2.220446049250313e-16,
        "max": 0.011525960797523105,
        "stdv": 0.0017061902041623017
    },
    "proc_imp_loss": {
        "avg": 0.0009976449182823863,
        "med": 0.0001328300245163616,
        "quart_1": 0.0,
        "quart_3": 0.0016690329804748272,
        "min": 0.0,
        "max": 0.010785020485973629,
        "stdv": 0.0015523181167701437
    },
    "proc_price_imp": {
        "avg": 0.005486577522934169,
        "med": 0.005233210079146858,
        "quart_1": 0.0036354294708192464,
        "quart_3": 0.006988043241359461,
        "min": 4.7027560387821184e-07,
        "max": 0.020624123503264594,
        "stdv": 0.002710712242581439
    }
}