{
    "cap_eff": {
        "avg": 0.01920291810441459,
        "med": 0.0005740099686586397,
        "quart_1": 0.000283764466500358,
        "quart_3": 0.0010171786301034214,
        "min": 5.1086600283412054e-08,
        "max": 24.74565797844294,
        "stdv": 0.16710186705832417
    },
    "imp_gain": {},
    "imp_loss": {
        "avg": 0.47951647392911895,
        "med": 0.4819051915779933,
        "quart_1": 0.4613076426330849,
        "quart_3": 0.5153985831622668,
        "min": 0.0,
        "max": 0.6704794194731278,
        "stdv": 0.08769218958325865
    },
    "price_imp": {
        "avg": 0.010315382962983267,
        "med": 0.0008286809530557287,
        "quart_1": 0.0004961242888015519,
        "quart_3": 0.0011906626764146867,
        "min": 3.387348163916981e-08,
        "max": 57.19842514806482,
        "stdv": 0.3331819917262917
    },
    "proc_cap_eff": {
        "avg": 0.017628800200206015,
        "med": 0.0005737865167253497,
        "quart_1": 0.0002835815189535795,
        "quart_3": 0.0010162526368935332,
        "min": 5.1086600283412054e-08,
        "max": 0.901018550414251,
        "stdv": 0.10486823736110423
    },
    "proc_imp_gain": {},
    "proc_imp_loss": {
        "avg": 0.4797552063772969,
        "med": 0.4819168974665896,
        "quart_1": 0.46135275956790534,
        "quart_3": 0.5154245236707,
        "min": 0.005010858821673958,
        "max": 0.6704794194731278,
        "stdv": 0.08706192881734513
    },
    "proc_price_imp": {
        "avg": 0.0054724766108554136,
        "med": 0.0008284077342125676,
        "quart_1": 0.0004959214358278448,
        "quart_3": 0.001190070218573894,
        "min": 3.387348163916981e-08,
        "max": 4.429973854094644,
        "stdv": 0.0959654651353749
    }
}