{
    "cap_eff": {
        "avg": 0.04429321457891966,
        "med": 0.002008996841624089,
        "quart_1": 0.0012908308231984744,
        "quart_3": 0.0031332855489808464,
        "min": 1.3315982427819506e-08,
        "max": 463.6278013556913,
        "stdv": 2.0273133366412557
    },
    "imp_gain": {
        "avg": 3.8054816361783264,
        "med": 0.002502816707253386,
        "quart_1": 0.00011892207067276672,
        "quart_3": 1.9790897839294428,
        "min": 2.220446049250313e-16,
        "max": 170.84253081029962,
        "stdv": 12.170784009467315
    },
    "imp_loss": {
        "avg": 0.1742151032494711,
        "med": 0.0001082038416139186,
        "quart_1": 0.0,
        "quart_3": 0.004174716521154642,
        "min": 0.0,
        "max": 0.9746168876516054,
        "stdv": 0.3300316832855016
    },
    "price_imp": {
        "avg": 0.11829493138336056,
        "med": 0.0036712221009582917,
        "quart_1": 0.002498917617850484,
        "quart_3": 0.005100859436325508,
        "min": 2.739847530722617e-08,
        "max": 224.8186274978054,
        "stdv": 2.651916409815891
    },
    "proc_cap_eff": {
        "avg": 0.025742686963160944,
        "med": 0.0020081328074644245,
        "quart_1": 0.001290113887472799,
        "quart_3": 0.003130410408189954,
        "min": 1.3315982427819506e-08,
        "max": 6.180519473564151,
        "stdv": 0.1654824065225171
    },
    "proc_imp_gain": {
        "avg": 3.7306316793238232,
        "med": 0.002498262224286396,
        "quart_1": 0.00011874348677110014,
        "quart_3": 1.9622386996094257,
        "min": 2.220446049250313e-16,
        "max": 142.10318657845588,
        "stdv": 11.703197754590226
    },
    "proc_imp_loss": {
        "avg": 0.17382320670586934,
        "med": 0.00010800002604949288,
        "quart_1": 0.0,
        "quart_3": 0.004157758622384988,
        "min": 0.0,
        "max": 0.9552451251043662,
        "stdv": 0.3296484198607528
    },
    "proc_price_imp": {
        "avg": 0.06964335856770605,
        "med": 0.003670252802807415,
        "quart_1": 0.002498141096992379,
        "quart_3": 0.005098333227559001,
        "min": 2.739847530722617e-08,
        "max": 48.706027467972405,
        "stdv": 1.1355676502185204
    }
}