{
    "cap_eff": {
        "avg": 0.051202766960510376,
        "med": 0.0010045863308030256,
        "quart_1": 0.0006453188334706872,
        "quart_3": 0.0015676433650424482,
        "min": 2.7115687917245168e-08,
        "max": 881.5124666703452,
        "stdv": 3.737301710954638
    },
    "imp_gain": {
        "avg": 4.038670272937546,
        "med": 0.00255967640927679,
        "quart_1": 0.00011542812936737867,
        "quart_3": 2.094128663702523,
        "min": 2.220446049250313e-16,
        "max": 180.244148077034,
        "stdv": 13.41288474412584
    },
    "imp_loss": {
        "avg": 0.18424193160084557,
        "med": 0.00011087111461016708,
        "quart_1": 0.0,
        "quart_3": 0.004128019628967583,
        "min": 0.0,
        "max": 0.9870271623024227,
        "stdv": 0.34932963169473996
    },
    "price_imp": {
        "avg": 0.16773067244682677,
        "med": 0.0018412130226793187,
        "quart_1": 0.001252828954249752,
        "quart_3": 0.0025632091242784537,
        "min": 5.5387646573957604e-08,
        "max": 429.2343277995919,
        "stdv": 4.423384402677316
    },
    "proc_cap_eff": {
        "avg": 0.021529593176719448,
        "med": 0.0010043824274429403,
        "quart_1": 0.0006451023248175147,
        "quart_3": 0.0015660605109821812,
        "min": 2.7115687917245168e-08,
        "max": 5.4735673113623715,
        "stdv": 0.1460202182801895
    },
    "proc_imp_gain": {
        "avg": 3.957798990060284,
        "med": 0.002556404230333653,
        "quart_1": 0.00011504752887936398,
        "quart_3": 2.0868881184008248,
        "min": 2.220446049250313e-16,
        "max": 154.00628131990825,
        "stdv": 12.918539049595124
    },
    "proc_imp_loss": {
        "avg": 0.18384579487131517,
        "med": 0.00011070195142592887,
        "quart_1": 0.0,
        "quart_3": 0.004108560812639772,
        "min": 0.0,
        "max": 0.974599737207125,
        "stdv": 0.3489673411723735
    },
    "proc_price_imp": {
        "avg": 0.08756113239405798,
        "med": 0.0018407923412317683,
        "quart_1": 0.0012526336323881774,
        "quart_3": 0.0025618950196190362,
        "min": 5.5387646573957604e-08,
        "max": 80.58360391198114,
        "stdv": 1.7154624895216612
    }
}