{
    "cap_eff": {
        "avg": 0.11410472860510713,
        "med": 0.00020094517758095787,
        "quart_1": 0.0001290508559564918,
        "quart_3": 0.00031370297519761614,
        "min": 7.398923473900254e-09,
        "max": 4201.353153918307,
        "stdv": 16.62193269173367
    },
    "imp_gain": {
        "avg": 4.093470171030507,
        "med": 0.0026114476572900447,
        "quart_1": 0.00011766834170967577,
        "quart_3": 2.162505668137557,
        "min": 6.661338147750939e-16,
        "max": 186.01298996135952,
        "stdv": 13.828930392621524
    },
    "imp_loss": {
        "avg": 0.20036517267086457,
        "med": 0.00011118658543762816,
        "quart_1": 0.0,
        "quart_3": 0.004092416845566049,
        "min": 0.0,
        "max": 0.9973162647588765,
        "stdv": 0.37979894090924504
    },
    "price_imp": {
        "avg": 0.6145184862337766,
        "med": 0.0003692656495230903,
        "quart_1": 0.0002511764124215229,
        "quart_3": 0.0005147406984338366,
        "min": 3.407083024718087e-09,
        "max": 2052.7453697957517,
        "stdv": 19.537093672084456
    },
    "proc_cap_eff": {
        "avg": 0.016672000432553985,
        "med": 0.0002008958139732009,
        "quart_1": 0.00012902309526485745,
        "quart_3": 0.000313441751864596,
        "min": 7.398923473900254e-09,
        "max": 4.676013065601644,
        "stdv": 0.1254467808887626
    },
    "proc_imp_gain": {
        "avg": 4.012981554838001,
        "med": 0.0026079992721264045,
        "quart_1": 0.00011732329851965595,
        "quart_3": 2.152801562951133,
        "min": 6.661338147750939e-16,
        "max": 150.61826290922696,
        "stdv": 13.354189367344892
    },
    "proc_imp_loss": {
        "avg": 0.19996815780511312,
        "med": 0.0001107580773387351,
        "quart_1": 0.0,
        "quart_3": 0.004070589594735496,
        "min": 0.0,
        "max": 0.9935995208958195,
        "stdv": 0.37947871223712576
    },
    "proc_price_imp": {
        "avg": 0.2556151713578169,
        "med": 0.0003691232419403587,
        "quart_1": 0.00025111691506538806,
        "quart_3": 0.0005145365020560685,
        "min": 3.407083024718087e-09,
        "max": 335.2010935046785,
        "stdv": 6.194629635813573
    }
}