{
    "cap_eff": {
        "avg": 3.432241230974815e-14,
        "med": 1.3766765505351941e-14,
        "quart_1": 4.884981308350689e-15,
        "quart_3": 2.7644553313166398e-14,
        "min": 0.0,
        "max": 5.972189409675366e-11,
        "stdv": 5.125211828461839e-13
    },
    "imp_gain": {
        "avg": 1.052793430767049,
        "med": 0.09394479878371009,
        "quart_1": 0.032634756358848716,
        "quart_3": 1.0845279153347418,
        "min": 3.4690265993120306e-08,
        "max": 35.578137115386085,
        "stdv": 2.774409451476493
    },
    "imp_loss": {
        "avg": 0.26680271277567824,
        "med": 0.04452273962821096,
        "quart_1": 0.0,
        "quart_3": 0.38075231166697177,
        "min": 0.0,
        "max": 0.9999976553445888,
        "stdv": 0.3989206865220735
    },
    "price_imp": {
        "avg": 3.432145639370953e-14,
        "med": 1.3832182751314614e-14,
        "quart_1": 4.882932991299424e-15,
        "quart_3": 2.7669121481939702e-14,
        "min": 0.0,
        "max": 5.972190468595388e-11,
        "stdv": 5.125214492209404e-13
    },
    "proc_cap_eff": {
        "avg": 2.6919800487702654e-14,
        "med": 1.3766765505351941e-14,
        "quart_1": 4.884981308350689e-15,
        "quart_3": 2.7644553313166398e-14,
        "min": 0.0,
        "max": 3.733235942604551e-12,
        "stdv": 8.810094558104817e-14
    },
    "proc_imp_gain": {
        "avg": 1.0385904815513967,
        "med": 0.09386322249507884,
        "quart_1": 0.032615071075401625,
        "quart_3": 1.0775972496115247,
        "min": 3.4690265993120306e-08,
        "max": 24.710200626827184,
        "stdv": 2.7000144372057138
    },
    "proc_imp_loss": {
        "avg": 0.26643613450630144,
        "med": 0.04442687209279805,
        "quart_1": 0.0,
        "quart_3": 0.36977448551835046,
        "min": 0.0,
        "max": 0.999995747004384,
        "stdv": 0.3986832974156722
    },
    "proc_price_imp": {
        "avg": 2.6918845734374175e-14,
        "med": 1.3814259980831589e-14,
        "quart_1": 4.8786655116610256e-15,
        "quart_3": 2.7641568187343233e-14,
        "min": 0.0,
        "max": 3.7332529284888064e-12,
        "stdv": 8.810121893785676e-14
    }
}