{
    "cap_eff": {
        "avg": 0.02095321109967638,
        "med": 0.0026819687634225264,
        "quart_1": 0.0012546775466373283,
        "quart_3": 0.005094712949008651,
        "min": 5.8814067838142137e-08,
        "max": 0.9211702274196948,
        "stdv": 0.10922236006281495
    },
    "imp_gain": {
        "avg": 0.0015843737457621636,
        "med": 0.0016264725802568325,
        "quart_1": 0.0015352584388517165,
        "quart_3": 0.0016264725802568325,
        "min": 0.0015352584388517165,
        "max": 0.0016264725802568325,
        "stdv": 4.5471938344189586e-05
    },
    "imp_loss": {
        "avg": 0.5042252734090668,
        "med": 0.49999887352223216,
        "quart_1": 0.4228921687794458,
        "quart_3": 0.6100923700309135,
        "min": 0.0,
        "max": 0.7580599371352996,
        "stdv": 0.13482808925581807
    },
    "price_imp": {
        "avg": 0.0049267129419521445,
        "med": 0.00431638496895262,
        "quart_1": 0.002531294542580779,
        "quart_3": 0.006514808841281514,
        "min": 8.507549326044867e-07,
        "max": 0.05039246698811257,
        "stdv": 0.003495589632305964
    },
    "proc_cap_eff": {
        "avg": 0.020504854134652046,
        "med": 0.0026802460077645085,
        "quart_1": 0.0012541911394142735,
        "quart_3": 0.005088072663758436,
        "min": 5.8814067838142137e-08,
        "max": 0.9165808857143524,
        "stdv": 0.10739116854744635
    },
    "proc_imp_gain": {
        "avg": 0.0015843737457621636,
        "med": 0.0016264725802568325,
        "quart_1": 0.0015352584388517165,
        "quart_3": 0.0016264725802568325,
        "min": 0.0015352584388517165,
        "max": 0.0016264725802568325,
        "stdv": 4.5471938344189586e-05
    },
    "proc_imp_loss": {
        "avg": 0.5044746830414286,
        "med": 0.5000400893501218,
        "quart_1": 0.42310865107402573,
        "quart_3": 0.6101954547996747,
        "min": 0.006082818938628942,
        "max": 0.7580599371352996,
        "stdv": 0.13439777944994827
    },
    "proc_price_imp": {
        "avg": 0.004911641507560131,
        "med": 0.004314612280526285,
        "quart_1": 0.002530530921006826,
        "quart_3": 0.006511182647412763,
        "min": 8.507549326044867e-07,
        "max": 0.02970694388477442,
        "stdv": 0.003428992104585657
    }
}