{
    "cap_eff": {
        "avg": 0.028346945372352463,
        "med": 0.0019191820301990847,
        "quart_1": 0.0012314610834387452,
        "quart_3": 0.002991074577190722,
        "min": 9.148652737600571e-07,
        "max": 80.86722039048108,
        "stdv": 0.37435817051202924
    },
    "imp_gain": {
        "avg": 1.9772075011675976,
        "med": 0.0011536563952665446,
        "quart_1": 6.061976980853423e-05,
        "quart_3": 0.9877650694017559,
        "min": 2.220446049250313e-16,
        "max": 112.39690557898297,
        "stdv": 5.58116396572652
    },
    "imp_loss": {
        "avg": 0.18825004011555327,
        "med": 9.686465464142646e-05,
        "quart_1": 0.0,
        "quart_3": 0.0061244744676314244,
        "min": 0.0,
        "max": 0.9503908387607993,
        "stdv": 0.33600237876892347
    },
    "price_imp": {
        "avg": 0.06129925564802746,
        "med": 0.0034815607386191145,
        "quart_1": 0.002358247911226785,
        "quart_3": 0.004835984694898671,
        "min": 1.626323908356041e-06,
        "max": 103.515115552188,
        "stdv": 1.1396564855309754
    },
    "proc_cap_eff": {
        "avg": 0.024072738750086226,
        "med": 0.0019184512664770503,
        "quart_1": 0.0012310248665508006,
        "quart_3": 0.0029885474363987585,
        "min": 9.148652737600571e-07,
        "max": 3.4611943020231033,
        "stdv": 0.1338994813672075
    },
    "proc_imp_gain": {
        "avg": 1.9345209113665107,
        "med": 0.0011493864735614423,
        "quart_1": 6.060563989751522e-05,
        "quart_3": 0.982679870608947,
        "min": 2.220446049250313e-16,
        "max": 75.62994270389522,
        "stdv": 5.240162220394026
    },
    "proc_imp_loss": {
        "avg": 0.18787099282127023,
        "med": 9.67086688136165e-05,
        "quart_1": 0.0,
        "quart_3": 0.0060497313122188645,
        "min": 0.0,
        "max": 0.9438965612406204,
        "stdv": 0.3356583244379429
    },
    "proc_price_imp": {
        "avg": 0.04163724430464763,
        "med": 0.003480448523411245,
        "quart_1": 0.0023578253859311803,
        "quart_3": 0.004834400167877398,
        "min": 1.626323908356041e-06,
        "max": 26.088305668725198,
        "stdv": 0.6426376712126829
    }
}