{
    "cap_eff": {
        "avg": 0.028383188864457867,
        "med": 0.00019218423816080854,
        "quart_1": 0.00012315648976357618,
        "quart_3": 0.00029936163905563973,
        "min": 5.454722407094437e-08,
        "max": 566.3234081024971,
        "stdv": 2.1901828554668055
    },
    "imp_gain": {
        "avg": 1.9245792705333196,
        "med": 0.0011373838119694835,
        "quart_1": 5.905699057207059e-05,
        "quart_3": 1.2799567859236856,
        "min": 2.220446049250313e-16,
        "max": 114.53663776857204,
        "stdv": 6.05357993806965
    },
    "imp_loss": {
        "avg": 0.22094450570011093,
        "med": 9.210850318674968e-05,
        "quart_1": 0.0,
        "quart_3": 0.006247287919763478,
        "min": 0.0,
        "max": 0.9943446193536236,
        "stdv": 0.3918404772649968
    },
    "price_imp": {
        "avg": 0.2616348149969322,
        "med": 0.0003506361520266641,
        "quart_1": 0.00023712162701953346,
        "quart_3": 0.0004894486698006962,
        "min": 1.6226455791736512e-07,
        "max": 831.9351475779837,
        "stdv": 7.176838276109962
    },
    "proc_cap_eff": {
        "avg": 0.016070805862264004,
        "med": 0.00019210393434287987,
        "quart_1": 0.0001231327643740343,
        "quart_3": 0.00029918406668805186,
        "min": 5.454722407094437e-08,
        "max": 2.6092443304001245,
        "stdv": 0.11148999063790659
    },
    "proc_imp_gain": {
        "avg": 1.880451474433071,
        "med": 0.0011330097684647544,
        "quart_1": 5.9050412778871575e-05,
        "quart_3": 1.2726750869748895,
        "min": 2.220446049250313e-16,
        "max": 79.87133106883564,
        "stdv": 5.7196386974624795
    },
    "proc_imp_loss": {
        "avg": 0.2205589661432058,
        "med": 9.181081970932592e-05,
        "quart_1": 0.0,
        "quart_3": 0.006164475247341206,
        "min": 0.0,
        "max": 0.9911307353322226,
        "stdv": 0.3915588083590237
    },
    "proc_price_imp": {
        "avg": 0.13161298161785845,
        "med": 0.00035055296716358274,
        "quart_1": 0.0002370759128828327,
        "quart_3": 0.0004891208479698016,
        "min": 1.6226455791736512e-07,
        "max": 165.8671893982887,
        "stdv": 3.3301419637614513
    }
}