{
    "cap_eff": {
        "avg": 3.334153209308294e-14,
        "med": 1.532107773982716e-14,
        "quart_1": 7.105427357601002e-15,
        "quart_3": 2.864375403532904e-14,
        "min": 0.0,
        "max": 3.2984948106218326e-11,
        "stdv": 2.85020040735404e-13
    },
    "imp_gain": {
        "avg": 0.16082305034963604,
        "med": 0.13884053483303593,
        "quart_1": 0.05856699532550902,
        "quart_3": 0.23242779142550307,
        "min": 1.7003675645277383e-07,
        "max": 0.6667724126591739,
        "stdv": 0.1266977225064151
    },
    "imp_loss": {
        "avg": 0.11527073992209992,
        "med": 0.07317970247471917,
        "quart_1": 0.0,
        "quart_3": 0.18752430093207634,
        "min": 0.0,
        "max": 0.7178099277449428,
        "stdv": 0.13270721786593953
    },
    "price_imp": {
        "avg": 3.334106508657266e-14,
        "med": 1.5373305941268753e-14,
        "quart_1": 7.131482687306125e-15,
        "quart_3": 2.858937816227038e-14,
        "min": 0.0,
        "max": 3.2985032197008465e-11,
        "stdv": 2.8502006347939206e-13
    },
    "proc_cap_eff": {
        "avg": 2.8704059075251475e-14,
        "med": 1.532107773982716e-14,
        "quart_1": 7.105427357601002e-15,
        "quart_3": 2.853273173286652e-14,
        "min": 0.0,
        "max": 3.4077185517844555e-12,
        "stdv": 8.729404034640188e-14
    },
    "proc_imp_gain": {
        "avg": 0.16057335182678115,
        "med": 0.13873600092781047,
        "quart_1": 0.058556357110612245,
        "quart_3": 0.23228113664009586,
        "min": 1.7003675645277383e-07,
        "max": 0.6558318789907669,
        "stdv": 0.12623617995669514
    },
    "proc_imp_loss": {
        "avg": 0.11497385044287547,
        "med": 0.07306668146265027,
        "quart_1": 0.0,
        "quart_3": 0.18735689614612672,
        "min": 0.0,
        "max": 0.7010426449441272,
        "stdv": 0.13207461066477885
    },
    "proc_price_imp": {
        "avg": 2.8703596476836184e-14,
        "med": 1.5362573177576847e-14,
        "quart_1": 7.12680355755135e-15,
        "quart_3": 2.8549781787559415e-14,
        "min": 0.0,
        "max": 3.407725248330949e-12,
        "stdv": 8.7293922145775e-14
    }
}