{
    "cap_eff": {
        "avg": 0.0018299123154517773,
        "med": 0.001514487725867153,
        "quart_1": 0.0008046517219263416,
        "quart_3": 0.002469801485157852,
        "min": 7.829249937252314e-08,
        "max": 0.017854257326307188,
        "stdv": 0.00144146114623208
    },
    "imp_gain": {
        "avg": 0.039392173132060844,
        "med": 0.030104393417510478,
        "quart_1": 0.012782628197904433,
        "quart_3": 0.05633725512990129,
        "min": 2.1843643338570473e-07,
        "max": 0.17541789763635962,
        "stdv": 0.03496695025591702
    },
    "imp_loss": {
        "avg": 0.040151877710981325,
        "med": 0.03560367438163514,
        "quart_1": 0.012233549723677128,
        "quart_3": 0.06032324187103366,
        "min": 0.0,
        "max": 0.13592573500056937,
        "stdv": 0.030782773314678387
    },
    "price_imp": {
        "avg": 0.002583082206189385,
        "med": 0.002351909019553903,
        "quart_1": 0.0015549735008294065,
        "quart_3": 0.0032635854409960603,
        "min": 1.7895832329264976e-07,
        "max": 0.02052227642794346,
        "stdv": 0.0015643797456644354
    },
    "proc_cap_eff": {
        "avg": 0.0018244536116396972,
        "med": 0.0015138995754009343,
        "quart_1": 0.0008041444443628309,
        "quart_3": 0.0024678537902421693,
        "min": 7.829249937252314e-08,
        "max": 0.011387066434189075,
        "stdv": 0.0014206547757809305
    },
    "proc_imp_gain": {
        "avg": 0.0393256401703761,
        "med": 0.030082940833627836,
        "quart_1": 0.01277221128596806,
        "quart_3": 0.05629833583957655,
        "min": 2.1843643338570473e-07,
        "max": 0.17126354155294043,
        "stdv": 0.03484851425953413
    },
    "proc_imp_loss": {
        "avg": 0.040105190389520054,
        "med": 0.0355597652836791,
        "quart_1": 0.012228964229601513,
        "quart_3": 0.06028326241689319,
        "min": 0.0,
        "max": 0.13292858572544353,
        "stdv": 0.0307192827871752
    },
    "proc_price_imp": {
        "avg": 0.0025771602513663485,
        "med": 0.0023513721402430004,
        "quart_1": 0.0015544805603220396,
        "quart_3": 0.0032618614107572056,
        "min": 1.7895832329264976e-07,
        "max": 0.012772685290691407,
        "stdv": 0.001541787406869973
    }
}