{
    "cap_eff": {
        "avg": 9.98171350249467e-14,
        "med": 4.5075054799781356e-14,
        "quart_1": 2.0650148258027912e-14,
        "quart_3": 8.459899447643693e-14,
        "min": 0.0,
        "max": 1.1658385368207291e-10,
        "stdv": 8.821447440791449e-13
    },
    "imp_gain": {
        "avg": 0.08198497782079289,
        "med": 0.08161224692926328,
        "quart_1": 0.04158698948976047,
        "quart_3": 0.11852223855299182,
        "min": 2.6695556376576945e-06,
        "max": 0.2647035482889324,
        "stdv": 0.04977982333448042
    },
    "imp_loss": {
        "avg": 0.09049304690205014,
        "med": 0.07551619367213813,
        "quart_1": 0.03236134310199634,
        "quart_3": 0.13615802146856737,
        "min": 0.0,
        "max": 0.36814205087395724,
        "stdv": 0.07247843418584632
    },
    "price_imp": {
        "avg": 9.98170156937485e-14,
        "med": 4.5141988536285446e-14,
        "quart_1": 2.0696219243882144e-14,
        "quart_3": 8.460932715782849e-14,
        "min": 0.0,
        "max": 1.1658384466018132e-10,
        "stdv": 8.821449788195517e-13
    },
    "proc_cap_eff": {
        "avg": 8.52319386097783e-14,
        "med": 4.5075054799781356e-14,
        "quart_1": 2.0650148258027912e-14,
        "quart_3": 8.459899447643693e-14,
        "min": 0.0,
        "max": 1.019506701283035e-11,
        "stdv": 2.7023957380871055e-13
    },
    "proc_imp_gain": {
        "avg": 0.08189599581724778,
        "med": 0.08158605479231174,
        "quart_1": 0.04156455515564561,
        "quart_3": 0.11847337239131184,
        "min": 2.6695556376576945e-06,
        "max": 0.2589620832759121,
        "stdv": 0.04963175233383949
    },
    "proc_imp_loss": {
        "avg": 0.09035574475550355,
        "med": 0.0754758233313827,
        "quart_1": 0.03232490530827936,
        "quart_3": 0.13607395336411077,
        "min": 0.0,
        "max": 0.36279819577285854,
        "stdv": 0.07223574211306397
    },
    "proc_price_imp": {
        "avg": 8.523181556252818e-14,
        "med": 4.51185530440843e-14,
        "quart_1": 2.0692664204143468e-14,
        "quart_3": 8.453603716261643e-14,
        "min": 0.0,
        "max": 1.019504738912396e-11,
        "stdv": 2.702397420376916e-13
    }
}