{
    "cap_eff": {
        "avg": 0.0002427934018507105,
        "med": 0.00020949708458561922,
        "quart_1": 0.00013334661139852155,
        "quart_3": 0.00031166156643769316,
        "min": 1.4675018977783338e-09,
        "max": 0.0022178088677022867,
        "stdv": 0.00016509408950424114
    },
    "imp_gain": {
        "avg": 0.0015207696487649742,
        "med": 0.0006858186112894682,
        "quart_1": 0.00010759635766022235,
        "quart_3": 0.002541635426596578,
        "min": 4.440892098500626e-16,
        "max": 0.024752986892228934,
        "stdv": 0.0018395614635631137
    },
    "imp_loss": {
        "avg": 0.0010726625741816617,
        "med": 0.00012808752470705453,
        "quart_1": 0.0,
        "quart_3": 0.0017902103629306998,
        "min": 0.0,
        "max": 0.023957514803151003,
        "stdv": 0.0016828618759999242
    },
    "price_imp": {
        "avg": 0.00038837684741280904,
        "med": 0.00037013980410168065,
        "quart_1": 0.0002551058968029505,
        "quart_3": 0.0004946199983145425,
        "min": 1.528903190856149e-07,
        "max": 0.002480392522389371,
        "stdv": 0.00019552165489788995
    },
    "proc_cap_eff": {
        "avg": 0.0002421846310283163,
        "med": 0.00020940407207387102,
        "quart_1": 0.00013331247892867104,
        "quart_3": 0.00031140765389570113,
        "min": 1.4675018977783338e-09,
        "max": 0.0013047108887922487,
        "stdv": 0.00016277187218133212
    },
    "proc_imp_gain": {
        "avg": 0.0015146377016731427,
        "med": 0.0006820930730406793,
        "quart_1": 0.00010756553609425623,
        "quart_3": 0.0025388719058558884,
        "min": 4.440892098500626e-16,
        "max": 0.01216341939787502,
        "stdv": 0.0018189898666101003
    },
    "proc_imp_loss": {
        "avg": 0.0010665894836501357,
        "med": 0.00012796179047258605,
        "quart_1": 0.0,
        "quart_3": 0.0017857754658239244,
        "min": 0.0,
        "max": 0.011701603178319697,
        "stdv": 0.0016607565081422498
    },
    "proc_price_imp": {
        "avg": 0.000387742891348335,
        "med": 0.0003700280271129937,
        "quart_1": 0.0002550488226742927,
        "quart_3": 0.0004943829217012026,
        "min": 1.528903190856149e-07,
        "max": 0.0014762697675583113,
        "stdv": 0.00019342399093334422
    }
}