{
    "cap_eff": {
        "avg": 0.0012122384908843135,
        "med": 0.0010463434718996356,
        "quart_1": 0.0006661619061165691,
        "quart_3": 0.0015557652421462898,
        "min": 4.7691280813388914e-08,
        "max": 0.01103914061818867,
        "stdv": 0.0008236749508120662
    },
    "imp_gain": {
        "avg": 0.0015256038828130858,
        "med": 0.0007012945857067798,
        "quart_1": 0.00010859628909098973,
        "quart_3": 0.002549073144541003,
        "min": 2.220446049250313e-16,
        "max": 0.02475963088863442,
        "stdv": 0.0018410490185393424
    },
    "imp_loss": {
        "avg": 0.0010691065837456592,
        "med": 0.0001267025395413901,
        "quart_1": 0.0,
        "quart_3": 0.0017828348290007678,
        "min": 0.0,
        "max": 0.023846246622388767,
        "stdv": 0.0016798043591577934
    },
    "price_imp": {
        "avg": 0.0019380150584377342,
        "med": 0.0018474149006493439,
        "quart_1": 0.0012732849456551835,
        "quart_3": 0.002466968847571824,
        "min": 7.673999555438792e-07,
        "max": 0.012339553462170205,
        "stdv": 0.000975283057009421
    },
    "proc_cap_eff": {
        "avg": 0.0012092072366854713,
        "med": 0.0010458687866348182,
        "quart_1": 0.0006659279805000251,
        "quart_3": 0.0015545604459463735,
        "min": 4.7691280813388914e-08,
        "max": 0.006506209308902777,
        "stdv": 0.0008121390778556115
    },
    "proc_imp_gain": {
        "avg": 0.001519470955414832,
        "med": 0.0006988251491033548,
        "quart_1": 0.00010853768426311028,
        "quart_3": 0.0025463966487306866,
        "min": 2.220446049250313e-16,
        "max": 0.01216921997832765,
        "stdv": 0.0018204932203169217
    },
    "proc_imp_loss": {
        "avg": 0.0010630476811303955,
        "med": 0.00012630473169783496,
        "quart_1": 0.0,
        "quart_3": 0.0017791913476433718,
        "min": 0.0,
        "max": 0.011675261311207219,
        "stdv": 0.0016577840103826171
    },
    "proc_price_imp": {
        "avg": 0.0019348577234259178,
        "med": 0.0018467724467801973,
        "quart_1": 0.0012730070493220612,
        "quart_3": 0.0024661769508968557,
        "min": 7.673999555438792e-07,
        "max": 0.007359275496331907,
        "stdv": 0.0009648546021733083
    }
}