{
    "cap_eff": {
        "avg": 0.0024199447557759707,
        "med": 0.0020895763783310706,
        "quart_1": 0.001330846739433289,
        "quart_3": 0.0031055176900982584,
        "min": 2.101735888659917e-07,
        "max": 0.021956033773520733,
        "stdv": 0.0016430130681173239
    },
    "imp_gain": {
        "avg": 0.0015251763011651458,
        "med": 0.0007001268307074149,
        "quart_1": 0.00010777797223759933,
        "quart_3": 0.0025474573412620494,
        "min": 2.220446049250313e-16,
        "max": 0.02477075441474108,
        "stdv": 0.0018413112904799949
    },
    "imp_loss": {
        "avg": 0.0010680954623595229,
        "med": 0.00012457801801524226,
        "quart_1": 0.0,
        "quart_3": 0.001783079794183351,
        "min": 0.0,
        "max": 0.023710057858814637,
        "stdv": 0.001677898259120444
    },
    "price_imp": {
        "avg": 0.0038663764887345,
        "med": 0.003685341725738776,
        "quart_1": 0.002542268567482795,
        "quart_3": 0.004920741154709586,
        "min": 1.5346683710313405e-06,
        "max": 0.024527363265504972,
        "stdv": 0.001944515232164107
    },
    "proc_cap_eff": {
        "avg": 0.0024139126654007348,
        "med": 0.0020886605147085735,
        "quart_1": 0.0013305126031615822,
        "quart_3": 0.0031022845643567387,
        "min": 2.101735888659917e-07,
        "max": 0.012926228877928936,
        "stdv": 0.0016201226789417317
    },
    "proc_imp_gain": {
        "avg": 0.0015190434000260775,
        "med": 0.0006986481348036921,
        "quart_1": 0.00010773198543945206,
        "quart_3": 0.0025444778854437633,
        "min": 2.220446049250313e-16,
        "max": 0.012182054594754854,
        "stdv": 0.0018207543561852702
    },
    "proc_imp_loss": {
        "avg": 0.001062058715863344,
        "med": 0.00012440505250788103,
        "quart_1": 0.0,
        "quart_3": 0.001778862274188442,
        "min": 0.0,
        "max": 0.011644278312268885,
        "stdv": 0.001656005399283905
    },
    "proc_price_imp": {
        "avg": 0.0038600922725839453,
        "med": 0.0036845984104318273,
        "quart_1": 0.0025418681607248814,
        "quart_3": 0.004918247249057218,
        "min": 1.5346683710313405e-06,
        "max": 0.014664214041097114,
        "stdv": 0.0019238004423620583
    }
}