{
    "cap_eff": {
        "avg": 3.867101286394172e-14,
        "med": 1.6209256159527285e-14,
        "quart_1": 7.438494264988549e-15,
        "quart_3": 3.019806626980426e-14,
        "min": 0.0,
        "max": 2.2169710511832363e-10,
        "stdv": 9.048065316183246e-13
    },
    "imp_gain": {
        "avg": 0.1553673663356458,
        "med": 0.11598165096123791,
        "quart_1": 0.0535335481064696,
        "quart_3": 0.2441204457981716,
        "min": 5.042731823445834e-06,
        "max": 0.5233726810381927,
        "stdv": 0.1241102467464073
    },
    "imp_loss": {
        "avg": 0.11206377781005024,
        "med": 0.06425634594241547,
        "quart_1": 0.0,
        "quart_3": 0.1907845869404301,
        "min": 0.0,
        "max": 0.55402665135672,
        "stdv": 0.1281900947323868
    },
    "price_imp": {
        "avg": 3.867061874520088e-14,
        "med": 1.6218391975457463e-14,
        "quart_1": 7.41848664433751e-15,
        "quart_3": 3.0121859576856116e-14,
        "min": 0.0,
        "max": 2.2169715032618248e-10,
        "stdv": 9.04806734441156e-13
    },
    "proc_cap_eff": {
        "avg": 2.9816634170999434e-14,
        "med": 1.6209256159527285e-14,
        "quart_1": 7.438494264988549e-15,
        "quart_3": 3.008704396734174e-14,
        "min": 0.0,
        "max": 4.85811391115476e-12,
        "stdv": 9.52770060680074e-14
    },
    "proc_imp_gain": {
        "avg": 0.15518687830407282,
        "med": 0.11596012366869735,
        "quart_1": 0.05351045107560948,
        "quart_3": 0.24397732609453726,
        "min": 5.042731823445834e-06,
        "max": 0.5132976100152913,
        "stdv": 0.12387842538981911
    },
    "proc_imp_loss": {
        "avg": 0.11184876857236056,
        "med": 0.0641665966034114,
        "quart_1": 0.0,
        "quart_3": 0.19048216090765635,
        "min": 0.0,
        "max": 0.5367508838872325,
        "stdv": 0.12786086296139004
    },
    "proc_price_imp": {
        "avg": 2.981624011848515e-14,
        "med": 1.621283449343147e-14,
        "quart_1": 7.415316627717059e-15,
        "quart_3": 3.009124134922178e-14,
        "min": 0.0,
        "max": 4.858003768134612e-12,
        "stdv": 9.527717642385456e-14
    }
}