{
    "cap_eff": {
        "avg": 0.0017922409954348746,
        "med": 0.0014777032961155179,
        "quart_1": 0.0007907537011804244,
        "quart_3": 0.0024229583395317666,
        "min": 2.1660741977846953e-08,
        "max": 0.016202353224562094,
        "stdv": 0.0014109018901733506
    },
    "imp_gain": {
        "avg": 0.04846438532829849,
        "med": 0.02564243598500493,
        "quart_1": 0.010292146628529064,
        "quart_3": 0.09158383963218397,
        "min": 2.220446049250313e-16,
        "max": 0.1719336542747112,
        "stdv": 0.04760370738918439
    },
    "imp_loss": {
        "avg": 0.037540877177865924,
        "med": 0.02499188424238108,
        "quart_1": 0.012226451751410572,
        "quart_3": 0.046199501227701556,
        "min": 0.0,
        "max": 0.14856913161726426,
        "stdv": 0.03598617302472375
    },
    "price_imp": {
        "avg": 0.0025179962356553093,
        "med": 0.0022874962742796432,
        "quart_1": 0.0015209698636652802,
        "quart_3": 0.0031802399940778847,
        "min": 2.527000850709992e-07,
        "max": 0.017944495689099595,
        "stdv": 0.0015268958755445378
    },
    "proc_cap_eff": {
        "avg": 0.001787162312954311,
        "med": 0.0014769267615269976,
        "quart_1": 0.0007903691792295886,
        "quart_3": 0.0024209089909221215,
        "min": 2.1660741977846953e-08,
        "max": 0.010613453737450929,
        "stdv": 0.001392583418858994
    },
    "proc_imp_gain": {
        "avg": 0.04840427471617394,
        "med": 0.025622408305194577,
        "quart_1": 0.010285538803416427,
        "quart_3": 0.09148656223522722,
        "min": 2.220446049250313e-16,
        "max": 0.1678506661877679,
        "stdv": 0.04753959787950954
    },
    "proc_imp_loss": {
        "avg": 0.03748641908899188,
        "med": 0.024981558868912512,
        "quart_1": 0.012224595511372227,
        "quart_3": 0.04610799525725989,
        "min": 0.0,
        "max": 0.14597014840887113,
        "stdv": 0.0359121785589119
    },
    "proc_price_imp": {
        "avg": 0.002512205013828658,
        "med": 0.002286893527515055,
        "quart_1": 0.0015206424368433137,
        "quart_3": 0.0031788087833813884,
        "min": 2.527000850709992e-07,
        "max": 0.012585958261976279,
        "stdv": 0.001504936023998885
    }
}