{
    "cap_eff": {
        "avg": 0.001238026478864451,
        "med": 0.0010144909252484124,
        "quart_1": 0.0005394585878994995,
        "quart_3": 0.0016574710844610152,
        "min": 1.897636714431883e-09,
        "max": 0.06808450380563191,
        "stdv": 0.0010708162406313116
    },
    "imp_gain": {
        "avg": 0.0008063781717786442,
        "med": 0.0005071653405579468,
        "quart_1": 0.0001458716595688081,
        "quart_3": 0.0011914372479011615,
        "min": 1.9984014443252818e-15,
        "max": 0.010382534084244055,
        "stdv": 0.0008821326808445917
    },
    "imp_loss": {
        "avg": 0.000817308434282082,
        "med": 0.0005191044966204039,
        "quart_1": 0.0001565074970590885,
        "quart_3": 0.0012024771972323212,
        "min": 0.0,
        "max": 0.009417327944660325,
        "stdv": 0.0008851110880190569
    },
    "price_imp": {
        "avg": 0.001806079694831612,
        "med": 0.00167190338214027,
        "quart_1": 0.0010866873770284636,
        "quart_3": 0.002322853105309114,
        "min": 5.896704471142619e-07,
        "max": 0.013035208837622082,
        "stdv": 0.001075746050037597
    },
    "proc_cap_eff": {
        "avg": 0.0012306262073043597,
        "med": 0.001013885092894351,
        "quart_1": 0.0005392626104462339,
        "quart_3": 0.0016562506278454125,
        "min": 1.897636714431883e-09,
        "max": 0.008294970148748027,
        "stdv": 0.0009779394767092963
    },
    "proc_imp_gain": {
        "avg": 0.0008031349907713895,
        "med": 0.0005062700616762505,
        "quart_1": 0.00014581547721070898,
        "quart_3": 0.0011904778724347587,
        "min": 1.9984014443252818e-15,
        "max": 0.006533651642364413,
        "stdv": 0.0008701200049438908
    },
    "proc_imp_loss": {
        "avg": 0.0008141229772518912,
        "med": 0.0005184349974155511,
        "quart_1": 0.00015629410833617463,
        "quart_3": 0.0012010718043460322,
        "min": 0.0,
        "max": 0.006360296132947085,
        "stdv": 0.0008736275646699012
    },
    "proc_price_imp": {
        "avg": 0.0018021563713601977,
        "med": 0.001671291486400871,
        "quart_1": 0.0010864494705885303,
        "quart_3": 0.0023211814905588013,
        "min": 5.896704471142619e-07,
        "max": 0.008712146672965474,
        "stdv": 0.0010613388506109963
    }
}