{
    "cap_eff": {
        "avg": 9.026412628631775e-05,
        "med": 6.77824850769948e-05,
        "quart_1": 3.6116084423554184e-05,
        "quart_3": 0.00011076706789292512,
        "min": 3.293494588163526e-09,
        "max": 0.3857323008007759,
        "stdv": 0.001656774306027916
    },
    "imp_gain": {
        "avg": 0.0008015340377124149,
        "med": 0.0004991139520604815,
        "quart_1": 0.00014266476866975353,
        "quart_3": 0.0011873763233358758,
        "min": 3.2862601528904634e-14,
        "max": 0.010390057046746781,
        "stdv": 0.0008815488799388316
    },
    "imp_loss": {
        "avg": 0.0008244333114427516,
        "med": 0.0005258437629167556,
        "quart_1": 0.0001616801152249936,
        "quart_3": 0.0012100271356350056,
        "min": 0.0,
        "max": 0.009497779668446227,
        "stdv": 0.0008876510316110576
    },
    "price_imp": {
        "avg": 0.00013300563160964312,
        "med": 0.00011170127445798788,
        "quart_1": 7.272358808221819e-05,
        "quart_3": 0.00015544133231128264,
        "min": 0.0,
        "max": 0.6000000000000001,
        "stdv": 0.0026839296573030673
    },
    "proc_cap_eff": {
        "avg": 8.230487981111993e-05,
        "med": 6.775897497740546e-05,
        "quart_1": 3.6098039414789174e-05,
        "quart_3": 0.0001106752613753148,
        "min": 3.293494588163526e-09,
        "max": 0.0005852285963554582,
        "stdv": 6.549760939504423e-05
    },
    "proc_imp_gain": {
        "avg": 0.0007982826987789905,
        "med": 0.0004985546703284438,
        "quart_1": 0.00014258505274344913,
        "quart_3": 0.001186127559967387,
        "min": 3.2862601528904634e-14,
        "max": 0.006536374388048216,
        "stdv": 0.0008695017869946069
    },
    "proc_imp_loss": {
        "avg": 0.0008212336491023388,
        "med": 0.000525316502042239,
        "quart_1": 0.00016151669379449451,
        "quart_3": 0.0012088487172868811,
        "min": 0.0,
        "max": 0.0063946194859738625,
        "stdv": 0.0008760642345918118
    },
    "proc_price_imp": {
        "avg": 0.00012057180237056641,
        "med": 0.0001116591278269889,
        "quart_1": 7.270358482405653e-05,
        "quart_3": 0.0001553734683521297,
        "min": 0.0,
        "max": 0.0005884788197666993,
        "stdv": 7.100466830820676e-05
    }
}