{
    "cap_eff": {
        "avg": 0.0004133537342495649,
        "med": 0.00033857454526120545,
        "quart_1": 0.00018025252204667552,
        "quart_3": 0.0005532533853787047,
        "min": 3.216228972036106e-08,
        "max": 0.02193911843626517,
        "stdv": 0.00035754452869269103
    },
    "imp_gain": {
        "avg": 0.0008009402988937692,
        "med": 0.0004982331965290854,
        "quart_1": 0.00014079771868380497,
        "quart_3": 0.00118741005841283,
        "min": 6.217248937900877e-15,
        "max": 0.010392366930025654,
        "stdv": 0.000881371225565544
    },
    "imp_loss": {
        "avg": 0.0008236930436442161,
        "med": 0.0005270868497083692,
        "quart_1": 0.00016069253361511437,
        "quart_3": 0.0012114261705011842,
        "min": 0.0,
        "max": 0.009483129700559978,
        "stdv": 0.0008870859285368937
    },
    "price_imp": {
        "avg": 0.000603427220367585,
        "med": 0.0005580451251692769,
        "quart_1": 0.00036284280318849276,
        "quart_3": 0.0007760612499259369,
        "min": 0.0,
        "max": 0.021052631578947385,
        "stdv": 0.00036480775148475824
    },
    "proc_cap_eff": {
        "avg": 0.0004108744041667626,
        "med": 0.00033844009018013654,
        "quart_1": 0.00018013642554143283,
        "quart_3": 0.0005527782182836449,
        "min": 3.216228972036106e-08,
        "max": 0.0027953446136383953,
        "stdv": 0.0003268055325468375
    },
    "proc_imp_gain": {
        "avg": 0.0007976935451913596,
        "med": 0.0004979851278366088,
        "quart_1": 0.00014059754236361854,
        "quart_3": 0.0011861806697073263,
        "min": 6.217248937900877e-15,
        "max": 0.006537154549158375,
        "stdv": 0.0008693341035790497
    },
    "proc_imp_loss": {
        "avg": 0.0008205012140274851,
        "med": 0.0005266164291468645,
        "quart_1": 0.00016053882686484222,
        "quart_3": 0.0012100007482076514,
        "min": 0.0,
        "max": 0.006349854580394054,
        "stdv": 0.0008755745988992561
    },
    "proc_price_imp": {
        "avg": 0.00060193872704643,
        "med": 0.0005579059516596462,
        "quart_1": 0.0003627319142102531,
        "quart_3": 0.0007756223583606681,
        "min": 0.0,
        "max": 0.0028963537029456435,
        "stdv": 0.00035431202658604106
    }
}