{
    "cap_eff": {
        "avg": 0.00023677561932573197,
        "med": 0.00020449958064228113,
        "quart_1": 0.00013094990092571424,
        "quart_3": 0.00030223919435318214,
        "min": 1.1952423828454073e-08,
        "max": 0.0021346006403044626,
        "stdv": 0.000160872307117637
    },
    "imp_gain": {
        "avg": 0.001479837889178171,
        "med": 0.0005743146630381446,
        "quart_1": 0.00013987762752032395,
        "quart_3": 0.002449442339888419,
        "min": 2.220446049250313e-16,
        "max": 0.02428025339946749,
        "stdv": 0.001778813092841575
    },
    "imp_loss": {
        "avg": 0.001057620704604122,
        "med": 0.00016548318049358635,
        "quart_1": 0.0,
        "quart_3": 0.001749365025255134,
        "min": 0.0,
        "max": 0.02364704807763085,
        "stdv": 0.0016356316076344825
    },
    "price_imp": {
        "avg": 0.0003779362055614861,
        "med": 0.0003591989305464188,
        "quart_1": 0.00024847327855694696,
        "quart_3": 0.00048279124998815886,
        "min": 3.1027453697528925e-08,
        "max": 0.0024543596433109394,
        "stdv": 0.00019031314051313718
    },
    "proc_cap_eff": {
        "avg": 0.00023618269119503758,
        "med": 0.00020439906934377472,
        "quart_1": 0.00013091771026418897,
        "quart_3": 0.0003020079333067027,
        "min": 1.1952423828454073e-08,
        "max": 0.0012577407987048872,
        "stdv": 0.00015861115381091126
    },
    "proc_imp_gain": {
        "avg": 0.0014739328449820818,
        "med": 0.0005726562693364468,
        "quart_1": 0.00013980744654551458,
        "quart_3": 0.002446150743991571,
        "min": 2.220446049250313e-16,
        "max": 0.011854433407462839,
        "stdv": 0.0017591882826228005
    },
    "proc_imp_loss": {
        "avg": 0.0010517723038623893,
        "med": 0.00016533801183304941,
        "quart_1": 0.0,
        "quart_3": 0.0017458378293810917,
        "min": 0.0,
        "max": 0.011320432456274343,
        "stdv": 0.0016146193586647356
    },
    "proc_price_imp": {
        "avg": 0.0003773267480795331,
        "med": 0.00035910710789138566,
        "quart_1": 0.0002483779021459772,
        "quart_3": 0.0004825153862508012,
        "min": 3.1027453697528925e-08,
        "max": 0.0014104647555166158,
        "stdv": 0.00018829858817707063
    }
}