{
    "cap_eff": {
        "avg": 0.02969845929019028,
        "med": 0.004210978490034711,
        "quart_1": 0.0022869532704252737,
        "quart_3": 0.006936616690611519,
        "min": 2.781792241002279e-09,
        "max": 3.4395767017881402,
        "stdv": 0.12155180355788006
    },
    "imp_gain": {
        "avg": 18.92986923882733,
        "med": 0.06211140289563777,
        "quart_1": 0.017651629388393486,
        "quart_3": 6.033738624452345,
        "min": 2.220446049250313e-16,
        "max": 1292.5803739806622,
        "stdv": 64.76486378708992
    },
    "imp_loss": {
        "avg": 0.23086308281284648,
        "med": 0.024424069558999673,
        "quart_1": 0.0,
        "quart_3": 0.12280067563260394,
        "min": 0.0,
        "max": 0.999226951784277,
        "stdv": 0.37649211561667156
    },
    "price_imp": {
        "avg": 0.04257982138836018,
        "med": 0.00721536125764814,
        "quart_1": 0.0045906808700099805,
        "quart_3": 0.010248386228511458,
        "min": 2.672156653579119e-06,
        "max": 10.440482779020149,
        "stdv": 0.25235705643572803
    },
    "proc_cap_eff": {
        "avg": 0.028886709212404025,
        "med": 0.004209192737276879,
        "quart_1": 0.0022858959494913567,
        "quart_3": 0.006931912742268009,
        "min": 2.781792241002279e-09,
        "max": 1.1090973491317229,
        "stdv": 0.1151542455496942
    },
    "proc_imp_gain": {
        "avg": 18.441556199731146,
        "med": 0.062039772093389844,
        "quart_1": 0.017638996044794464,
        "quart_3": 6.010385682717629,
        "min": 2.220446049250313e-16,
        "max": 908.8117419384952,
        "stdv": 60.93171842056199
    },
    "proc_imp_loss": {
        "avg": 0.23047890892227058,
        "med": 0.02439181013824243,
        "quart_1": 0.0,
        "quart_3": 0.12243152733905271,
        "min": 0.0,
        "max": 0.9987984585106073,
        "stdv": 0.37619407640358865
    },
    "proc_price_imp": {
        "avg": 0.03959641890732692,
        "med": 0.007213126920160998,
        "quart_1": 0.004589247285025005,
        "quart_3": 0.010241488749545401,
        "min": 2.672156653579119e-06,
        "max": 4.491451584450796,
        "stdv": 0.21146555529251768
    }
}