{
    "cap_eff": {
        "avg": 2.963388799238331e-14,
        "med": 1.3100631690576847e-14,
        "quart_1": 4.884981308350689e-15,
        "quart_3": 2.5646151868841116e-14,
        "min": 0.0,
        "max": 6.377853800643152e-11,
        "stdv": 3.9548244185196784e-13
    },
    "imp_gain": {
        "avg": 5.2197380024899,
        "med": 0.16829505491835417,
        "quart_1": 0.04170165041043905,
        "quart_3": 1.1108553068972356,
        "min": 7.4307601847234395e-06,
        "max": 220.28284214734077,
        "stdv": 18.43905378599195
    },
    "imp_loss": {
        "avg": 0.29434852816441437,
        "med": 0.060712120277145676,
        "quart_1": 0.0,
        "quart_3": 0.4816473943837516,
        "min": 0.0,
        "max": 0.9999998045124014,
        "stdv": 0.39453265283789335
    },
    "price_imp": {
        "avg": 2.963291261035335e-14,
        "med": 1.3075504630548616e-14,
        "quart_1": 4.816680006388907e-15,
        "quart_3": 2.5635549223416504e-14,
        "min": 0.0,
        "max": 6.377845236599499e-11,
        "stdv": 3.954822991555699e-13
    },
    "proc_cap_eff": {
        "avg": 2.412601696906568e-14,
        "med": 1.3100631690576847e-14,
        "quart_1": 4.884981308350689e-15,
        "quart_3": 2.55351295663786e-14,
        "min": 0.0,
        "max": 2.7658986212486525e-12,
        "stdv": 6.777521002399984e-14
    },
    "proc_imp_gain": {
        "avg": 5.1199612951158,
        "med": 0.1679510557800874,
        "quart_1": 0.04167938427794793,
        "quart_3": 1.1089281291437878,
        "min": 7.4307601847234395e-06,
        "max": 193.85902818577202,
        "stdv": 17.8937318158683
    },
    "proc_imp_loss": {
        "avg": 0.29399553197561074,
        "med": 0.06055726782108106,
        "quart_1": 0.0,
        "quart_3": 0.47991318017992524,
        "min": 0.0,
        "max": 0.9999958399698444,
        "stdv": 0.39431543681587006
    },
    "proc_price_imp": {
        "avg": 2.412504274324517e-14,
        "med": 1.3060057423049664e-14,
        "quart_1": 4.814887832982679e-15,
        "quart_3": 2.5610725324674603e-14,
        "min": 0.0,
        "max": 2.765933271663126e-12,
        "stdv": 6.77754455424701e-14
    }
}