{
    "cap_eff": {
        "avg": 0.014498386143167565,
        "med": 0.0001520377530435657,
        "quart_1": 7.53584835326837e-05,
        "quart_3": 0.0002849451638288758,
        "min": 1.8576257199143242e-09,
        "max": 13.493653637626206,
        "stdv": 0.11325713109464072
    },
    "imp_gain": {
        "avg": 0.0005795126433982199,
        "med": 0.0006384424971902503,
        "quart_1": 0.00020344181500075997,
        "quart_3": 0.0008018012762069926,
        "min": 0.00020344181500075997,
        "max": 0.0016360517257143492,
        "stdv": 0.0003436609379126869
    },
    "imp_loss": {
        "avg": 0.5610697206677379,
        "med": 0.5264051362694822,
        "quart_1": 0.46931902190330677,
        "quart_3": 0.6761112753110621,
        "min": 0.0,
        "max": 0.8709707741922783,
        "stdv": 0.14858788184833108
    },
    "price_imp": {
        "avg": 0.00046959851672203257,
        "med": 0.00023199934924084657,
        "quart_1": 0.00014248796159979497,
        "quart_3": 0.0003469826037349206,
        "min": 1.2990011166354396e-07,
        "max": 1.6975951071301194,
        "stdv": 0.007420982493530861
    },
    "proc_cap_eff": {
        "avg": 0.013566853905408871,
        "med": 0.00015194324121164948,
        "quart_1": 7.532101554463821e-05,
        "quart_3": 0.0002845718022090882,
        "min": 1.8576257199143242e-09,
        "max": 0.9290356710091935,
        "stdv": 0.0891137013905064
    },
    "proc_imp_gain": {
        "avg": 0.0005795126433982199,
        "med": 0.0006384424971902503,
        "quart_1": 0.00020344181500075997,
        "quart_3": 0.0008018012762069926,
        "min": 0.00020344181500075997,
        "max": 0.0016360517257143492,
        "stdv": 0.0003436609379126869
    },
    "proc_imp_loss": {
        "avg": 0.5613480947746111,
        "med": 0.5264577302648572,
        "quart_1": 0.4696783394572438,
        "quart_3": 0.6762457450301266,
        "min": 0.005286358473686303,
        "max": 0.8709707741922783,
        "stdv": 0.14810050833651167
    },
    "proc_price_imp": {
        "avg": 0.0003777659153323366,
        "med": 0.00023191213592523005,
        "quart_1": 0.00014246264978951158,
        "quart_3": 0.00034671835622301347,
        "min": 1.2990011166354396e-07,
        "max": 0.04828792220828938,
        "stdv": 0.001049664071234071
    }
}