{
    "cap_eff": {
        "avg": 1.4781547229945626,
        "med": 0.0010154806348950385,
        "quart_1": 0.0006502926659633923,
        "quart_3": 0.0015821477196817924,
        "min": 1.0678897188753922e-07,
        "max": 38052.40441914361,
        "stdv": 192.85807318092708
    },
    "imp_gain": {
        "avg": 25.79883463763067,
        "med": 0.0012603190432920464,
        "quart_1": 6.523598478480608e-05,
        "quart_3": 1.1838902846307167,
        "min": 2.220446049250313e-16,
        "max": 2074.1269823579514,
        "stdv": 118.51898250296264
    },
    "imp_loss": {
        "avg": 0.21078694585218835,
        "med": 0.00010339232499945172,
        "quart_1": 0.0,
        "quart_3": 0.008745338432319838,
        "min": 0.0,
        "max": 0.9993718861008904,
        "stdv": 0.37059414032863963
    },
    "price_imp": {
        "avg": 11.495394276614135,
        "med": 0.0018468758014733458,
        "quart_1": 0.0012533658826478858,
        "quart_3": 0.0025620598584677524,
        "min": 6.30218296152333e-07,
        "max": 123527.78286336306,
        "stdv": 632.6002168477218
    },
    "proc_cap_eff": {
        "avg": 0.06267981935910318,
        "med": 0.0010152780995469346,
        "quart_1": 0.0006501538931498185,
        "quart_3": 0.0015803655531869687,
        "min": 1.0678897188753922e-07,
        "max": 86.51307251899131,
        "stdv": 1.4100808078977876
    },
    "proc_imp_gain": {
        "avg": 25.034060903774034,
        "med": 0.00125442239621254,
        "quart_1": 6.514487037811989e-05,
        "quart_3": 1.1727339869251026,
        "min": 2.220446049250313e-16,
        "max": 1369.7355319561439,
        "stdv": 113.47099709955539
    },
    "proc_imp_loss": {
        "avg": 0.2103989218994132,
        "med": 0.00010303337271988511,
        "quart_1": 0.0,
        "quart_3": 0.008512454850016726,
        "min": 0.0,
        "max": 0.9798932627873641,
        "stdv": 0.3702799627217067
    },
    "proc_price_imp": {
        "avg": 2.2068270753591257,
        "med": 0.0018462374221413713,
        "quart_1": 0.001252974744079858,
        "quart_3": 0.0025602441457022317,
        "min": 6.30218296152333e-07,
        "max": 4315.833312815267,
        "stdv": 60.243691764911716
    }
}