{
    "cap_eff": {
        "avg": 0.00042863940911720607,
        "med": 0.00035358040818428416,
        "quart_1": 0.00018757497941424006,
        "quart_3": 0.0005720462816770633,
        "min": 1.323956277943239e-09,
        "max": 0.017719222598126194,
        "stdv": 0.0003623890450844046
    },
    "imp_gain": {
        "avg": 0.000828850446651375,
        "med": 0.0005052619603240771,
        "quart_1": 0.00014644564542221072,
        "quart_3": 0.0012308562968823544,
        "min": 1.3322676295501878e-15,
        "max": 0.012878542828304251,
        "stdv": 0.0009150966962629997
    },
    "imp_loss": {
        "avg": 0.0008572321547163828,
        "med": 0.0005484974873113391,
        "quart_1": 0.00017209129336326345,
        "quart_3": 0.0012619158477775727,
        "min": 0.0,
        "max": 0.010362593658740371,
        "stdv": 0.000917184862686593
    },
    "price_imp": {
        "avg": 0.0006297705314978596,
        "med": 0.0005846313582618792,
        "quart_1": 0.00038063079756073324,
        "quart_3": 0.0008086714877637404,
        "min": 0.0,
        "max": 0.004767699986982412,
        "stdv": 0.00037164325309675043
    },
    "proc_cap_eff": {
        "avg": 0.00042617826583512,
        "med": 0.0003534043469610726,
        "quart_1": 0.00018745928863056482,
        "quart_3": 0.0005715602353661975,
        "min": 1.323956277943239e-09,
        "max": 0.0029959902794558513,
        "stdv": 0.0003373957424027214
    },
    "proc_imp_gain": {
        "avg": 0.0008255884180621483,
        "med": 0.0005046809278659303,
        "quart_1": 0.0001463282909948127,
        "quart_3": 0.0012296849300009738,
        "min": 1.3322676295501878e-15,
        "max": 0.00657371544795482,
        "stdv": 0.0009032874104641191
    },
    "proc_imp_loss": {
        "avg": 0.0008540194969860654,
        "med": 0.0005479514241210071,
        "quart_1": 0.00017198206407165184,
        "quart_3": 0.0012606898881264428,
        "min": 0.0,
        "max": 0.006511967286410236,
        "stdv": 0.0009059044027667672
    },
    "proc_price_imp": {
        "avg": 0.0006284312498693837,
        "med": 0.0005844559144467138,
        "quart_1": 0.00038050909035361485,
        "quart_3": 0.0008082561724209241,
        "min": 0.0,
        "max": 0.0029289675409562383,
        "stdv": 0.0003667687130941622
    }
}