{
    "cap_eff": {
        "avg": 0.0008561955539725706,
        "med": 0.0007064135230698265,
        "quart_1": 0.0003749558246726181,
        "quart_3": 0.0011421380609693,
        "min": 3.22931640317492e-08,
        "max": 0.035286256403554095,
        "stdv": 0.0007230132509457553
    },
    "imp_gain": {
        "avg": 0.0008318946326997304,
        "med": 0.0005105843578718794,
        "quart_1": 0.00014905497032557946,
        "quart_3": 0.0012362522710036572,
        "min": 2.4424906541753444e-15,
        "max": 0.012877559289635077,
        "stdv": 0.0009148096627974551
    },
    "imp_loss": {
        "avg": 0.0008523360667152201,
        "med": 0.0005437039239749586,
        "quart_1": 0.00016762026528616136,
        "quart_3": 0.001255635917435216,
        "min": 0.0,
        "max": 0.010059488904127223,
        "stdv": 0.0009145578804828875
    },
    "price_imp": {
        "avg": 0.0012582620798848264,
        "med": 0.0011681178158676944,
        "quart_1": 0.0007601780657942055,
        "quart_3": 0.0016160248761124057,
        "min": 0.0,
        "max": 0.009557656983875087,
        "stdv": 0.0007426927362903199
    },
    "proc_cap_eff": {
        "avg": 0.0008513072120234978,
        "med": 0.0007060800693842739,
        "quart_1": 0.0003748297352781371,
        "quart_3": 0.0011411107527251052,
        "min": 3.22931640317492e-08,
        "max": 0.005954589101479835,
        "stdv": 0.0006730857074603233
    },
    "proc_imp_gain": {
        "avg": 0.0008286347624115139,
        "med": 0.0005101043809665473,
        "quart_1": 0.00014900547044072177,
        "quart_3": 0.0012350576889561538,
        "min": 2.4424906541753444e-15,
        "max": 0.006533071682928826,
        "stdv": 0.0009030269830558483
    },
    "proc_imp_loss": {
        "avg": 0.0008491381509467391,
        "med": 0.0005430649738505378,
        "quart_1": 0.00016750505176510444,
        "quart_3": 0.0012539891106407297,
        "min": 0.0,
        "max": 0.006485119250832838,
        "stdv": 0.0009033262658513771
    },
    "proc_price_imp": {
        "avg": 0.0012555982109735356,
        "med": 0.0011679083720648937,
        "quart_1": 0.0007599069680052034,
        "quart_3": 0.0016151244796150652,
        "min": 0.0,
        "max": 0.005847048578944798,
        "stdv": 0.000733041533412971
    }
}