{
    "cap_eff": {
        "avg": 0.0024542176333397243,
        "med": 0.002124755307771231,
        "quart_1": 0.0013643034933705223,
        "quart_3": 0.0031244544059482737,
        "min": 3.338626930471378e-09,
        "max": 0.01934922426263186,
        "stdv": 0.0016608010478180648
    },
    "imp_gain": {
        "avg": 0.0014341461636963333,
        "med": 0.00039241801379641394,
        "quart_1": 8.406388556192468e-05,
        "quart_3": 0.0024419887585873656,
        "min": 2.220446049250313e-16,
        "max": 0.02176926247950761,
        "stdv": 0.0018290872526008023
    },
    "imp_loss": {
        "avg": 0.0011122043866548565,
        "med": 0.0001408089180965355,
        "quart_1": 0.0,
        "quart_3": 0.0018888012586979475,
        "min": 0.0,
        "max": 0.019927186457385004,
        "stdv": 0.0017076493315234182
    },
    "price_imp": {
        "avg": 0.003925707989420769,
        "med": 0.003747335272735935,
        "quart_1": 0.002591106625474316,
        "quart_3": 0.004986516689703324,
        "min": 9.792220000312363e-07,
        "max": 0.021124642335772752,
        "stdv": 0.0019641888920781244
    },
    "proc_cap_eff": {
        "avg": 0.002448410641531151,
        "med": 0.0021240522032813236,
        "quart_1": 0.0013639835212477802,
        "quart_3": 0.0031213997748209543,
        "min": 3.338626930471378e-09,
        "max": 0.012722825250071068,
        "stdv": 0.0016400582005510656
    },
    "proc_imp_gain": {
        "avg": 0.001428061096058565,
        "med": 0.0003906844901158113,
        "quart_1": 8.402703092258434e-05,
        "quart_3": 0.002439310975045794,
        "min": 2.220446049250313e-16,
        "max": 0.012198912869946454,
        "stdv": 0.0018089119281210566
    },
    "proc_imp_loss": {
        "avg": 0.0011061922668654026,
        "med": 0.00014058984115550288,
        "quart_1": 0.0,
        "quart_3": 0.001885864594427522,
        "min": 0.0,
        "max": 0.011724855868220918,
        "stdv": 0.0016865133424135677
    },
    "proc_price_imp": {
        "avg": 0.003919722888217638,
        "med": 0.003746198438277441,
        "quart_1": 0.0025904706570730237,
        "quart_3": 0.004984097589528545,
        "min": 9.792220000312363e-07,
        "max": 0.0146049678389794,
        "stdv": 0.0019457576239405028
    }
}