{
    "cap_eff": {
        "avg": 8.808091594288089e-05,
        "med": 6.876406274392011e-05,
        "quart_1": 3.6433963671256286e-05,
        "quart_3": 0.00011253277118694616,
        "min": 9.692335156685772e-09,
        "max": 0.2544326367816433,
        "stdv": 0.000823161404498149
    },
    "imp_gain": {
        "avg": 0.000813611315184706,
        "med": 0.0004923978427809894,
        "quart_1": 0.0001432456357581824,
        "quart_3": 0.0011974556303560036,
        "min": 6.750594749860284e-09,
        "max": 0.011562161170632468,
        "stdv": 0.0009133841790391452
    },
    "imp_loss": {
        "avg": 0.0008499098349004469,
        "med": 0.0005417354523870044,
        "quart_1": 0.00016733045532713042,
        "quart_3": 0.0012481582386323353,
        "min": 0.0,
        "max": 0.011838199975845676,
        "stdv": 0.0009150352805685165
    },
    "price_imp": {
        "avg": 0.0001270488435411495,
        "med": 0.00011288278916348493,
        "quart_1": 7.320999336402263e-05,
        "quart_3": 0.00015720353518298505,
        "min": 0.0,
        "max": 0.3333333333333335,
        "stdv": 0.0010939152609968177
    },
    "proc_cap_eff": {
        "avg": 8.408290662400701e-05,
        "med": 6.873570061605161e-05,
        "quart_1": 3.641508762530776e-05,
        "quart_3": 0.00011244297149948235,
        "min": 9.692335156685772e-09,
        "max": 0.000707389815905568,
        "stdv": 6.843109308516548e-05
    },
    "proc_imp_gain": {
        "avg": 0.0008100178843242045,
        "med": 0.0004918971836729291,
        "quart_1": 0.00014315238400053332,
        "quart_3": 0.0011960146027678586,
        "min": 6.750594749860284e-09,
        "max": 0.006904205267993291,
        "stdv": 0.00089895682883684
    },
    "proc_imp_loss": {
        "avg": 0.0008466698463953316,
        "med": 0.0005410172021572679,
        "quart_1": 0.00016715559072932873,
        "quart_3": 0.0012464984448795624,
        "min": 0.0,
        "max": 0.006639115418645147,
        "stdv": 0.0009034950374089611
    },
    "proc_price_imp": {
        "avg": 0.00012219643724830018,
        "med": 0.00011284168361814408,
        "quart_1": 7.318337535452808e-05,
        "quart_3": 0.00015712860467186708,
        "min": 0.0,
        "max": 0.0006224386987306871,
        "stdv": 7.311993605422666e-05
    }
}