{
    "cap_eff": {
        "avg": 0.00042520049902018865,
        "med": 0.0003437630268896541,
        "quart_1": 0.00018224525028065486,
        "quart_3": 0.0005633304967818109,
        "min": 9.402780776213149e-09,
        "max": 0.23256155440656823,
        "stdv": 0.0008279119172956293
    },
    "imp_gain": {
        "avg": 0.0008199698727884478,
        "med": 0.0005040293030165177,
        "quart_1": 0.00014561638625076867,
        "quart_3": 0.0012077385499571491,
        "min": 4.710536405383436e-10,
        "max": 0.011558466696592218,
        "stdv": 0.000916207964421828
    },
    "imp_loss": {
        "avg": 0.0008445653488661424,
        "med": 0.0005323362749225513,
        "quart_1": 0.00016432907450047995,
        "quart_3": 0.0012432248254697909,
        "min": 0.0,
        "max": 0.011807108574144354,
        "stdv": 0.000913995129194575
    },
    "price_imp": {
        "avg": 0.0006116681360485248,
        "med": 0.0005639983399291048,
        "quart_1": 0.0003656123487713775,
        "quart_3": 0.0007854845540851031,
        "min": 0.0,
        "max": 0.004809889235421793,
        "stdv": 0.00037045191507300066
    },
    "proc_cap_eff": {
        "avg": 0.00042012232403874184,
        "med": 0.00034355883902936757,
        "quart_1": 0.0001821692230943861,
        "quart_3": 0.0005628997920447687,
        "min": 9.402780776213149e-09,
        "max": 0.0031944286387293186,
        "stdv": 0.00034115543783709145
    },
    "proc_imp_gain": {
        "avg": 0.0008163658837978804,
        "med": 0.0005034379334152295,
        "quart_1": 0.0001454771807578581,
        "quart_3": 0.0012061284414486284,
        "min": 4.710536405383436e-10,
        "max": 0.0069413179154251825,
        "stdv": 0.0009017429624060486
    },
    "proc_imp_loss": {
        "avg": 0.000841293930782311,
        "med": 0.0005320621823017291,
        "quart_1": 0.0001642956837153986,
        "quart_3": 0.0012419308952544839,
        "min": 0.0,
        "max": 0.006629374981100056,
        "stdv": 0.0009022249930221058
    },
    "proc_price_imp": {
        "avg": 0.0006102688249591113,
        "med": 0.0005638306829695116,
        "quart_1": 0.0003655275818979597,
        "quart_3": 0.0007851546319882934,
        "min": 0.0,
        "max": 0.003058590925576211,
        "stdv": 0.00036499230040010265
    }
}