{
    "cap_eff": {
        "avg": 0.0012765316187395735,
        "med": 0.0010286431817341235,
        "quart_1": 0.0005433984606699749,
        "quart_3": 0.0016851855913548874,
        "min": 4.405455666933733e-09,
        "max": 1.2665390609049934,
        "stdv": 0.00415445423202972
    },
    "imp_gain": {
        "avg": 0.0008346065797584559,
        "med": 0.0005261785430461519,
        "quart_1": 0.00015654549873289625,
        "quart_3": 0.001222005205244736,
        "min": 3.5632230499516027e-09,
        "max": 0.011538826746562147,
        "stdv": 0.0009169801010829775
    },
    "imp_loss": {
        "avg": 0.0008291213117512271,
        "med": 0.0005114560442522897,
        "quart_1": 0.00015623136699605134,
        "quart_3": 0.0012198056771850485,
        "min": 0.0,
        "max": 0.011754326460032827,
        "stdv": 0.0009078269776918654
    },
    "price_imp": {
        "avg": 0.0018317966001651614,
        "med": 0.001688313952859063,
        "quart_1": 0.0010965706589039317,
        "quart_3": 0.00235215708605733,
        "min": 0.0,
        "max": 0.014450253821015904,
        "stdv": 0.0011085438931355276
    },
    "proc_cap_eff": {
        "avg": 0.001256136127635646,
        "med": 0.0010281348186732542,
        "quart_1": 0.0005430719718233501,
        "quart_3": 0.0016835471465153073,
        "min": 4.405455666933733e-09,
        "max": 0.00953415750571085,
        "stdv": 0.0010197705225885056
    },
    "proc_imp_gain": {
        "avg": 0.0008310200283384754,
        "med": 0.0005256365032073607,
        "quart_1": 0.0001563240511135433,
        "quart_3": 0.001220739875024135,
        "min": 3.5632230499516027e-09,
        "max": 0.006898668568583455,
        "stdv": 0.0009026365997959302
    },
    "proc_imp_loss": {
        "avg": 0.0008259036240244153,
        "med": 0.0005111099418966258,
        "quart_1": 0.00015615882008457316,
        "quart_3": 0.001218534631565793,
        "min": 0.0,
        "max": 0.006546027177329772,
        "stdv": 0.0008963936644574556
    },
    "proc_price_imp": {
        "avg": 0.0018276577368697875,
        "med": 0.0016878175295734473,
        "quart_1": 0.0010962187440842902,
        "quart_3": 0.0023509299156112893,
        "min": 0.0,
        "max": 0.00908716234329962,
        "stdv": 0.001092597750449199
    }
}