{
    "cap_eff": {
        "avg": 0.003563769127352678,
        "med": 0.0030803270385904025,
        "quart_1": 0.001958218511874499,
        "quart_3": 0.00456674981147831,
        "min": 1.163349843125161e-07,
        "max": 0.03707460224221415,
        "stdv": 0.0024200208864498104
    },
    "imp_gain": {
        "avg": 0.001488481924668497,
        "med": 0.0005411840128701773,
        "quart_1": 0.00011945481140251957,
        "quart_3": 0.002473119518831668,
        "min": 4.440892098500626e-16,
        "max": 0.022739431847567104,
        "stdv": 0.0018239355225279658
    },
    "imp_loss": {
        "avg": 0.0010523733648846066,
        "med": 0.00012780359129105356,
        "quart_1": 0.0,
        "quart_3": 0.001761908076035601,
        "min": 0.0,
        "max": 0.025984160461175354,
        "stdv": 0.0016521365610091688
    },
    "price_imp": {
        "avg": 0.005695190103176688,
        "med": 0.005413286663978625,
        "quart_1": 0.003747380182781699,
        "quart_3": 0.007253557305005505,
        "min": 2.4081481876910624e-07,
        "max": 0.034830688550048845,
        "stdv": 0.0028782803323482166
    },
    "proc_cap_eff": {
        "avg": 0.003555086744849625,
        "med": 0.00307904383458113,
        "quart_1": 0.0019575503105760395,
        "quart_3": 0.004563741951898848,
        "min": 1.163349843125161e-07,
        "max": 0.0192572276052827,
        "stdv": 0.0023878411660133176
    },
    "proc_imp_gain": {
        "avg": 0.0014821873620336349,
        "med": 0.0005395181892102752,
        "quart_1": 0.00011931690765965008,
        "quart_3": 0.002469300210129699,
        "min": 4.440892098500626e-16,
        "max": 0.012513026646972625,
        "stdv": 0.0018021243871582393
    },
    "proc_imp_loss": {
        "avg": 0.0010464272729286965,
        "med": 0.00012758924389999482,
        "quart_1": 0.0,
        "quart_3": 0.001759142746521114,
        "min": 0.0,
        "max": 0.011311046337313502,
        "stdv": 0.0016306371345782443
    },
    "proc_price_imp": {
        "avg": 0.0056859278401793075,
        "med": 0.0054113225711747625,
        "quart_1": 0.0037465035244809704,
        "quart_3": 0.0072501846193877605,
        "min": 2.4081481876910624e-07,
        "max": 0.021852438586347535,
        "stdv": 0.0028478614853750237
    }
}