{
    "cap_eff": {
        "avg": 0.0023803809233036493,
        "med": 0.0020564279906447602,
        "quart_1": 0.0013071107478571098,
        "quart_3": 0.0030510801247624064,
        "min": 7.986435712759032e-08,
        "max": 0.024897651928976527,
        "stdv": 0.0016186117767209925
    },
    "imp_gain": {
        "avg": 0.0014827378781895354,
        "med": 0.0005304684801623605,
        "quart_1": 0.00011748704803182797,
        "quart_3": 0.002461565825574663,
        "min": 2.220446049250313e-16,
        "max": 0.022743730760952374,
        "stdv": 0.001822669770118208
    },
    "imp_loss": {
        "avg": 0.0010558804612833743,
        "med": 0.00012776114953139128,
        "quart_1": 0.0,
        "quart_3": 0.001766674466470497,
        "min": 0.0,
        "max": 0.026175671717113436,
        "stdv": 0.0016555625756995212
    },
    "price_imp": {
        "avg": 0.003806221528237104,
        "med": 0.0036176052987983856,
        "quart_1": 0.002502862831037982,
        "quart_3": 0.004848244225027042,
        "min": 1.587558755534514e-07,
        "max": 0.02338127153583004,
        "stdv": 0.0019251717106223054
    },
    "proc_cap_eff": {
        "avg": 0.0023745228653266645,
        "med": 0.002055484156059162,
        "quart_1": 0.001306590927156348,
        "quart_3": 0.0030478173410039,
        "min": 7.986435712759032e-08,
        "max": 0.01302477225441967,
        "stdv": 0.001596704806428397
    },
    "proc_imp_gain": {
        "avg": 0.00147643276972667,
        "med": 0.0005291525696926591,
        "quart_1": 0.00011733087712695323,
        "quart_3": 0.0024589204968346046,
        "min": 2.220446049250313e-16,
        "max": 0.012505358526857302,
        "stdv": 0.0018007569187022375
    },
    "proc_imp_loss": {
        "avg": 0.0010499035078174665,
        "med": 0.0001276588911938159,
        "quart_1": 0.0,
        "quart_3": 0.0017635114076735015,
        "min": 0.0,
        "max": 0.01135533327205207,
        "stdv": 0.0016338717141270783
    },
    "proc_price_imp": {
        "avg": 0.0037999836913306315,
        "med": 0.00361649216924497,
        "quart_1": 0.0025021439438166803,
        "quart_3": 0.004846381428070252,
        "min": 1.587558755534514e-07,
        "max": 0.014646730492083105,
        "stdv": 0.0019045399687333752
    }
}