{
    "cap_eff": {
        "avg": 7.710969900873345e-15,
        "med": 5.551115123125783e-16,
        "quart_1": 2.220446049250313e-16,
        "quart_3": 1.3322676295501878e-15,
        "min": 0.0,
        "max": 9.988410099026623e-11,
        "stdv": 5.582507115137193e-13
    },
    "imp_gain": {},
    "imp_loss": {
        "avg": 0.9574963021429747,
        "med": 0.9966843596292788,
        "quart_1": 0.987192306188914,
        "quart_3": 0.9997789545574739,
        "min": 0.0,
        "max": 0.9999999719759636,
        "stdv": 0.15055998212298352
    },
    "price_imp": {
        "avg": 7.706924434324637e-15,
        "med": 5.496241377720231e-16,
        "quart_1": 2.003320800401802e-16,
        "quart_3": 1.2730549594051876e-15,
        "min": 0.0,
        "max": 9.988410184311408e-11,
        "stdv": 5.582506573011579e-13
    },
    "proc_cap_eff": {
        "avg": 3.3887369803018467e-15,
        "med": 5.551115123125783e-16,
        "quart_1": 2.220446049250313e-16,
        "quart_3": 1.3322676295501878e-15,
        "min": 0.0,
        "max": 6.390443729742401e-13,
        "stdv": 1.9121162762552555e-14
    },
    "proc_imp_gain": {},
    "proc_imp_loss": {
        "avg": 0.9579730315833976,
        "med": 0.9966934658410797,
        "quart_1": 0.9872127195060499,
        "quart_3": 0.9997789545574739,
        "min": 0.006214785218665364,
        "max": 0.9999999719759636,
        "stdv": 0.14907892288619895
    },
    "proc_price_imp": {
        "avg": 3.3846947389179673e-15,
        "med": 5.492875554239837e-16,
        "quart_1": 2.001385549859804e-16,
        "quart_3": 1.2718219271952639e-15,
        "min": 0.0,
        "max": 6.391285288536364e-13,
        "stdv": 1.912166441055177e-14
    }
}