{
    "cap_eff": {
        "avg": 0.09758449543828365,
        "med": 0.0019957107093412363,
        "quart_1": 0.0012607982218632574,
        "quart_3": 0.003240979658877541,
        "min": 1.6420963055985283e-07,
        "max": 1424.2877415746957,
        "stdv": 6.162099161061906
    },
    "imp_gain": {
        "avg": 7.419786858512986,
        "med": 1.1194589933247046,
        "quart_1": 0.00043578383792097775,
        "quart_3": 6.899039247842888,
        "min": 2.220446049250313e-16,
        "max": 307.78793909609226,
        "stdv": 18.717790448834293
    },
    "imp_loss": {
        "avg": 0.3363697045963723,
        "med": 0.0012241258803655786,
        "quart_1": 0.0,
        "quart_3": 0.8654130247921423,
        "min": 0.0,
        "max": 0.9958089375399609,
        "stdv": 0.4215483407289398
    },
    "price_imp": {
        "avg": 0.8034110272331937,
        "med": 0.003574912836912393,
        "quart_1": 0.002396778374502959,
        "quart_3": 0.005034987986481238,
        "min": 3.19821549899696e-07,
        "max": 3831.0784094841997,
        "stdv": 30.174783914204365
    },
    "proc_cap_eff": {
        "avg": 0.044682019849287574,
        "med": 0.0019950522098473034,
        "quart_1": 0.001260402643540992,
        "quart_3": 0.003237883084294735,
        "min": 1.6420963055985283e-07,
        "max": 18.3162128947303,
        "stdv": 0.4239176051317063
    },
    "proc_imp_gain": {
        "avg": 7.285889079715668,
        "med": 1.1144020583529008,
        "quart_1": 0.00043064626088584745,
        "quart_3": 6.885606878850451,
        "min": 2.220446049250313e-16,
        "max": 227.73707080826304,
        "stdv": 17.728585971811707
    },
    "proc_imp_loss": {
        "avg": 0.3360425307807373,
        "med": 0.0012099934116646116,
        "quart_1": 0.0,
        "quart_3": 0.8652468164739473,
        "min": 0.0,
        "max": 0.9875167021746093,
        "stdv": 0.4213995262961362
    },
    "proc_price_imp": {
        "avg": 0.3115899007977361,
        "med": 0.003573556192852853,
        "quart_1": 0.0023961491419490287,
        "quart_3": 0.005031537245604763,
        "min": 3.19821549899696e-07,
        "max": 276.47240835158306,
        "stdv": 5.606498060875854
    }
}