{
    "cap_eff": {
        "avg": 0.1265384609118157,
        "med": 0.000998375899655457,
        "quart_1": 0.0006301136586963629,
        "quart_3": 0.0016217195142788632,
        "min": 7.826769587992999e-08,
        "max": 2729.7555558416516,
        "stdv": 11.626533495793504
    },
    "imp_gain": {
        "avg": 7.237483133677463,
        "med": 1.1622755398707447,
        "quart_1": 0.0004094061541588534,
        "quart_3": 6.293034234554339,
        "min": 2.220446049250313e-16,
        "max": 309.4264117645169,
        "stdv": 18.506339017374597
    },
    "imp_loss": {
        "avg": 0.35331301431069795,
        "med": 0.0012481113433810975,
        "quart_1": 0.0,
        "quart_3": 0.9063721864111864,
        "min": 0.0,
        "max": 0.9978214410869467,
        "stdv": 0.44007935142883686
    },
    "price_imp": {
        "avg": 1.4660139619920365,
        "med": 0.0017930528459245434,
        "quart_1": 0.001201335315474478,
        "quart_3": 0.0025287750935229663,
        "min": 1.608144290808536e-07,
        "max": 8169.383027163734,
        "stdv": 60.3043526381788
    },
    "proc_cap_eff": {
        "avg": 0.039825585335354276,
        "med": 0.0009981144735048408,
        "quart_1": 0.0006299657509858392,
        "quart_3": 0.0016205205587818128,
        "min": 7.826769587992999e-08,
        "max": 18.121500568028804,
        "stdv": 0.4033579649529743
    },
    "proc_imp_gain": {
        "avg": 7.104096860352313,
        "med": 1.1567279410634468,
        "quart_1": 0.00040328400214661997,
        "quart_3": 6.286564786723281,
        "min": 2.220446049250313e-16,
        "max": 215.93532470901633,
        "stdv": 17.512620494555883
    },
    "proc_imp_loss": {
        "avg": 0.3529920822037783,
        "med": 0.0012354453305218893,
        "quart_1": 0.0,
        "quart_3": 0.9062853716162209,
        "min": 0.0,
        "max": 0.9934532401907225,
        "stdv": 0.4399551441104357
    },
    "proc_price_imp": {
        "avg": 0.5087663846961568,
        "med": 0.0017924021329166285,
        "quart_1": 0.001200880703642605,
        "quart_3": 0.00252730431001968,
        "min": 1.608144290808536e-07,
        "max": 501.93748122385546,
        "stdv": 9.90625234381175
    }
}