{
    "cap_eff": {
        "avg": 0.025656797963956562,
        "med": 0.0039637387463484774,
        "quart_1": 0.0021329505254356063,
        "quart_3": 0.006463725729361436,
        "min": 1.4932163683312183e-07,
        "max": 0.9647299382569405,
        "stdv": 0.10942892828552739
    },
    "imp_gain": {
        "avg": 5.636986867901622,
        "med": 0.08084432507601225,
        "quart_1": 0.02445804426998266,
        "quart_3": 5.144867700447293,
        "min": 2.220446049250313e-16,
        "max": 145.04291098268985,
        "stdv": 13.022710927535845
    },
    "imp_loss": {
        "avg": 0.23091300165352835,
        "med": 0.03353026139974469,
        "quart_1": 0.0,
        "quart_3": 0.14186395677219987,
        "min": 0.0,
        "max": 0.9931526974279599,
        "stdv": 0.365250489533289
    },
    "price_imp": {
        "avg": 0.016806822233696037,
        "med": 0.006894190151540016,
        "quart_1": 0.004318304739711303,
        "quart_3": 0.009825765483213341,
        "min": 2.8112121517917094e-08,
        "max": 1.3926034756408874,
        "stdv": 0.05475925675084232
    },
    "proc_cap_eff": {
        "avg": 0.025198401741581465,
        "med": 0.003961444912659373,
        "quart_1": 0.0021321033091072916,
        "quart_3": 0.006459266620038928,
        "min": 1.4932163683312183e-07,
        "max": 0.9548027512243769,
        "stdv": 0.10748380880790033
    },
    "proc_imp_gain": {
        "avg": 5.5830395152905545,
        "med": 0.08075455882190741,
        "quart_1": 0.02441385656485373,
        "quart_3": 5.135151804316724,
        "min": 2.220446049250313e-16,
        "max": 106.46155438253385,
        "stdv": 12.798883804901998
    },
    "proc_imp_loss": {
        "avg": 0.23053284184233913,
        "med": 0.03342871138514947,
        "quart_1": 0.0,
        "quart_3": 0.1415328052027972,
        "min": 0.0,
        "max": 0.9900450227482529,
        "stdv": 0.3649459577572401
    },
    "proc_price_imp": {
        "avg": 0.016341380376176114,
        "med": 0.00689233241111112,
        "quart_1": 0.004317318315715125,
        "quart_3": 0.009818357566701344,
        "min": 2.8112121517917094e-08,
        "max": 0.7714755552104926,
        "stdv": 0.05039135578027844
    }
}