{
    "cap_eff": {
        "avg": 0.02027560421361656,
        "med": 0.002869155235221188,
        "quart_1": 0.0013351770599706048,
        "quart_3": 0.005564474429409605,
        "min": 1.1580988124038072e-07,
        "max": 0.907501773293362,
        "stdv": 0.10675977362726825
    },
    "imp_gain": {
        "avg": 0.00035494150368858834,
        "med": 0.000145913200821024,
        "quart_1": 0.000145913200821024,
        "quart_3": 0.00014655770278104718,
        "min": 0.000145913200821024,
        "max": 0.0018174951218015156,
        "stdv": 0.0005527933477727067
    },
    "imp_loss": {
        "avg": 0.517952999234208,
        "med": 0.5114854660080008,
        "quart_1": 0.43467563363052697,
        "quart_3": 0.6400907423952698,
        "min": 0.0,
        "max": 0.7863995279356981,
        "stdv": 0.14473596511023268
    },
    "price_imp": {
        "avg": 0.005355243400225341,
        "med": 0.0046175167371419155,
        "quart_1": 0.002684652105631527,
        "quart_3": 0.007051752506765738,
        "min": 2.9831047448910365e-08,
        "max": 0.055649750458424706,
        "stdv": 0.003922584938035643
    },
    "proc_cap_eff": {
        "avg": 0.019840915270351353,
        "med": 0.0028667160019189564,
        "quart_1": 0.0013348189721615888,
        "quart_3": 0.005556414493149697,
        "min": 1.1580988124038072e-07,
        "max": 0.8988942192054128,
        "stdv": 0.10497782298944512
    },
    "proc_imp_gain": {
        "avg": 0.00035494150368858834,
        "med": 0.000145913200821024,
        "quart_1": 0.000145913200821024,
        "quart_3": 0.00014655770278104718,
        "min": 0.000145913200821024,
        "max": 0.0018174951218015156,
        "stdv": 0.0005527933477727067
    },
    "proc_imp_loss": {
        "avg": 0.5182097045018026,
        "med": 0.511561233880832,
        "quart_1": 0.4347549850263972,
        "quart_3": 0.6401547956122658,
        "min": 0.00562746586901508,
        "max": 0.7863995279356981,
        "stdv": 0.14431429759989106
    },
    "proc_price_imp": {
        "avg": 0.005338339259989929,
        "med": 0.004615861970860769,
        "quart_1": 0.0026837158297349237,
        "quart_3": 0.007046791323641552,
        "min": 2.9831047448910365e-08,
        "max": 0.034282564806136034,
        "stdv": 0.0038475501847835573
    }
}