{
    "cap_eff": {
        "avg": 0.022425424451772796,
        "med": 0.0010488398066267335,
        "quart_1": 0.0005146459703032624,
        "quart_3": 0.001888279404246962,
        "min": 2.1560049967561667e-08,
        "max": 51.9196221149374,
        "stdv": 0.319045003276557
    },
    "imp_gain": {
        "avg": 0.0005306823452555509,
        "med": 1.7763568394002505e-15,
        "quart_1": 1.7763568394002505e-15,
        "quart_3": 0.0014748797476809017,
        "min": 1.7763568394002505e-15,
        "max": 0.0018174951218015156,
        "stdv": 0.000725614576370653
    },
    "imp_loss": {
        "avg": 0.4743939465868191,
        "med": 0.4849168254252051,
        "quart_1": 0.4374467885999209,
        "quart_3": 0.5437392635362165,
        "min": 0.0,
        "max": 0.6115011807119533,
        "stdv": 0.09921112226627696
    },
    "price_imp": {
        "avg": 0.024966294935527794,
        "med": 0.0013172058385518895,
        "quart_1": 0.0007786832260378591,
        "quart_3": 0.001902476290405137,
        "min": 4.4727911069271966e-08,
        "max": 48.68254989149486,
        "stdv": 0.6140685709953458
    },
    "proc_cap_eff": {
        "avg": 0.01841355345854139,
        "med": 0.00104816919658407,
        "quart_1": 0.0005144604183034973,
        "quart_3": 0.0018862510916579645,
        "min": 2.1560049967561667e-08,
        "max": 1.7619678301219532,
        "stdv": 0.10896437485585109
    },
    "proc_imp_gain": {
        "avg": 0.0005306823452555509,
        "med": 1.7763568394002505e-15,
        "quart_1": 1.7763568394002505e-15,
        "quart_3": 0.0014748797476809017,
        "min": 1.7763568394002505e-15,
        "max": 0.0018174951218015156,
        "stdv": 0.000725614576370653
    },
    "proc_imp_loss": {
        "avg": 0.4746287527497574,
        "med": 0.48494425427615145,
        "quart_1": 0.4374859704798394,
        "quart_3": 0.5437647758272488,
        "min": 0.00608211702233985,
        "max": 0.6115011807119533,
        "stdv": 0.09867645411409386
    },
    "proc_price_imp": {
        "avg": 0.01352003907807586,
        "med": 0.0013165422139436481,
        "quart_1": 0.000778453645113673,
        "quart_3": 0.0019008139045719227,
        "min": 4.4727911069271966e-08,
        "max": 12.474671186541961,
        "stdv": 0.25769104825218553
    }
}