{
    "cap_eff": {
        "avg": 0.031207019259879978,
        "med": 0.00014938884526183305,
        "quart_1": 7.409886193388004e-05,
        "quart_3": 0.00027717494310453006,
        "min": 3.960843875105979e-09,
        "max": 300.0269692045267,
        "stdv": 1.4767767646388648
    },
    "imp_gain": {
        "avg": 0.0005304613035009684,
        "med": 2.930988785010413e-14,
        "quart_1": 2.930988785010413e-14,
        "quart_3": 0.0014748797476809017,
        "min": 2.930988785010413e-14,
        "max": 0.0018174951218015156,
        "stdv": 0.0007256477628575717
    },
    "imp_loss": {
        "avg": 0.5743905084358825,
        "med": 0.5554451138638798,
        "quart_1": 0.4580173279741422,
        "quart_3": 0.7105147605516564,
        "min": 0.0,
        "max": 0.8726611553506886,
        "stdv": 0.15344763724371865
    },
    "price_imp": {
        "avg": 0.07783857309218514,
        "med": 0.00023127566842758878,
        "quart_1": 0.00013950312610732762,
        "quart_3": 0.00034959881057768197,
        "min": 1.611030208838836e-08,
        "max": 271.7360592482094,
        "stdv": 3.1573149278813237
    },
    "proc_cap_eff": {
        "avg": 0.018084266632900154,
        "med": 0.0001492860633586779,
        "quart_1": 7.406060413039928e-05,
        "quart_3": 0.00027690343411762575,
        "min": 3.960843875105979e-09,
        "max": 0.9378579220787489,
        "stdv": 0.1060686468668093
    },
    "proc_imp_gain": {
        "avg": 0.0005304613035009684,
        "med": 2.930988785010413e-14,
        "quart_1": 2.930988785010413e-14,
        "quart_3": 0.0014748797476809017,
        "min": 2.930988785010413e-14,
        "max": 0.0018174951218015156,
        "stdv": 0.0007256477628575717
    },
    "proc_imp_loss": {
        "avg": 0.5746751215518182,
        "med": 0.5555134972098126,
        "quart_1": 0.45808306522078,
        "quart_3": 0.7105837543212061,
        "min": 0.006190141229473811,
        "max": 0.8726611553506886,
        "stdv": 0.1529550703923259
    },
    "proc_price_imp": {
        "avg": 0.017500620361512412,
        "med": 0.00023118626690829481,
        "quart_1": 0.00013945726252110715,
        "quart_3": 0.0003492542220593596,
        "min": 1.611030208838836e-08,
        "max": 45.544146525391206,
        "stdv": 0.6454489803159271
    }
}