{
    "cap_eff": {
        "avg": 0.02399798464888146,
        "med": 0.0016617443404329801,
        "quart_1": 0.0008760245130129962,
        "quart_3": 0.0029959700940240808,
        "min": 5.017121762485033e-08,
        "max": 43.51812827303017,
        "stdv": 0.27706846465843055
    },
    "imp_gain": {
        "avg": 0.000236683167857669,
        "med": 0.000145913200821024,
        "quart_1": 1.9984014443252818e-15,
        "quart_3": 0.000145913200821024,
        "min": 1.9984014443252818e-15,
        "max": 0.0018174951218015156,
        "stdv": 0.00048135920766333845
    },
    "imp_loss": {
        "avg": 0.5741826043352588,
        "med": 0.5934255457925368,
        "quart_1": 0.5217028304936907,
        "quart_3": 0.6356107480134723,
        "min": 0.0,
        "max": 0.7327628008088166,
        "stdv": 0.09101841771530625
    },
    "price_imp": {
        "avg": 0.024311952966057405,
        "med": 0.0016560267265965745,
        "quart_1": 0.0009776101257449438,
        "quart_3": 0.0024369861052833215,
        "min": 7.462646104775737e-09,
        "max": 31.586314570880443,
        "stdv": 0.5035375434369539
    },
    "proc_cap_eff": {
        "avg": 0.020013866852647867,
        "med": 0.0016610900534871353,
        "quart_1": 0.0008756575822130852,
        "quart_3": 0.0029921764154647867,
        "min": 5.017121762485033e-08,
        "max": 2.1325052696266686,
        "stdv": 0.1147558753561251
    },
    "proc_imp_gain": {
        "avg": 0.000236683167857669,
        "med": 0.000145913200821024,
        "quart_1": 1.9984014443252818e-15,
        "quart_3": 0.000145913200821024,
        "min": 1.9984014443252818e-15,
        "max": 0.0018174951218015156,
        "stdv": 0.00048135920766333845
    },
    "proc_imp_loss": {
        "avg": 0.574467077842383,
        "med": 0.5934854352858738,
        "quart_1": 0.5217566474009163,
        "quart_3": 0.6356284423881333,
        "min": 0.006403992211304166,
        "max": 0.7327628008088166,
        "stdv": 0.09014424675060154
    },
    "proc_price_imp": {
        "avg": 0.015217795334107508,
        "med": 0.0016554951050135398,
        "quart_1": 0.0009773618363944278,
        "quart_3": 0.0024355378316404932,
        "min": 7.462646104775737e-09,
        "max": 10.97804605479353,
        "stdv": 0.25836479404704993
    }
}