{
    "cap_eff": {
        "avg": 0.04348938789760833,
        "med": 0.0029382694845403456,
        "quart_1": 0.0018679489285626238,
        "quart_3": 0.004566127062249237,
        "min": 1.0245270187780875e-08,
        "max": 192.07632021263842,
        "stdv": 1.0314921793809813
    },
    "imp_gain": {
        "avg": 3.2106462185654845,
        "med": 0.002090262381253316,
        "quart_1": 9.463747219640162e-05,
        "quart_3": 1.4520400620676854,
        "min": 2.220446049250313e-16,
        "max": 186.78717600761763,
        "stdv": 10.004719994436993
    },
    "imp_loss": {
        "avg": 0.17034503692355396,
        "med": 8.891159714774499e-05,
        "quart_1": 0.0,
        "quart_3": 0.004516881466471889,
        "min": 0.0,
        "max": 0.9598218704522758,
        "stdv": 0.31820971612197907
    },
    "price_imp": {
        "avg": 0.10880961065689822,
        "med": 0.005327898213653761,
        "quart_1": 0.003585135499978992,
        "quart_3": 0.007383667580796843,
        "min": 1.2286990631966888e-09,
        "max": 280.0613103270953,
        "stdv": 2.234927840444755
    },
    "proc_cap_eff": {
        "avg": 0.03195998990590754,
        "med": 0.0029373655008684274,
        "quart_1": 0.0018676636353979759,
        "quart_3": 0.004561806767960197,
        "min": 1.0245270187780875e-08,
        "max": 8.136326461789237,
        "stdv": 0.2280247966398776
    },
    "proc_imp_gain": {
        "avg": 3.1392059286092993,
        "med": 0.002085583785434997,
        "quart_1": 9.453853560792425e-05,
        "quart_3": 1.4473498254166652,
        "min": 2.220446049250313e-16,
        "max": 111.58908398317564,
        "stdv": 9.471382043656114
    },
    "proc_imp_loss": {
        "avg": 0.1699610713051905,
        "med": 8.860543828859146e-05,
        "quart_1": 0.0,
        "quart_3": 0.004493294078576016,
        "min": 0.0,
        "max": 0.9362971417218998,
        "stdv": 0.3178254494348211
    },
    "proc_price_imp": {
        "avg": 0.07101451807860593,
        "med": 0.005326016449320736,
        "quart_1": 0.003584444884031859,
        "quart_3": 0.0073793138951051915,
        "min": 1.2286990631966888e-09,
        "max": 39.042880029259344,
        "stdv": 1.031328657283456
    }
}