{
    "cap_eff": {
        "avg": 0.0436564992857917,
        "med": 0.0009804905762694216,
        "quart_1": 0.0006235619571733908,
        "quart_3": 0.0015256867806601182,
        "min": 1.541338501276357e-09,
        "max": 468.24006652116833,
        "stdv": 2.306169444999197
    },
    "imp_gain": {
        "avg": 3.399790077652835,
        "med": 0.002075021469147398,
        "quart_1": 9.430727968529062e-05,
        "quart_3": 1.6543259644246033,
        "min": 2.220446049250313e-16,
        "max": 210.16898752846814,
        "stdv": 11.226466063444375
    },
    "imp_loss": {
        "avg": 0.19029275840059165,
        "med": 9.751797599089063e-05,
        "quart_1": 0.0,
        "quart_3": 0.0045310894552823555,
        "min": 0.0,
        "max": 0.986212779418424,
        "stdv": 0.3539347257696144
    },
    "price_imp": {
        "avg": 0.19951894074942514,
        "med": 0.001788519597288485,
        "quart_1": 0.001202155451560085,
        "quart_3": 0.0024899205358932877,
        "min": 1.228699077678884e-09,
        "max": 432.73328249396917,
        "stdv": 4.980549381144284
    },
    "proc_cap_eff": {
        "avg": 0.024258579574636355,
        "med": 0.000980001074721848,
        "quart_1": 0.0006233935057444739,
        "quart_3": 0.0015242226457810037,
        "min": 1.541338501276357e-09,
        "max": 6.993208955084573,
        "stdv": 0.18728621872200382
    },
    "proc_imp_gain": {
        "avg": 3.319252395384672,
        "med": 0.002070560877500238,
        "quart_1": 9.422285365934258e-05,
        "quart_3": 1.6432435078097205,
        "min": 2.220446049250313e-16,
        "max": 126.86193412877263,
        "stdv": 10.621100406837638
    },
    "proc_imp_loss": {
        "avg": 0.18990009991828638,
        "med": 9.716360794298495e-05,
        "quart_1": 0.0,
        "quart_3": 0.004505222773273032,
        "min": 0.0,
        "max": 0.9739816825563468,
        "stdv": 0.35358713572971934
    },
    "proc_price_imp": {
        "avg": 0.11132893480159792,
        "med": 0.0017881715059329042,
        "quart_1": 0.0012018463661485083,
        "quart_3": 0.0024879501393792287,
        "min": 1.228699077678884e-09,
        "max": 86.7324507918097,
        "stdv": 2.120183494401256
    }
}