{
    "cap_eff": {
        "avg": 0.007967436468845072,
        "med": 0.007171743134329223,
        "quart_1": 0.0039974959782969055,
        "quart_3": 0.01074981681274434,
        "min": 8.433741416347118e-08,
        "max": 0.07308634491493149,
        "stdv": 0.005455465152293904
    },
    "imp_gain": {
        "avg": 0.3415421681505771,
        "med": 0.22258931552876993,
        "quart_1": 0.07424112682566308,
        "quart_3": 0.4420261651848545,
        "min": 5.013385022234473e-06,
        "max": 2.314562872141108,
        "stdv": 0.3818088478001792
    },
    "imp_loss": {
        "avg": 0.15018317236324485,
        "med": 0.08814281922793055,
        "quart_1": 0.0,
        "quart_3": 0.25174956190163833,
        "min": 0.0,
        "max": 0.6983010917050327,
        "stdv": 0.16768422850314635
    },
    "price_imp": {
        "avg": 0.009504872969822097,
        "med": 0.0074591400493393585,
        "quart_1": 0.004487635511664878,
        "quart_3": 0.01300381943455475,
        "min": 2.554592821567723e-07,
        "max": 0.08144182713687877,
        "stdv": 0.006917092740205999
    },
    "proc_cap_eff": {
        "avg": 0.007948925155642706,
        "med": 0.007168776153331113,
        "quart_1": 0.003995412212657423,
        "quart_3": 0.010743415309309556,
        "min": 8.433741416347118e-08,
        "max": 0.03950814584449036,
        "stdv": 0.005392011019387059
    },
    "proc_imp_gain": {
        "avg": 0.34058180891371365,
        "med": 0.22246592593092118,
        "quart_1": 0.07419897477459747,
        "quart_3": 0.4416336980779214,
        "min": 5.013385022234473e-06,
        "max": 2.244595276545287,
        "stdv": 0.379478542124812
    },
    "proc_imp_loss": {
        "avg": 0.14991165668046086,
        "med": 0.08795775225780267,
        "quart_1": 0.0,
        "quart_3": 0.25145178219401876,
        "min": 0.0,
        "max": 0.6912446950375288,
        "stdv": 0.1672860046669062
    },
    "proc_price_imp": {
        "avg": 0.009485021636072812,
        "med": 0.00745583904590346,
        "quart_1": 0.0044859124428470055,
        "quart_3": 0.012989017167573096,
        "min": 2.554592821567723e-07,
        "max": 0.04394524046523174,
        "stdv": 0.00685984026150081
    }
}