{
    "cap_eff": {
        "avg": 0.00011363236330714752,
        "med": 6.771167893060426e-05,
        "quart_1": 3.343943205691424e-05,
        "quart_3": 0.00011926565591791061,
        "min": 7.217073827447962e-09,
        "max": 0.22047427888630033,
        "stdv": 0.0013747878105886964
    },
    "imp_gain": {
        "avg": 0.0007762939573283915,
        "med": 0.000416562155420408,
        "quart_1": 0.00012575867309694289,
        "quart_3": 0.0010803052799678303,
        "min": 1.0455871723991095e-09,
        "max": 0.01780625564805849,
        "stdv": 0.0009798755474962272
    },
    "imp_loss": {
        "avg": 0.0010451677390650252,
        "med": 0.0007104635230175127,
        "quart_1": 0.0002650923963176677,
        "quart_3": 0.0014453708866005721,
        "min": 0.0,
        "max": 0.016553955768670026,
        "stdv": 0.001116200447403106
    },
    "price_imp": {
        "avg": 0.00014202070636367607,
        "med": 0.00010859411758758967,
        "quart_1": 6.102396768389067e-05,
        "quart_3": 0.00017270507242772603,
        "min": 0.0,
        "max": 0.46153846153846145,
        "stdv": 0.001980445290835086
    },
    "proc_cap_eff": {
        "avg": 9.92758923328686e-05,
        "med": 6.767677694424767e-05,
        "quart_1": 3.342918640469872e-05,
        "quart_3": 0.00011913574180755226,
        "min": 7.217073827447962e-09,
        "max": 0.004231871279153587,
        "stdv": 0.00014586848884796946
    },
    "proc_imp_gain": {
        "avg": 0.0007715641241037277,
        "med": 0.00041623261948120494,
        "quart_1": 0.0001256320021303381,
        "quart_3": 0.0010791884423460019,
        "min": 1.0455871723991095e-09,
        "max": 0.008680431221342433,
        "stdv": 0.000956107829281899
    },
    "proc_imp_loss": {
        "avg": 0.0010398880780737307,
        "med": 0.0007101057123477528,
        "quart_1": 0.00026488933812407467,
        "quart_3": 0.0014433384319357812,
        "min": 0.0,
        "max": 0.009673654890970274,
        "stdv": 0.001090475199085264
    },
    "proc_price_imp": {
        "avg": 0.00013187322659927126,
        "med": 0.00010853396338772834,
        "quart_1": 6.100905078691296e-05,
        "quart_3": 0.00017251378229505144,
        "min": 0.0,
        "max": 0.0009792613274688747,
        "stdv": 0.00010417350852178284
    }
}