{
    "cap_eff": {
        "avg": 0.0015927052078480734,
        "med": 0.0009977239847932529,
        "quart_1": 0.0004981332916307313,
        "quart_3": 0.0017644979015595252,
        "min": 7.204615015687921e-09,
        "max": 1.5511598725901066,
        "stdv": 0.007539002982516361
    },
    "imp_gain": {
        "avg": 0.0008214829510623203,
        "med": 0.0004639310221297155,
        "quart_1": 0.00014738400030167575,
        "quart_3": 0.0011386360639955573,
        "min": 2.8562849863078554e-09,
        "max": 0.0179376461324825,
        "stdv": 0.0010088243129747533
    },
    "imp_loss": {
        "avg": 0.0010695889409733884,
        "med": 0.0007521696349936935,
        "quart_1": 0.00029783241150305173,
        "quart_3": 0.0014626418586318746,
        "min": 0.0,
        "max": 0.018471691834934134,
        "stdv": 0.001107629246030911
    },
    "price_imp": {
        "avg": 0.0019893073964944905,
        "med": 0.0016199370030598908,
        "quart_1": 0.000911763603859297,
        "quart_3": 0.0025816237905113074,
        "min": 0.0,
        "max": 0.026622901313102305,
        "stdv": 0.0016179797818519713
    },
    "proc_cap_eff": {
        "avg": 0.0014914291316821201,
        "med": 0.0009972781593257096,
        "quart_1": 0.0004977267828941145,
        "quart_3": 0.0017631955051560233,
        "min": 7.204615015687921e-09,
        "max": 0.06487271202054434,
        "stdv": 0.0022940267811780383
    },
    "proc_imp_gain": {
        "avg": 0.0008165247109425184,
        "med": 0.00046336152368708916,
        "quart_1": 0.0001472259546655419,
        "quart_3": 0.001137468857822732,
        "min": 2.8562849863078554e-09,
        "max": 0.009000120248400911,
        "stdv": 0.0009836092120256454
    },
    "proc_imp_loss": {
        "avg": 0.0010643392980975008,
        "med": 0.0007516944726838615,
        "quart_1": 0.0002977393892148461,
        "quart_3": 0.0014616029802977382,
        "min": 0.0,
        "max": 0.009980924871318075,
        "stdv": 0.0010819801020534009
    },
    "proc_price_imp": {
        "avg": 0.001981823283003843,
        "med": 0.001619148491628537,
        "quart_1": 0.0009113849567487629,
        "quart_3": 0.0025795595473010477,
        "min": 0.0,
        "max": 0.015002718256838918,
        "stdv": 0.0015816015488480063
    }
}