{
    "cap_eff": {
        "avg": 0.0010499631859008506,
        "med": 0.0006643988820986824,
        "quart_1": 0.00033229971550285953,
        "quart_3": 0.0011735021151109137,
        "min": 5.924514656641122e-09,
        "max": 0.6886828663855312,
        "stdv": 0.00462707653458482
    },
    "imp_gain": {
        "avg": 0.0008142680631643192,
        "med": 0.0004560645903077809,
        "quart_1": 0.00014390483377990648,
        "quart_3": 0.0011286889440011993,
        "min": 6.819278253189509e-09,
        "max": 0.01819669025449211,
        "stdv": 0.0010035457137752707
    },
    "imp_loss": {
        "avg": 0.0010670774044805626,
        "med": 0.0007479779028601863,
        "quart_1": 0.00029735518506668335,
        "quart_3": 0.0014557634056018287,
        "min": 0.0,
        "max": 0.016537611451589385,
        "stdv": 0.0011060797331397076
    },
    "price_imp": {
        "avg": 0.0013226474201277825,
        "med": 0.0010761064990877807,
        "quart_1": 0.0006066980885736847,
        "quart_3": 0.0017154872903323683,
        "min": 1.6909851630942372e-07,
        "max": 0.017944145273143197,
        "stdv": 0.0010747036297410638
    },
    "proc_cap_eff": {
        "avg": 0.0009871128068673846,
        "med": 0.0006639324652553125,
        "quart_1": 0.00033214495473693484,
        "quart_3": 0.0011720090645668257,
        "min": 5.924514656641122e-09,
        "max": 0.04168987096909449,
        "stdv": 0.0014845793154992907
    },
    "proc_imp_gain": {
        "avg": 0.0008093572008508991,
        "med": 0.000455692460537227,
        "quart_1": 0.00014383310890730971,
        "quart_3": 0.0011270397700489099,
        "min": 6.819278253189509e-09,
        "max": 0.008983405576400871,
        "stdv": 0.0009786621018803715
    },
    "proc_imp_loss": {
        "avg": 0.0010618486608741408,
        "med": 0.0007476289514402046,
        "quart_1": 0.00029708295240893356,
        "quart_3": 0.001454371691035572,
        "min": 0.0,
        "max": 0.009808494089709963,
        "stdv": 0.0010806064656121099
    },
    "proc_price_imp": {
        "avg": 0.0013176819912569973,
        "med": 0.001075635981700866,
        "quart_1": 0.0006065402904635226,
        "quart_3": 0.0017140878819582976,
        "min": 1.6909851630942372e-07,
        "max": 0.009835502829317198,
        "stdv": 0.0010505405286420435
    }
}