{
    "cap_eff": {
        "avg": 0.0022791569083034013,
        "med": 0.001909178226667474,
        "quart_1": 0.0011237394838181647,
        "quart_3": 0.0029818720040015734,
        "min": 6.496891469254251e-09,
        "max": 0.03276835724713223,
        "stdv": 0.0017334936139842888
    },
    "imp_gain": {
        "avg": 0.0020018578582507787,
        "med": 0.000985310355864355,
        "quart_1": 0.0003660387778068319,
        "quart_3": 0.0026208822738242876,
        "min": 2.220446049250313e-16,
        "max": 0.04568805693676259,
        "stdv": 0.00269510031608835
    },
    "imp_loss": {
        "avg": 0.0011440422946900036,
        "med": 0.0004677487249814538,
        "quart_1": 0.0,
        "quart_3": 0.0017522321157744658,
        "min": 0.0,
        "max": 0.03421591904470511,
        "stdv": 0.0016025220103929568
    },
    "price_imp": {
        "avg": 0.0036915600199645877,
        "med": 0.003285448667634525,
        "quart_1": 0.0019993030045237234,
        "quart_3": 0.004862517623679792,
        "min": 1.136463450198407e-07,
        "max": 0.040521774387516245,
        "stdv": 0.0023761589706427218
    },
    "proc_cap_eff": {
        "avg": 0.0022706396352504404,
        "med": 0.0019082914552427388,
        "quart_1": 0.0011231648999052712,
        "quart_3": 0.002979420328797888,
        "min": 6.496891469254251e-09,
        "max": 0.01630703831144853,
        "stdv": 0.0016893348679920689
    },
    "proc_imp_gain": {
        "avg": 0.0019876818695357995,
        "med": 0.0009841835438495483,
        "quart_1": 0.0003655385863263749,
        "quart_3": 0.002617519006365976,
        "min": 2.220446049250313e-16,
        "max": 0.02609342237452905,
        "stdv": 0.0026184474397555097
    },
    "proc_imp_loss": {
        "avg": 0.001136477802004728,
        "med": 0.00046719286436491814,
        "quart_1": 0.0,
        "quart_3": 0.0017499645536561692,
        "min": 0.0,
        "max": 0.01323197324746106,
        "stdv": 0.0015649178781238845
    },
    "proc_price_imp": {
        "avg": 0.003683132494475563,
        "med": 0.0032840067374795136,
        "quart_1": 0.001998778142978354,
        "quart_3": 0.00485942986923441,
        "min": 1.136463450198407e-07,
        "max": 0.01818760666381814,
        "stdv": 0.002344690640204688
    }
}