{
    "cap_eff": {
        "avg": 0.028461278009300314,
        "med": 0.003973026652536071,
        "quart_1": 0.0019016272816523294,
        "quart_3": 0.006884160278418094,
        "min": 5.03923468286871e-07,
        "max": 1.7505709437491497,
        "stdv": 0.1164424008240955
    },
    "imp_gain": {
        "avg": 14.930157985356143,
        "med": 3.2587104651987477,
        "quart_1": 0.061265941809650615,
        "quart_3": 13.973919249572006,
        "min": 1.1187811863599961e-06,
        "max": 868.1506167212453,
        "stdv": 35.985453193676115
    },
    "imp_loss": {
        "avg": 0.37194896626922247,
        "med": 0.07026547703618369,
        "quart_1": 0.0,
        "quart_3": 0.8933677723920025,
        "min": 0.0,
        "max": 0.9988494514290602,
        "stdv": 0.4273144065361158
    },
    "price_imp": {
        "avg": 0.025449636602378974,
        "med": 0.006848551064410139,
        "quart_1": 0.003908373578493546,
        "quart_3": 0.009994968429832083,
        "min": 1.4139133722257096e-07,
        "max": 5.873543255153056,
        "stdv": 0.1293147596904642
    },
    "proc_cap_eff": {
        "avg": 0.027961410254818072,
        "med": 0.003971370741920444,
        "quart_1": 0.0019005310651012963,
        "quart_3": 0.006876932601094232,
        "min": 5.03923468286871e-07,
        "max": 0.9638479766445924,
        "stdv": 0.11421551977058769
    },
    "proc_imp_gain": {
        "avg": 14.674928835744218,
        "med": 3.2561193025561774,
        "quart_1": 0.06121621417682799,
        "quart_3": 13.947511895855842,
        "min": 1.1187811863599961e-06,
        "max": 426.1567989153719,
        "stdv": 34.0321499883734
    },
    "proc_imp_loss": {
        "avg": 0.37163602089648407,
        "med": 0.07013743961337704,
        "quart_1": 0.0,
        "quart_3": 0.8932287472277749,
        "min": 0.0,
        "max": 0.9975614322902137,
        "stdv": 0.4271918845891268
    },
    "proc_price_imp": {
        "avg": 0.0239648946598288,
        "med": 0.00684571270227503,
        "quart_1": 0.003906466682897884,
        "quart_3": 0.009988270912587662,
        "min": 1.4139133722257096e-07,
        "max": 2.3076114789178677,
        "stdv": 0.10952021926793021
    }
}