{
    "cap_eff": {
        "avg": 0.08575994598889394,
        "med": 0.0028809234251251925,
        "quart_1": 0.0013942930741439041,
        "quart_3": 0.00666802771373165,
        "min": 1.8356070219383014e-08,
        "max": 1809.7837694647003,
        "stdv": 8.347884974725268
    },
    "imp_gain": {},
    "imp_loss": {
        "avg": 0.7838599855706493,
        "med": 0.8113946890837248,
        "quart_1": 0.7542353792781673,
        "quart_3": 0.8781733458570445,
        "min": 0.0,
        "max": 0.9913418036868541,
        "stdv": 0.15257764903779547
    },
    "price_imp": {
        "avg": 0.3312484205243347,
        "med": 0.0016928049058094626,
        "quart_1": 0.0008389773800877732,
        "quart_3": 0.0030246181352191802,
        "min": 1.7498787477255138e-06,
        "max": 2859.462634860788,
        "stdv": 17.271189337797342
    },
    "proc_cap_eff": {
        "avg": 0.019843513155087422,
        "med": 0.0028794719031799976,
        "quart_1": 0.001393746255042294,
        "quart_3": 0.006661077544870997,
        "min": 1.8356070219383014e-08,
        "max": 5.566670049850978,
        "stdv": 0.1198087829717276
    },
    "proc_imp_gain": {},
    "proc_imp_loss": {
        "avg": 0.7842480622109751,
        "med": 0.8114538706948778,
        "quart_1": 0.7543784691132392,
        "quart_3": 0.8781959762814264,
        "min": 0.008070263712522951,
        "max": 0.9913418036868541,
        "stdv": 0.15162059081618282
    },
    "proc_price_imp": {
        "avg": 0.09108402323613761,
        "med": 0.0016916609825815975,
        "quart_1": 0.0008383873681535051,
        "quart_3": 0.0030221637856001765,
        "min": 1.7498787477255138e-06,
        "max": 139.20458763951206,
        "stdv": 2.4440211163098593
    }
}